corpus,arch,seed,cell,input,loss,group,protocol,source,target,folds,macro_f1_0123,macro_f1_012,macro_map,micro_map,per_fold_macro_f1_0123,per_fold_macro_f1_012,per_fold_macro_map,per_fold_sd_macro_f1_0123,per_fold_sd_macro_f1_012,per_fold_sd_macro_map,weight_decay,tuned_on,selected_on,tuned_per_fold,normalization,checkpoint
amass_clean,medium_100ep,seed1,in_p__loss_p,p,p,carepd_cross_BMCLab_to_3DGait,cross,BMCLab,3DGait,1,0.29344362765550613,0.3912581702073415,0.3917164206504822,0.3899897038936615,0.29344362765550613,0.3912581702073415,0.3917164206504822,,,,3e-6,carepd_BMCLab_6fold_1,macro_f1_012,false,pretrain_v1_stats_train_clean.pt,runs/pretrain/amass_clean/medium_100ep/seed1/in_p__loss_p/lightning_logs/version_0/checkpoints/epoch=94-step=10925.ckpt
amass_clean,medium_100ep,seed1,in_p__loss_p,p,p,carepd_cross_PD-GaM_to_3DGait,cross,PD-GaM,3DGait,1,0.20597222447395325,0.14962963263193765,0.41147077083587646,0.29218074679374695,0.20597222447395325,0.14962963263193765,0.41147077083587646,,,,3e-6,carepd_BMCLab_6fold_1,macro_f1_012,false,pretrain_v1_stats_train_clean.pt,runs/pretrain/amass_clean/medium_100ep/seed1/in_p__loss_p/lightning_logs/version_0/checkpoints/epoch=94-step=10925.ckpt
amass_clean,medium_100ep,seed1,in_p__loss_p,p,p,carepd_cross_T-SDU-PD_to_3DGait,cross,T-SDU-PD,3DGait,1,0.24386322498321533,0.3251509666442871,0.3555801212787628,0.3435943126678467,0.24386322498321533,0.3251509666442871,0.3555801212787628,,,,3e-6,carepd_BMCLab_6fold_1,macro_f1_012,false,pretrain_v1_stats_train_clean.pt,runs/pretrain/amass_clean/medium_100ep/seed1/in_p__loss_p/lightning_logs/version_0/checkpoints/epoch=94-step=10925.ckpt
amass_clean,medium_100ep,seed2,in_p__loss_p,p,p,carepd_cross_PD-GaM_to_3DGait,cross,PD-GaM,3DGait,1,0.23178836703300476,0.19140409429868063,0.4079417586326599,0.2892645299434662,0.23178836703300476,0.19140409429868063,0.4079417586326599,,,,0.0003,carepd_BMCLab_6fold_1,macro_f1_012,false,pretrain_v1_stats_train_clean.pt,runs/pretrain/amass_clean/medium_100ep/seed2/in_p__loss_p/lightning_logs/version_0/checkpoints/epoch=99-step=11500.ckpt
amass_clean,medium_100ep,seed2,in_p__loss_p,p,p,carepd_cross_T-SDU-PD_to_3DGait,cross,T-SDU-PD,3DGait,1,0.3354784697294235,0.447304626305898,0.41629090905189514,0.4010956585407257,0.3354784697294235,0.447304626305898,0.41629090905189514,,,,0.0003,carepd_BMCLab_6fold_1,macro_f1_012,false,pretrain_v1_stats_train_clean.pt,runs/pretrain/amass_clean/medium_100ep/seed2/in_p__loss_p/lightning_logs/version_0/checkpoints/epoch=99-step=11500.ckpt
amass_clean,medium_100ep,seed2,in_p__loss_p,p,p,carepd_cross_BMCLab_to_3DGait,cross,BMCLab,3DGait,1,0.23333334177732468,0.31111112236976624,0.42856457829475403,0.4260328710079193,0.23333334177732468,0.31111112236976624,0.42856457829475403,,,,0.0003,carepd_BMCLab_6fold_1,macro_f1_012,false,pretrain_v1_stats_train_clean.pt,runs/pretrain/amass_clean/medium_100ep/seed2/in_p__loss_p/lightning_logs/version_0/checkpoints/epoch=99-step=11500.ckpt
amass_clean,medium_100ep,seed42,in_p__loss_p,p,p,carepd_cross_BMCLab_to_3DGait,cross,BMCLab,3DGait,1,0.2453448250889778,0.3271264334519704,0.3837059438228607,0.4353165626525879,0.2453448250889778,0.3271264334519704,0.3837059438228607,,,,0.00003,carepd_BMCLab_6fold_1,macro_f1_012,false,pretrain_v1_stats_train_clean.pt,runs/pretrain/amass_clean/medium_100ep/seed42/in_p__loss_p/lightning_logs/version_0/checkpoints/epoch=94-step=10925.ckpt
amass_clean,medium_100ep,seed42,in_p__loss_p,p,p,carepd_cross_PD-GaM_to_3DGait,cross,PD-GaM,3DGait,1,0.20832244493067265,0.16665214548508325,0.45707422494888306,0.3147847354412079,0.20832244493067265,0.16665214548508325,0.45707422494888306,,,,0.00003,carepd_BMCLab_6fold_1,macro_f1_012,false,pretrain_v1_stats_train_clean.pt,runs/pretrain/amass_clean/medium_100ep/seed42/in_p__loss_p/lightning_logs/version_0/checkpoints/epoch=94-step=10925.ckpt
amass_clean,medium_100ep,seed42,in_p__loss_p,p,p,carepd_cross_T-SDU-PD_to_3DGait,cross,T-SDU-PD,3DGait,1,0.32343839854002,0.43125119805336,0.42358487844467163,0.3472946286201477,0.32343839854002,0.43125119805336,0.42358487844467163,,,,0.00003,carepd_BMCLab_6fold_1,macro_f1_012,false,pretrain_v1_stats_train_clean.pt,runs/pretrain/amass_clean/medium_100ep/seed42/in_p__loss_p/lightning_logs/version_0/checkpoints/epoch=94-step=10925.ckpt
amass_clean,medium_100ep,seed1,in_p__loss_pk,p,pk,carepd_cross_BMCLab_to_3DGait,cross,BMCLab,3DGait,1,0.2338888868689537,0.3118518491586049,0.4089590907096863,0.4101983606815338,0.2338888868689537,0.3118518491586049,0.4089590907096863,,,,0.00001,carepd_BMCLab_6fold_1,macro_f1_012,false,pretrain_v1_stats_train_clean.pt,runs/pretrain/amass_clean/medium_100ep/seed1/in_p__loss_pk/lightning_logs/version_0/checkpoints/epoch=99-step=11500.ckpt
amass_clean,medium_100ep,seed1,in_p__loss_pk,p,pk,carepd_cross_T-SDU-PD_to_3DGait,cross,T-SDU-PD,3DGait,1,0.2895694002509117,0.38609253366788227,0.3889135718345642,0.334354043006897,0.2895694002509117,0.38609253366788227,0.3889135718345642,,,,0.00001,carepd_BMCLab_6fold_1,macro_f1_012,false,pretrain_v1_stats_train_clean.pt,runs/pretrain/amass_clean/medium_100ep/seed1/in_p__loss_pk/lightning_logs/version_0/checkpoints/epoch=99-step=11500.ckpt
amass_clean,medium_100ep,seed1,in_p__loss_pk,p,pk,carepd_cross_PD-GaM_to_3DGait,cross,PD-GaM,3DGait,1,0.19330843351781368,0.1625064785281817,0.34412315487861633,0.2667240500450134,0.19330843351781368,0.1625064785281817,0.34412315487861633,,,,0.00001,carepd_BMCLab_6fold_1,macro_f1_012,false,pretrain_v1_stats_train_clean.pt,runs/pretrain/amass_clean/medium_100ep/seed1/in_p__loss_pk/lightning_logs/version_0/checkpoints/epoch=99-step=11500.ckpt
amass_clean,medium_100ep,seed2,in_p__loss_pk,p,pk,carepd_cross_BMCLab_to_3DGait,cross,BMCLab,3DGait,1,0.27634819969534874,0.36846426626046497,0.3983006477355957,0.3859216570854187,0.27634819969534874,0.36846426626046497,0.3983006477355957,,,,3e-6,carepd_BMCLab_6fold_1,macro_f1_012,false,pretrain_v1_stats_train_clean.pt,runs/pretrain/amass_clean/medium_100ep/seed2/in_p__loss_pk/lightning_logs/version_0/checkpoints/epoch=99-step=11500.ckpt
amass_clean,medium_100ep,seed2,in_p__loss_pk,p,pk,carepd_cross_T-SDU-PD_to_3DGait,cross,T-SDU-PD,3DGait,1,0.28769173473119736,0.3835889796415965,0.40566006302833557,0.3623734712600708,0.28769173473119736,0.3835889796415965,0.40566006302833557,,,,3e-6,carepd_BMCLab_6fold_1,macro_f1_012,false,pretrain_v1_stats_train_clean.pt,runs/pretrain/amass_clean/medium_100ep/seed2/in_p__loss_pk/lightning_logs/version_0/checkpoints/epoch=99-step=11500.ckpt
amass_clean,medium_100ep,seed2,in_p__loss_pk,p,pk,carepd_cross_PD-GaM_to_3DGait,cross,PD-GaM,3DGait,1,0.2595689445734024,0.21275859077771506,0.37224429845809937,0.2961951494216919,0.2595689445734024,0.21275859077771506,0.37224429845809937,,,,3e-6,carepd_BMCLab_6fold_1,macro_f1_012,false,pretrain_v1_stats_train_clean.pt,runs/pretrain/amass_clean/medium_100ep/seed2/in_p__loss_pk/lightning_logs/version_0/checkpoints/epoch=99-step=11500.ckpt
amass_clean,medium_100ep,seed42,in_p__loss_pk,p,pk,carepd_cross_PD-GaM_to_3DGait,cross,PD-GaM,3DGait,1,0.20070187374949455,0.1426024983326594,0.3563394248485565,0.28557804226875305,0.20070187374949455,0.1426024983326594,0.3563394248485565,,,,0.0001,carepd_BMCLab_6fold_1,macro_f1_012,false,pretrain_v1_stats_train_clean.pt,runs/pretrain/amass_clean/medium_100ep/seed42/in_p__loss_pk/lightning_logs/version_0/checkpoints/epoch=99-step=11500.ckpt
amass_clean,medium_100ep,seed42,in_p__loss_pk,p,pk,carepd_cross_T-SDU-PD_to_3DGait,cross,T-SDU-PD,3DGait,1,0.29717201367020607,0.3962293515602748,0.4391646087169647,0.39362937211990356,0.29717201367020607,0.3962293515602748,0.4391646087169647,,,,0.0001,carepd_BMCLab_6fold_1,macro_f1_012,false,pretrain_v1_stats_train_clean.pt,runs/pretrain/amass_clean/medium_100ep/seed42/in_p__loss_pk/lightning_logs/version_0/checkpoints/epoch=99-step=11500.ckpt
amass_clean,medium_100ep,seed42,in_p__loss_pk,p,pk,carepd_cross_BMCLab_to_3DGait,cross,BMCLab,3DGait,1,0.3134191259741783,0.4178921679655711,0.4144846796989441,0.4425000250339508,0.3134191259741783,0.4178921679655711,0.4144846796989441,,,,0.0001,carepd_BMCLab_6fold_1,macro_f1_012,false,pretrain_v1_stats_train_clean.pt,runs/pretrain/amass_clean/medium_100ep/seed42/in_p__loss_pk/lightning_logs/version_0/checkpoints/epoch=99-step=11500.ckpt
amass_clean,medium_100ep,seed1,in_p__loss_pkd,p,pkd,carepd_cross_PD-GaM_to_3DGait,cross,PD-GaM,3DGait,1,0.19321927055716515,0.2576256940762202,0.43025845289230347,0.3102705180644989,0.19321927055716515,0.2576256940762202,0.43025845289230347,,,,3e-6,carepd_BMCLab_6fold_1,macro_f1_012,false,pretrain_v1_stats_train_clean.pt,runs/pretrain/amass_clean/medium_100ep/seed1/in_p__loss_pkd/lightning_logs/version_0/checkpoints/epoch=99-step=11500.ckpt
amass_clean,medium_100ep,seed1,in_p__loss_pkd,p,pkd,carepd_cross_BMCLab_to_3DGait,cross,BMCLab,3DGait,1,0.32480861246585846,0.43307814995447796,0.4120740592479706,0.395024836063385,0.32480861246585846,0.43307814995447796,0.4120740592479706,,,,3e-6,carepd_BMCLab_6fold_1,macro_f1_012,false,pretrain_v1_stats_train_clean.pt,runs/pretrain/amass_clean/medium_100ep/seed1/in_p__loss_pkd/lightning_logs/version_0/checkpoints/epoch=99-step=11500.ckpt
amass_clean,medium_100ep,seed1,in_p__loss_pkd,p,pkd,carepd_cross_T-SDU-PD_to_3DGait,cross,T-SDU-PD,3DGait,1,0.2806825079023838,0.3742433438698451,0.40465039014816284,0.34262579679489136,0.2806825079023838,0.3742433438698451,0.40465039014816284,,,,3e-6,carepd_BMCLab_6fold_1,macro_f1_012,false,pretrain_v1_stats_train_clean.pt,runs/pretrain/amass_clean/medium_100ep/seed1/in_p__loss_pkd/lightning_logs/version_0/checkpoints/epoch=99-step=11500.ckpt
amass_clean,medium_100ep,seed2,in_p__loss_pkd,p,pkd,carepd_cross_BMCLab_to_3DGait,cross,BMCLab,3DGait,1,0.2308879978954792,0.3078506638606389,0.37335214018821716,0.3672192692756653,0.2308879978954792,0.3078506638606389,0.37335214018821716,,,,0.00001,carepd_BMCLab_6fold_1,macro_f1_012,false,pretrain_v1_stats_train_clean.pt,runs/pretrain/amass_clean/medium_100ep/seed2/in_p__loss_pkd/lightning_logs/version_0/checkpoints/epoch=99-step=11500.ckpt
amass_clean,medium_100ep,seed2,in_p__loss_pkd,p,pkd,carepd_cross_PD-GaM_to_3DGait,cross,PD-GaM,3DGait,1,0.15879178047180176,0.16044032076994577,0.39469417929649353,0.29183706641197205,0.15879178047180176,0.16044032076994577,0.39469417929649353,,,,0.00001,carepd_BMCLab_6fold_1,macro_f1_012,false,pretrain_v1_stats_train_clean.pt,runs/pretrain/amass_clean/medium_100ep/seed2/in_p__loss_pkd/lightning_logs/version_0/checkpoints/epoch=99-step=11500.ckpt
amass_clean,medium_100ep,seed2,in_p__loss_pkd,p,pkd,carepd_cross_T-SDU-PD_to_3DGait,cross,T-SDU-PD,3DGait,1,0.2779029905796051,0.3705373207728068,0.37304508686065674,0.348188579082489,0.2779029905796051,0.3705373207728068,0.37304508686065674,,,,0.00001,carepd_BMCLab_6fold_1,macro_f1_012,false,pretrain_v1_stats_train_clean.pt,runs/pretrain/amass_clean/medium_100ep/seed2/in_p__loss_pkd/lightning_logs/version_0/checkpoints/epoch=99-step=11500.ckpt
amass_clean,medium_100ep,seed42,in_p__loss_pkd,p,pkd,carepd_cross_T-SDU-PD_to_3DGait,cross,T-SDU-PD,3DGait,1,0.26147470995783806,0.34863294661045074,0.3944074511528015,0.32706910371780396,0.26147470995783806,0.34863294661045074,0.3944074511528015,,,,0.0003,carepd_BMCLab_6fold_1,macro_f1_012,false,pretrain_v1_stats_train_clean.pt,runs/pretrain/amass_clean/medium_100ep/seed42/in_p__loss_pkd/lightning_logs/version_0/checkpoints/epoch=99-step=11500.ckpt
amass_clean,medium_100ep,seed42,in_p__loss_pkd,p,pkd,carepd_cross_PD-GaM_to_3DGait,cross,PD-GaM,3DGait,1,0.16898471489548683,0.1697573959827423,0.4144415855407715,0.2950683832168579,0.16898471489548683,0.1697573959827423,0.4144415855407715,,,,0.0003,carepd_BMCLab_6fold_1,macro_f1_012,false,pretrain_v1_stats_train_clean.pt,runs/pretrain/amass_clean/medium_100ep/seed42/in_p__loss_pkd/lightning_logs/version_0/checkpoints/epoch=99-step=11500.ckpt
amass_clean,medium_100ep,seed42,in_p__loss_pkd,p,pkd,carepd_cross_BMCLab_to_3DGait,cross,BMCLab,3DGait,1,0.33961040526628494,0.45281387368837994,0.4398273229598999,0.4254874885082245,0.33961040526628494,0.45281387368837994,0.4398273229598999,,,,0.0003,carepd_BMCLab_6fold_1,macro_f1_012,false,pretrain_v1_stats_train_clean.pt,runs/pretrain/amass_clean/medium_100ep/seed42/in_p__loss_pkd/lightning_logs/version_0/checkpoints/epoch=99-step=11500.ckpt
amass_clean,medium_100ep,seed1,in_pk__loss_p,pk,p,carepd_cross_BMCLab_to_3DGait,cross,BMCLab,3DGait,1,0.2288888916373253,0.30518518884976703,0.36126330494880676,0.3719949722290039,0.2288888916373253,0.30518518884976703,0.36126330494880676,,,,3e-6,carepd_BMCLab_6fold_1,macro_f1_012,false,pretrain_v1_stats_train_clean.pt,runs/pretrain/amass_clean/medium_100ep/seed1/in_pk__loss_p/lightning_logs/version_0/checkpoints/epoch=94-step=10925.ckpt
amass_clean,medium_100ep,seed1,in_pk__loss_p,pk,p,carepd_cross_PD-GaM_to_3DGait,cross,PD-GaM,3DGait,1,0.20525699481368065,0.18478709956010184,0.33925604820251465,0.27654388546943665,0.20525699481368065,0.18478709956010184,0.33925604820251465,,,,3e-6,carepd_BMCLab_6fold_1,macro_f1_012,false,pretrain_v1_stats_train_clean.pt,runs/pretrain/amass_clean/medium_100ep/seed1/in_pk__loss_p/lightning_logs/version_0/checkpoints/epoch=94-step=10925.ckpt
amass_clean,medium_100ep,seed1,in_pk__loss_p,pk,p,carepd_cross_T-SDU-PD_to_3DGait,cross,T-SDU-PD,3DGait,1,0.27808016166090965,0.3707735488812129,0.38479307293891907,0.32540661096572876,0.27808016166090965,0.3707735488812129,0.38479307293891907,,,,3e-6,carepd_BMCLab_6fold_1,macro_f1_012,false,pretrain_v1_stats_train_clean.pt,runs/pretrain/amass_clean/medium_100ep/seed1/in_pk__loss_p/lightning_logs/version_0/checkpoints/epoch=94-step=10925.ckpt
amass_clean,medium_100ep,seed2,in_pk__loss_p,pk,p,carepd_cross_T-SDU-PD_to_3DGait,cross,T-SDU-PD,3DGait,1,0.27665178291499615,0.36886904388666153,0.4411095380783081,0.3691460192203522,0.27665178291499615,0.36886904388666153,0.4411095380783081,,,,3e-6,carepd_BMCLab_6fold_1,macro_f1_012,false,pretrain_v1_stats_train_clean.pt,runs/pretrain/amass_clean/medium_100ep/seed2/in_pk__loss_p/lightning_logs/version_0/checkpoints/epoch=99-step=11500.ckpt
amass_clean,medium_100ep,seed2,in_pk__loss_p,pk,p,carepd_cross_BMCLab_to_3DGait,cross,BMCLab,3DGait,1,0.2551378160715103,0.34018375476201373,0.3413795232772827,0.37515243887901306,0.2551378160715103,0.34018375476201373,0.3413795232772827,,,,3e-6,carepd_BMCLab_6fold_1,macro_f1_012,false,pretrain_v1_stats_train_clean.pt,runs/pretrain/amass_clean/medium_100ep/seed2/in_pk__loss_p/lightning_logs/version_0/checkpoints/epoch=99-step=11500.ckpt
amass_clean,medium_100ep,seed2,in_pk__loss_p,pk,p,carepd_cross_PD-GaM_to_3DGait,cross,PD-GaM,3DGait,1,0.1464393511414528,0.1396969109773636,0.3166390657424927,0.2655009329319,0.1464393511414528,0.1396969109773636,0.3166390657424927,,,,3e-6,carepd_BMCLab_6fold_1,macro_f1_012,false,pretrain_v1_stats_train_clean.pt,runs/pretrain/amass_clean/medium_100ep/seed2/in_pk__loss_p/lightning_logs/version_0/checkpoints/epoch=99-step=11500.ckpt
amass_clean,medium_100ep,seed42,in_pk__loss_p,pk,p,carepd_cross_BMCLab_to_3DGait,cross,BMCLab,3DGait,1,0.2061670422554016,0.27488938967386883,0.361905038356781,0.40144819021224976,0.2061670422554016,0.27488938967386883,0.361905038356781,,,,3e-6,carepd_BMCLab_6fold_1,macro_f1_012,false,pretrain_v1_stats_train_clean.pt,runs/pretrain/amass_clean/medium_100ep/seed42/in_pk__loss_p/lightning_logs/version_0/checkpoints/epoch=94-step=10925.ckpt
amass_clean,medium_100ep,seed42,in_pk__loss_p,pk,p,carepd_cross_PD-GaM_to_3DGait,cross,PD-GaM,3DGait,1,0.18081549927592278,0.1934682826201121,0.35248443484306335,0.2896890640258789,0.18081549927592278,0.1934682826201121,0.35248443484306335,,,,3e-6,carepd_BMCLab_6fold_1,macro_f1_012,false,pretrain_v1_stats_train_clean.pt,runs/pretrain/amass_clean/medium_100ep/seed42/in_pk__loss_p/lightning_logs/version_0/checkpoints/epoch=94-step=10925.ckpt
amass_clean,medium_100ep,seed42,in_pk__loss_p,pk,p,carepd_cross_T-SDU-PD_to_3DGait,cross,T-SDU-PD,3DGait,1,0.3286013975739479,0.43813519676526386,0.37570151686668396,0.3535836338996887,0.3286013975739479,0.43813519676526386,0.37570151686668396,,,,3e-6,carepd_BMCLab_6fold_1,macro_f1_012,false,pretrain_v1_stats_train_clean.pt,runs/pretrain/amass_clean/medium_100ep/seed42/in_pk__loss_p/lightning_logs/version_0/checkpoints/epoch=94-step=10925.ckpt
amass_clean,medium_100ep,seed1,in_pk__loss_pk,pk,pk,carepd_cross_PD-GaM_to_3DGait,cross,PD-GaM,3DGait,1,0.21303108520805836,0.18880334744850794,0.3282617926597595,0.2613637447357178,0.21303108520805836,0.18880334744850794,0.3282617926597595,,,,0.00001,carepd_BMCLab_6fold_1,macro_f1_012,false,pretrain_v1_stats_train_clean.pt,runs/pretrain/amass_clean/medium_100ep/seed1/in_pk__loss_pk/lightning_logs/version_0/checkpoints/epoch=99-step=11500.ckpt
amass_clean,medium_100ep,seed1,in_pk__loss_pk,pk,pk,carepd_cross_T-SDU-PD_to_3DGait,cross,T-SDU-PD,3DGait,1,0.32335104793310165,0.43113473057746887,0.4190729856491089,0.366361141204834,0.32335104793310165,0.43113473057746887,0.4190729856491089,,,,0.00001,carepd_BMCLab_6fold_1,macro_f1_012,false,pretrain_v1_stats_train_clean.pt,runs/pretrain/amass_clean/medium_100ep/seed1/in_pk__loss_pk/lightning_logs/version_0/checkpoints/epoch=99-step=11500.ckpt
amass_clean,medium_100ep,seed1,in_pk__loss_pk,pk,pk,carepd_cross_BMCLab_to_3DGait,cross,BMCLab,3DGait,1,0.26300473883748055,0.35067298511664075,0.403218537569046,0.43196919560432434,0.26300473883748055,0.35067298511664075,0.403218537569046,,,,0.00001,carepd_BMCLab_6fold_1,macro_f1_012,false,pretrain_v1_stats_train_clean.pt,runs/pretrain/amass_clean/medium_100ep/seed1/in_pk__loss_pk/lightning_logs/version_0/checkpoints/epoch=99-step=11500.ckpt
amass_clean,medium_100ep,seed2,in_pk__loss_pk,pk,pk,carepd_cross_T-SDU-PD_to_3DGait,cross,T-SDU-PD,3DGait,1,0.3184523731470108,0.4246031641960144,0.4164136052131653,0.3656834065914154,0.3184523731470108,0.4246031641960144,0.4164136052131653,,,,3e-6,carepd_BMCLab_6fold_1,macro_f1_012,false,pretrain_v1_stats_train_clean.pt,runs/pretrain/amass_clean/medium_100ep/seed2/in_pk__loss_pk/lightning_logs/version_0/checkpoints/epoch=99-step=11500.ckpt
amass_clean,medium_100ep,seed2,in_pk__loss_pk,pk,pk,carepd_cross_BMCLab_to_3DGait,cross,BMCLab,3DGait,1,0.29888010770082474,0.3985068102677663,0.3470059931278229,0.3881858289241791,0.29888010770082474,0.3985068102677663,0.3470059931278229,,,,3e-6,carepd_BMCLab_6fold_1,macro_f1_012,false,pretrain_v1_stats_train_clean.pt,runs/pretrain/amass_clean/medium_100ep/seed2/in_pk__loss_pk/lightning_logs/version_0/checkpoints/epoch=99-step=11500.ckpt
amass_clean,medium_100ep,seed2,in_pk__loss_pk,pk,pk,carepd_cross_PD-GaM_to_3DGait,cross,PD-GaM,3DGait,1,0.13119430094957352,0.1304812878370285,0.34965795278549194,0.2760491669178009,0.13119430094957352,0.1304812878370285,0.34965795278549194,,,,3e-6,carepd_BMCLab_6fold_1,macro_f1_012,false,pretrain_v1_stats_train_clean.pt,runs/pretrain/amass_clean/medium_100ep/seed2/in_pk__loss_pk/lightning_logs/version_0/checkpoints/epoch=99-step=11500.ckpt
amass_clean,medium_100ep,seed42,in_pk__loss_pk,pk,pk,carepd_cross_T-SDU-PD_to_3DGait,cross,T-SDU-PD,3DGait,1,0.3069230765104294,0.4092307686805725,0.46903085708618164,0.41073939204216003,0.3069230765104294,0.4092307686805725,0.46903085708618164,,,,0.00003,carepd_BMCLab_6fold_1,macro_f1_012,false,pretrain_v1_stats_train_clean.pt,runs/pretrain/amass_clean/medium_100ep/seed42/in_pk__loss_pk/lightning_logs/version_0/checkpoints/epoch=99-step=11500.ckpt
amass_clean,medium_100ep,seed42,in_pk__loss_pk,pk,pk,carepd_cross_BMCLab_to_3DGait,cross,BMCLab,3DGait,1,0.3533117175102234,0.47108229001363117,0.4243427813053131,0.35914039611816406,0.3533117175102234,0.47108229001363117,0.4243427813053131,,,,0.00003,carepd_BMCLab_6fold_1,macro_f1_012,false,pretrain_v1_stats_train_clean.pt,runs/pretrain/amass_clean/medium_100ep/seed42/in_pk__loss_pk/lightning_logs/version_0/checkpoints/epoch=99-step=11500.ckpt
amass_clean,medium_100ep,seed42,in_pk__loss_pk,pk,pk,carepd_cross_PD-GaM_to_3DGait,cross,PD-GaM,3DGait,1,0.15016217529773712,0.15259718398253122,0.3620609641075134,0.27809274196624756,0.15016217529773712,0.15259718398253122,0.3620609641075134,,,,0.00003,carepd_BMCLab_6fold_1,macro_f1_012,false,pretrain_v1_stats_train_clean.pt,runs/pretrain/amass_clean/medium_100ep/seed42/in_pk__loss_pk/lightning_logs/version_0/checkpoints/epoch=99-step=11500.ckpt
amass_clean,medium_100ep,seed1,in_pk__loss_pkd,pk,pkd,carepd_cross_BMCLab_to_3DGait,cross,BMCLab,3DGait,1,0.27489132806658745,0.36652177075544995,0.42955178022384644,0.39790016412734985,0.27489132806658745,0.36652177075544995,0.42955178022384644,,,,0.0003,carepd_BMCLab_6fold_1,macro_f1_012,false,pretrain_v1_stats_train_clean.pt,runs/pretrain/amass_clean/medium_100ep/seed1/in_pk__loss_pkd/lightning_logs/version_0/checkpoints/epoch=99-step=11500.ckpt
amass_clean,medium_100ep,seed1,in_pk__loss_pkd,pk,pkd,carepd_cross_T-SDU-PD_to_3DGait,cross,T-SDU-PD,3DGait,1,0.31168074160814285,0.4155743221441905,0.42755192518234253,0.3520553410053253,0.31168074160814285,0.4155743221441905,0.42755192518234253,,,,0.0003,carepd_BMCLab_6fold_1,macro_f1_012,false,pretrain_v1_stats_train_clean.pt,runs/pretrain/amass_clean/medium_100ep/seed1/in_pk__loss_pkd/lightning_logs/version_0/checkpoints/epoch=99-step=11500.ckpt
amass_clean,medium_100ep,seed1,in_pk__loss_pkd,pk,pkd,carepd_cross_PD-GaM_to_3DGait,cross,PD-GaM,3DGait,1,0.2480720356106758,0.20576271414756775,0.35790130496025085,0.2775621712207794,0.2480720356106758,0.20576271414756775,0.35790130496025085,,,,0.0003,carepd_BMCLab_6fold_1,macro_f1_012,false,pretrain_v1_stats_train_clean.pt,runs/pretrain/amass_clean/medium_100ep/seed1/in_pk__loss_pkd/lightning_logs/version_0/checkpoints/epoch=99-step=11500.ckpt
amass_clean,medium_100ep,seed2,in_pk__loss_pkd,pk,pkd,carepd_cross_T-SDU-PD_to_3DGait,cross,T-SDU-PD,3DGait,1,0.29680832475423813,0.3957444330056508,0.4100039005279541,0.3374510109424591,0.29680832475423813,0.3957444330056508,0.4100039005279541,,,,0.0001,carepd_BMCLab_6fold_1,macro_f1_012,false,pretrain_v1_stats_train_clean.pt,runs/pretrain/amass_clean/medium_100ep/seed2/in_pk__loss_pkd/lightning_logs/version_0/checkpoints/epoch=99-step=11500.ckpt
amass_clean,medium_100ep,seed2,in_pk__loss_pkd,pk,pkd,carepd_cross_PD-GaM_to_3DGait,cross,PD-GaM,3DGait,1,0.1720807459205389,0.13420289506514868,0.3724514842033386,0.27065280079841614,0.1720807459205389,0.13420289506514868,0.3724514842033386,,,,0.0001,carepd_BMCLab_6fold_1,macro_f1_012,false,pretrain_v1_stats_train_clean.pt,runs/pretrain/amass_clean/medium_100ep/seed2/in_pk__loss_pkd/lightning_logs/version_0/checkpoints/epoch=99-step=11500.ckpt
amass_clean,medium_100ep,seed2,in_pk__loss_pkd,pk,pkd,carepd_cross_BMCLab_to_3DGait,cross,BMCLab,3DGait,1,0.3126676231622696,0.41689016421635944,0.4039875268936157,0.3800859749317169,0.3126676231622696,0.41689016421635944,0.4039875268936157,,,,0.0001,carepd_BMCLab_6fold_1,macro_f1_012,false,pretrain_v1_stats_train_clean.pt,runs/pretrain/amass_clean/medium_100ep/seed2/in_pk__loss_pkd/lightning_logs/version_0/checkpoints/epoch=99-step=11500.ckpt
amass_clean,medium_100ep,seed42,in_pk__loss_pkd,pk,pkd,carepd_cross_T-SDU-PD_to_3DGait,cross,T-SDU-PD,3DGait,1,0.3335312381386757,0.44470831751823425,0.4105394184589386,0.34532079100608826,0.3335312381386757,0.44470831751823425,0.4105394184589386,,,,0.0003,carepd_BMCLab_6fold_1,macro_f1_012,false,pretrain_v1_stats_train_clean.pt,runs/pretrain/amass_clean/medium_100ep/seed42/in_pk__loss_pkd/lightning_logs/version_0/checkpoints/epoch=99-step=11500.ckpt
amass_clean,medium_100ep,seed42,in_pk__loss_pkd,pk,pkd,carepd_cross_PD-GaM_to_3DGait,cross,PD-GaM,3DGait,1,0.20539676398038864,0.1849734584490458,0.34953370690345764,0.2752459645271301,0.20539676398038864,0.1849734584490458,0.34953370690345764,,,,0.0003,carepd_BMCLab_6fold_1,macro_f1_012,false,pretrain_v1_stats_train_clean.pt,runs/pretrain/amass_clean/medium_100ep/seed42/in_pk__loss_pkd/lightning_logs/version_0/checkpoints/epoch=99-step=11500.ckpt
amass_clean,medium_100ep,seed42,in_pk__loss_pkd,pk,pkd,carepd_cross_BMCLab_to_3DGait,cross,BMCLab,3DGait,1,0.24538828432559967,0.32718437910079956,0.41647446155548096,0.34750300645828247,0.24538828432559967,0.32718437910079956,0.41647446155548096,,,,0.0003,carepd_BMCLab_6fold_1,macro_f1_012,false,pretrain_v1_stats_train_clean.pt,runs/pretrain/amass_clean/medium_100ep/seed42/in_pk__loss_pkd/lightning_logs/version_0/checkpoints/epoch=99-step=11500.ckpt
amass_clean,medium_100ep,seed1,in_pkd__loss_p,pkd,p,carepd_cross_BMCLab_to_3DGait,cross,BMCLab,3DGait,1,0.2656216435134411,0.35416219135125476,0.3911445140838623,0.3467099070549011,0.2656216435134411,0.35416219135125476,0.3911445140838623,,,,0.00001,carepd_BMCLab_6fold_1,macro_f1_012,false,pretrain_v1_stats_train_clean.pt,runs/pretrain/amass_clean/medium_100ep/seed1/in_pkd__loss_p/lightning_logs/version_0/checkpoints/epoch=99-step=11500.ckpt
amass_clean,medium_100ep,seed1,in_pkd__loss_p,pkd,p,carepd_cross_T-SDU-PD_to_3DGait,cross,T-SDU-PD,3DGait,1,0.2752719670534134,0.3670292894045512,0.3999124765396118,0.327736496925354,0.2752719670534134,0.3670292894045512,0.3999124765396118,,,,0.00001,carepd_BMCLab_6fold_1,macro_f1_012,false,pretrain_v1_stats_train_clean.pt,runs/pretrain/amass_clean/medium_100ep/seed1/in_pkd__loss_p/lightning_logs/version_0/checkpoints/epoch=99-step=11500.ckpt
amass_clean,medium_100ep,seed1,in_pkd__loss_p,pkd,p,carepd_cross_PD-GaM_to_3DGait,cross,PD-GaM,3DGait,1,0.14420635346323252,0.13671958073973656,0.36237433552742004,0.2650301158428192,0.14420635346323252,0.13671958073973656,0.36237433552742004,,,,0.00001,carepd_BMCLab_6fold_1,macro_f1_012,false,pretrain_v1_stats_train_clean.pt,runs/pretrain/amass_clean/medium_100ep/seed1/in_pkd__loss_p/lightning_logs/version_0/checkpoints/epoch=99-step=11500.ckpt
amass_clean,medium_100ep,seed2,in_pkd__loss_p,pkd,p,carepd_cross_T-SDU-PD_to_3DGait,cross,T-SDU-PD,3DGait,1,0.33879078924655914,0.45172105232874554,0.4223818778991699,0.36810630559921265,0.33879078924655914,0.45172105232874554,0.4223818778991699,,,,3e-6,carepd_BMCLab_6fold_1,macro_f1_012,false,pretrain_v1_stats_train_clean.pt,runs/pretrain/amass_clean/medium_100ep/seed2/in_pkd__loss_p/lightning_logs/version_0/checkpoints/epoch=99-step=11500.ckpt
amass_clean,medium_100ep,seed2,in_pkd__loss_p,pkd,p,carepd_cross_PD-GaM_to_3DGait,cross,PD-GaM,3DGait,1,0.06632652878761292,0.08843537171681722,0.378431111574173,0.2764526903629303,0.06632652878761292,0.08843537171681722,0.378431111574173,,,,3e-6,carepd_BMCLab_6fold_1,macro_f1_012,false,pretrain_v1_stats_train_clean.pt,runs/pretrain/amass_clean/medium_100ep/seed2/in_pkd__loss_p/lightning_logs/version_0/checkpoints/epoch=99-step=11500.ckpt
amass_clean,medium_100ep,seed2,in_pkd__loss_p,pkd,p,carepd_cross_BMCLab_to_3DGait,cross,BMCLab,3DGait,1,0.25187499821186066,0.3358333309491475,0.36082178354263306,0.34012672305107117,0.25187499821186066,0.3358333309491475,0.36082178354263306,,,,3e-6,carepd_BMCLab_6fold_1,macro_f1_012,false,pretrain_v1_stats_train_clean.pt,runs/pretrain/amass_clean/medium_100ep/seed2/in_pkd__loss_p/lightning_logs/version_0/checkpoints/epoch=99-step=11500.ckpt
amass_clean,medium_100ep,seed42,in_pkd__loss_p,pkd,p,carepd_cross_T-SDU-PD_to_3DGait,cross,T-SDU-PD,3DGait,1,0.3264240473508835,0.4352320631345113,0.4090360999107361,0.35554975271224976,0.3264240473508835,0.4352320631345113,0.4090360999107361,,,,0.0003,carepd_BMCLab_6fold_1,macro_f1_012,false,pretrain_v1_stats_train_clean.pt,runs/pretrain/amass_clean/medium_100ep/seed42/in_pkd__loss_p/lightning_logs/version_0/checkpoints/epoch=94-step=10925.ckpt
amass_clean,medium_100ep,seed42,in_pkd__loss_p,pkd,p,carepd_cross_PD-GaM_to_3DGait,cross,PD-GaM,3DGait,1,0.15899378433823586,0.10942760606606801,0.40971851348876953,0.28489944338798523,0.15899378433823586,0.10942760606606801,0.40971851348876953,,,,0.0003,carepd_BMCLab_6fold_1,macro_f1_012,false,pretrain_v1_stats_train_clean.pt,runs/pretrain/amass_clean/medium_100ep/seed42/in_pkd__loss_p/lightning_logs/version_0/checkpoints/epoch=94-step=10925.ckpt
amass_clean,medium_100ep,seed42,in_pkd__loss_p,pkd,p,carepd_cross_BMCLab_to_3DGait,cross,BMCLab,3DGait,1,0.25012231990695,0.3334964265426,0.419665664434433,0.40590593218803406,0.25012231990695,0.3334964265426,0.419665664434433,,,,0.0003,carepd_BMCLab_6fold_1,macro_f1_012,false,pretrain_v1_stats_train_clean.pt,runs/pretrain/amass_clean/medium_100ep/seed42/in_pkd__loss_p/lightning_logs/version_0/checkpoints/epoch=94-step=10925.ckpt
amass_clean,medium_100ep,seed1,in_pkd__loss_pk,pkd,pk,carepd_cross_T-SDU-PD_to_3DGait,cross,T-SDU-PD,3DGait,1,0.22358553111553192,0.2981140414873759,0.4013316333293915,0.3077177107334137,0.22358553111553192,0.2981140414873759,0.4013316333293915,,,,0.00003,carepd_BMCLab_6fold_1,macro_f1_012,false,pretrain_v1_stats_train_clean.pt,runs/pretrain/amass_clean/medium_100ep/seed1/in_pkd__loss_pk/lightning_logs/version_0/checkpoints/epoch=99-step=11500.ckpt
amass_clean,medium_100ep,seed1,in_pkd__loss_pk,pkd,pk,carepd_cross_PD-GaM_to_3DGait,cross,PD-GaM,3DGait,1,0.08025536127388477,0.1070071483651797,0.388598769903183,0.2630099654197693,0.08025536127388477,0.1070071483651797,0.388598769903183,,,,0.00003,carepd_BMCLab_6fold_1,macro_f1_012,false,pretrain_v1_stats_train_clean.pt,runs/pretrain/amass_clean/medium_100ep/seed1/in_pkd__loss_pk/lightning_logs/version_0/checkpoints/epoch=99-step=11500.ckpt
amass_clean,medium_100ep,seed1,in_pkd__loss_pk,pkd,pk,carepd_cross_BMCLab_to_3DGait,cross,BMCLab,3DGait,1,0.22777778655290604,0.3037037154038747,0.4264926314353943,0.3888919949531555,0.22777778655290604,0.3037037154038747,0.4264926314353943,,,,0.00003,carepd_BMCLab_6fold_1,macro_f1_012,false,pretrain_v1_stats_train_clean.pt,runs/pretrain/amass_clean/medium_100ep/seed1/in_pkd__loss_pk/lightning_logs/version_0/checkpoints/epoch=99-step=11500.ckpt
amass_clean,medium_100ep,seed2,in_pkd__loss_pk,pkd,pk,carepd_cross_PD-GaM_to_3DGait,cross,PD-GaM,3DGait,1,0.06730769574642181,0.08974359432856242,0.359895795583725,0.26838716864585876,0.06730769574642181,0.08974359432856242,0.359895795583725,,,,0.00003,carepd_BMCLab_6fold_1,macro_f1_012,false,pretrain_v1_stats_train_clean.pt,runs/pretrain/amass_clean/medium_100ep/seed2/in_pkd__loss_pk/lightning_logs/version_0/checkpoints/epoch=99-step=11500.ckpt
amass_clean,medium_100ep,seed2,in_pkd__loss_pk,pkd,pk,carepd_cross_T-SDU-PD_to_3DGait,cross,T-SDU-PD,3DGait,1,0.3190298527479172,0.4253731369972229,0.44708260893821716,0.3566654324531555,0.3190298527479172,0.4253731369972229,0.44708260893821716,,,,0.00003,carepd_BMCLab_6fold_1,macro_f1_012,false,pretrain_v1_stats_train_clean.pt,runs/pretrain/amass_clean/medium_100ep/seed2/in_pkd__loss_pk/lightning_logs/version_0/checkpoints/epoch=99-step=11500.ckpt
amass_clean,medium_100ep,seed2,in_pkd__loss_pk,pkd,pk,carepd_cross_BMCLab_to_3DGait,cross,BMCLab,3DGait,1,0.31167852133512497,0.4155713617801666,0.4358710050582886,0.39102602005004883,0.31167852133512497,0.4155713617801666,0.4358710050582886,,,,0.00003,carepd_BMCLab_6fold_1,macro_f1_012,false,pretrain_v1_stats_train_clean.pt,runs/pretrain/amass_clean/medium_100ep/seed2/in_pkd__loss_pk/lightning_logs/version_0/checkpoints/epoch=99-step=11500.ckpt
amass_clean,medium_100ep,seed42,in_pkd__loss_pk,pkd,pk,carepd_cross_T-SDU-PD_to_3DGait,cross,T-SDU-PD,3DGait,1,0.26121509820222855,0.3482867976029714,0.3808338940143585,0.31214162707328796,0.26121509820222855,0.3482867976029714,0.3808338940143585,,,,3e-6,carepd_BMCLab_6fold_1,macro_f1_012,false,pretrain_v1_stats_train_clean.pt,runs/pretrain/amass_clean/medium_100ep/seed42/in_pkd__loss_pk/lightning_logs/version_0/checkpoints/epoch=99-step=11500.ckpt
amass_clean,medium_100ep,seed42,in_pkd__loss_pk,pkd,pk,carepd_cross_BMCLab_to_3DGait,cross,BMCLab,3DGait,1,0.29439982771873474,0.3925331036249797,0.36723268032073975,0.3676382303237915,0.29439982771873474,0.3925331036249797,0.36723268032073975,,,,3e-6,carepd_BMCLab_6fold_1,macro_f1_012,false,pretrain_v1_stats_train_clean.pt,runs/pretrain/amass_clean/medium_100ep/seed42/in_pkd__loss_pk/lightning_logs/version_0/checkpoints/epoch=99-step=11500.ckpt
amass_clean,medium_100ep,seed42,in_pkd__loss_pk,pkd,pk,carepd_cross_PD-GaM_to_3DGait,cross,PD-GaM,3DGait,1,0.09173913113772869,0.12231884151697159,0.33403316140174866,0.26456934213638306,0.09173913113772869,0.12231884151697159,0.33403316140174866,,,,3e-6,carepd_BMCLab_6fold_1,macro_f1_012,false,pretrain_v1_stats_train_clean.pt,runs/pretrain/amass_clean/medium_100ep/seed42/in_pkd__loss_pk/lightning_logs/version_0/checkpoints/epoch=99-step=11500.ckpt
amass_clean,medium_100ep,seed1,in_pkd__loss_pkd,pkd,pkd,carepd_cross_BMCLab_to_3DGait,cross,BMCLab,3DGait,1,0.3021065965294838,0.4028087953726451,0.470134437084198,0.4024037718772888,0.3021065965294838,0.4028087953726451,0.470134437084198,,,,0.0003,carepd_BMCLab_6fold_1,macro_f1_012,false,pretrain_v1_stats_train_clean.pt,runs/pretrain/amass_clean/medium_100ep/seed1/in_pkd__loss_pkd/lightning_logs/version_0/checkpoints/epoch=99-step=11500.ckpt
amass_clean,medium_100ep,seed1,in_pkd__loss_pkd,pkd,pkd,carepd_cross_PD-GaM_to_3DGait,cross,PD-GaM,3DGait,1,0.06796116381883621,0.09061488509178162,0.379523903131485,0.2711006999015808,0.06796116381883621,0.09061488509178162,0.379523903131485,,,,0.0003,carepd_BMCLab_6fold_1,macro_f1_012,false,pretrain_v1_stats_train_clean.pt,runs/pretrain/amass_clean/medium_100ep/seed1/in_pkd__loss_pkd/lightning_logs/version_0/checkpoints/epoch=99-step=11500.ckpt
amass_clean,medium_100ep,seed1,in_pkd__loss_pkd,pkd,pkd,carepd_cross_T-SDU-PD_to_3DGait,cross,T-SDU-PD,3DGait,1,0.17068394646048546,0.22757859528064728,0.4124794900417328,0.3023510277271271,0.17068394646048546,0.22757859528064728,0.4124794900417328,,,,0.0003,carepd_BMCLab_6fold_1,macro_f1_012,false,pretrain_v1_stats_train_clean.pt,runs/pretrain/amass_clean/medium_100ep/seed1/in_pkd__loss_pkd/lightning_logs/version_0/checkpoints/epoch=99-step=11500.ckpt
amass_clean,medium_100ep,seed2,in_pkd__loss_pkd,pkd,pkd,carepd_cross_BMCLab_to_3DGait,cross,BMCLab,3DGait,1,0.2533467225730419,0.3377956300973892,0.46083953976631165,0.35113099217414856,0.2533467225730419,0.3377956300973892,0.46083953976631165,,,,0.0001,carepd_BMCLab_6fold_1,macro_f1_012,false,pretrain_v1_stats_train_clean.pt,runs/pretrain/amass_clean/medium_100ep/seed2/in_pkd__loss_pkd/lightning_logs/version_0/checkpoints/epoch=99-step=11500.ckpt
amass_clean,medium_100ep,seed2,in_pkd__loss_pkd,pkd,pkd,carepd_cross_PD-GaM_to_3DGait,cross,PD-GaM,3DGait,1,0.06862745434045792,0.09150327245394389,0.33628106117248535,0.27272868156433105,0.06862745434045792,0.09150327245394389,0.33628106117248535,,,,0.0001,carepd_BMCLab_6fold_1,macro_f1_012,false,pretrain_v1_stats_train_clean.pt,runs/pretrain/amass_clean/medium_100ep/seed2/in_pkd__loss_pkd/lightning_logs/version_0/checkpoints/epoch=99-step=11500.ckpt
amass_clean,medium_100ep,seed2,in_pkd__loss_pkd,pkd,pkd,carepd_cross_T-SDU-PD_to_3DGait,cross,T-SDU-PD,3DGait,1,0.2293226420879364,0.3057635227839152,0.41488131880760193,0.30322644114494324,0.2293226420879364,0.3057635227839152,0.41488131880760193,,,,0.0001,carepd_BMCLab_6fold_1,macro_f1_012,false,pretrain_v1_stats_train_clean.pt,runs/pretrain/amass_clean/medium_100ep/seed2/in_pkd__loss_pkd/lightning_logs/version_0/checkpoints/epoch=99-step=11500.ckpt
amass_clean,medium_100ep,seed42,in_pkd__loss_pkd,pkd,pkd,carepd_cross_T-SDU-PD_to_3DGait,cross,T-SDU-PD,3DGait,1,0.15270978771150112,0.2036130502820015,0.3449819087982178,0.27638816833496094,0.15270978771150112,0.2036130502820015,0.3449819087982178,,,,0.00003,carepd_BMCLab_6fold_1,macro_f1_012,false,pretrain_v1_stats_train_clean.pt,runs/pretrain/amass_clean/medium_100ep/seed42/in_pkd__loss_pkd/lightning_logs/version_0/checkpoints/epoch=99-step=11500.ckpt
amass_clean,medium_100ep,seed42,in_pkd__loss_pkd,pkd,pkd,carepd_cross_BMCLab_to_3DGait,cross,BMCLab,3DGait,1,0.30289092659950256,0.40385456879933673,0.3975287675857544,0.3347994089126587,0.30289092659950256,0.40385456879933673,0.3975287675857544,,,,0.00003,carepd_BMCLab_6fold_1,macro_f1_012,false,pretrain_v1_stats_train_clean.pt,runs/pretrain/amass_clean/medium_100ep/seed42/in_pkd__loss_pkd/lightning_logs/version_0/checkpoints/epoch=99-step=11500.ckpt
amass_clean,medium_100ep,seed42,in_pkd__loss_pkd,pkd,pkd,carepd_cross_PD-GaM_to_3DGait,cross,PD-GaM,3DGait,1,0.08041804376989603,0.10722405835986137,0.35512322187423706,0.2691785395145416,0.08041804376989603,0.10722405835986137,0.35512322187423706,,,,0.00003,carepd_BMCLab_6fold_1,macro_f1_012,false,pretrain_v1_stats_train_clean.pt,runs/pretrain/amass_clean/medium_100ep/seed42/in_pkd__loss_pkd/lightning_logs/version_0/checkpoints/epoch=99-step=11500.ckpt
amass_clean,medium_100ep,seed1,in_p__loss_p,p,p,carepd_cross_3DGait_to_BMCLab,cross,3DGait,BMCLab,1,0.1697688102722168,0.22635841369628906,0.4196772873401642,0.46380966901779175,0.1697688102722168,0.22635841369628906,0.4196772873401642,,,,3e-6,carepd_BMCLab_6fold_1,macro_f1_012,false,pretrain_v1_stats_train_clean.pt,runs/pretrain/amass_clean/medium_100ep/seed1/in_p__loss_p/lightning_logs/version_0/checkpoints/epoch=94-step=10925.ckpt
amass_clean,medium_100ep,seed1,in_p__loss_p,p,p,carepd_cross_PD-GaM_to_BMCLab,cross,PD-GaM,BMCLab,1,0.20843451470136642,0.2779126862684886,0.5320414304733276,0.40217652916908264,0.20843451470136642,0.2779126862684886,0.5320414304733276,,,,3e-6,carepd_BMCLab_6fold_1,macro_f1_012,false,pretrain_v1_stats_train_clean.pt,runs/pretrain/amass_clean/medium_100ep/seed1/in_p__loss_p/lightning_logs/version_0/checkpoints/epoch=94-step=10925.ckpt
amass_clean,medium_100ep,seed1,in_p__loss_p,p,p,carepd_cross_T-SDU-PD_to_BMCLab,cross,T-SDU-PD,BMCLab,1,0.2852076031267643,0.38027680416901904,0.40927329659461975,0.41802456974983215,0.2852076031267643,0.38027680416901904,0.40927329659461975,,,,3e-6,carepd_BMCLab_6fold_1,macro_f1_012,false,pretrain_v1_stats_train_clean.pt,runs/pretrain/amass_clean/medium_100ep/seed1/in_p__loss_p/lightning_logs/version_0/checkpoints/epoch=94-step=10925.ckpt
amass_clean,medium_100ep,seed2,in_p__loss_p,p,p,carepd_cross_T-SDU-PD_to_BMCLab,cross,T-SDU-PD,BMCLab,1,0.23398378863930702,0.31197838485240936,0.5052604675292969,0.40460091829299927,0.23398378863930702,0.31197838485240936,0.5052604675292969,,,,0.0003,carepd_BMCLab_6fold_1,macro_f1_012,false,pretrain_v1_stats_train_clean.pt,runs/pretrain/amass_clean/medium_100ep/seed2/in_p__loss_p/lightning_logs/version_0/checkpoints/epoch=99-step=11500.ckpt
amass_clean,medium_100ep,seed2,in_p__loss_p,p,p,carepd_cross_PD-GaM_to_BMCLab,cross,PD-GaM,BMCLab,1,0.2141612395644188,0.28554831941922504,0.5215222239494324,0.3808121085166931,0.2141612395644188,0.28554831941922504,0.5215222239494324,,,,0.0003,carepd_BMCLab_6fold_1,macro_f1_012,false,pretrain_v1_stats_train_clean.pt,runs/pretrain/amass_clean/medium_100ep/seed2/in_p__loss_p/lightning_logs/version_0/checkpoints/epoch=99-step=11500.ckpt
amass_clean,medium_100ep,seed2,in_p__loss_p,p,p,carepd_cross_3DGait_to_BMCLab,cross,3DGait,BMCLab,1,0.25827682111412287,0.3443690948188305,0.48646625876426697,0.5279315710067749,0.25827682111412287,0.3443690948188305,0.48646625876426697,,,,0.0003,carepd_BMCLab_6fold_1,macro_f1_012,false,pretrain_v1_stats_train_clean.pt,runs/pretrain/amass_clean/medium_100ep/seed2/in_p__loss_p/lightning_logs/version_0/checkpoints/epoch=99-step=11500.ckpt
amass_clean,medium_100ep,seed42,in_p__loss_p,p,p,carepd_cross_PD-GaM_to_BMCLab,cross,PD-GaM,BMCLab,1,0.1873759813606739,0.24983464181423187,0.596533477306366,0.4074726104736328,0.1873759813606739,0.24983464181423187,0.596533477306366,,,,0.00003,carepd_BMCLab_6fold_1,macro_f1_012,false,pretrain_v1_stats_train_clean.pt,runs/pretrain/amass_clean/medium_100ep/seed42/in_p__loss_p/lightning_logs/version_0/checkpoints/epoch=94-step=10925.ckpt
amass_clean,medium_100ep,seed42,in_p__loss_p,p,p,carepd_cross_T-SDU-PD_to_BMCLab,cross,T-SDU-PD,BMCLab,1,0.1855745017528534,0.24743266900380453,0.37853243947029114,0.2961365580558777,0.1855745017528534,0.24743266900380453,0.37853243947029114,,,,0.00003,carepd_BMCLab_6fold_1,macro_f1_012,false,pretrain_v1_stats_train_clean.pt,runs/pretrain/amass_clean/medium_100ep/seed42/in_p__loss_p/lightning_logs/version_0/checkpoints/epoch=94-step=10925.ckpt
amass_clean,medium_100ep,seed42,in_p__loss_p,p,p,carepd_cross_3DGait_to_BMCLab,cross,3DGait,BMCLab,1,0.255257286131382,0.34034304817517597,0.4821490943431854,0.5124104022979736,0.255257286131382,0.34034304817517597,0.4821490943431854,,,,0.00003,carepd_BMCLab_6fold_1,macro_f1_012,false,pretrain_v1_stats_train_clean.pt,runs/pretrain/amass_clean/medium_100ep/seed42/in_p__loss_p/lightning_logs/version_0/checkpoints/epoch=94-step=10925.ckpt
amass_clean,medium_100ep,seed1,in_p__loss_pk,p,pk,carepd_cross_PD-GaM_to_BMCLab,cross,PD-GaM,BMCLab,1,0.19094100454822183,0.25458800606429577,0.42321911454200745,0.3431423306465149,0.19094100454822183,0.25458800606429577,0.42321911454200745,,,,0.00001,carepd_BMCLab_6fold_1,macro_f1_012,false,pretrain_v1_stats_train_clean.pt,runs/pretrain/amass_clean/medium_100ep/seed1/in_p__loss_pk/lightning_logs/version_0/checkpoints/epoch=99-step=11500.ckpt
amass_clean,medium_100ep,seed1,in_p__loss_pk,p,pk,carepd_cross_T-SDU-PD_to_BMCLab,cross,T-SDU-PD,BMCLab,1,0.19571536779403687,0.2609538237253825,0.5446606278419495,0.3874088525772095,0.19571536779403687,0.2609538237253825,0.5446606278419495,,,,0.00001,carepd_BMCLab_6fold_1,macro_f1_012,false,pretrain_v1_stats_train_clean.pt,runs/pretrain/amass_clean/medium_100ep/seed1/in_p__loss_pk/lightning_logs/version_0/checkpoints/epoch=99-step=11500.ckpt
amass_clean,medium_100ep,seed1,in_p__loss_pk,p,pk,carepd_cross_3DGait_to_BMCLab,cross,3DGait,BMCLab,1,0.23909782990813255,0.31879710654417676,0.5072994232177734,0.4631812870502472,0.23909782990813255,0.31879710654417676,0.5072994232177734,,,,0.00001,carepd_BMCLab_6fold_1,macro_f1_012,false,pretrain_v1_stats_train_clean.pt,runs/pretrain/amass_clean/medium_100ep/seed1/in_p__loss_pk/lightning_logs/version_0/checkpoints/epoch=99-step=11500.ckpt
amass_clean,medium_100ep,seed2,in_p__loss_pk,p,pk,carepd_cross_T-SDU-PD_to_BMCLab,cross,T-SDU-PD,BMCLab,1,0.14425560901872814,0.19234081202497086,0.40798330307006836,0.3120715916156769,0.14425560901872814,0.19234081202497086,0.40798330307006836,,,,3e-6,carepd_BMCLab_6fold_1,macro_f1_012,false,pretrain_v1_stats_train_clean.pt,runs/pretrain/amass_clean/medium_100ep/seed2/in_p__loss_pk/lightning_logs/version_0/checkpoints/epoch=99-step=11500.ckpt
amass_clean,medium_100ep,seed2,in_p__loss_pk,p,pk,carepd_cross_3DGait_to_BMCLab,cross,3DGait,BMCLab,1,0.19651501346379519,0.2620200179517269,0.5355789661407471,0.45261240005493164,0.19651501346379519,0.2620200179517269,0.5355789661407471,,,,3e-6,carepd_BMCLab_6fold_1,macro_f1_012,false,pretrain_v1_stats_train_clean.pt,runs/pretrain/amass_clean/medium_100ep/seed2/in_p__loss_pk/lightning_logs/version_0/checkpoints/epoch=99-step=11500.ckpt
amass_clean,medium_100ep,seed2,in_p__loss_pk,p,pk,carepd_cross_PD-GaM_to_BMCLab,cross,PD-GaM,BMCLab,1,0.15810405276715755,0.2108054036895434,0.5071857571601868,0.35073792934417725,0.15810405276715755,0.2108054036895434,0.5071857571601868,,,,3e-6,carepd_BMCLab_6fold_1,macro_f1_012,false,pretrain_v1_stats_train_clean.pt,runs/pretrain/amass_clean/medium_100ep/seed2/in_p__loss_pk/lightning_logs/version_0/checkpoints/epoch=99-step=11500.ckpt
amass_clean,medium_100ep,seed42,in_p__loss_pk,p,pk,carepd_cross_PD-GaM_to_BMCLab,cross,PD-GaM,BMCLab,1,0.10861824452877045,0.1448243260383606,0.4450739920139313,0.316281795501709,0.10861824452877045,0.1448243260383606,0.4450739920139313,,,,0.0001,carepd_BMCLab_6fold_1,macro_f1_012,false,pretrain_v1_stats_train_clean.pt,runs/pretrain/amass_clean/medium_100ep/seed42/in_p__loss_pk/lightning_logs/version_0/checkpoints/epoch=99-step=11500.ckpt
amass_clean,medium_100ep,seed42,in_p__loss_pk,p,pk,carepd_cross_3DGait_to_BMCLab,cross,3DGait,BMCLab,1,0.23186861351132393,0.3091581513484319,0.5220815539360046,0.45763808488845825,0.23186861351132393,0.3091581513484319,0.5220815539360046,,,,0.0001,carepd_BMCLab_6fold_1,macro_f1_012,false,pretrain_v1_stats_train_clean.pt,runs/pretrain/amass_clean/medium_100ep/seed42/in_p__loss_pk/lightning_logs/version_0/checkpoints/epoch=99-step=11500.ckpt
amass_clean,medium_100ep,seed42,in_p__loss_pk,p,pk,carepd_cross_T-SDU-PD_to_BMCLab,cross,T-SDU-PD,BMCLab,1,0.1922032090369612,0.2562709453826149,0.5150735974311829,0.38488322496414185,0.1922032090369612,0.2562709453826149,0.5150735974311829,,,,0.0001,carepd_BMCLab_6fold_1,macro_f1_012,false,pretrain_v1_stats_train_clean.pt,runs/pretrain/amass_clean/medium_100ep/seed42/in_p__loss_pk/lightning_logs/version_0/checkpoints/epoch=99-step=11500.ckpt
amass_clean,medium_100ep,seed1,in_p__loss_pkd,p,pkd,carepd_cross_3DGait_to_BMCLab,cross,3DGait,BMCLab,1,0.28626551665365696,0.38168735553820926,0.4974745810031891,0.43414178490638733,0.28626551665365696,0.38168735553820926,0.4974745810031891,,,,3e-6,carepd_BMCLab_6fold_1,macro_f1_012,false,pretrain_v1_stats_train_clean.pt,runs/pretrain/amass_clean/medium_100ep/seed1/in_p__loss_pkd/lightning_logs/version_0/checkpoints/epoch=99-step=11500.ckpt
amass_clean,medium_100ep,seed1,in_p__loss_pkd,p,pkd,carepd_cross_T-SDU-PD_to_BMCLab,cross,T-SDU-PD,BMCLab,1,0.2618251331150532,0.34910017748673755,0.50052410364151,0.41935303807258606,0.2618251331150532,0.34910017748673755,0.50052410364151,,,,3e-6,carepd_BMCLab_6fold_1,macro_f1_012,false,pretrain_v1_stats_train_clean.pt,runs/pretrain/amass_clean/medium_100ep/seed1/in_p__loss_pkd/lightning_logs/version_0/checkpoints/epoch=99-step=11500.ckpt
amass_clean,medium_100ep,seed1,in_p__loss_pkd,p,pkd,carepd_cross_PD-GaM_to_BMCLab,cross,PD-GaM,BMCLab,1,0.1074389647692442,0.14325195302565893,0.4766283929347992,0.3293236494064331,0.1074389647692442,0.14325195302565893,0.4766283929347992,,,,3e-6,carepd_BMCLab_6fold_1,macro_f1_012,false,pretrain_v1_stats_train_clean.pt,runs/pretrain/amass_clean/medium_100ep/seed1/in_p__loss_pkd/lightning_logs/version_0/checkpoints/epoch=99-step=11500.ckpt
amass_clean,medium_100ep,seed2,in_p__loss_pkd,p,pkd,carepd_cross_T-SDU-PD_to_BMCLab,cross,T-SDU-PD,BMCLab,1,0.293382428586483,0.391176571448644,0.4521763324737549,0.41809698939323425,0.293382428586483,0.391176571448644,0.4521763324737549,,,,0.00001,carepd_BMCLab_6fold_1,macro_f1_012,false,pretrain_v1_stats_train_clean.pt,runs/pretrain/amass_clean/medium_100ep/seed2/in_p__loss_pkd/lightning_logs/version_0/checkpoints/epoch=99-step=11500.ckpt
amass_clean,medium_100ep,seed2,in_p__loss_pkd,p,pkd,carepd_cross_PD-GaM_to_BMCLab,cross,PD-GaM,BMCLab,1,0.15388384321704507,0.20517845762272677,0.4717375338077545,0.32579681277275085,0.15388384321704507,0.20517845762272677,0.4717375338077545,,,,0.00001,carepd_BMCLab_6fold_1,macro_f1_012,false,pretrain_v1_stats_train_clean.pt,runs/pretrain/amass_clean/medium_100ep/seed2/in_p__loss_pkd/lightning_logs/version_0/checkpoints/epoch=99-step=11500.ckpt
amass_clean,medium_100ep,seed2,in_p__loss_pkd,p,pkd,carepd_cross_3DGait_to_BMCLab,cross,3DGait,BMCLab,1,0.2428698018193245,0.323826402425766,0.46801403164863586,0.42943426966667175,0.2428698018193245,0.323826402425766,0.46801403164863586,,,,0.00001,carepd_BMCLab_6fold_1,macro_f1_012,false,pretrain_v1_stats_train_clean.pt,runs/pretrain/amass_clean/medium_100ep/seed2/in_p__loss_pkd/lightning_logs/version_0/checkpoints/epoch=99-step=11500.ckpt
amass_clean,medium_100ep,seed42,in_p__loss_pkd,p,pkd,carepd_cross_PD-GaM_to_BMCLab,cross,PD-GaM,BMCLab,1,0.16356978216208518,0.21809304288278022,0.5538701415061951,0.393491268157959,0.16356978216208518,0.21809304288278022,0.5538701415061951,,,,0.0003,carepd_BMCLab_6fold_1,macro_f1_012,false,pretrain_v1_stats_train_clean.pt,runs/pretrain/amass_clean/medium_100ep/seed42/in_p__loss_pkd/lightning_logs/version_0/checkpoints/epoch=99-step=11500.ckpt
amass_clean,medium_100ep,seed42,in_p__loss_pkd,p,pkd,carepd_cross_3DGait_to_BMCLab,cross,3DGait,BMCLab,1,0.19018220715224743,0.25357627620299655,0.5498958230018616,0.48149147629737854,0.19018220715224743,0.25357627620299655,0.5498958230018616,,,,0.0003,carepd_BMCLab_6fold_1,macro_f1_012,false,pretrain_v1_stats_train_clean.pt,runs/pretrain/amass_clean/medium_100ep/seed42/in_p__loss_pkd/lightning_logs/version_0/checkpoints/epoch=99-step=11500.ckpt
amass_clean,medium_100ep,seed42,in_p__loss_pkd,p,pkd,carepd_cross_T-SDU-PD_to_BMCLab,cross,T-SDU-PD,BMCLab,1,0.22001034207642078,0.29334712276856106,0.5050355792045593,0.38829106092453003,0.22001034207642078,0.29334712276856106,0.5050355792045593,,,,0.0003,carepd_BMCLab_6fold_1,macro_f1_012,false,pretrain_v1_stats_train_clean.pt,runs/pretrain/amass_clean/medium_100ep/seed42/in_p__loss_pkd/lightning_logs/version_0/checkpoints/epoch=99-step=11500.ckpt
amass_clean,medium_100ep,seed1,in_pk__loss_p,pk,p,carepd_cross_3DGait_to_BMCLab,cross,3DGait,BMCLab,1,0.28211221750825644,0.37614962334434193,0.4789590537548065,0.49316179752349854,0.28211221750825644,0.37614962334434193,0.4789590537548065,,,,3e-6,carepd_BMCLab_6fold_1,macro_f1_012,false,pretrain_v1_stats_train_clean.pt,runs/pretrain/amass_clean/medium_100ep/seed1/in_pk__loss_p/lightning_logs/version_0/checkpoints/epoch=94-step=10925.ckpt
amass_clean,medium_100ep,seed1,in_pk__loss_p,pk,p,carepd_cross_PD-GaM_to_BMCLab,cross,PD-GaM,BMCLab,1,0.25044791772961617,0.33393055697282154,0.5212597846984863,0.4224640130996704,0.25044791772961617,0.33393055697282154,0.5212597846984863,,,,3e-6,carepd_BMCLab_6fold_1,macro_f1_012,false,pretrain_v1_stats_train_clean.pt,runs/pretrain/amass_clean/medium_100ep/seed1/in_pk__loss_p/lightning_logs/version_0/checkpoints/epoch=94-step=10925.ckpt
amass_clean,medium_100ep,seed1,in_pk__loss_p,pk,p,carepd_cross_T-SDU-PD_to_BMCLab,cross,T-SDU-PD,BMCLab,1,0.26916518062353134,0.3588869074980418,0.4437999725341797,0.3710651397705078,0.26916518062353134,0.3588869074980418,0.4437999725341797,,,,3e-6,carepd_BMCLab_6fold_1,macro_f1_012,false,pretrain_v1_stats_train_clean.pt,runs/pretrain/amass_clean/medium_100ep/seed1/in_pk__loss_p/lightning_logs/version_0/checkpoints/epoch=94-step=10925.ckpt
amass_clean,medium_100ep,seed2,in_pk__loss_p,pk,p,carepd_cross_3DGait_to_BMCLab,cross,3DGait,BMCLab,1,0.25285983458161354,0.33714644610881805,0.5124185681343079,0.47307324409484863,0.25285983458161354,0.33714644610881805,0.5124185681343079,,,,3e-6,carepd_BMCLab_6fold_1,macro_f1_012,false,pretrain_v1_stats_train_clean.pt,runs/pretrain/amass_clean/medium_100ep/seed2/in_pk__loss_p/lightning_logs/version_0/checkpoints/epoch=99-step=11500.ckpt
amass_clean,medium_100ep,seed2,in_pk__loss_p,pk,p,carepd_cross_T-SDU-PD_to_BMCLab,cross,T-SDU-PD,BMCLab,1,0.3707955405116081,0.4943940540154775,0.5019276738166809,0.4699030816555023,0.3707955405116081,0.4943940540154775,0.5019276738166809,,,,3e-6,carepd_BMCLab_6fold_1,macro_f1_012,false,pretrain_v1_stats_train_clean.pt,runs/pretrain/amass_clean/medium_100ep/seed2/in_pk__loss_p/lightning_logs/version_0/checkpoints/epoch=99-step=11500.ckpt
amass_clean,medium_100ep,seed2,in_pk__loss_p,pk,p,carepd_cross_PD-GaM_to_BMCLab,cross,PD-GaM,BMCLab,1,0.11751731112599373,0.15668974816799164,0.4464566707611084,0.32574862241744995,0.11751731112599373,0.15668974816799164,0.4464566707611084,,,,3e-6,carepd_BMCLab_6fold_1,macro_f1_012,false,pretrain_v1_stats_train_clean.pt,runs/pretrain/amass_clean/medium_100ep/seed2/in_pk__loss_p/lightning_logs/version_0/checkpoints/epoch=99-step=11500.ckpt
amass_clean,medium_100ep,seed42,in_pk__loss_p,pk,p,carepd_cross_T-SDU-PD_to_BMCLab,cross,T-SDU-PD,BMCLab,1,0.2742718234658241,0.3656957646210988,0.44041872024536133,0.37663424015045166,0.2742718234658241,0.3656957646210988,0.44041872024536133,,,,3e-6,carepd_BMCLab_6fold_1,macro_f1_012,false,pretrain_v1_stats_train_clean.pt,runs/pretrain/amass_clean/medium_100ep/seed42/in_pk__loss_p/lightning_logs/version_0/checkpoints/epoch=94-step=10925.ckpt
amass_clean,medium_100ep,seed42,in_pk__loss_p,pk,p,carepd_cross_3DGait_to_BMCLab,cross,3DGait,BMCLab,1,0.30466213822364807,0.40621618429819745,0.5124049782752991,0.47391870617866516,0.30466213822364807,0.40621618429819745,0.5124049782752991,,,,3e-6,carepd_BMCLab_6fold_1,macro_f1_012,false,pretrain_v1_stats_train_clean.pt,runs/pretrain/amass_clean/medium_100ep/seed42/in_pk__loss_p/lightning_logs/version_0/checkpoints/epoch=94-step=10925.ckpt
amass_clean,medium_100ep,seed42,in_pk__loss_p,pk,p,carepd_cross_PD-GaM_to_BMCLab,cross,PD-GaM,BMCLab,1,0.11521449312567711,0.1536193241675695,0.5182530283927917,0.34566783905029297,0.11521449312567711,0.1536193241675695,0.5182530283927917,,,,3e-6,carepd_BMCLab_6fold_1,macro_f1_012,false,pretrain_v1_stats_train_clean.pt,runs/pretrain/amass_clean/medium_100ep/seed42/in_pk__loss_p/lightning_logs/version_0/checkpoints/epoch=94-step=10925.ckpt
amass_clean,medium_100ep,seed1,in_pk__loss_pk,pk,pk,carepd_cross_3DGait_to_BMCLab,cross,3DGait,BMCLab,1,0.24528488516807556,0.3270465135574341,0.5206093192100525,0.3546655774116516,0.24528488516807556,0.3270465135574341,0.5206093192100525,,,,0.00001,carepd_BMCLab_6fold_1,macro_f1_012,false,pretrain_v1_stats_train_clean.pt,runs/pretrain/amass_clean/medium_100ep/seed1/in_pk__loss_pk/lightning_logs/version_0/checkpoints/epoch=99-step=11500.ckpt
amass_clean,medium_100ep,seed1,in_pk__loss_pk,pk,pk,carepd_cross_T-SDU-PD_to_BMCLab,cross,T-SDU-PD,BMCLab,1,0.3087955713272095,0.4117274284362793,0.46529701352119446,0.39252692461013794,0.3087955713272095,0.4117274284362793,0.46529701352119446,,,,0.00001,carepd_BMCLab_6fold_1,macro_f1_012,false,pretrain_v1_stats_train_clean.pt,runs/pretrain/amass_clean/medium_100ep/seed1/in_pk__loss_pk/lightning_logs/version_0/checkpoints/epoch=99-step=11500.ckpt
amass_clean,medium_100ep,seed1,in_pk__loss_pk,pk,pk,carepd_cross_PD-GaM_to_BMCLab,cross,PD-GaM,BMCLab,1,0.15676391148008406,0.20901854864011207,0.5161116123199463,0.3693270683288574,0.15676391148008406,0.20901854864011207,0.5161116123199463,,,,0.00001,carepd_BMCLab_6fold_1,macro_f1_012,false,pretrain_v1_stats_train_clean.pt,runs/pretrain/amass_clean/medium_100ep/seed1/in_pk__loss_pk/lightning_logs/version_0/checkpoints/epoch=99-step=11500.ckpt
amass_clean,medium_100ep,seed2,in_pk__loss_pk,pk,pk,carepd_cross_3DGait_to_BMCLab,cross,3DGait,BMCLab,1,0.2917635291814804,0.38901803890864056,0.4476340711116791,0.325960248708725,0.2917635291814804,0.38901803890864056,0.4476340711116791,,,,3e-6,carepd_BMCLab_6fold_1,macro_f1_012,false,pretrain_v1_stats_train_clean.pt,runs/pretrain/amass_clean/medium_100ep/seed2/in_pk__loss_pk/lightning_logs/version_0/checkpoints/epoch=99-step=11500.ckpt
amass_clean,medium_100ep,seed2,in_pk__loss_pk,pk,pk,carepd_cross_PD-GaM_to_BMCLab,cross,PD-GaM,BMCLab,1,0.27439422020688653,0.3658589602758487,0.5604861974716187,0.4276222586631775,0.27439422020688653,0.3658589602758487,0.5604861974716187,,,,3e-6,carepd_BMCLab_6fold_1,macro_f1_012,false,pretrain_v1_stats_train_clean.pt,runs/pretrain/amass_clean/medium_100ep/seed2/in_pk__loss_pk/lightning_logs/version_0/checkpoints/epoch=99-step=11500.ckpt
amass_clean,medium_100ep,seed2,in_pk__loss_pk,pk,pk,carepd_cross_T-SDU-PD_to_BMCLab,cross,T-SDU-PD,BMCLab,1,0.23454488068819046,0.31272650758425397,0.4353151321411133,0.34989118576049805,0.23454488068819046,0.31272650758425397,0.4353151321411133,,,,3e-6,carepd_BMCLab_6fold_1,macro_f1_012,false,pretrain_v1_stats_train_clean.pt,runs/pretrain/amass_clean/medium_100ep/seed2/in_pk__loss_pk/lightning_logs/version_0/checkpoints/epoch=99-step=11500.ckpt
amass_clean,medium_100ep,seed42,in_pk__loss_pk,pk,pk,carepd_cross_3DGait_to_BMCLab,cross,3DGait,BMCLab,1,0.1749536208808422,0.2332714945077896,0.5406692028045654,0.4463212192058563,0.1749536208808422,0.2332714945077896,0.5406692028045654,,,,0.00003,carepd_BMCLab_6fold_1,macro_f1_012,false,pretrain_v1_stats_train_clean.pt,runs/pretrain/amass_clean/medium_100ep/seed42/in_pk__loss_pk/lightning_logs/version_0/checkpoints/epoch=99-step=11500.ckpt
amass_clean,medium_100ep,seed42,in_pk__loss_pk,pk,pk,carepd_cross_PD-GaM_to_BMCLab,cross,PD-GaM,BMCLab,1,0.1157305408269167,0.15430738776922226,0.447070837020874,0.30613160133361816,0.1157305408269167,0.15430738776922226,0.447070837020874,,,,0.00003,carepd_BMCLab_6fold_1,macro_f1_012,false,pretrain_v1_stats_train_clean.pt,runs/pretrain/amass_clean/medium_100ep/seed42/in_pk__loss_pk/lightning_logs/version_0/checkpoints/epoch=99-step=11500.ckpt
amass_clean,medium_100ep,seed42,in_pk__loss_pk,pk,pk,carepd_cross_T-SDU-PD_to_BMCLab,cross,T-SDU-PD,BMCLab,1,0.19683939218521118,0.2624525229136149,0.4087704122066498,0.304701030254364,0.19683939218521118,0.2624525229136149,0.4087704122066498,,,,0.00003,carepd_BMCLab_6fold_1,macro_f1_012,false,pretrain_v1_stats_train_clean.pt,runs/pretrain/amass_clean/medium_100ep/seed42/in_pk__loss_pk/lightning_logs/version_0/checkpoints/epoch=99-step=11500.ckpt
amass_clean,medium_100ep,seed1,in_pk__loss_pkd,pk,pkd,carepd_cross_3DGait_to_BMCLab,cross,3DGait,BMCLab,1,0.18763854634016752,0.2501847284535567,0.530055582523346,0.4207068383693695,0.18763854634016752,0.2501847284535567,0.530055582523346,,,,0.0003,carepd_BMCLab_6fold_1,macro_f1_012,false,pretrain_v1_stats_train_clean.pt,runs/pretrain/amass_clean/medium_100ep/seed1/in_pk__loss_pkd/lightning_logs/version_0/checkpoints/epoch=99-step=11500.ckpt
amass_clean,medium_100ep,seed1,in_pk__loss_pkd,pk,pkd,carepd_cross_T-SDU-PD_to_BMCLab,cross,T-SDU-PD,BMCLab,1,0.2723240574123338,0.36309874321644503,0.5027201175689697,0.4707026183605194,0.2723240574123338,0.36309874321644503,0.5027201175689697,,,,0.0003,carepd_BMCLab_6fold_1,macro_f1_012,false,pretrain_v1_stats_train_clean.pt,runs/pretrain/amass_clean/medium_100ep/seed1/in_pk__loss_pkd/lightning_logs/version_0/checkpoints/epoch=99-step=11500.ckpt
amass_clean,medium_100ep,seed1,in_pk__loss_pkd,pk,pkd,carepd_cross_PD-GaM_to_BMCLab,cross,PD-GaM,BMCLab,1,0.19004299491643906,0.2533906598885854,0.5222393274307251,0.3678019642829895,0.19004299491643906,0.2533906598885854,0.5222393274307251,,,,0.0003,carepd_BMCLab_6fold_1,macro_f1_012,false,pretrain_v1_stats_train_clean.pt,runs/pretrain/amass_clean/medium_100ep/seed1/in_pk__loss_pkd/lightning_logs/version_0/checkpoints/epoch=99-step=11500.ckpt
amass_clean,medium_100ep,seed2,in_pk__loss_pkd,pk,pkd,carepd_cross_PD-GaM_to_BMCLab,cross,PD-GaM,BMCLab,1,0.14339135866612196,0.19118847822149596,0.47946974635124207,0.32564327120780945,0.14339135866612196,0.19118847822149596,0.47946974635124207,,,,0.0001,carepd_BMCLab_6fold_1,macro_f1_012,false,pretrain_v1_stats_train_clean.pt,runs/pretrain/amass_clean/medium_100ep/seed2/in_pk__loss_pkd/lightning_logs/version_0/checkpoints/epoch=99-step=11500.ckpt
amass_clean,medium_100ep,seed2,in_pk__loss_pkd,pk,pkd,carepd_cross_T-SDU-PD_to_BMCLab,cross,T-SDU-PD,BMCLab,1,0.21151932515203953,0.282025766869386,0.43151721358299255,0.3449524939060211,0.21151932515203953,0.282025766869386,0.43151721358299255,,,,0.0001,carepd_BMCLab_6fold_1,macro_f1_012,false,pretrain_v1_stats_train_clean.pt,runs/pretrain/amass_clean/medium_100ep/seed2/in_pk__loss_pkd/lightning_logs/version_0/checkpoints/epoch=99-step=11500.ckpt
amass_clean,medium_100ep,seed2,in_pk__loss_pkd,pk,pkd,carepd_cross_3DGait_to_BMCLab,cross,3DGait,BMCLab,1,0.17047624418046325,0.22730165890728435,0.5446600914001465,0.45718979835510254,0.17047624418046325,0.22730165890728435,0.5446600914001465,,,,0.0001,carepd_BMCLab_6fold_1,macro_f1_012,false,pretrain_v1_stats_train_clean.pt,runs/pretrain/amass_clean/medium_100ep/seed2/in_pk__loss_pkd/lightning_logs/version_0/checkpoints/epoch=99-step=11500.ckpt
amass_clean,medium_100ep,seed42,in_pk__loss_pkd,pk,pkd,carepd_cross_T-SDU-PD_to_BMCLab,cross,T-SDU-PD,BMCLab,1,0.24511492624878883,0.32681990166505176,0.49180173873901367,0.3874814510345459,0.24511492624878883,0.32681990166505176,0.49180173873901367,,,,0.0003,carepd_BMCLab_6fold_1,macro_f1_012,false,pretrain_v1_stats_train_clean.pt,runs/pretrain/amass_clean/medium_100ep/seed42/in_pk__loss_pkd/lightning_logs/version_0/checkpoints/epoch=99-step=11500.ckpt
amass_clean,medium_100ep,seed42,in_pk__loss_pkd,pk,pkd,carepd_cross_PD-GaM_to_BMCLab,cross,PD-GaM,BMCLab,1,0.20748083293437958,0.2766411105791728,0.576763927936554,0.3924592137336731,0.20748083293437958,0.2766411105791728,0.576763927936554,,,,0.0003,carepd_BMCLab_6fold_1,macro_f1_012,false,pretrain_v1_stats_train_clean.pt,runs/pretrain/amass_clean/medium_100ep/seed42/in_pk__loss_pkd/lightning_logs/version_0/checkpoints/epoch=99-step=11500.ckpt
amass_clean,medium_100ep,seed42,in_pk__loss_pkd,pk,pkd,carepd_cross_3DGait_to_BMCLab,cross,3DGait,BMCLab,1,0.1925392635166645,0.25671901802221936,0.5515580177307129,0.4664058983325958,0.1925392635166645,0.25671901802221936,0.5515580177307129,,,,0.0003,carepd_BMCLab_6fold_1,macro_f1_012,false,pretrain_v1_stats_train_clean.pt,runs/pretrain/amass_clean/medium_100ep/seed42/in_pk__loss_pkd/lightning_logs/version_0/checkpoints/epoch=99-step=11500.ckpt
amass_clean,medium_100ep,seed1,in_pkd__loss_p,pkd,p,carepd_cross_3DGait_to_BMCLab,cross,3DGait,BMCLab,1,0.25541025772690773,0.34054701030254364,0.4699443280696869,0.45072293281555176,0.25541025772690773,0.34054701030254364,0.4699443280696869,,,,0.00001,carepd_BMCLab_6fold_1,macro_f1_012,false,pretrain_v1_stats_train_clean.pt,runs/pretrain/amass_clean/medium_100ep/seed1/in_pkd__loss_p/lightning_logs/version_0/checkpoints/epoch=99-step=11500.ckpt
amass_clean,medium_100ep,seed1,in_pkd__loss_p,pkd,p,carepd_cross_PD-GaM_to_BMCLab,cross,PD-GaM,BMCLab,1,0.09092664404306561,0.12123552539075415,0.44124042987823486,0.32623013854026794,0.09092664404306561,0.12123552539075415,0.44124042987823486,,,,0.00001,carepd_BMCLab_6fold_1,macro_f1_012,false,pretrain_v1_stats_train_clean.pt,runs/pretrain/amass_clean/medium_100ep/seed1/in_pkd__loss_p/lightning_logs/version_0/checkpoints/epoch=99-step=11500.ckpt
amass_clean,medium_100ep,seed1,in_pkd__loss_p,pkd,p,carepd_cross_T-SDU-PD_to_BMCLab,cross,T-SDU-PD,BMCLab,1,0.31032488495111465,0.4137665132681529,0.46945348381996155,0.4610539376735687,0.31032488495111465,0.4137665132681529,0.46945348381996155,,,,0.00001,carepd_BMCLab_6fold_1,macro_f1_012,false,pretrain_v1_stats_train_clean.pt,runs/pretrain/amass_clean/medium_100ep/seed1/in_pkd__loss_p/lightning_logs/version_0/checkpoints/epoch=99-step=11500.ckpt
amass_clean,medium_100ep,seed2,in_pkd__loss_p,pkd,p,carepd_cross_3DGait_to_BMCLab,cross,3DGait,BMCLab,1,0.25072118174284697,0.3342949089904626,0.4822241961956024,0.5054835677146912,0.25072118174284697,0.3342949089904626,0.4822241961956024,,,,3e-6,carepd_BMCLab_6fold_1,macro_f1_012,false,pretrain_v1_stats_train_clean.pt,runs/pretrain/amass_clean/medium_100ep/seed2/in_pkd__loss_p/lightning_logs/version_0/checkpoints/epoch=99-step=11500.ckpt
amass_clean,medium_100ep,seed2,in_pkd__loss_p,pkd,p,carepd_cross_PD-GaM_to_BMCLab,cross,PD-GaM,BMCLab,1,0.11640070751309395,0.15520094335079193,0.43971148133277893,0.32517677545547485,0.11640070751309395,0.15520094335079193,0.43971148133277893,,,,3e-6,carepd_BMCLab_6fold_1,macro_f1_012,false,pretrain_v1_stats_train_clean.pt,runs/pretrain/amass_clean/medium_100ep/seed2/in_pkd__loss_p/lightning_logs/version_0/checkpoints/epoch=99-step=11500.ckpt
amass_clean,medium_100ep,seed2,in_pkd__loss_p,pkd,p,carepd_cross_T-SDU-PD_to_BMCLab,cross,T-SDU-PD,BMCLab,1,0.10083087766543031,0.13444117022057375,0.44795870780944824,0.33166080713272095,0.10083087766543031,0.13444117022057375,0.44795870780944824,,,,3e-6,carepd_BMCLab_6fold_1,macro_f1_012,false,pretrain_v1_stats_train_clean.pt,runs/pretrain/amass_clean/medium_100ep/seed2/in_pkd__loss_p/lightning_logs/version_0/checkpoints/epoch=99-step=11500.ckpt
amass_clean,medium_100ep,seed42,in_pkd__loss_p,pkd,p,carepd_cross_3DGait_to_BMCLab,cross,3DGait,BMCLab,1,0.291232917457819,0.3883105566104253,0.5490972995758057,0.5451804995536804,0.291232917457819,0.3883105566104253,0.5490972995758057,,,,0.0003,carepd_BMCLab_6fold_1,macro_f1_012,false,pretrain_v1_stats_train_clean.pt,runs/pretrain/amass_clean/medium_100ep/seed42/in_pkd__loss_p/lightning_logs/version_0/checkpoints/epoch=94-step=10925.ckpt
amass_clean,medium_100ep,seed42,in_pkd__loss_p,pkd,p,carepd_cross_PD-GaM_to_BMCLab,cross,PD-GaM,BMCLab,1,0.1641143336892128,0.21881911158561707,0.4601532518863678,0.35476475954055786,0.1641143336892128,0.21881911158561707,0.4601532518863678,,,,0.0003,carepd_BMCLab_6fold_1,macro_f1_012,false,pretrain_v1_stats_train_clean.pt,runs/pretrain/amass_clean/medium_100ep/seed42/in_pkd__loss_p/lightning_logs/version_0/checkpoints/epoch=94-step=10925.ckpt
amass_clean,medium_100ep,seed42,in_pkd__loss_p,pkd,p,carepd_cross_T-SDU-PD_to_BMCLab,cross,T-SDU-PD,BMCLab,1,0.283524040132761,0.378032053510348,0.47921690344810486,0.4283548593521118,0.283524040132761,0.378032053510348,0.47921690344810486,,,,0.0003,carepd_BMCLab_6fold_1,macro_f1_012,false,pretrain_v1_stats_train_clean.pt,runs/pretrain/amass_clean/medium_100ep/seed42/in_pkd__loss_p/lightning_logs/version_0/checkpoints/epoch=94-step=10925.ckpt
amass_clean,medium_100ep,seed1,in_pkd__loss_pk,pkd,pk,carepd_cross_T-SDU-PD_to_BMCLab,cross,T-SDU-PD,BMCLab,1,0.10655770637094975,0.14207694182793298,0.4254666864871979,0.319400817155838,0.10655770637094975,0.14207694182793298,0.4254666864871979,,,,0.00003,carepd_BMCLab_6fold_1,macro_f1_012,false,pretrain_v1_stats_train_clean.pt,runs/pretrain/amass_clean/medium_100ep/seed1/in_pkd__loss_pk/lightning_logs/version_0/checkpoints/epoch=99-step=11500.ckpt
amass_clean,medium_100ep,seed1,in_pkd__loss_pk,pkd,pk,carepd_cross_3DGait_to_BMCLab,cross,3DGait,BMCLab,1,0.23467684537172318,0.3129024604956309,0.5932409167289734,0.46908143162727356,0.23467684537172318,0.3129024604956309,0.5932409167289734,,,,0.00003,carepd_BMCLab_6fold_1,macro_f1_012,false,pretrain_v1_stats_train_clean.pt,runs/pretrain/amass_clean/medium_100ep/seed1/in_pkd__loss_pk/lightning_logs/version_0/checkpoints/epoch=99-step=11500.ckpt
amass_clean,medium_100ep,seed1,in_pkd__loss_pk,pkd,pk,carepd_cross_PD-GaM_to_BMCLab,cross,PD-GaM,BMCLab,1,0.0885588526725769,0.11807847023010254,0.3805348873138428,0.2978365421295166,0.0885588526725769,0.11807847023010254,0.3805348873138428,,,,0.00003,carepd_BMCLab_6fold_1,macro_f1_012,false,pretrain_v1_stats_train_clean.pt,runs/pretrain/amass_clean/medium_100ep/seed1/in_pkd__loss_pk/lightning_logs/version_0/checkpoints/epoch=99-step=11500.ckpt
amass_clean,medium_100ep,seed2,in_pkd__loss_pk,pkd,pk,carepd_cross_3DGait_to_BMCLab,cross,3DGait,BMCLab,1,0.2642023926600814,0.35226985688010853,0.6070399284362793,0.48129594326019287,0.2642023926600814,0.35226985688010853,0.6070399284362793,,,,0.00003,carepd_BMCLab_6fold_1,macro_f1_012,false,pretrain_v1_stats_train_clean.pt,runs/pretrain/amass_clean/medium_100ep/seed2/in_pkd__loss_pk/lightning_logs/version_0/checkpoints/epoch=99-step=11500.ckpt
amass_clean,medium_100ep,seed2,in_pkd__loss_pk,pkd,pk,carepd_cross_PD-GaM_to_BMCLab,cross,PD-GaM,BMCLab,1,0.09833404282107949,0.13111205709477267,0.4980396032333374,0.369840145111084,0.09833404282107949,0.13111205709477267,0.4980396032333374,,,,0.00003,carepd_BMCLab_6fold_1,macro_f1_012,false,pretrain_v1_stats_train_clean.pt,runs/pretrain/amass_clean/medium_100ep/seed2/in_pkd__loss_pk/lightning_logs/version_0/checkpoints/epoch=99-step=11500.ckpt
amass_clean,medium_100ep,seed2,in_pkd__loss_pk,pkd,pk,carepd_cross_T-SDU-PD_to_BMCLab,cross,T-SDU-PD,BMCLab,1,0.13660206273198128,0.1821360836426417,0.5895900130271912,0.4053199291229248,0.13660206273198128,0.1821360836426417,0.5895900130271912,,,,0.00003,carepd_BMCLab_6fold_1,macro_f1_012,false,pretrain_v1_stats_train_clean.pt,runs/pretrain/amass_clean/medium_100ep/seed2/in_pkd__loss_pk/lightning_logs/version_0/checkpoints/epoch=99-step=11500.ckpt
amass_clean,medium_100ep,seed42,in_pkd__loss_pk,pkd,pk,carepd_cross_3DGait_to_BMCLab,cross,3DGait,BMCLab,1,0.2845880966633558,0.3794507955511411,0.4706369638442993,0.3711126446723938,0.2845880966633558,0.3794507955511411,0.4706369638442993,,,,3e-6,carepd_BMCLab_6fold_1,macro_f1_012,false,pretrain_v1_stats_train_clean.pt,runs/pretrain/amass_clean/medium_100ep/seed42/in_pkd__loss_pk/lightning_logs/version_0/checkpoints/epoch=99-step=11500.ckpt
amass_clean,medium_100ep,seed42,in_pkd__loss_pk,pkd,pk,carepd_cross_T-SDU-PD_to_BMCLab,cross,T-SDU-PD,BMCLab,1,0.08865638822317123,0.11820851763089497,0.4340537488460541,0.31178200244903564,0.08865638822317123,0.11820851763089497,0.4340537488460541,,,,3e-6,carepd_BMCLab_6fold_1,macro_f1_012,false,pretrain_v1_stats_train_clean.pt,runs/pretrain/amass_clean/medium_100ep/seed42/in_pkd__loss_pk/lightning_logs/version_0/checkpoints/epoch=99-step=11500.ckpt
amass_clean,medium_100ep,seed42,in_pkd__loss_pk,pkd,pk,carepd_cross_PD-GaM_to_BMCLab,cross,PD-GaM,BMCLab,1,0.11489656753838062,0.1531954233845075,0.5352077484130859,0.3602703809738159,0.11489656753838062,0.1531954233845075,0.5352077484130859,,,,3e-6,carepd_BMCLab_6fold_1,macro_f1_012,false,pretrain_v1_stats_train_clean.pt,runs/pretrain/amass_clean/medium_100ep/seed42/in_pkd__loss_pk/lightning_logs/version_0/checkpoints/epoch=99-step=11500.ckpt
amass_clean,medium_100ep,seed1,in_pkd__loss_pkd,pkd,pkd,carepd_cross_PD-GaM_to_BMCLab,cross,PD-GaM,BMCLab,1,0.09244922245852649,0.12326562994470198,0.4654572010040283,0.34900185465812683,0.09244922245852649,0.12326562994470198,0.4654572010040283,,,,0.0003,carepd_BMCLab_6fold_1,macro_f1_012,false,pretrain_v1_stats_train_clean.pt,runs/pretrain/amass_clean/medium_100ep/seed1/in_pkd__loss_pkd/lightning_logs/version_0/checkpoints/epoch=99-step=11500.ckpt
amass_clean,medium_100ep,seed1,in_pkd__loss_pkd,pkd,pkd,carepd_cross_T-SDU-PD_to_BMCLab,cross,T-SDU-PD,BMCLab,1,0.08865638822317123,0.11820851763089497,0.43743643164634705,0.32207760214805603,0.08865638822317123,0.11820851763089497,0.43743643164634705,,,,0.0003,carepd_BMCLab_6fold_1,macro_f1_012,false,pretrain_v1_stats_train_clean.pt,runs/pretrain/amass_clean/medium_100ep/seed1/in_pkd__loss_pkd/lightning_logs/version_0/checkpoints/epoch=99-step=11500.ckpt
amass_clean,medium_100ep,seed1,in_pkd__loss_pkd,pkd,pkd,carepd_cross_3DGait_to_BMCLab,cross,3DGait,BMCLab,1,0.19361682515591383,0.2581557668745518,0.6374872326850891,0.566830575466156,0.19361682515591383,0.2581557668745518,0.6374872326850891,,,,0.0003,carepd_BMCLab_6fold_1,macro_f1_012,false,pretrain_v1_stats_train_clean.pt,runs/pretrain/amass_clean/medium_100ep/seed1/in_pkd__loss_pkd/lightning_logs/version_0/checkpoints/epoch=99-step=11500.ckpt
amass_clean,medium_100ep,seed2,in_pkd__loss_pkd,pkd,pkd,carepd_cross_PD-GaM_to_BMCLab,cross,PD-GaM,BMCLab,1,0.10065351892262697,0.13420469189683595,0.47822558879852295,0.3600626289844513,0.10065351892262697,0.13420469189683595,0.47822558879852295,,,,0.0001,carepd_BMCLab_6fold_1,macro_f1_012,false,pretrain_v1_stats_train_clean.pt,runs/pretrain/amass_clean/medium_100ep/seed2/in_pkd__loss_pkd/lightning_logs/version_0/checkpoints/epoch=99-step=11500.ckpt
amass_clean,medium_100ep,seed2,in_pkd__loss_pkd,pkd,pkd,carepd_cross_T-SDU-PD_to_BMCLab,cross,T-SDU-PD,BMCLab,1,0.09858124703168869,0.13144166270891824,0.49291375279426575,0.35620808601379395,0.09858124703168869,0.13144166270891824,0.49291375279426575,,,,0.0001,carepd_BMCLab_6fold_1,macro_f1_012,false,pretrain_v1_stats_train_clean.pt,runs/pretrain/amass_clean/medium_100ep/seed2/in_pkd__loss_pkd/lightning_logs/version_0/checkpoints/epoch=99-step=11500.ckpt
amass_clean,medium_100ep,seed2,in_pkd__loss_pkd,pkd,pkd,carepd_cross_3DGait_to_BMCLab,cross,3DGait,BMCLab,1,0.2621690630912781,0.3495587507883708,0.587066113948822,0.5393770337104797,0.2621690630912781,0.3495587507883708,0.587066113948822,,,,0.0001,carepd_BMCLab_6fold_1,macro_f1_012,false,pretrain_v1_stats_train_clean.pt,runs/pretrain/amass_clean/medium_100ep/seed2/in_pkd__loss_pkd/lightning_logs/version_0/checkpoints/epoch=99-step=11500.ckpt
amass_clean,medium_100ep,seed42,in_pkd__loss_pkd,pkd,pkd,carepd_cross_T-SDU-PD_to_BMCLab,cross,T-SDU-PD,BMCLab,1,0.09817909449338913,0.13090545932451883,0.4173051416873932,0.3220137655735016,0.09817909449338913,0.13090545932451883,0.4173051416873932,,,,0.00003,carepd_BMCLab_6fold_1,macro_f1_012,false,pretrain_v1_stats_train_clean.pt,runs/pretrain/amass_clean/medium_100ep/seed42/in_pkd__loss_pkd/lightning_logs/version_0/checkpoints/epoch=99-step=11500.ckpt
amass_clean,medium_100ep,seed42,in_pkd__loss_pkd,pkd,pkd,carepd_cross_PD-GaM_to_BMCLab,cross,PD-GaM,BMCLab,1,0.0885588526725769,0.11807847023010254,0.3871968686580658,0.31200525164604187,0.0885588526725769,0.11807847023010254,0.3871968686580658,,,,0.00003,carepd_BMCLab_6fold_1,macro_f1_012,false,pretrain_v1_stats_train_clean.pt,runs/pretrain/amass_clean/medium_100ep/seed42/in_pkd__loss_pkd/lightning_logs/version_0/checkpoints/epoch=99-step=11500.ckpt
amass_clean,medium_100ep,seed42,in_pkd__loss_pkd,pkd,pkd,carepd_cross_3DGait_to_BMCLab,cross,3DGait,BMCLab,1,0.22337052412331104,0.2978273654977481,0.5304350852966309,0.47307658195495605,0.22337052412331104,0.2978273654977481,0.5304350852966309,,,,0.00003,carepd_BMCLab_6fold_1,macro_f1_012,false,pretrain_v1_stats_train_clean.pt,runs/pretrain/amass_clean/medium_100ep/seed42/in_pkd__loss_pkd/lightning_logs/version_0/checkpoints/epoch=99-step=11500.ckpt
amass_clean,medium_100ep,seed1,in_p__loss_p,p,p,carepd_cross_BMCLab_to_PD-GaM,cross,BMCLab,PD-GaM,1,0.2576851472258568,0.3435801963011424,0.3703612685203552,0.4293760657310486,0.2576851472258568,0.3435801963011424,0.3703612685203552,,,,3e-6,carepd_BMCLab_6fold_1,macro_f1_012,false,pretrain_v1_stats_train_clean.pt,runs/pretrain/amass_clean/medium_100ep/seed1/in_p__loss_p/lightning_logs/version_0/checkpoints/epoch=94-step=10925.ckpt
amass_clean,medium_100ep,seed1,in_p__loss_p,p,p,carepd_cross_T-SDU-PD_to_PD-GaM,cross,T-SDU-PD,PD-GaM,1,0.2994310185313225,0.3992413580417633,0.35013046860694885,0.48949143290519714,0.2994310185313225,0.3992413580417633,0.35013046860694885,,,,3e-6,carepd_BMCLab_6fold_1,macro_f1_012,false,pretrain_v1_stats_train_clean.pt,runs/pretrain/amass_clean/medium_100ep/seed1/in_p__loss_p/lightning_logs/version_0/checkpoints/epoch=94-step=10925.ckpt
amass_clean,medium_100ep,seed1,in_p__loss_p,p,p,carepd_cross_3DGait_to_PD-GaM,cross,3DGait,PD-GaM,1,0.4292200729250908,0.39685482780138653,0.5807105302810669,0.5816319584846497,0.4292200729250908,0.39685482780138653,0.5807105302810669,,,,3e-6,carepd_BMCLab_6fold_1,macro_f1_012,false,pretrain_v1_stats_train_clean.pt,runs/pretrain/amass_clean/medium_100ep/seed1/in_p__loss_p/lightning_logs/version_0/checkpoints/epoch=94-step=10925.ckpt
amass_clean,medium_100ep,seed2,in_p__loss_p,p,p,carepd_cross_T-SDU-PD_to_PD-GaM,cross,T-SDU-PD,PD-GaM,1,0.3359514959156513,0.4479353278875351,0.4576932191848755,0.6275684833526611,0.3359514959156513,0.4479353278875351,0.4576932191848755,,,,0.0003,carepd_BMCLab_6fold_1,macro_f1_012,false,pretrain_v1_stats_train_clean.pt,runs/pretrain/amass_clean/medium_100ep/seed2/in_p__loss_p/lightning_logs/version_0/checkpoints/epoch=99-step=11500.ckpt
amass_clean,medium_100ep,seed2,in_p__loss_p,p,p,carepd_cross_BMCLab_to_PD-GaM,cross,BMCLab,PD-GaM,1,0.3186775930225849,0.42490345736344654,0.5220675468444824,0.604085385799408,0.3186775930225849,0.42490345736344654,0.5220675468444824,,,,0.0003,carepd_BMCLab_6fold_1,macro_f1_012,false,pretrain_v1_stats_train_clean.pt,runs/pretrain/amass_clean/medium_100ep/seed2/in_p__loss_p/lightning_logs/version_0/checkpoints/epoch=99-step=11500.ckpt
amass_clean,medium_100ep,seed2,in_p__loss_p,p,p,carepd_cross_3DGait_to_PD-GaM,cross,3DGait,PD-GaM,1,0.3514012638479471,0.3080411876241366,0.6010086536407471,0.6202612519264221,0.3514012638479471,0.3080411876241366,0.6010086536407471,,,,0.0003,carepd_BMCLab_6fold_1,macro_f1_012,false,pretrain_v1_stats_train_clean.pt,runs/pretrain/amass_clean/medium_100ep/seed2/in_p__loss_p/lightning_logs/version_0/checkpoints/epoch=99-step=11500.ckpt
amass_clean,medium_100ep,seed42,in_p__loss_p,p,p,carepd_cross_BMCLab_to_PD-GaM,cross,BMCLab,PD-GaM,1,0.2512167626991868,0.3153478403886159,0.4463346004486084,0.39301198720932007,0.2512167626991868,0.3153478403886159,0.4463346004486084,,,,0.00003,carepd_BMCLab_6fold_1,macro_f1_012,false,pretrain_v1_stats_train_clean.pt,runs/pretrain/amass_clean/medium_100ep/seed42/in_p__loss_p/lightning_logs/version_0/checkpoints/epoch=94-step=10925.ckpt
amass_clean,medium_100ep,seed42,in_p__loss_p,p,p,carepd_cross_T-SDU-PD_to_PD-GaM,cross,T-SDU-PD,PD-GaM,1,0.3615238070487976,0.48203174273173016,0.4122816026210785,0.6060987710952759,0.3615238070487976,0.48203174273173016,0.4122816026210785,,,,0.00003,carepd_BMCLab_6fold_1,macro_f1_012,false,pretrain_v1_stats_train_clean.pt,runs/pretrain/amass_clean/medium_100ep/seed42/in_p__loss_p/lightning_logs/version_0/checkpoints/epoch=94-step=10925.ckpt
amass_clean,medium_100ep,seed42,in_p__loss_p,p,p,carepd_cross_3DGait_to_PD-GaM,cross,3DGait,PD-GaM,1,0.4393141642212868,0.42384745677312213,0.5779693126678467,0.5964152216911316,0.4393141642212868,0.42384745677312213,0.5779693126678467,,,,0.00003,carepd_BMCLab_6fold_1,macro_f1_012,false,pretrain_v1_stats_train_clean.pt,runs/pretrain/amass_clean/medium_100ep/seed42/in_p__loss_p/lightning_logs/version_0/checkpoints/epoch=94-step=10925.ckpt
amass_clean,medium_100ep,seed1,in_p__loss_pk,p,pk,carepd_cross_BMCLab_to_PD-GaM,cross,BMCLab,PD-GaM,1,0.2539838124066591,0.3386450832088788,0.3486141860485077,0.42667967081069946,0.2539838124066591,0.3386450832088788,0.3486141860485077,,,,0.00001,carepd_BMCLab_6fold_1,macro_f1_012,false,pretrain_v1_stats_train_clean.pt,runs/pretrain/amass_clean/medium_100ep/seed1/in_p__loss_pk/lightning_logs/version_0/checkpoints/epoch=99-step=11500.ckpt
amass_clean,medium_100ep,seed1,in_p__loss_pk,p,pk,carepd_cross_T-SDU-PD_to_PD-GaM,cross,T-SDU-PD,PD-GaM,1,0.3142758309841156,0.4190344413121541,0.38011208176612854,0.5822767615318298,0.3142758309841156,0.4190344413121541,0.38011208176612854,,,,0.00001,carepd_BMCLab_6fold_1,macro_f1_012,false,pretrain_v1_stats_train_clean.pt,runs/pretrain/amass_clean/medium_100ep/seed1/in_p__loss_pk/lightning_logs/version_0/checkpoints/epoch=99-step=11500.ckpt
amass_clean,medium_100ep,seed1,in_p__loss_pk,p,pk,carepd_cross_3DGait_to_PD-GaM,cross,3DGait,PD-GaM,1,0.2496172497048974,0.3156186987956365,0.3090878129005432,0.3633844256401062,0.2496172497048974,0.3156186987956365,0.3090878129005432,,,,0.00001,carepd_BMCLab_6fold_1,macro_f1_012,false,pretrain_v1_stats_train_clean.pt,runs/pretrain/amass_clean/medium_100ep/seed1/in_p__loss_pk/lightning_logs/version_0/checkpoints/epoch=99-step=11500.ckpt
amass_clean,medium_100ep,seed2,in_p__loss_pk,p,pk,carepd_cross_3DGait_to_PD-GaM,cross,3DGait,PD-GaM,1,0.3818656876683235,0.4058678646882375,0.4216957092285156,0.46518221497535706,0.3818656876683235,0.4058678646882375,0.4216957092285156,,,,3e-6,carepd_BMCLab_6fold_1,macro_f1_012,false,pretrain_v1_stats_train_clean.pt,runs/pretrain/amass_clean/medium_100ep/seed2/in_p__loss_pk/lightning_logs/version_0/checkpoints/epoch=99-step=11500.ckpt
amass_clean,medium_100ep,seed2,in_p__loss_pk,p,pk,carepd_cross_T-SDU-PD_to_PD-GaM,cross,T-SDU-PD,PD-GaM,1,0.32048502564430237,0.4273133675257365,0.35544559359550476,0.5105694532394409,0.32048502564430237,0.4273133675257365,0.35544559359550476,,,,3e-6,carepd_BMCLab_6fold_1,macro_f1_012,false,pretrain_v1_stats_train_clean.pt,runs/pretrain/amass_clean/medium_100ep/seed2/in_p__loss_pk/lightning_logs/version_0/checkpoints/epoch=99-step=11500.ckpt
amass_clean,medium_100ep,seed2,in_p__loss_pk,p,pk,carepd_cross_BMCLab_to_PD-GaM,cross,BMCLab,PD-GaM,1,0.3228885903954506,0.43051812052726746,0.39667272567749023,0.5816744565963745,0.3228885903954506,0.43051812052726746,0.39667272567749023,,,,3e-6,carepd_BMCLab_6fold_1,macro_f1_012,false,pretrain_v1_stats_train_clean.pt,runs/pretrain/amass_clean/medium_100ep/seed2/in_p__loss_pk/lightning_logs/version_0/checkpoints/epoch=99-step=11500.ckpt
amass_clean,medium_100ep,seed42,in_p__loss_pk,p,pk,carepd_cross_3DGait_to_PD-GaM,cross,3DGait,PD-GaM,1,0.40355490893125534,0.3514065444469452,0.4814854860305786,0.3878706693649292,0.40355490893125534,0.3514065444469452,0.4814854860305786,,,,0.0001,carepd_BMCLab_6fold_1,macro_f1_012,false,pretrain_v1_stats_train_clean.pt,runs/pretrain/amass_clean/medium_100ep/seed42/in_p__loss_pk/lightning_logs/version_0/checkpoints/epoch=99-step=11500.ckpt
amass_clean,medium_100ep,seed42,in_p__loss_pk,p,pk,carepd_cross_T-SDU-PD_to_PD-GaM,cross,T-SDU-PD,PD-GaM,1,0.31612633541226387,0.4215017805496852,0.41486358642578125,0.5669464468955994,0.31612633541226387,0.4215017805496852,0.41486358642578125,,,,0.0001,carepd_BMCLab_6fold_1,macro_f1_012,false,pretrain_v1_stats_train_clean.pt,runs/pretrain/amass_clean/medium_100ep/seed42/in_p__loss_pk/lightning_logs/version_0/checkpoints/epoch=99-step=11500.ckpt
amass_clean,medium_100ep,seed42,in_p__loss_pk,p,pk,carepd_cross_BMCLab_to_PD-GaM,cross,BMCLab,PD-GaM,1,0.23574562184512615,0.31432749579350155,0.40186676383018494,0.5332659482955933,0.23574562184512615,0.31432749579350155,0.40186676383018494,,,,0.0001,carepd_BMCLab_6fold_1,macro_f1_012,false,pretrain_v1_stats_train_clean.pt,runs/pretrain/amass_clean/medium_100ep/seed42/in_p__loss_pk/lightning_logs/version_0/checkpoints/epoch=99-step=11500.ckpt
amass_clean,medium_100ep,seed1,in_p__loss_pkd,p,pkd,carepd_cross_3DGait_to_PD-GaM,cross,3DGait,PD-GaM,1,0.3208627854473889,0.29961191676557064,0.43106621503829956,0.3770575523376465,0.3208627854473889,0.29961191676557064,0.43106621503829956,,,,3e-6,carepd_BMCLab_6fold_1,macro_f1_012,false,pretrain_v1_stats_train_clean.pt,runs/pretrain/amass_clean/medium_100ep/seed1/in_p__loss_pkd/lightning_logs/version_0/checkpoints/epoch=99-step=11500.ckpt
amass_clean,medium_100ep,seed1,in_p__loss_pkd,p,pkd,carepd_cross_T-SDU-PD_to_PD-GaM,cross,T-SDU-PD,PD-GaM,1,0.3701421320438385,0.493522842725118,0.4386478066444397,0.5595270991325378,0.3701421320438385,0.493522842725118,0.4386478066444397,,,,3e-6,carepd_BMCLab_6fold_1,macro_f1_012,false,pretrain_v1_stats_train_clean.pt,runs/pretrain/amass_clean/medium_100ep/seed1/in_p__loss_pkd/lightning_logs/version_0/checkpoints/epoch=99-step=11500.ckpt
amass_clean,medium_100ep,seed1,in_p__loss_pkd,p,pkd,carepd_cross_BMCLab_to_PD-GaM,cross,BMCLab,PD-GaM,1,0.22213689237833023,0.296182523171107,0.3978655934333801,0.43518462777137756,0.22213689237833023,0.296182523171107,0.3978655934333801,,,,3e-6,carepd_BMCLab_6fold_1,macro_f1_012,false,pretrain_v1_stats_train_clean.pt,runs/pretrain/amass_clean/medium_100ep/seed1/in_p__loss_pkd/lightning_logs/version_0/checkpoints/epoch=99-step=11500.ckpt
amass_clean,medium_100ep,seed2,in_p__loss_pkd,p,pkd,carepd_cross_BMCLab_to_PD-GaM,cross,BMCLab,PD-GaM,1,0.27332355082035065,0.36443140109380084,0.42016518115997314,0.4904763102531433,0.27332355082035065,0.36443140109380084,0.42016518115997314,,,,0.00001,carepd_BMCLab_6fold_1,macro_f1_012,false,pretrain_v1_stats_train_clean.pt,runs/pretrain/amass_clean/medium_100ep/seed2/in_p__loss_pkd/lightning_logs/version_0/checkpoints/epoch=99-step=11500.ckpt
amass_clean,medium_100ep,seed2,in_p__loss_pkd,p,pkd,carepd_cross_3DGait_to_PD-GaM,cross,3DGait,PD-GaM,1,0.334380192682147,0.3847291444738706,0.43376684188842773,0.5322315096855164,0.334380192682147,0.3847291444738706,0.43376684188842773,,,,0.00001,carepd_BMCLab_6fold_1,macro_f1_012,false,pretrain_v1_stats_train_clean.pt,runs/pretrain/amass_clean/medium_100ep/seed2/in_p__loss_pkd/lightning_logs/version_0/checkpoints/epoch=99-step=11500.ckpt
amass_clean,medium_100ep,seed2,in_p__loss_pkd,p,pkd,carepd_cross_T-SDU-PD_to_PD-GaM,cross,T-SDU-PD,PD-GaM,1,0.32840393856167793,0.43787191808223724,0.38359391689300537,0.580322265625,0.32840393856167793,0.43787191808223724,0.38359391689300537,,,,0.00001,carepd_BMCLab_6fold_1,macro_f1_012,false,pretrain_v1_stats_train_clean.pt,runs/pretrain/amass_clean/medium_100ep/seed2/in_p__loss_pkd/lightning_logs/version_0/checkpoints/epoch=99-step=11500.ckpt
amass_clean,medium_100ep,seed42,in_p__loss_pkd,p,pkd,carepd_cross_T-SDU-PD_to_PD-GaM,cross,T-SDU-PD,PD-GaM,1,0.3647398129105568,0.48631975054740906,0.4616135358810425,0.6297436356544495,0.3647398129105568,0.48631975054740906,0.4616135358810425,,,,0.0003,carepd_BMCLab_6fold_1,macro_f1_012,false,pretrain_v1_stats_train_clean.pt,runs/pretrain/amass_clean/medium_100ep/seed42/in_p__loss_pkd/lightning_logs/version_0/checkpoints/epoch=99-step=11500.ckpt
amass_clean,medium_100ep,seed42,in_p__loss_pkd,p,pkd,carepd_cross_3DGait_to_PD-GaM,cross,3DGait,PD-GaM,1,0.3599656643345952,0.3804517351090908,0.4970807731151581,0.6064941883087158,0.3599656643345952,0.3804517351090908,0.4970807731151581,,,,0.0003,carepd_BMCLab_6fold_1,macro_f1_012,false,pretrain_v1_stats_train_clean.pt,runs/pretrain/amass_clean/medium_100ep/seed42/in_p__loss_pkd/lightning_logs/version_0/checkpoints/epoch=99-step=11500.ckpt
amass_clean,medium_100ep,seed42,in_p__loss_pkd,p,pkd,carepd_cross_BMCLab_to_PD-GaM,cross,BMCLab,PD-GaM,1,0.25448939204216003,0.3393191893895467,0.514057993888855,0.5769671201705933,0.25448939204216003,0.3393191893895467,0.514057993888855,,,,0.0003,carepd_BMCLab_6fold_1,macro_f1_012,false,pretrain_v1_stats_train_clean.pt,runs/pretrain/amass_clean/medium_100ep/seed42/in_p__loss_pkd/lightning_logs/version_0/checkpoints/epoch=99-step=11500.ckpt
amass_clean,medium_100ep,seed1,in_pk__loss_p,pk,p,carepd_cross_T-SDU-PD_to_PD-GaM,cross,T-SDU-PD,PD-GaM,1,0.3555509224534035,0.47406789660453796,0.3626624643802643,0.5237772464752197,0.3555509224534035,0.47406789660453796,0.3626624643802643,,,,3e-6,carepd_BMCLab_6fold_1,macro_f1_012,false,pretrain_v1_stats_train_clean.pt,runs/pretrain/amass_clean/medium_100ep/seed1/in_pk__loss_p/lightning_logs/version_0/checkpoints/epoch=94-step=10925.ckpt
amass_clean,medium_100ep,seed1,in_pk__loss_p,pk,p,carepd_cross_BMCLab_to_PD-GaM,cross,BMCLab,PD-GaM,1,0.2392149157822132,0.31895322104295093,0.3288649916648865,0.3539721667766571,0.2392149157822132,0.31895322104295093,0.3288649916648865,,,,3e-6,carepd_BMCLab_6fold_1,macro_f1_012,false,pretrain_v1_stats_train_clean.pt,runs/pretrain/amass_clean/medium_100ep/seed1/in_pk__loss_p/lightning_logs/version_0/checkpoints/epoch=94-step=10925.ckpt
amass_clean,medium_100ep,seed1,in_pk__loss_p,pk,p,carepd_cross_3DGait_to_PD-GaM,cross,3DGait,PD-GaM,1,0.3952179364860058,0.4332072486480077,0.5075487494468689,0.544388473033905,0.3952179364860058,0.4332072486480077,0.5075487494468689,,,,3e-6,carepd_BMCLab_6fold_1,macro_f1_012,false,pretrain_v1_stats_train_clean.pt,runs/pretrain/amass_clean/medium_100ep/seed1/in_pk__loss_p/lightning_logs/version_0/checkpoints/epoch=94-step=10925.ckpt
amass_clean,medium_100ep,seed2,in_pk__loss_p,pk,p,carepd_cross_T-SDU-PD_to_PD-GaM,cross,T-SDU-PD,PD-GaM,1,0.3460395783185959,0.4613861044247945,0.40068843960762024,0.5915253162384033,0.3460395783185959,0.4613861044247945,0.40068843960762024,,,,3e-6,carepd_BMCLab_6fold_1,macro_f1_012,false,pretrain_v1_stats_train_clean.pt,runs/pretrain/amass_clean/medium_100ep/seed2/in_pk__loss_p/lightning_logs/version_0/checkpoints/epoch=99-step=11500.ckpt
amass_clean,medium_100ep,seed2,in_pk__loss_p,pk,p,carepd_cross_BMCLab_to_PD-GaM,cross,BMCLab,PD-GaM,1,0.2614712715148926,0.34862836201985675,0.3869818150997162,0.4782314896583557,0.2614712715148926,0.34862836201985675,0.3869818150997162,,,,3e-6,carepd_BMCLab_6fold_1,macro_f1_012,false,pretrain_v1_stats_train_clean.pt,runs/pretrain/amass_clean/medium_100ep/seed2/in_pk__loss_p/lightning_logs/version_0/checkpoints/epoch=99-step=11500.ckpt
amass_clean,medium_100ep,seed2,in_pk__loss_p,pk,p,carepd_cross_3DGait_to_PD-GaM,cross,3DGait,PD-GaM,1,0.4212072901427746,0.38725073635578156,0.5687074065208435,0.6018414497375488,0.4212072901427746,0.38725073635578156,0.5687074065208435,,,,3e-6,carepd_BMCLab_6fold_1,macro_f1_012,false,pretrain_v1_stats_train_clean.pt,runs/pretrain/amass_clean/medium_100ep/seed2/in_pk__loss_p/lightning_logs/version_0/checkpoints/epoch=99-step=11500.ckpt
amass_clean,medium_100ep,seed42,in_pk__loss_p,pk,p,carepd_cross_T-SDU-PD_to_PD-GaM,cross,T-SDU-PD,PD-GaM,1,0.32403089478611946,0.4320411930481593,0.4054131805896759,0.6081556081771851,0.32403089478611946,0.4320411930481593,0.4054131805896759,,,,3e-6,carepd_BMCLab_6fold_1,macro_f1_012,false,pretrain_v1_stats_train_clean.pt,runs/pretrain/amass_clean/medium_100ep/seed42/in_pk__loss_p/lightning_logs/version_0/checkpoints/epoch=94-step=10925.ckpt
amass_clean,medium_100ep,seed42,in_pk__loss_p,pk,p,carepd_cross_3DGait_to_PD-GaM,cross,3DGait,PD-GaM,1,0.4319446459412575,0.4180314540863037,0.5111020803451538,0.5268332362174988,0.4319446459412575,0.4180314540863037,0.5111020803451538,,,,3e-6,carepd_BMCLab_6fold_1,macro_f1_012,false,pretrain_v1_stats_train_clean.pt,runs/pretrain/amass_clean/medium_100ep/seed42/in_pk__loss_p/lightning_logs/version_0/checkpoints/epoch=94-step=10925.ckpt
amass_clean,medium_100ep,seed42,in_pk__loss_p,pk,p,carepd_cross_BMCLab_to_PD-GaM,cross,BMCLab,PD-GaM,1,0.30677319318056107,0.4090309242407481,0.47901326417922974,0.5819671154022217,0.30677319318056107,0.4090309242407481,0.47901326417922974,,,,3e-6,carepd_BMCLab_6fold_1,macro_f1_012,false,pretrain_v1_stats_train_clean.pt,runs/pretrain/amass_clean/medium_100ep/seed42/in_pk__loss_p/lightning_logs/version_0/checkpoints/epoch=94-step=10925.ckpt
amass_clean,medium_100ep,seed1,in_pk__loss_pk,pk,pk,carepd_cross_3DGait_to_PD-GaM,cross,3DGait,PD-GaM,1,0.36064473539590836,0.43147693077723187,0.375169962644577,0.45276328921318054,0.36064473539590836,0.43147693077723187,0.375169962644577,,,,0.00001,carepd_BMCLab_6fold_1,macro_f1_012,false,pretrain_v1_stats_train_clean.pt,runs/pretrain/amass_clean/medium_100ep/seed1/in_pk__loss_pk/lightning_logs/version_0/checkpoints/epoch=99-step=11500.ckpt
amass_clean,medium_100ep,seed1,in_pk__loss_pk,pk,pk,carepd_cross_T-SDU-PD_to_PD-GaM,cross,T-SDU-PD,PD-GaM,1,0.3070596009492874,0.40941280126571655,0.3881801962852478,0.5508360862731934,0.3070596009492874,0.40941280126571655,0.3881801962852478,,,,0.00001,carepd_BMCLab_6fold_1,macro_f1_012,false,pretrain_v1_stats_train_clean.pt,runs/pretrain/amass_clean/medium_100ep/seed1/in_pk__loss_pk/lightning_logs/version_0/checkpoints/epoch=99-step=11500.ckpt
amass_clean,medium_100ep,seed1,in_pk__loss_pk,pk,pk,carepd_cross_BMCLab_to_PD-GaM,cross,BMCLab,PD-GaM,1,0.333953058347106,0.44527074446280795,0.4217201769351959,0.5473642349243164,0.333953058347106,0.44527074446280795,0.4217201769351959,,,,0.00001,carepd_BMCLab_6fold_1,macro_f1_012,false,pretrain_v1_stats_train_clean.pt,runs/pretrain/amass_clean/medium_100ep/seed1/in_pk__loss_pk/lightning_logs/version_0/checkpoints/epoch=99-step=11500.ckpt
amass_clean,medium_100ep,seed2,in_pk__loss_pk,pk,pk,carepd_cross_BMCLab_to_PD-GaM,cross,BMCLab,PD-GaM,1,0.2437843754887581,0.3250458339850108,0.3708689212799072,0.43744587898254395,0.2437843754887581,0.3250458339850108,0.3708689212799072,,,,3e-6,carepd_BMCLab_6fold_1,macro_f1_012,false,pretrain_v1_stats_train_clean.pt,runs/pretrain/amass_clean/medium_100ep/seed2/in_pk__loss_pk/lightning_logs/version_0/checkpoints/epoch=99-step=11500.ckpt
amass_clean,medium_100ep,seed2,in_pk__loss_pk,pk,pk,carepd_cross_3DGait_to_PD-GaM,cross,3DGait,PD-GaM,1,0.2962991017848253,0.3664940396944682,0.3161865174770355,0.3933809697628021,0.2962991017848253,0.3664940396944682,0.3161865174770355,,,,3e-6,carepd_BMCLab_6fold_1,macro_f1_012,false,pretrain_v1_stats_train_clean.pt,runs/pretrain/amass_clean/medium_100ep/seed2/in_pk__loss_pk/lightning_logs/version_0/checkpoints/epoch=99-step=11500.ckpt
amass_clean,medium_100ep,seed2,in_pk__loss_pk,pk,pk,carepd_cross_T-SDU-PD_to_PD-GaM,cross,T-SDU-PD,PD-GaM,1,0.3234819509088993,0.4313092678785324,0.40945351123809814,0.6156532764434814,0.3234819509088993,0.4313092678785324,0.40945351123809814,,,,3e-6,carepd_BMCLab_6fold_1,macro_f1_012,false,pretrain_v1_stats_train_clean.pt,runs/pretrain/amass_clean/medium_100ep/seed2/in_pk__loss_pk/lightning_logs/version_0/checkpoints/epoch=99-step=11500.ckpt
amass_clean,medium_100ep,seed42,in_pk__loss_pk,pk,pk,carepd_cross_3DGait_to_PD-GaM,cross,3DGait,PD-GaM,1,0.3563601076602936,0.36988365650177,0.4005305767059326,0.41826218366622925,0.3563601076602936,0.36988365650177,0.4005305767059326,,,,0.00003,carepd_BMCLab_6fold_1,macro_f1_012,false,pretrain_v1_stats_train_clean.pt,runs/pretrain/amass_clean/medium_100ep/seed42/in_pk__loss_pk/lightning_logs/version_0/checkpoints/epoch=99-step=11500.ckpt
amass_clean,medium_100ep,seed42,in_pk__loss_pk,pk,pk,carepd_cross_BMCLab_to_PD-GaM,cross,BMCLab,PD-GaM,1,0.2736629918217659,0.36488398909568787,0.43210238218307495,0.49620792269706726,0.2736629918217659,0.36488398909568787,0.43210238218307495,,,,0.00003,carepd_BMCLab_6fold_1,macro_f1_012,false,pretrain_v1_stats_train_clean.pt,runs/pretrain/amass_clean/medium_100ep/seed42/in_pk__loss_pk/lightning_logs/version_0/checkpoints/epoch=99-step=11500.ckpt
amass_clean,medium_100ep,seed42,in_pk__loss_pk,pk,pk,carepd_cross_T-SDU-PD_to_PD-GaM,cross,T-SDU-PD,PD-GaM,1,0.3121701627969742,0.4162268837292989,0.38126736879348755,0.5745149254798889,0.3121701627969742,0.4162268837292989,0.38126736879348755,,,,0.00003,carepd_BMCLab_6fold_1,macro_f1_012,false,pretrain_v1_stats_train_clean.pt,runs/pretrain/amass_clean/medium_100ep/seed42/in_pk__loss_pk/lightning_logs/version_0/checkpoints/epoch=99-step=11500.ckpt
amass_clean,medium_100ep,seed1,in_pk__loss_pkd,pk,pkd,carepd_cross_T-SDU-PD_to_PD-GaM,cross,T-SDU-PD,PD-GaM,1,0.3339191786944866,0.4452255715926488,0.43212783336639404,0.6381906270980835,0.3339191786944866,0.4452255715926488,0.43212783336639404,,,,0.0003,carepd_BMCLab_6fold_1,macro_f1_012,false,pretrain_v1_stats_train_clean.pt,runs/pretrain/amass_clean/medium_100ep/seed1/in_pk__loss_pkd/lightning_logs/version_0/checkpoints/epoch=99-step=11500.ckpt
amass_clean,medium_100ep,seed1,in_pk__loss_pkd,pk,pkd,carepd_cross_3DGait_to_PD-GaM,cross,3DGait,PD-GaM,1,0.36032483726739883,0.4114675968885422,0.4072694480419159,0.47697770595550537,0.36032483726739883,0.4114675968885422,0.4072694480419159,,,,0.0003,carepd_BMCLab_6fold_1,macro_f1_012,false,pretrain_v1_stats_train_clean.pt,runs/pretrain/amass_clean/medium_100ep/seed1/in_pk__loss_pkd/lightning_logs/version_0/checkpoints/epoch=99-step=11500.ckpt
amass_clean,medium_100ep,seed1,in_pk__loss_pkd,pk,pkd,carepd_cross_BMCLab_to_PD-GaM,cross,BMCLab,PD-GaM,1,0.26049404218792915,0.3473253895839055,0.426705539226532,0.592576265335083,0.26049404218792915,0.3473253895839055,0.426705539226532,,,,0.0003,carepd_BMCLab_6fold_1,macro_f1_012,false,pretrain_v1_stats_train_clean.pt,runs/pretrain/amass_clean/medium_100ep/seed1/in_pk__loss_pkd/lightning_logs/version_0/checkpoints/epoch=99-step=11500.ckpt
amass_clean,medium_100ep,seed2,in_pk__loss_pkd,pk,pkd,carepd_cross_T-SDU-PD_to_PD-GaM,cross,T-SDU-PD,PD-GaM,1,0.3043276481330395,0.4057701975107193,0.3456152677536011,0.43330782651901245,0.3043276481330395,0.4057701975107193,0.3456152677536011,,,,0.0001,carepd_BMCLab_6fold_1,macro_f1_012,false,pretrain_v1_stats_train_clean.pt,runs/pretrain/amass_clean/medium_100ep/seed2/in_pk__loss_pkd/lightning_logs/version_0/checkpoints/epoch=99-step=11500.ckpt
amass_clean,medium_100ep,seed2,in_pk__loss_pkd,pk,pkd,carepd_cross_3DGait_to_PD-GaM,cross,3DGait,PD-GaM,1,0.384033827111125,0.395086037615935,0.455035924911499,0.5431520938873291,0.384033827111125,0.395086037615935,0.455035924911499,,,,0.0001,carepd_BMCLab_6fold_1,macro_f1_012,false,pretrain_v1_stats_train_clean.pt,runs/pretrain/amass_clean/medium_100ep/seed2/in_pk__loss_pkd/lightning_logs/version_0/checkpoints/epoch=99-step=11500.ckpt
amass_clean,medium_100ep,seed2,in_pk__loss_pkd,pk,pkd,carepd_cross_BMCLab_to_PD-GaM,cross,BMCLab,PD-GaM,1,0.29454444348812103,0.39272592465082806,0.44965165853500366,0.5982373952865601,0.29454444348812103,0.39272592465082806,0.44965165853500366,,,,0.0001,carepd_BMCLab_6fold_1,macro_f1_012,false,pretrain_v1_stats_train_clean.pt,runs/pretrain/amass_clean/medium_100ep/seed2/in_pk__loss_pkd/lightning_logs/version_0/checkpoints/epoch=99-step=11500.ckpt
amass_clean,medium_100ep,seed42,in_pk__loss_pkd,pk,pkd,carepd_cross_T-SDU-PD_to_PD-GaM,cross,T-SDU-PD,PD-GaM,1,0.32857944816350937,0.43810593088467914,0.40573006868362427,0.580048143863678,0.32857944816350937,0.43810593088467914,0.40573006868362427,,,,0.0003,carepd_BMCLab_6fold_1,macro_f1_012,false,pretrain_v1_stats_train_clean.pt,runs/pretrain/amass_clean/medium_100ep/seed42/in_pk__loss_pkd/lightning_logs/version_0/checkpoints/epoch=99-step=11500.ckpt
amass_clean,medium_100ep,seed42,in_pk__loss_pkd,pk,pkd,carepd_cross_BMCLab_to_PD-GaM,cross,BMCLab,PD-GaM,1,0.28839852660894394,0.38453136881192523,0.5156815052032471,0.6193401217460632,0.28839852660894394,0.38453136881192523,0.5156815052032471,,,,0.0003,carepd_BMCLab_6fold_1,macro_f1_012,false,pretrain_v1_stats_train_clean.pt,runs/pretrain/amass_clean/medium_100ep/seed42/in_pk__loss_pkd/lightning_logs/version_0/checkpoints/epoch=99-step=11500.ckpt
amass_clean,medium_100ep,seed42,in_pk__loss_pkd,pk,pkd,carepd_cross_3DGait_to_PD-GaM,cross,3DGait,PD-GaM,1,0.32150838524103165,0.3633183687925339,0.3963210880756378,0.5567892789840698,0.32150838524103165,0.3633183687925339,0.3963210880756378,,,,0.0003,carepd_BMCLab_6fold_1,macro_f1_012,false,pretrain_v1_stats_train_clean.pt,runs/pretrain/amass_clean/medium_100ep/seed42/in_pk__loss_pkd/lightning_logs/version_0/checkpoints/epoch=99-step=11500.ckpt
amass_clean,medium_100ep,seed1,in_pkd__loss_p,pkd,p,carepd_cross_BMCLab_to_PD-GaM,cross,BMCLab,PD-GaM,1,0.20449016382917762,0.2726535517722368,0.31706857681274414,0.3826812207698822,0.20449016382917762,0.2726535517722368,0.31706857681274414,,,,0.00001,carepd_BMCLab_6fold_1,macro_f1_012,false,pretrain_v1_stats_train_clean.pt,runs/pretrain/amass_clean/medium_100ep/seed1/in_pkd__loss_p/lightning_logs/version_0/checkpoints/epoch=99-step=11500.ckpt
amass_clean,medium_100ep,seed1,in_pkd__loss_p,pkd,p,carepd_cross_3DGait_to_PD-GaM,cross,3DGait,PD-GaM,1,0.4338904805481434,0.4985206425189972,0.4777378737926483,0.44114184379577637,0.4338904805481434,0.4985206425189972,0.4777378737926483,,,,0.00001,carepd_BMCLab_6fold_1,macro_f1_012,false,pretrain_v1_stats_train_clean.pt,runs/pretrain/amass_clean/medium_100ep/seed1/in_pkd__loss_p/lightning_logs/version_0/checkpoints/epoch=99-step=11500.ckpt
amass_clean,medium_100ep,seed1,in_pkd__loss_p,pkd,p,carepd_cross_T-SDU-PD_to_PD-GaM,cross,T-SDU-PD,PD-GaM,1,0.3484644368290901,0.4646192491054535,0.43833911418914795,0.6325451731681824,0.3484644368290901,0.4646192491054535,0.43833911418914795,,,,0.00001,carepd_BMCLab_6fold_1,macro_f1_012,false,pretrain_v1_stats_train_clean.pt,runs/pretrain/amass_clean/medium_100ep/seed1/in_pkd__loss_p/lightning_logs/version_0/checkpoints/epoch=99-step=11500.ckpt
amass_clean,medium_100ep,seed2,in_pkd__loss_p,pkd,p,carepd_cross_T-SDU-PD_to_PD-GaM,cross,T-SDU-PD,PD-GaM,1,0.31347469612956047,0.4179662615060806,0.3644728660583496,0.5316267013549805,0.31347469612956047,0.4179662615060806,0.3644728660583496,,,,3e-6,carepd_BMCLab_6fold_1,macro_f1_012,false,pretrain_v1_stats_train_clean.pt,runs/pretrain/amass_clean/medium_100ep/seed2/in_pkd__loss_p/lightning_logs/version_0/checkpoints/epoch=99-step=11500.ckpt
amass_clean,medium_100ep,seed2,in_pkd__loss_p,pkd,p,carepd_cross_3DGait_to_PD-GaM,cross,3DGait,PD-GaM,1,0.30231847427785397,0.2258761003613472,0.3762238025665283,0.30308517813682556,0.30231847427785397,0.2258761003613472,0.3762238025665283,,,,3e-6,carepd_BMCLab_6fold_1,macro_f1_012,false,pretrain_v1_stats_train_clean.pt,runs/pretrain/amass_clean/medium_100ep/seed2/in_pkd__loss_p/lightning_logs/version_0/checkpoints/epoch=99-step=11500.ckpt
amass_clean,medium_100ep,seed2,in_pkd__loss_p,pkd,p,carepd_cross_BMCLab_to_PD-GaM,cross,BMCLab,PD-GaM,1,0.32192403078079224,0.42923204104105633,0.3916868567466736,0.5287190675735474,0.32192403078079224,0.42923204104105633,0.3916868567466736,,,,3e-6,carepd_BMCLab_6fold_1,macro_f1_012,false,pretrain_v1_stats_train_clean.pt,runs/pretrain/amass_clean/medium_100ep/seed2/in_pkd__loss_p/lightning_logs/version_0/checkpoints/epoch=99-step=11500.ckpt
amass_clean,medium_100ep,seed42,in_pkd__loss_p,pkd,p,carepd_cross_T-SDU-PD_to_PD-GaM,cross,T-SDU-PD,PD-GaM,1,0.347921472042799,0.4638952960570653,0.4406009614467621,0.6224884390830994,0.347921472042799,0.4638952960570653,0.4406009614467621,,,,0.0003,carepd_BMCLab_6fold_1,macro_f1_012,false,pretrain_v1_stats_train_clean.pt,runs/pretrain/amass_clean/medium_100ep/seed42/in_pkd__loss_p/lightning_logs/version_0/checkpoints/epoch=94-step=10925.ckpt
amass_clean,medium_100ep,seed42,in_pkd__loss_p,pkd,p,carepd_cross_BMCLab_to_PD-GaM,cross,BMCLab,PD-GaM,1,0.16967528755776584,0.22623371674368778,0.29175910353660583,0.4049977660179138,0.16967528755776584,0.22623371674368778,0.29175910353660583,,,,0.0003,carepd_BMCLab_6fold_1,macro_f1_012,false,pretrain_v1_stats_train_clean.pt,runs/pretrain/amass_clean/medium_100ep/seed42/in_pkd__loss_p/lightning_logs/version_0/checkpoints/epoch=94-step=10925.ckpt
amass_clean,medium_100ep,seed42,in_pkd__loss_p,pkd,p,carepd_cross_3DGait_to_PD-GaM,cross,3DGait,PD-GaM,1,0.3718074532225728,0.30018772309025127,0.5015984773635864,0.38680753111839294,0.3718074532225728,0.30018772309025127,0.5015984773635864,,,,0.0003,carepd_BMCLab_6fold_1,macro_f1_012,false,pretrain_v1_stats_train_clean.pt,runs/pretrain/amass_clean/medium_100ep/seed42/in_pkd__loss_p/lightning_logs/version_0/checkpoints/epoch=94-step=10925.ckpt
amass_clean,medium_100ep,seed1,in_pkd__loss_pk,pkd,pk,carepd_cross_T-SDU-PD_to_PD-GaM,cross,T-SDU-PD,PD-GaM,1,0.3198116570711136,0.4264155427614848,0.4399396777153015,0.6274515986442566,0.3198116570711136,0.4264155427614848,0.4399396777153015,,,,0.00003,carepd_BMCLab_6fold_1,macro_f1_012,false,pretrain_v1_stats_train_clean.pt,runs/pretrain/amass_clean/medium_100ep/seed1/in_pkd__loss_pk/lightning_logs/version_0/checkpoints/epoch=99-step=11500.ckpt
amass_clean,medium_100ep,seed1,in_pkd__loss_pk,pkd,pk,carepd_cross_BMCLab_to_PD-GaM,cross,BMCLab,PD-GaM,1,0.3612303361296654,0.48164044817288715,0.48525428771972656,0.6752954721450806,0.3612303361296654,0.48164044817288715,0.48525428771972656,,,,0.00003,carepd_BMCLab_6fold_1,macro_f1_012,false,pretrain_v1_stats_train_clean.pt,runs/pretrain/amass_clean/medium_100ep/seed1/in_pkd__loss_pk/lightning_logs/version_0/checkpoints/epoch=99-step=11500.ckpt
amass_clean,medium_100ep,seed1,in_pkd__loss_pk,pkd,pk,carepd_cross_3DGait_to_PD-GaM,cross,3DGait,PD-GaM,1,0.1569280158728361,0.2092373544971148,0.3550228476524353,0.36765602231025696,0.1569280158728361,0.2092373544971148,0.3550228476524353,,,,0.00003,carepd_BMCLab_6fold_1,macro_f1_012,false,pretrain_v1_stats_train_clean.pt,runs/pretrain/amass_clean/medium_100ep/seed1/in_pkd__loss_pk/lightning_logs/version_0/checkpoints/epoch=99-step=11500.ckpt
amass_clean,medium_100ep,seed2,in_pkd__loss_pk,pkd,pk,carepd_cross_3DGait_to_PD-GaM,cross,3DGait,PD-GaM,1,0.22563386149704456,0.22241377582152685,0.24758398532867432,0.28251829743385315,0.22563386149704456,0.22241377582152685,0.24758398532867432,,,,0.00003,carepd_BMCLab_6fold_1,macro_f1_012,false,pretrain_v1_stats_train_clean.pt,runs/pretrain/amass_clean/medium_100ep/seed2/in_pkd__loss_pk/lightning_logs/version_0/checkpoints/epoch=99-step=11500.ckpt
amass_clean,medium_100ep,seed2,in_pkd__loss_pk,pkd,pk,carepd_cross_T-SDU-PD_to_PD-GaM,cross,T-SDU-PD,PD-GaM,1,0.30820122733712196,0.4109349697828293,0.3725314438343048,0.540526807308197,0.30820122733712196,0.4109349697828293,0.3725314438343048,,,,0.00003,carepd_BMCLab_6fold_1,macro_f1_012,false,pretrain_v1_stats_train_clean.pt,runs/pretrain/amass_clean/medium_100ep/seed2/in_pkd__loss_pk/lightning_logs/version_0/checkpoints/epoch=99-step=11500.ckpt
amass_clean,medium_100ep,seed2,in_pkd__loss_pk,pkd,pk,carepd_cross_BMCLab_to_PD-GaM,cross,BMCLab,PD-GaM,1,0.18413246888667345,0.2455099585155646,0.29323554039001465,0.35496583580970764,0.18413246888667345,0.2455099585155646,0.29323554039001465,,,,0.00003,carepd_BMCLab_6fold_1,macro_f1_012,false,pretrain_v1_stats_train_clean.pt,runs/pretrain/amass_clean/medium_100ep/seed2/in_pkd__loss_pk/lightning_logs/version_0/checkpoints/epoch=99-step=11500.ckpt
amass_clean,medium_100ep,seed42,in_pkd__loss_pk,pkd,pk,carepd_cross_3DGait_to_PD-GaM,cross,3DGait,PD-GaM,1,0.28484122082591057,0.3277049611012141,0.43669602274894714,0.549668550491333,0.28484122082591057,0.3277049611012141,0.43669602274894714,,,,3e-6,carepd_BMCLab_6fold_1,macro_f1_012,false,pretrain_v1_stats_train_clean.pt,runs/pretrain/amass_clean/medium_100ep/seed42/in_pkd__loss_pk/lightning_logs/version_0/checkpoints/epoch=99-step=11500.ckpt
amass_clean,medium_100ep,seed42,in_pkd__loss_pk,pkd,pk,carepd_cross_BMCLab_to_PD-GaM,cross,BMCLab,PD-GaM,1,0.19257221184670925,0.25676294912894565,0.37197673320770264,0.479852557182312,0.19257221184670925,0.25676294912894565,0.37197673320770264,,,,3e-6,carepd_BMCLab_6fold_1,macro_f1_012,false,pretrain_v1_stats_train_clean.pt,runs/pretrain/amass_clean/medium_100ep/seed42/in_pkd__loss_pk/lightning_logs/version_0/checkpoints/epoch=99-step=11500.ckpt
amass_clean,medium_100ep,seed42,in_pkd__loss_pk,pkd,pk,carepd_cross_T-SDU-PD_to_PD-GaM,cross,T-SDU-PD,PD-GaM,1,0.319351464509964,0.42580195267995197,0.45243415236473083,0.649512529373169,0.319351464509964,0.42580195267995197,0.45243415236473083,,,,3e-6,carepd_BMCLab_6fold_1,macro_f1_012,false,pretrain_v1_stats_train_clean.pt,runs/pretrain/amass_clean/medium_100ep/seed42/in_pkd__loss_pk/lightning_logs/version_0/checkpoints/epoch=99-step=11500.ckpt
amass_clean,medium_100ep,seed1,in_pkd__loss_pkd,pkd,pkd,carepd_cross_BMCLab_to_PD-GaM,cross,BMCLab,PD-GaM,1,0.18425984680652618,0.2456797957420349,0.42160797119140625,0.40419459342956543,0.18425984680652618,0.2456797957420349,0.42160797119140625,,,,0.0003,carepd_BMCLab_6fold_1,macro_f1_012,false,pretrain_v1_stats_train_clean.pt,runs/pretrain/amass_clean/medium_100ep/seed1/in_pkd__loss_pkd/lightning_logs/version_0/checkpoints/epoch=99-step=11500.ckpt
amass_clean,medium_100ep,seed1,in_pkd__loss_pkd,pkd,pkd,carepd_cross_3DGait_to_PD-GaM,cross,3DGait,PD-GaM,1,0.25662504229694605,0.196712177246809,0.4148196578025818,0.3452818989753723,0.25662504229694605,0.196712177246809,0.4148196578025818,,,,0.0003,carepd_BMCLab_6fold_1,macro_f1_012,false,pretrain_v1_stats_train_clean.pt,runs/pretrain/amass_clean/medium_100ep/seed1/in_pkd__loss_pkd/lightning_logs/version_0/checkpoints/epoch=99-step=11500.ckpt
amass_clean,medium_100ep,seed1,in_pkd__loss_pkd,pkd,pkd,carepd_cross_T-SDU-PD_to_PD-GaM,cross,T-SDU-PD,PD-GaM,1,0.3391050770878792,0.4521401027838389,0.470793217420578,0.6439899802207947,0.3391050770878792,0.4521401027838389,0.470793217420578,,,,0.0003,carepd_BMCLab_6fold_1,macro_f1_012,false,pretrain_v1_stats_train_clean.pt,runs/pretrain/amass_clean/medium_100ep/seed1/in_pkd__loss_pkd/lightning_logs/version_0/checkpoints/epoch=99-step=11500.ckpt
amass_clean,medium_100ep,seed2,in_pkd__loss_pkd,pkd,pkd,carepd_cross_BMCLab_to_PD-GaM,cross,BMCLab,PD-GaM,1,0.4125186875462532,0.5500249167283376,0.48695728182792664,0.601097047328949,0.4125186875462532,0.5500249167283376,0.48695728182792664,,,,0.0001,carepd_BMCLab_6fold_1,macro_f1_012,false,pretrain_v1_stats_train_clean.pt,runs/pretrain/amass_clean/medium_100ep/seed2/in_pkd__loss_pkd/lightning_logs/version_0/checkpoints/epoch=99-step=11500.ckpt
amass_clean,medium_100ep,seed2,in_pkd__loss_pkd,pkd,pkd,carepd_cross_3DGait_to_PD-GaM,cross,3DGait,PD-GaM,1,0.17429289873689413,0.204021738221248,0.36081963777542114,0.3121570944786072,0.17429289873689413,0.204021738221248,0.36081963777542114,,,,0.0001,carepd_BMCLab_6fold_1,macro_f1_012,false,pretrain_v1_stats_train_clean.pt,runs/pretrain/amass_clean/medium_100ep/seed2/in_pkd__loss_pkd/lightning_logs/version_0/checkpoints/epoch=99-step=11500.ckpt
amass_clean,medium_100ep,seed2,in_pkd__loss_pkd,pkd,pkd,carepd_cross_T-SDU-PD_to_PD-GaM,cross,T-SDU-PD,PD-GaM,1,0.3479481115937233,0.46393081545829773,0.46787890791893005,0.6699511408805847,0.3479481115937233,0.46393081545829773,0.46787890791893005,,,,0.0001,carepd_BMCLab_6fold_1,macro_f1_012,false,pretrain_v1_stats_train_clean.pt,runs/pretrain/amass_clean/medium_100ep/seed2/in_pkd__loss_pkd/lightning_logs/version_0/checkpoints/epoch=99-step=11500.ckpt
amass_clean,medium_100ep,seed42,in_pkd__loss_pkd,pkd,pkd,carepd_cross_3DGait_to_PD-GaM,cross,3DGait,PD-GaM,1,0.21475929021835327,0.2094226429859797,0.4449033737182617,0.28087618947029114,0.21475929021835327,0.2094226429859797,0.4449033737182617,,,,0.00003,carepd_BMCLab_6fold_1,macro_f1_012,false,pretrain_v1_stats_train_clean.pt,runs/pretrain/amass_clean/medium_100ep/seed42/in_pkd__loss_pkd/lightning_logs/version_0/checkpoints/epoch=99-step=11500.ckpt
amass_clean,medium_100ep,seed42,in_pkd__loss_pkd,pkd,pkd,carepd_cross_T-SDU-PD_to_PD-GaM,cross,T-SDU-PD,PD-GaM,1,0.32035414315760136,0.4271388575434685,0.5079300403594971,0.6264075636863708,0.32035414315760136,0.4271388575434685,0.5079300403594971,,,,0.00003,carepd_BMCLab_6fold_1,macro_f1_012,false,pretrain_v1_stats_train_clean.pt,runs/pretrain/amass_clean/medium_100ep/seed42/in_pkd__loss_pkd/lightning_logs/version_0/checkpoints/epoch=99-step=11500.ckpt
amass_clean,medium_100ep,seed42,in_pkd__loss_pkd,pkd,pkd,carepd_cross_BMCLab_to_PD-GaM,cross,BMCLab,PD-GaM,1,0.27580685913562775,0.36774247884750366,0.4399506747722626,0.6152768731117249,0.27580685913562775,0.36774247884750366,0.4399506747722626,,,,0.00003,carepd_BMCLab_6fold_1,macro_f1_012,false,pretrain_v1_stats_train_clean.pt,runs/pretrain/amass_clean/medium_100ep/seed42/in_pkd__loss_pkd/lightning_logs/version_0/checkpoints/epoch=99-step=11500.ckpt
amass_clean,medium_100ep,seed1,in_p__loss_p,p,p,carepd_cross_PD-GaM_to_T-SDU-PD,cross,PD-GaM,T-SDU-PD,1,0.24430358409881592,0.3257381121317546,0.40761640667915344,0.40762844681739807,0.24430358409881592,0.3257381121317546,0.40761640667915344,,,,3e-6,carepd_BMCLab_6fold_1,macro_f1_012,false,pretrain_v1_stats_train_clean.pt,runs/pretrain/amass_clean/medium_100ep/seed1/in_p__loss_p/lightning_logs/version_0/checkpoints/epoch=94-step=10925.ckpt
amass_clean,medium_100ep,seed1,in_p__loss_p,p,p,carepd_cross_3DGait_to_T-SDU-PD,cross,3DGait,T-SDU-PD,1,0.21361981518566608,0.2848264202475548,0.42871198058128357,0.29817765951156616,0.21361981518566608,0.2848264202475548,0.42871198058128357,,,,3e-6,carepd_BMCLab_6fold_1,macro_f1_012,false,pretrain_v1_stats_train_clean.pt,runs/pretrain/amass_clean/medium_100ep/seed1/in_p__loss_p/lightning_logs/version_0/checkpoints/epoch=94-step=10925.ckpt
amass_clean,medium_100ep,seed1,in_p__loss_p,p,p,carepd_cross_BMCLab_to_T-SDU-PD,cross,BMCLab,T-SDU-PD,1,0.25971509516239166,0.34628679354985553,0.4308559000492096,0.38815146684646606,0.25971509516239166,0.34628679354985553,0.4308559000492096,,,,3e-6,carepd_BMCLab_6fold_1,macro_f1_012,false,pretrain_v1_stats_train_clean.pt,runs/pretrain/amass_clean/medium_100ep/seed1/in_p__loss_p/lightning_logs/version_0/checkpoints/epoch=94-step=10925.ckpt
amass_clean,medium_100ep,seed2,in_p__loss_p,p,p,carepd_cross_BMCLab_to_T-SDU-PD,cross,BMCLab,T-SDU-PD,1,0.21967023238539696,0.2928936431805293,0.4447060525417328,0.3502213954925537,0.21967023238539696,0.2928936431805293,0.4447060525417328,,,,0.0003,carepd_BMCLab_6fold_1,macro_f1_012,false,pretrain_v1_stats_train_clean.pt,runs/pretrain/amass_clean/medium_100ep/seed2/in_p__loss_p/lightning_logs/version_0/checkpoints/epoch=99-step=11500.ckpt
amass_clean,medium_100ep,seed2,in_p__loss_p,p,p,carepd_cross_3DGait_to_T-SDU-PD,cross,3DGait,T-SDU-PD,1,0.2192820142954588,0.2923760190606117,0.447468638420105,0.33903607726097107,0.2192820142954588,0.2923760190606117,0.447468638420105,,,,0.0003,carepd_BMCLab_6fold_1,macro_f1_012,false,pretrain_v1_stats_train_clean.pt,runs/pretrain/amass_clean/medium_100ep/seed2/in_p__loss_p/lightning_logs/version_0/checkpoints/epoch=99-step=11500.ckpt
amass_clean,medium_100ep,seed2,in_p__loss_p,p,p,carepd_cross_PD-GaM_to_T-SDU-PD,cross,PD-GaM,T-SDU-PD,1,0.2304308032616973,0.3072410710155964,0.5110573172569275,0.45683979988098145,0.2304308032616973,0.3072410710155964,0.5110573172569275,,,,0.0003,carepd_BMCLab_6fold_1,macro_f1_012,false,pretrain_v1_stats_train_clean.pt,runs/pretrain/amass_clean/medium_100ep/seed2/in_p__loss_p/lightning_logs/version_0/checkpoints/epoch=99-step=11500.ckpt
amass_clean,medium_100ep,seed42,in_p__loss_p,p,p,carepd_cross_3DGait_to_T-SDU-PD,cross,3DGait,T-SDU-PD,1,0.22020543413236737,0.29360724550982314,0.44075384736061096,0.3244411051273346,0.22020543413236737,0.29360724550982314,0.44075384736061096,,,,0.00003,carepd_BMCLab_6fold_1,macro_f1_012,false,pretrain_v1_stats_train_clean.pt,runs/pretrain/amass_clean/medium_100ep/seed42/in_p__loss_p/lightning_logs/version_0/checkpoints/epoch=94-step=10925.ckpt
amass_clean,medium_100ep,seed42,in_p__loss_p,p,p,carepd_cross_BMCLab_to_T-SDU-PD,cross,BMCLab,T-SDU-PD,1,0.2188504934310913,0.29180065790812176,0.4160808026790619,0.32946527004241943,0.2188504934310913,0.29180065790812176,0.4160808026790619,,,,0.00003,carepd_BMCLab_6fold_1,macro_f1_012,false,pretrain_v1_stats_train_clean.pt,runs/pretrain/amass_clean/medium_100ep/seed42/in_p__loss_p/lightning_logs/version_0/checkpoints/epoch=94-step=10925.ckpt
amass_clean,medium_100ep,seed42,in_p__loss_p,p,p,carepd_cross_PD-GaM_to_T-SDU-PD,cross,PD-GaM,T-SDU-PD,1,0.25633297860622406,0.34177730480829877,0.4560735523700714,0.44618457555770874,0.25633297860622406,0.34177730480829877,0.4560735523700714,,,,0.00003,carepd_BMCLab_6fold_1,macro_f1_012,false,pretrain_v1_stats_train_clean.pt,runs/pretrain/amass_clean/medium_100ep/seed42/in_p__loss_p/lightning_logs/version_0/checkpoints/epoch=94-step=10925.ckpt
amass_clean,medium_100ep,seed1,in_p__loss_pk,p,pk,carepd_cross_3DGait_to_T-SDU-PD,cross,3DGait,T-SDU-PD,1,0.253563329577446,0.33808443943659466,0.43304577469825745,0.34105831384658813,0.253563329577446,0.33808443943659466,0.43304577469825745,,,,0.00001,carepd_BMCLab_6fold_1,macro_f1_012,false,pretrain_v1_stats_train_clean.pt,runs/pretrain/amass_clean/medium_100ep/seed1/in_p__loss_pk/lightning_logs/version_0/checkpoints/epoch=99-step=11500.ckpt
amass_clean,medium_100ep,seed1,in_p__loss_pk,p,pk,carepd_cross_BMCLab_to_T-SDU-PD,cross,BMCLab,T-SDU-PD,1,0.2226866576820612,0.2969155435760816,0.46450817584991455,0.3781470060348511,0.2226866576820612,0.2969155435760816,0.46450817584991455,,,,0.00001,carepd_BMCLab_6fold_1,macro_f1_012,false,pretrain_v1_stats_train_clean.pt,runs/pretrain/amass_clean/medium_100ep/seed1/in_p__loss_pk/lightning_logs/version_0/checkpoints/epoch=99-step=11500.ckpt
amass_clean,medium_100ep,seed1,in_p__loss_pk,p,pk,carepd_cross_PD-GaM_to_T-SDU-PD,cross,PD-GaM,T-SDU-PD,1,0.1889151632785797,0.25188688437143963,0.3650550842285156,0.3780292868614197,0.1889151632785797,0.25188688437143963,0.3650550842285156,,,,0.00001,carepd_BMCLab_6fold_1,macro_f1_012,false,pretrain_v1_stats_train_clean.pt,runs/pretrain/amass_clean/medium_100ep/seed1/in_p__loss_pk/lightning_logs/version_0/checkpoints/epoch=99-step=11500.ckpt
amass_clean,medium_100ep,seed2,in_p__loss_pk,p,pk,carepd_cross_PD-GaM_to_T-SDU-PD,cross,PD-GaM,T-SDU-PD,1,0.2262498438358307,0.30166645844777423,0.3993947505950928,0.3907598555088043,0.2262498438358307,0.30166645844777423,0.3993947505950928,,,,3e-6,carepd_BMCLab_6fold_1,macro_f1_012,false,pretrain_v1_stats_train_clean.pt,runs/pretrain/amass_clean/medium_100ep/seed2/in_p__loss_pk/lightning_logs/version_0/checkpoints/epoch=99-step=11500.ckpt
amass_clean,medium_100ep,seed2,in_p__loss_pk,p,pk,carepd_cross_BMCLab_to_T-SDU-PD,cross,BMCLab,T-SDU-PD,1,0.34730587154626846,0.4630744953950246,0.47099804878234863,0.44633781909942627,0.34730587154626846,0.4630744953950246,0.47099804878234863,,,,3e-6,carepd_BMCLab_6fold_1,macro_f1_012,false,pretrain_v1_stats_train_clean.pt,runs/pretrain/amass_clean/medium_100ep/seed2/in_p__loss_pk/lightning_logs/version_0/checkpoints/epoch=99-step=11500.ckpt
amass_clean,medium_100ep,seed2,in_p__loss_pk,p,pk,carepd_cross_3DGait_to_T-SDU-PD,cross,3DGait,T-SDU-PD,1,0.1901137288659811,0.25348497182130814,0.39351096749305725,0.2860484719276428,0.1901137288659811,0.25348497182130814,0.39351096749305725,,,,3e-6,carepd_BMCLab_6fold_1,macro_f1_012,false,pretrain_v1_stats_train_clean.pt,runs/pretrain/amass_clean/medium_100ep/seed2/in_p__loss_pk/lightning_logs/version_0/checkpoints/epoch=99-step=11500.ckpt
amass_clean,medium_100ep,seed42,in_p__loss_pk,p,pk,carepd_cross_3DGait_to_T-SDU-PD,cross,3DGait,T-SDU-PD,1,0.2452700026333332,0.3270266701777776,0.4505998194217682,0.34758812189102173,0.2452700026333332,0.3270266701777776,0.4505998194217682,,,,0.0001,carepd_BMCLab_6fold_1,macro_f1_012,false,pretrain_v1_stats_train_clean.pt,runs/pretrain/amass_clean/medium_100ep/seed42/in_p__loss_pk/lightning_logs/version_0/checkpoints/epoch=99-step=11500.ckpt
amass_clean,medium_100ep,seed42,in_p__loss_pk,p,pk,carepd_cross_PD-GaM_to_T-SDU-PD,cross,PD-GaM,T-SDU-PD,1,0.21975971153005958,0.2930129487067461,0.4492510259151459,0.4630638360977173,0.21975971153005958,0.2930129487067461,0.4492510259151459,,,,0.0001,carepd_BMCLab_6fold_1,macro_f1_012,false,pretrain_v1_stats_train_clean.pt,runs/pretrain/amass_clean/medium_100ep/seed42/in_p__loss_pk/lightning_logs/version_0/checkpoints/epoch=99-step=11500.ckpt
amass_clean,medium_100ep,seed42,in_p__loss_pk,p,pk,carepd_cross_BMCLab_to_T-SDU-PD,cross,BMCLab,T-SDU-PD,1,0.25834839418530464,0.3444645255804062,0.4732036590576172,0.366586297750473,0.25834839418530464,0.3444645255804062,0.4732036590576172,,,,0.0001,carepd_BMCLab_6fold_1,macro_f1_012,false,pretrain_v1_stats_train_clean.pt,runs/pretrain/amass_clean/medium_100ep/seed42/in_p__loss_pk/lightning_logs/version_0/checkpoints/epoch=99-step=11500.ckpt
amass_clean,medium_100ep,seed1,in_p__loss_pkd,p,pkd,carepd_cross_BMCLab_to_T-SDU-PD,cross,BMCLab,T-SDU-PD,1,0.25784534588456154,0.3437937945127487,0.39378753304481506,0.3747302293777466,0.25784534588456154,0.3437937945127487,0.39378753304481506,,,,3e-6,carepd_BMCLab_6fold_1,macro_f1_012,false,pretrain_v1_stats_train_clean.pt,runs/pretrain/amass_clean/medium_100ep/seed1/in_p__loss_pkd/lightning_logs/version_0/checkpoints/epoch=99-step=11500.ckpt
amass_clean,medium_100ep,seed1,in_p__loss_pkd,p,pkd,carepd_cross_3DGait_to_T-SDU-PD,cross,3DGait,T-SDU-PD,1,0.21854733303189278,0.2913964440425237,0.4330093562602997,0.3125010132789612,0.21854733303189278,0.2913964440425237,0.4330093562602997,,,,3e-6,carepd_BMCLab_6fold_1,macro_f1_012,false,pretrain_v1_stats_train_clean.pt,runs/pretrain/amass_clean/medium_100ep/seed1/in_p__loss_pkd/lightning_logs/version_0/checkpoints/epoch=99-step=11500.ckpt
amass_clean,medium_100ep,seed1,in_p__loss_pkd,p,pkd,carepd_cross_PD-GaM_to_T-SDU-PD,cross,PD-GaM,T-SDU-PD,1,0.22336730500683188,0.2978230733424425,0.35656967759132385,0.3986024558544159,0.22336730500683188,0.2978230733424425,0.35656967759132385,,,,3e-6,carepd_BMCLab_6fold_1,macro_f1_012,false,pretrain_v1_stats_train_clean.pt,runs/pretrain/amass_clean/medium_100ep/seed1/in_p__loss_pkd/lightning_logs/version_0/checkpoints/epoch=99-step=11500.ckpt
amass_clean,medium_100ep,seed2,in_p__loss_pkd,p,pkd,carepd_cross_PD-GaM_to_T-SDU-PD,cross,PD-GaM,T-SDU-PD,1,0.22621093224734068,0.30161457632978755,0.4564499855041504,0.4488619267940521,0.22621093224734068,0.30161457632978755,0.4564499855041504,,,,0.00001,carepd_BMCLab_6fold_1,macro_f1_012,false,pretrain_v1_stats_train_clean.pt,runs/pretrain/amass_clean/medium_100ep/seed2/in_p__loss_pkd/lightning_logs/version_0/checkpoints/epoch=99-step=11500.ckpt
amass_clean,medium_100ep,seed2,in_p__loss_pkd,p,pkd,carepd_cross_BMCLab_to_T-SDU-PD,cross,BMCLab,T-SDU-PD,1,0.34307242929935455,0.4574299057324727,0.46733054518699646,0.4158894717693329,0.34307242929935455,0.4574299057324727,0.46733054518699646,,,,0.00001,carepd_BMCLab_6fold_1,macro_f1_012,false,pretrain_v1_stats_train_clean.pt,runs/pretrain/amass_clean/medium_100ep/seed2/in_p__loss_pkd/lightning_logs/version_0/checkpoints/epoch=99-step=11500.ckpt
amass_clean,medium_100ep,seed2,in_p__loss_pkd,p,pkd,carepd_cross_3DGait_to_T-SDU-PD,cross,3DGait,T-SDU-PD,1,0.21286217868328094,0.2838162382443746,0.3857441842556,0.27381372451782227,0.21286217868328094,0.2838162382443746,0.3857441842556,,,,0.00001,carepd_BMCLab_6fold_1,macro_f1_012,false,pretrain_v1_stats_train_clean.pt,runs/pretrain/amass_clean/medium_100ep/seed2/in_p__loss_pkd/lightning_logs/version_0/checkpoints/epoch=99-step=11500.ckpt
amass_clean,medium_100ep,seed42,in_p__loss_pkd,p,pkd,carepd_cross_3DGait_to_T-SDU-PD,cross,3DGait,T-SDU-PD,1,0.25072093307971954,0.33429457743962604,0.477911114692688,0.3425695598125458,0.25072093307971954,0.33429457743962604,0.477911114692688,,,,0.0003,carepd_BMCLab_6fold_1,macro_f1_012,false,pretrain_v1_stats_train_clean.pt,runs/pretrain/amass_clean/medium_100ep/seed42/in_p__loss_pkd/lightning_logs/version_0/checkpoints/epoch=99-step=11500.ckpt
amass_clean,medium_100ep,seed42,in_p__loss_pkd,p,pkd,carepd_cross_BMCLab_to_T-SDU-PD,cross,BMCLab,T-SDU-PD,1,0.3632515221834183,0.48433536291122437,0.5303590893745422,0.5226178169250488,0.3632515221834183,0.48433536291122437,0.5303590893745422,,,,0.0003,carepd_BMCLab_6fold_1,macro_f1_012,false,pretrain_v1_stats_train_clean.pt,runs/pretrain/amass_clean/medium_100ep/seed42/in_p__loss_pkd/lightning_logs/version_0/checkpoints/epoch=99-step=11500.ckpt
amass_clean,medium_100ep,seed42,in_p__loss_pkd,p,pkd,carepd_cross_PD-GaM_to_T-SDU-PD,cross,PD-GaM,T-SDU-PD,1,0.23275809735059738,0.3103441298007965,0.46734532713890076,0.4563952684402466,0.23275809735059738,0.3103441298007965,0.46734532713890076,,,,0.0003,carepd_BMCLab_6fold_1,macro_f1_012,false,pretrain_v1_stats_train_clean.pt,runs/pretrain/amass_clean/medium_100ep/seed42/in_p__loss_pkd/lightning_logs/version_0/checkpoints/epoch=99-step=11500.ckpt
amass_clean,medium_100ep,seed1,in_pk__loss_p,pk,p,carepd_cross_PD-GaM_to_T-SDU-PD,cross,PD-GaM,T-SDU-PD,1,0.21280194073915482,0.28373592098553974,0.47067487239837646,0.45063352584838867,0.21280194073915482,0.28373592098553974,0.47067487239837646,,,,3e-6,carepd_BMCLab_6fold_1,macro_f1_012,false,pretrain_v1_stats_train_clean.pt,runs/pretrain/amass_clean/medium_100ep/seed1/in_pk__loss_p/lightning_logs/version_0/checkpoints/epoch=94-step=10925.ckpt
amass_clean,medium_100ep,seed1,in_pk__loss_p,pk,p,carepd_cross_3DGait_to_T-SDU-PD,cross,3DGait,T-SDU-PD,1,0.22459659725427628,0.29946212967236835,0.46060165762901306,0.3065949082374573,0.22459659725427628,0.29946212967236835,0.46060165762901306,,,,3e-6,carepd_BMCLab_6fold_1,macro_f1_012,false,pretrain_v1_stats_train_clean.pt,runs/pretrain/amass_clean/medium_100ep/seed1/in_pk__loss_p/lightning_logs/version_0/checkpoints/epoch=94-step=10925.ckpt
amass_clean,medium_100ep,seed1,in_pk__loss_p,pk,p,carepd_cross_BMCLab_to_T-SDU-PD,cross,BMCLab,T-SDU-PD,1,0.3136237561702728,0.41816500822703045,0.4511575698852539,0.43383342027664185,0.3136237561702728,0.41816500822703045,0.4511575698852539,,,,3e-6,carepd_BMCLab_6fold_1,macro_f1_012,false,pretrain_v1_stats_train_clean.pt,runs/pretrain/amass_clean/medium_100ep/seed1/in_pk__loss_p/lightning_logs/version_0/checkpoints/epoch=94-step=10925.ckpt
amass_clean,medium_100ep,seed2,in_pk__loss_p,pk,p,carepd_cross_BMCLab_to_T-SDU-PD,cross,BMCLab,T-SDU-PD,1,0.3263867422938347,0.43518232305844623,0.5062211155891418,0.42510807514190674,0.3263867422938347,0.43518232305844623,0.5062211155891418,,,,3e-6,carepd_BMCLab_6fold_1,macro_f1_012,false,pretrain_v1_stats_train_clean.pt,runs/pretrain/amass_clean/medium_100ep/seed2/in_pk__loss_p/lightning_logs/version_0/checkpoints/epoch=99-step=11500.ckpt
amass_clean,medium_100ep,seed2,in_pk__loss_p,pk,p,carepd_cross_PD-GaM_to_T-SDU-PD,cross,PD-GaM,T-SDU-PD,1,0.21280838642269373,0.2837445152302583,0.43316909670829773,0.42062923312187195,0.21280838642269373,0.2837445152302583,0.43316909670829773,,,,3e-6,carepd_BMCLab_6fold_1,macro_f1_012,false,pretrain_v1_stats_train_clean.pt,runs/pretrain/amass_clean/medium_100ep/seed2/in_pk__loss_p/lightning_logs/version_0/checkpoints/epoch=99-step=11500.ckpt
amass_clean,medium_100ep,seed2,in_pk__loss_p,pk,p,carepd_cross_3DGait_to_T-SDU-PD,cross,3DGait,T-SDU-PD,1,0.29482923448085785,0.3931056459744771,0.48296475410461426,0.3720983862876892,0.29482923448085785,0.3931056459744771,0.48296475410461426,,,,3e-6,carepd_BMCLab_6fold_1,macro_f1_012,false,pretrain_v1_stats_train_clean.pt,runs/pretrain/amass_clean/medium_100ep/seed2/in_pk__loss_p/lightning_logs/version_0/checkpoints/epoch=99-step=11500.ckpt
amass_clean,medium_100ep,seed42,in_pk__loss_p,pk,p,carepd_cross_3DGait_to_T-SDU-PD,cross,3DGait,T-SDU-PD,1,0.24129554629325867,0.3217273950576782,0.4190957546234131,0.3201940357685089,0.24129554629325867,0.3217273950576782,0.4190957546234131,,,,3e-6,carepd_BMCLab_6fold_1,macro_f1_012,false,pretrain_v1_stats_train_clean.pt,runs/pretrain/amass_clean/medium_100ep/seed42/in_pk__loss_p/lightning_logs/version_0/checkpoints/epoch=94-step=10925.ckpt
amass_clean,medium_100ep,seed42,in_pk__loss_p,pk,p,carepd_cross_BMCLab_to_T-SDU-PD,cross,BMCLab,T-SDU-PD,1,0.23064941726624966,0.30753255635499954,0.4446769952774048,0.3608423173427582,0.23064941726624966,0.30753255635499954,0.4446769952774048,,,,3e-6,carepd_BMCLab_6fold_1,macro_f1_012,false,pretrain_v1_stats_train_clean.pt,runs/pretrain/amass_clean/medium_100ep/seed42/in_pk__loss_p/lightning_logs/version_0/checkpoints/epoch=94-step=10925.ckpt
amass_clean,medium_100ep,seed42,in_pk__loss_p,pk,p,carepd_cross_PD-GaM_to_T-SDU-PD,cross,PD-GaM,T-SDU-PD,1,0.21163217816501856,0.2821762375533581,0.4353066384792328,0.4039032459259033,0.21163217816501856,0.2821762375533581,0.4353066384792328,,,,3e-6,carepd_BMCLab_6fold_1,macro_f1_012,false,pretrain_v1_stats_train_clean.pt,runs/pretrain/amass_clean/medium_100ep/seed42/in_pk__loss_p/lightning_logs/version_0/checkpoints/epoch=94-step=10925.ckpt
amass_clean,medium_100ep,seed1,in_pk__loss_pk,pk,pk,carepd_cross_BMCLab_to_T-SDU-PD,cross,BMCLab,T-SDU-PD,1,0.22808428294956684,0.30411237726608914,0.43722274899482727,0.37434205412864685,0.22808428294956684,0.30411237726608914,0.43722274899482727,,,,0.00001,carepd_BMCLab_6fold_1,macro_f1_012,false,pretrain_v1_stats_train_clean.pt,runs/pretrain/amass_clean/medium_100ep/seed1/in_pk__loss_pk/lightning_logs/version_0/checkpoints/epoch=99-step=11500.ckpt
amass_clean,medium_100ep,seed1,in_pk__loss_pk,pk,pk,carepd_cross_3DGait_to_T-SDU-PD,cross,3DGait,T-SDU-PD,1,0.2754369527101517,0.3672492702802022,0.39462506771087646,0.3637915253639221,0.2754369527101517,0.3672492702802022,0.39462506771087646,,,,0.00001,carepd_BMCLab_6fold_1,macro_f1_012,false,pretrain_v1_stats_train_clean.pt,runs/pretrain/amass_clean/medium_100ep/seed1/in_pk__loss_pk/lightning_logs/version_0/checkpoints/epoch=99-step=11500.ckpt
amass_clean,medium_100ep,seed1,in_pk__loss_pk,pk,pk,carepd_cross_PD-GaM_to_T-SDU-PD,cross,PD-GaM,T-SDU-PD,1,0.20476392190903425,0.273018562545379,0.43501678109169006,0.4439197778701782,0.20476392190903425,0.273018562545379,0.43501678109169006,,,,0.00001,carepd_BMCLab_6fold_1,macro_f1_012,false,pretrain_v1_stats_train_clean.pt,runs/pretrain/amass_clean/medium_100ep/seed1/in_pk__loss_pk/lightning_logs/version_0/checkpoints/epoch=99-step=11500.ckpt
amass_clean,medium_100ep,seed2,in_pk__loss_pk,pk,pk,carepd_cross_PD-GaM_to_T-SDU-PD,cross,PD-GaM,T-SDU-PD,1,0.22580613009631634,0.3010748401284218,0.4540097713470459,0.43573978543281555,0.22580613009631634,0.3010748401284218,0.4540097713470459,,,,3e-6,carepd_BMCLab_6fold_1,macro_f1_012,false,pretrain_v1_stats_train_clean.pt,runs/pretrain/amass_clean/medium_100ep/seed2/in_pk__loss_pk/lightning_logs/version_0/checkpoints/epoch=99-step=11500.ckpt
amass_clean,medium_100ep,seed2,in_pk__loss_pk,pk,pk,carepd_cross_BMCLab_to_T-SDU-PD,cross,BMCLab,T-SDU-PD,1,0.23510349169373512,0.3134713222583135,0.43498122692108154,0.36398637294769287,0.23510349169373512,0.3134713222583135,0.43498122692108154,,,,3e-6,carepd_BMCLab_6fold_1,macro_f1_012,false,pretrain_v1_stats_train_clean.pt,runs/pretrain/amass_clean/medium_100ep/seed2/in_pk__loss_pk/lightning_logs/version_0/checkpoints/epoch=99-step=11500.ckpt
amass_clean,medium_100ep,seed2,in_pk__loss_pk,pk,pk,carepd_cross_3DGait_to_T-SDU-PD,cross,3DGait,T-SDU-PD,1,0.25427259504795074,0.339030126730601,0.444301038980484,0.34310704469680786,0.25427259504795074,0.339030126730601,0.444301038980484,,,,3e-6,carepd_BMCLab_6fold_1,macro_f1_012,false,pretrain_v1_stats_train_clean.pt,runs/pretrain/amass_clean/medium_100ep/seed2/in_pk__loss_pk/lightning_logs/version_0/checkpoints/epoch=99-step=11500.ckpt
amass_clean,medium_100ep,seed42,in_pk__loss_pk,pk,pk,carepd_cross_3DGait_to_T-SDU-PD,cross,3DGait,T-SDU-PD,1,0.27207501977682114,0.36276669303576153,0.48292794823646545,0.3726809620857239,0.27207501977682114,0.36276669303576153,0.48292794823646545,,,,0.00003,carepd_BMCLab_6fold_1,macro_f1_012,false,pretrain_v1_stats_train_clean.pt,runs/pretrain/amass_clean/medium_100ep/seed42/in_pk__loss_pk/lightning_logs/version_0/checkpoints/epoch=99-step=11500.ckpt
amass_clean,medium_100ep,seed42,in_pk__loss_pk,pk,pk,carepd_cross_PD-GaM_to_T-SDU-PD,cross,PD-GaM,T-SDU-PD,1,0.21888656169176102,0.291848748922348,0.46531519293785095,0.45326223969459534,0.21888656169176102,0.291848748922348,0.46531519293785095,,,,0.00003,carepd_BMCLab_6fold_1,macro_f1_012,false,pretrain_v1_stats_train_clean.pt,runs/pretrain/amass_clean/medium_100ep/seed42/in_pk__loss_pk/lightning_logs/version_0/checkpoints/epoch=99-step=11500.ckpt
amass_clean,medium_100ep,seed42,in_pk__loss_pk,pk,pk,carepd_cross_BMCLab_to_T-SDU-PD,cross,BMCLab,T-SDU-PD,1,0.28059734404087067,0.3741297920544942,0.4647507667541504,0.4229056239128113,0.28059734404087067,0.3741297920544942,0.4647507667541504,,,,0.00003,carepd_BMCLab_6fold_1,macro_f1_012,false,pretrain_v1_stats_train_clean.pt,runs/pretrain/amass_clean/medium_100ep/seed42/in_pk__loss_pk/lightning_logs/version_0/checkpoints/epoch=99-step=11500.ckpt
amass_clean,medium_100ep,seed1,in_pk__loss_pkd,pk,pkd,carepd_cross_PD-GaM_to_T-SDU-PD,cross,PD-GaM,T-SDU-PD,1,0.21337898774072528,0.2845053169876337,0.46825528144836426,0.4496184289455414,0.21337898774072528,0.2845053169876337,0.46825528144836426,,,,0.0003,carepd_BMCLab_6fold_1,macro_f1_012,false,pretrain_v1_stats_train_clean.pt,runs/pretrain/amass_clean/medium_100ep/seed1/in_pk__loss_pkd/lightning_logs/version_0/checkpoints/epoch=99-step=11500.ckpt
amass_clean,medium_100ep,seed1,in_pk__loss_pkd,pk,pkd,carepd_cross_3DGait_to_T-SDU-PD,cross,3DGait,T-SDU-PD,1,0.262415386736393,0.3498871823151906,0.4515538215637207,0.3546777665615082,0.262415386736393,0.3498871823151906,0.4515538215637207,,,,0.0003,carepd_BMCLab_6fold_1,macro_f1_012,false,pretrain_v1_stats_train_clean.pt,runs/pretrain/amass_clean/medium_100ep/seed1/in_pk__loss_pkd/lightning_logs/version_0/checkpoints/epoch=99-step=11500.ckpt
amass_clean,medium_100ep,seed1,in_pk__loss_pkd,pk,pkd,carepd_cross_BMCLab_to_T-SDU-PD,cross,BMCLab,T-SDU-PD,1,0.3473060429096222,0.4630747238794963,0.4631192684173584,0.4733632504940033,0.3473060429096222,0.4630747238794963,0.4631192684173584,,,,0.0003,carepd_BMCLab_6fold_1,macro_f1_012,false,pretrain_v1_stats_train_clean.pt,runs/pretrain/amass_clean/medium_100ep/seed1/in_pk__loss_pkd/lightning_logs/version_0/checkpoints/epoch=99-step=11500.ckpt
amass_clean,medium_100ep,seed2,in_pk__loss_pkd,pk,pkd,carepd_cross_3DGait_to_T-SDU-PD,cross,3DGait,T-SDU-PD,1,0.2701851427555084,0.36024685700734455,0.4159104526042938,0.32766905426979065,0.2701851427555084,0.36024685700734455,0.4159104526042938,,,,0.0001,carepd_BMCLab_6fold_1,macro_f1_012,false,pretrain_v1_stats_train_clean.pt,runs/pretrain/amass_clean/medium_100ep/seed2/in_pk__loss_pkd/lightning_logs/version_0/checkpoints/epoch=99-step=11500.ckpt
amass_clean,medium_100ep,seed2,in_pk__loss_pkd,pk,pkd,carepd_cross_BMCLab_to_T-SDU-PD,cross,BMCLab,T-SDU-PD,1,0.3375997170805931,0.45013295610745746,0.4601311981678009,0.45168888568878174,0.3375997170805931,0.45013295610745746,0.4601311981678009,,,,0.0001,carepd_BMCLab_6fold_1,macro_f1_012,false,pretrain_v1_stats_train_clean.pt,runs/pretrain/amass_clean/medium_100ep/seed2/in_pk__loss_pkd/lightning_logs/version_0/checkpoints/epoch=99-step=11500.ckpt
amass_clean,medium_100ep,seed2,in_pk__loss_pkd,pk,pkd,carepd_cross_PD-GaM_to_T-SDU-PD,cross,PD-GaM,T-SDU-PD,1,0.2072349963709712,0.27631332849462825,0.4141472578048706,0.4163062572479248,0.2072349963709712,0.27631332849462825,0.4141472578048706,,,,0.0001,carepd_BMCLab_6fold_1,macro_f1_012,false,pretrain_v1_stats_train_clean.pt,runs/pretrain/amass_clean/medium_100ep/seed2/in_pk__loss_pkd/lightning_logs/version_0/checkpoints/epoch=99-step=11500.ckpt
amass_clean,medium_100ep,seed42,in_pk__loss_pkd,pk,pkd,carepd_cross_PD-GaM_to_T-SDU-PD,cross,PD-GaM,T-SDU-PD,1,0.21908941864967346,0.29211922486623126,0.46395143866539,0.42651501297950745,0.21908941864967346,0.29211922486623126,0.46395143866539,,,,0.0003,carepd_BMCLab_6fold_1,macro_f1_012,false,pretrain_v1_stats_train_clean.pt,runs/pretrain/amass_clean/medium_100ep/seed42/in_pk__loss_pkd/lightning_logs/version_0/checkpoints/epoch=99-step=11500.ckpt
amass_clean,medium_100ep,seed42,in_pk__loss_pkd,pk,pkd,carepd_cross_3DGait_to_T-SDU-PD,cross,3DGait,T-SDU-PD,1,0.2735908254981041,0.3647877673308055,0.47126123309135437,0.3759595453739166,0.2735908254981041,0.3647877673308055,0.47126123309135437,,,,0.0003,carepd_BMCLab_6fold_1,macro_f1_012,false,pretrain_v1_stats_train_clean.pt,runs/pretrain/amass_clean/medium_100ep/seed42/in_pk__loss_pkd/lightning_logs/version_0/checkpoints/epoch=99-step=11500.ckpt
amass_clean,medium_100ep,seed42,in_pk__loss_pkd,pk,pkd,carepd_cross_BMCLab_to_T-SDU-PD,cross,BMCLab,T-SDU-PD,1,0.3449798710644245,0.45997316141923267,0.4940575361251831,0.4961683452129364,0.3449798710644245,0.45997316141923267,0.4940575361251831,,,,0.0003,carepd_BMCLab_6fold_1,macro_f1_012,false,pretrain_v1_stats_train_clean.pt,runs/pretrain/amass_clean/medium_100ep/seed42/in_pk__loss_pkd/lightning_logs/version_0/checkpoints/epoch=99-step=11500.ckpt
amass_clean,medium_100ep,seed1,in_pkd__loss_p,pkd,p,carepd_cross_BMCLab_to_T-SDU-PD,cross,BMCLab,T-SDU-PD,1,0.23833534494042397,0.3177804599205653,0.480609267950058,0.3851640522480011,0.23833534494042397,0.3177804599205653,0.480609267950058,,,,0.00001,carepd_BMCLab_6fold_1,macro_f1_012,false,pretrain_v1_stats_train_clean.pt,runs/pretrain/amass_clean/medium_100ep/seed1/in_pkd__loss_p/lightning_logs/version_0/checkpoints/epoch=99-step=11500.ckpt
amass_clean,medium_100ep,seed1,in_pkd__loss_p,pkd,p,carepd_cross_3DGait_to_T-SDU-PD,cross,3DGait,T-SDU-PD,1,0.2229447364807129,0.2972596486409505,0.4525173604488373,0.3317124545574188,0.2229447364807129,0.2972596486409505,0.4525173604488373,,,,0.00001,carepd_BMCLab_6fold_1,macro_f1_012,false,pretrain_v1_stats_train_clean.pt,runs/pretrain/amass_clean/medium_100ep/seed1/in_pkd__loss_p/lightning_logs/version_0/checkpoints/epoch=99-step=11500.ckpt
amass_clean,medium_100ep,seed1,in_pkd__loss_p,pkd,p,carepd_cross_PD-GaM_to_T-SDU-PD,cross,PD-GaM,T-SDU-PD,1,0.2245631031692028,0.2994174708922704,0.43578922748565674,0.4433782696723938,0.2245631031692028,0.2994174708922704,0.43578922748565674,,,,0.00001,carepd_BMCLab_6fold_1,macro_f1_012,false,pretrain_v1_stats_train_clean.pt,runs/pretrain/amass_clean/medium_100ep/seed1/in_pkd__loss_p/lightning_logs/version_0/checkpoints/epoch=99-step=11500.ckpt
amass_clean,medium_100ep,seed2,in_pkd__loss_p,pkd,p,carepd_cross_PD-GaM_to_T-SDU-PD,cross,PD-GaM,T-SDU-PD,1,0.2541296388953924,0.3388395185271899,0.4320727288722992,0.4418907165527344,0.2541296388953924,0.3388395185271899,0.4320727288722992,,,,3e-6,carepd_BMCLab_6fold_1,macro_f1_012,false,pretrain_v1_stats_train_clean.pt,runs/pretrain/amass_clean/medium_100ep/seed2/in_pkd__loss_p/lightning_logs/version_0/checkpoints/epoch=99-step=11500.ckpt
amass_clean,medium_100ep,seed2,in_pkd__loss_p,pkd,p,carepd_cross_3DGait_to_T-SDU-PD,cross,3DGait,T-SDU-PD,1,0.2056387085467577,0.2741849447290103,0.3693412244319916,0.28248077630996704,0.2056387085467577,0.2741849447290103,0.3693412244319916,,,,3e-6,carepd_BMCLab_6fold_1,macro_f1_012,false,pretrain_v1_stats_train_clean.pt,runs/pretrain/amass_clean/medium_100ep/seed2/in_pkd__loss_p/lightning_logs/version_0/checkpoints/epoch=99-step=11500.ckpt
amass_clean,medium_100ep,seed2,in_pkd__loss_p,pkd,p,carepd_cross_BMCLab_to_T-SDU-PD,cross,BMCLab,T-SDU-PD,1,0.27199363708496094,0.36265818277994794,0.38924431800842285,0.39301660656929016,0.27199363708496094,0.36265818277994794,0.38924431800842285,,,,3e-6,carepd_BMCLab_6fold_1,macro_f1_012,false,pretrain_v1_stats_train_clean.pt,runs/pretrain/amass_clean/medium_100ep/seed2/in_pkd__loss_p/lightning_logs/version_0/checkpoints/epoch=99-step=11500.ckpt
amass_clean,medium_100ep,seed42,in_pkd__loss_p,pkd,p,carepd_cross_BMCLab_to_T-SDU-PD,cross,BMCLab,T-SDU-PD,1,0.14323282055556774,0.19097709407409033,0.41789373755455017,0.3489157557487488,0.14323282055556774,0.19097709407409033,0.41789373755455017,,,,0.0003,carepd_BMCLab_6fold_1,macro_f1_012,false,pretrain_v1_stats_train_clean.pt,runs/pretrain/amass_clean/medium_100ep/seed42/in_pkd__loss_p/lightning_logs/version_0/checkpoints/epoch=94-step=10925.ckpt
amass_clean,medium_100ep,seed42,in_pkd__loss_p,pkd,p,carepd_cross_PD-GaM_to_T-SDU-PD,cross,PD-GaM,T-SDU-PD,1,0.2549330685287714,0.33991075803836185,0.491540789604187,0.481490820646286,0.2549330685287714,0.33991075803836185,0.491540789604187,,,,0.0003,carepd_BMCLab_6fold_1,macro_f1_012,false,pretrain_v1_stats_train_clean.pt,runs/pretrain/amass_clean/medium_100ep/seed42/in_pkd__loss_p/lightning_logs/version_0/checkpoints/epoch=94-step=10925.ckpt
amass_clean,medium_100ep,seed42,in_pkd__loss_p,pkd,p,carepd_cross_3DGait_to_T-SDU-PD,cross,3DGait,T-SDU-PD,1,0.18833974096924067,0.2511196546256542,0.45967897772789,0.28183549642562866,0.18833974096924067,0.2511196546256542,0.45967897772789,,,,0.0003,carepd_BMCLab_6fold_1,macro_f1_012,false,pretrain_v1_stats_train_clean.pt,runs/pretrain/amass_clean/medium_100ep/seed42/in_pkd__loss_p/lightning_logs/version_0/checkpoints/epoch=94-step=10925.ckpt
amass_clean,medium_100ep,seed1,in_pkd__loss_pk,pkd,pk,carepd_cross_3DGait_to_T-SDU-PD,cross,3DGait,T-SDU-PD,1,0.1374805923551321,0.18330745647350946,0.39275288581848145,0.3151789903640747,0.1374805923551321,0.18330745647350946,0.39275288581848145,,,,0.00003,carepd_BMCLab_6fold_1,macro_f1_012,false,pretrain_v1_stats_train_clean.pt,runs/pretrain/amass_clean/medium_100ep/seed1/in_pkd__loss_pk/lightning_logs/version_0/checkpoints/epoch=99-step=11500.ckpt
amass_clean,medium_100ep,seed1,in_pkd__loss_pk,pkd,pk,carepd_cross_BMCLab_to_T-SDU-PD,cross,BMCLab,T-SDU-PD,1,0.3076161742210388,0.4101548989613851,0.4729102849960327,0.4331178665161133,0.3076161742210388,0.4101548989613851,0.4729102849960327,,,,0.00003,carepd_BMCLab_6fold_1,macro_f1_012,false,pretrain_v1_stats_train_clean.pt,runs/pretrain/amass_clean/medium_100ep/seed1/in_pkd__loss_pk/lightning_logs/version_0/checkpoints/epoch=99-step=11500.ckpt
amass_clean,medium_100ep,seed1,in_pkd__loss_pk,pkd,pk,carepd_cross_PD-GaM_to_T-SDU-PD,cross,PD-GaM,T-SDU-PD,1,0.2255444684997201,0.3007259579996268,0.5084342956542969,0.4929688572883606,0.2255444684997201,0.3007259579996268,0.5084342956542969,,,,0.00003,carepd_BMCLab_6fold_1,macro_f1_012,false,pretrain_v1_stats_train_clean.pt,runs/pretrain/amass_clean/medium_100ep/seed1/in_pkd__loss_pk/lightning_logs/version_0/checkpoints/epoch=99-step=11500.ckpt
amass_clean,medium_100ep,seed2,in_pkd__loss_pk,pkd,pk,carepd_cross_PD-GaM_to_T-SDU-PD,cross,PD-GaM,T-SDU-PD,1,0.24570494797080755,0.32760659729441005,0.505456268787384,0.4992165267467499,0.24570494797080755,0.32760659729441005,0.505456268787384,,,,0.00003,carepd_BMCLab_6fold_1,macro_f1_012,false,pretrain_v1_stats_train_clean.pt,runs/pretrain/amass_clean/medium_100ep/seed2/in_pkd__loss_pk/lightning_logs/version_0/checkpoints/epoch=99-step=11500.ckpt
amass_clean,medium_100ep,seed2,in_pkd__loss_pk,pkd,pk,carepd_cross_BMCLab_to_T-SDU-PD,cross,BMCLab,T-SDU-PD,1,0.27038270980119705,0.3605102797349294,0.42346057295799255,0.3638876974582672,0.27038270980119705,0.3605102797349294,0.42346057295799255,,,,0.00003,carepd_BMCLab_6fold_1,macro_f1_012,false,pretrain_v1_stats_train_clean.pt,runs/pretrain/amass_clean/medium_100ep/seed2/in_pkd__loss_pk/lightning_logs/version_0/checkpoints/epoch=99-step=11500.ckpt
amass_clean,medium_100ep,seed2,in_pkd__loss_pk,pkd,pk,carepd_cross_3DGait_to_T-SDU-PD,cross,3DGait,T-SDU-PD,1,0.1678840946406126,0.2238454595208168,0.38572511076927185,0.32137948274612427,0.1678840946406126,0.2238454595208168,0.38572511076927185,,,,0.00003,carepd_BMCLab_6fold_1,macro_f1_012,false,pretrain_v1_stats_train_clean.pt,runs/pretrain/amass_clean/medium_100ep/seed2/in_pkd__loss_pk/lightning_logs/version_0/checkpoints/epoch=99-step=11500.ckpt
amass_clean,medium_100ep,seed42,in_pkd__loss_pk,pkd,pk,carepd_cross_BMCLab_to_T-SDU-PD,cross,BMCLab,T-SDU-PD,1,0.1528740245848894,0.20383203277985254,0.4120263159275055,0.3358556628227234,0.1528740245848894,0.20383203277985254,0.4120263159275055,,,,3e-6,carepd_BMCLab_6fold_1,macro_f1_012,false,pretrain_v1_stats_train_clean.pt,runs/pretrain/amass_clean/medium_100ep/seed42/in_pkd__loss_pk/lightning_logs/version_0/checkpoints/epoch=99-step=11500.ckpt
amass_clean,medium_100ep,seed42,in_pkd__loss_pk,pkd,pk,carepd_cross_PD-GaM_to_T-SDU-PD,cross,PD-GaM,T-SDU-PD,1,0.1851087799295783,0.24681170657277107,0.4170958697795868,0.4225853979587555,0.1851087799295783,0.24681170657277107,0.4170958697795868,,,,3e-6,carepd_BMCLab_6fold_1,macro_f1_012,false,pretrain_v1_stats_train_clean.pt,runs/pretrain/amass_clean/medium_100ep/seed42/in_pkd__loss_pk/lightning_logs/version_0/checkpoints/epoch=99-step=11500.ckpt
amass_clean,medium_100ep,seed42,in_pkd__loss_pk,pkd,pk,carepd_cross_3DGait_to_T-SDU-PD,cross,3DGait,T-SDU-PD,1,0.2296464443206787,0.3061952590942383,0.44646644592285156,0.34833672642707825,0.2296464443206787,0.3061952590942383,0.44646644592285156,,,,3e-6,carepd_BMCLab_6fold_1,macro_f1_012,false,pretrain_v1_stats_train_clean.pt,runs/pretrain/amass_clean/medium_100ep/seed42/in_pkd__loss_pk/lightning_logs/version_0/checkpoints/epoch=99-step=11500.ckpt
amass_clean,medium_100ep,seed1,in_pkd__loss_pkd,pkd,pkd,carepd_cross_PD-GaM_to_T-SDU-PD,cross,PD-GaM,T-SDU-PD,1,0.29770251363515854,0.39693668484687805,0.5199490189552307,0.5216634273529053,0.29770251363515854,0.39693668484687805,0.5199490189552307,,,,0.0003,carepd_BMCLab_6fold_1,macro_f1_012,false,pretrain_v1_stats_train_clean.pt,runs/pretrain/amass_clean/medium_100ep/seed1/in_pkd__loss_pkd/lightning_logs/version_0/checkpoints/epoch=99-step=11500.ckpt
amass_clean,medium_100ep,seed1,in_pkd__loss_pkd,pkd,pkd,carepd_cross_BMCLab_to_T-SDU-PD,cross,BMCLab,T-SDU-PD,1,0.1966555630788207,0.2622074174384276,0.4549693763256073,0.3756542205810547,0.1966555630788207,0.2622074174384276,0.4549693763256073,,,,0.0003,carepd_BMCLab_6fold_1,macro_f1_012,false,pretrain_v1_stats_train_clean.pt,runs/pretrain/amass_clean/medium_100ep/seed1/in_pkd__loss_pkd/lightning_logs/version_0/checkpoints/epoch=99-step=11500.ckpt
amass_clean,medium_100ep,seed1,in_pkd__loss_pkd,pkd,pkd,carepd_cross_3DGait_to_T-SDU-PD,cross,3DGait,T-SDU-PD,1,0.13439619354903698,0.17919492473204932,0.4209274351596832,0.3169635236263275,0.13439619354903698,0.17919492473204932,0.4209274351596832,,,,0.0003,carepd_BMCLab_6fold_1,macro_f1_012,false,pretrain_v1_stats_train_clean.pt,runs/pretrain/amass_clean/medium_100ep/seed1/in_pkd__loss_pkd/lightning_logs/version_0/checkpoints/epoch=99-step=11500.ckpt
amass_clean,medium_100ep,seed2,in_pkd__loss_pkd,pkd,pkd,carepd_cross_PD-GaM_to_T-SDU-PD,cross,PD-GaM,T-SDU-PD,1,0.2923820950090885,0.38984279334545135,0.50367671251297,0.5061532855033875,0.2923820950090885,0.38984279334545135,0.50367671251297,,,,0.0001,carepd_BMCLab_6fold_1,macro_f1_012,false,pretrain_v1_stats_train_clean.pt,runs/pretrain/amass_clean/medium_100ep/seed2/in_pkd__loss_pkd/lightning_logs/version_0/checkpoints/epoch=99-step=11500.ckpt
amass_clean,medium_100ep,seed2,in_pkd__loss_pkd,pkd,pkd,carepd_cross_BMCLab_to_T-SDU-PD,cross,BMCLab,T-SDU-PD,1,0.256769934669137,0.34235991289218265,0.4513726234436035,0.44196298718452454,0.256769934669137,0.34235991289218265,0.4513726234436035,,,,0.0001,carepd_BMCLab_6fold_1,macro_f1_012,false,pretrain_v1_stats_train_clean.pt,runs/pretrain/amass_clean/medium_100ep/seed2/in_pkd__loss_pkd/lightning_logs/version_0/checkpoints/epoch=99-step=11500.ckpt
amass_clean,medium_100ep,seed2,in_pkd__loss_pkd,pkd,pkd,carepd_cross_3DGait_to_T-SDU-PD,cross,3DGait,T-SDU-PD,1,0.13018460758030415,0.17357947677373886,0.40169385075569153,0.3003954291343689,0.13018460758030415,0.17357947677373886,0.40169385075569153,,,,0.0001,carepd_BMCLab_6fold_1,macro_f1_012,false,pretrain_v1_stats_train_clean.pt,runs/pretrain/amass_clean/medium_100ep/seed2/in_pkd__loss_pkd/lightning_logs/version_0/checkpoints/epoch=99-step=11500.ckpt
amass_clean,medium_100ep,seed42,in_pkd__loss_pkd,pkd,pkd,carepd_cross_PD-GaM_to_T-SDU-PD,cross,PD-GaM,T-SDU-PD,1,0.24534595385193825,0.327127938469251,0.5032331943511963,0.5133901238441467,0.24534595385193825,0.327127938469251,0.5032331943511963,,,,0.00003,carepd_BMCLab_6fold_1,macro_f1_012,false,pretrain_v1_stats_train_clean.pt,runs/pretrain/amass_clean/medium_100ep/seed42/in_pkd__loss_pkd/lightning_logs/version_0/checkpoints/epoch=99-step=11500.ckpt
amass_clean,medium_100ep,seed42,in_pkd__loss_pkd,pkd,pkd,carepd_cross_BMCLab_to_T-SDU-PD,cross,BMCLab,T-SDU-PD,1,0.30330393090844154,0.4044052412112554,0.45355424284935,0.463474303483963,0.30330393090844154,0.4044052412112554,0.45355424284935,,,,0.00003,carepd_BMCLab_6fold_1,macro_f1_012,false,pretrain_v1_stats_train_clean.pt,runs/pretrain/amass_clean/medium_100ep/seed42/in_pkd__loss_pkd/lightning_logs/version_0/checkpoints/epoch=99-step=11500.ckpt
amass_clean,medium_100ep,seed42,in_pkd__loss_pkd,pkd,pkd,carepd_cross_3DGait_to_T-SDU-PD,cross,3DGait,T-SDU-PD,1,0.1367840003222227,0.18237866709629694,0.3919806480407715,0.3023686110973358,0.1367840003222227,0.18237866709629694,0.3919806480407715,,,,0.00003,carepd_BMCLab_6fold_1,macro_f1_012,false,pretrain_v1_stats_train_clean.pt,runs/pretrain/amass_clean/medium_100ep/seed42/in_pkd__loss_pkd/lightning_logs/version_0/checkpoints/epoch=99-step=11500.ckpt
amass_clean,medium_100ep,seed1,in_p__loss_p,p,p,carepd_lodo_3DGait,lodo,the other three,3DGait,1,0.22182655707001686,0.24814969301223755,0.42528045177459717,0.32581353187561035,0.22182655707001686,0.24814969301223755,0.42528045177459717,,,,3e-6,carepd_BMCLab_6fold_1,macro_f1_012,false,pretrain_v1_stats_train_clean.pt,runs/pretrain/amass_clean/medium_100ep/seed1/in_p__loss_p/lightning_logs/version_0/checkpoints/epoch=94-step=10925.ckpt
amass_clean,medium_100ep,seed2,in_p__loss_p,p,p,carepd_lodo_3DGait,lodo,the other three,3DGait,1,0.34501879289746284,0.3266917218764623,0.40690311789512634,0.33158794045448303,0.34501879289746284,0.3266917218764623,0.40690311789512634,,,,0.0003,carepd_BMCLab_6fold_1,macro_f1_012,false,pretrain_v1_stats_train_clean.pt,runs/pretrain/amass_clean/medium_100ep/seed2/in_p__loss_p/lightning_logs/version_0/checkpoints/epoch=99-step=11500.ckpt
amass_clean,medium_100ep,seed42,in_p__loss_p,p,p,carepd_lodo_3DGait,lodo,the other three,3DGait,1,0.3379584960639477,0.32561132808526355,0.47057703137397766,0.3406904339790344,0.3379584960639477,0.32561132808526355,0.47057703137397766,,,,0.00003,carepd_BMCLab_6fold_1,macro_f1_012,false,pretrain_v1_stats_train_clean.pt,runs/pretrain/amass_clean/medium_100ep/seed42/in_p__loss_p/lightning_logs/version_0/checkpoints/epoch=94-step=10925.ckpt
amass_clean,medium_100ep,seed1,in_p__loss_pk,p,pk,carepd_lodo_3DGait,lodo,the other three,3DGait,1,0.263681598007679,0.35157546401023865,0.4338352084159851,0.32189610600471497,0.263681598007679,0.35157546401023865,0.4338352084159851,,,,0.00001,carepd_BMCLab_6fold_1,macro_f1_012,false,pretrain_v1_stats_train_clean.pt,runs/pretrain/amass_clean/medium_100ep/seed1/in_p__loss_pk/lightning_logs/version_0/checkpoints/epoch=99-step=11500.ckpt
amass_clean,medium_100ep,seed2,in_p__loss_pk,p,pk,carepd_lodo_3DGait,lodo,the other three,3DGait,1,0.2842278778553009,0.37897050380706787,0.4736461639404297,0.33562004566192627,0.2842278778553009,0.37897050380706787,0.4736461639404297,,,,3e-6,carepd_BMCLab_6fold_1,macro_f1_012,false,pretrain_v1_stats_train_clean.pt,runs/pretrain/amass_clean/medium_100ep/seed2/in_p__loss_pk/lightning_logs/version_0/checkpoints/epoch=99-step=11500.ckpt
amass_clean,medium_100ep,seed42,in_p__loss_pk,p,pk,carepd_lodo_3DGait,lodo,the other three,3DGait,1,0.3291914202272892,0.387639840443929,0.48332202434539795,0.3642912805080414,0.3291914202272892,0.387639840443929,0.48332202434539795,,,,0.0001,carepd_BMCLab_6fold_1,macro_f1_012,false,pretrain_v1_stats_train_clean.pt,runs/pretrain/amass_clean/medium_100ep/seed42/in_p__loss_pk/lightning_logs/version_0/checkpoints/epoch=99-step=11500.ckpt
amass_clean,medium_100ep,seed1,in_p__loss_pkd,p,pkd,carepd_lodo_3DGait,lodo,the other three,3DGait,1,0.30809295177459717,0.4107906023661296,0.45460373163223267,0.3519255518913269,0.30809295177459717,0.4107906023661296,0.45460373163223267,,,,3e-6,carepd_BMCLab_6fold_1,macro_f1_012,false,pretrain_v1_stats_train_clean.pt,runs/pretrain/amass_clean/medium_100ep/seed1/in_p__loss_pkd/lightning_logs/version_0/checkpoints/epoch=99-step=11500.ckpt
amass_clean,medium_100ep,seed2,in_p__loss_pkd,p,pkd,carepd_lodo_3DGait,lodo,the other three,3DGait,1,0.279691144824028,0.37292152643203735,0.4549226462841034,0.33829641342163086,0.279691144824028,0.37292152643203735,0.4549226462841034,,,,0.00001,carepd_BMCLab_6fold_1,macro_f1_012,false,pretrain_v1_stats_train_clean.pt,runs/pretrain/amass_clean/medium_100ep/seed2/in_p__loss_pkd/lightning_logs/version_0/checkpoints/epoch=99-step=11500.ckpt
amass_clean,medium_100ep,seed42,in_p__loss_pkd,p,pkd,carepd_lodo_3DGait,lodo,the other three,3DGait,1,0.30469169840216637,0.3456495354572932,0.4605367183685303,0.32174450159072876,0.30469169840216637,0.3456495354572932,0.4605367183685303,,,,0.0003,carepd_BMCLab_6fold_1,macro_f1_012,false,pretrain_v1_stats_train_clean.pt,runs/pretrain/amass_clean/medium_100ep/seed42/in_p__loss_pkd/lightning_logs/version_0/checkpoints/epoch=99-step=11500.ckpt
amass_clean,medium_100ep,seed1,in_pk__loss_p,pk,p,carepd_lodo_3DGait,lodo,the other three,3DGait,1,0.19859766960144043,0.2647968928019206,0.4108026921749115,0.32450950145721436,0.19859766960144043,0.2647968928019206,0.4108026921749115,,,,3e-6,carepd_BMCLab_6fold_1,macro_f1_012,false,pretrain_v1_stats_train_clean.pt,runs/pretrain/amass_clean/medium_100ep/seed1/in_pk__loss_p/lightning_logs/version_0/checkpoints/epoch=94-step=10925.ckpt
amass_clean,medium_100ep,seed2,in_pk__loss_p,pk,p,carepd_lodo_3DGait,lodo,the other three,3DGait,1,0.23824670910835266,0.3176622788111369,0.4031867980957031,0.3309813141822815,0.23824670910835266,0.3176622788111369,0.4031867980957031,,,,3e-6,carepd_BMCLab_6fold_1,macro_f1_012,false,pretrain_v1_stats_train_clean.pt,runs/pretrain/amass_clean/medium_100ep/seed2/in_pk__loss_p/lightning_logs/version_0/checkpoints/epoch=99-step=11500.ckpt
amass_clean,medium_100ep,seed42,in_pk__loss_p,pk,p,carepd_lodo_3DGait,lodo,the other three,3DGait,1,0.2365022748708725,0.31533636649449664,0.40481364727020264,0.34057146310806274,0.2365022748708725,0.31533636649449664,0.40481364727020264,,,,3e-6,carepd_BMCLab_6fold_1,macro_f1_012,false,pretrain_v1_stats_train_clean.pt,runs/pretrain/amass_clean/medium_100ep/seed42/in_pk__loss_p/lightning_logs/version_0/checkpoints/epoch=94-step=10925.ckpt
amass_clean,medium_100ep,seed1,in_pk__loss_pk,pk,pk,carepd_lodo_3DGait,lodo,the other three,3DGait,1,0.30384058505296707,0.40512078007062274,0.4097357988357544,0.3310145437717438,0.30384058505296707,0.40512078007062274,0.4097357988357544,,,,0.00001,carepd_BMCLab_6fold_1,macro_f1_012,false,pretrain_v1_stats_train_clean.pt,runs/pretrain/amass_clean/medium_100ep/seed1/in_pk__loss_pk/lightning_logs/version_0/checkpoints/epoch=99-step=11500.ckpt
amass_clean,medium_100ep,seed2,in_pk__loss_pk,pk,pk,carepd_lodo_3DGait,lodo,the other three,3DGait,1,0.3483201675117016,0.408871332804362,0.4456741213798523,0.33190056681632996,0.3483201675117016,0.408871332804362,0.4456741213798523,,,,3e-6,carepd_BMCLab_6fold_1,macro_f1_012,false,pretrain_v1_stats_train_clean.pt,runs/pretrain/amass_clean/medium_100ep/seed2/in_pk__loss_pk/lightning_logs/version_0/checkpoints/epoch=99-step=11500.ckpt
amass_clean,medium_100ep,seed42,in_pk__loss_pk,pk,pk,carepd_lodo_3DGait,lodo,the other three,3DGait,1,0.1807356346398592,0.24098084618647894,0.45980894565582275,0.3432638645172119,0.1807356346398592,0.24098084618647894,0.45980894565582275,,,,0.00003,carepd_BMCLab_6fold_1,macro_f1_012,false,pretrain_v1_stats_train_clean.pt,runs/pretrain/amass_clean/medium_100ep/seed42/in_pk__loss_pk/lightning_logs/version_0/checkpoints/epoch=99-step=11500.ckpt
amass_clean,medium_100ep,seed1,in_pk__loss_pkd,pk,pkd,carepd_lodo_3DGait,lodo,the other three,3DGait,1,0.18561508506536484,0.2474867800871531,0.4295004904270172,0.3478608727455139,0.18561508506536484,0.2474867800871531,0.4295004904270172,,,,0.0003,carepd_BMCLab_6fold_1,macro_f1_012,false,pretrain_v1_stats_train_clean.pt,runs/pretrain/amass_clean/medium_100ep/seed1/in_pk__loss_pkd/lightning_logs/version_0/checkpoints/epoch=99-step=11500.ckpt
amass_clean,medium_100ep,seed2,in_pk__loss_pkd,pk,pkd,carepd_lodo_3DGait,lodo,the other three,3DGait,1,0.3062812350690365,0.35281942288080853,0.45715367794036865,0.32056304812431335,0.3062812350690365,0.35281942288080853,0.45715367794036865,,,,0.0001,carepd_BMCLab_6fold_1,macro_f1_012,false,pretrain_v1_stats_train_clean.pt,runs/pretrain/amass_clean/medium_100ep/seed2/in_pk__loss_pkd/lightning_logs/version_0/checkpoints/epoch=99-step=11500.ckpt
amass_clean,medium_100ep,seed42,in_pk__loss_pkd,pk,pkd,carepd_lodo_3DGait,lodo,the other three,3DGait,1,0.23445916175842285,0.26133016248544055,0.45166483521461487,0.3239791989326477,0.23445916175842285,0.26133016248544055,0.45166483521461487,,,,0.0003,carepd_BMCLab_6fold_1,macro_f1_012,false,pretrain_v1_stats_train_clean.pt,runs/pretrain/amass_clean/medium_100ep/seed42/in_pk__loss_pkd/lightning_logs/version_0/checkpoints/epoch=99-step=11500.ckpt
amass_clean,medium_100ep,seed1,in_pkd__loss_p,pkd,p,carepd_lodo_3DGait,lodo,the other three,3DGait,1,0.20676700212061405,0.27568933616081875,0.38679248094558716,0.3183499872684479,0.20676700212061405,0.27568933616081875,0.38679248094558716,,,,0.00001,carepd_BMCLab_6fold_1,macro_f1_012,false,pretrain_v1_stats_train_clean.pt,runs/pretrain/amass_clean/medium_100ep/seed1/in_pkd__loss_p/lightning_logs/version_0/checkpoints/epoch=99-step=11500.ckpt
amass_clean,medium_100ep,seed2,in_pkd__loss_p,pkd,p,carepd_lodo_3DGait,lodo,the other three,3DGait,1,0.3042493090033531,0.40566574533780414,0.4455382525920868,0.33759069442749023,0.3042493090033531,0.40566574533780414,0.4455382525920868,,,,3e-6,carepd_BMCLab_6fold_1,macro_f1_012,false,pretrain_v1_stats_train_clean.pt,runs/pretrain/amass_clean/medium_100ep/seed2/in_pkd__loss_p/lightning_logs/version_0/checkpoints/epoch=99-step=11500.ckpt
amass_clean,medium_100ep,seed42,in_pkd__loss_p,pkd,p,carepd_lodo_3DGait,lodo,the other three,3DGait,1,0.2271164059638977,0.3028218746185303,0.4546910524368286,0.3287498652935028,0.2271164059638977,0.3028218746185303,0.4546910524368286,,,,0.0003,carepd_BMCLab_6fold_1,macro_f1_012,false,pretrain_v1_stats_train_clean.pt,runs/pretrain/amass_clean/medium_100ep/seed42/in_pkd__loss_p/lightning_logs/version_0/checkpoints/epoch=94-step=10925.ckpt
amass_clean,medium_100ep,seed1,in_pkd__loss_pk,pkd,pk,carepd_lodo_3DGait,lodo,the other three,3DGait,1,0.17939293012022972,0.23919057349363962,0.46374672651290894,0.32264354825019836,0.17939293012022972,0.23919057349363962,0.46374672651290894,,,,0.00003,carepd_BMCLab_6fold_1,macro_f1_012,false,pretrain_v1_stats_train_clean.pt,runs/pretrain/amass_clean/medium_100ep/seed1/in_pkd__loss_pk/lightning_logs/version_0/checkpoints/epoch=99-step=11500.ckpt
amass_clean,medium_100ep,seed2,in_pkd__loss_pk,pkd,pk,carepd_lodo_3DGait,lodo,the other three,3DGait,1,0.23300150781869888,0.3106686770915985,0.44541963934898376,0.3238629698753357,0.23300150781869888,0.3106686770915985,0.44541963934898376,,,,0.00003,carepd_BMCLab_6fold_1,macro_f1_012,false,pretrain_v1_stats_train_clean.pt,runs/pretrain/amass_clean/medium_100ep/seed2/in_pkd__loss_pk/lightning_logs/version_0/checkpoints/epoch=99-step=11500.ckpt
amass_clean,medium_100ep,seed42,in_pkd__loss_pk,pkd,pk,carepd_lodo_3DGait,lodo,the other three,3DGait,1,0.2302360087633133,0.30698134501775104,0.4316118657588959,0.32072851061820984,0.2302360087633133,0.30698134501775104,0.4316118657588959,,,,3e-6,carepd_BMCLab_6fold_1,macro_f1_012,false,pretrain_v1_stats_train_clean.pt,runs/pretrain/amass_clean/medium_100ep/seed42/in_pkd__loss_pk/lightning_logs/version_0/checkpoints/epoch=99-step=11500.ckpt
amass_clean,medium_100ep,seed1,in_pkd__loss_pkd,pkd,pkd,carepd_lodo_3DGait,lodo,the other three,3DGait,1,0.23272888362407684,0.3103051781654358,0.5154616832733154,0.3276423215866089,0.23272888362407684,0.3103051781654358,0.5154616832733154,,,,0.0003,carepd_BMCLab_6fold_1,macro_f1_012,false,pretrain_v1_stats_train_clean.pt,runs/pretrain/amass_clean/medium_100ep/seed1/in_pkd__loss_pkd/lightning_logs/version_0/checkpoints/epoch=99-step=11500.ckpt
amass_clean,medium_100ep,seed2,in_pkd__loss_pkd,pkd,pkd,carepd_lodo_3DGait,lodo,the other three,3DGait,1,0.2543313726782799,0.33910849690437317,0.48147058486938477,0.32814276218414307,0.2543313726782799,0.33910849690437317,0.48147058486938477,,,,0.0001,carepd_BMCLab_6fold_1,macro_f1_012,false,pretrain_v1_stats_train_clean.pt,runs/pretrain/amass_clean/medium_100ep/seed2/in_pkd__loss_pkd/lightning_logs/version_0/checkpoints/epoch=99-step=11500.ckpt
amass_clean,medium_100ep,seed42,in_pkd__loss_pkd,pkd,pkd,carepd_lodo_3DGait,lodo,the other three,3DGait,1,0.22741452232003212,0.30321936309337616,0.43083876371383667,0.3100275695323944,0.22741452232003212,0.30321936309337616,0.43083876371383667,,,,0.00003,carepd_BMCLab_6fold_1,macro_f1_012,false,pretrain_v1_stats_train_clean.pt,runs/pretrain/amass_clean/medium_100ep/seed42/in_pkd__loss_pkd/lightning_logs/version_0/checkpoints/epoch=99-step=11500.ckpt
amass_clean,medium_100ep,seed1,in_p__loss_p,p,p,carepd_lodo_BMCLab,lodo,the other three,BMCLab,1,0.33257053047418594,0.44342737396558124,0.5307208895683289,0.41693776845932007,0.33257053047418594,0.44342737396558124,0.5307208895683289,,,,3e-6,carepd_BMCLab_6fold_1,macro_f1_012,false,pretrain_v1_stats_train_clean.pt,runs/pretrain/amass_clean/medium_100ep/seed1/in_p__loss_p/lightning_logs/version_0/checkpoints/epoch=94-step=10925.ckpt
amass_clean,medium_100ep,seed2,in_p__loss_p,p,p,carepd_lodo_BMCLab,lodo,the other three,BMCLab,1,0.3503052368760109,0.4670736491680145,0.5190562605857849,0.4170471429824829,0.3503052368760109,0.4670736491680145,0.5190562605857849,,,,0.0003,carepd_BMCLab_6fold_1,macro_f1_012,false,pretrain_v1_stats_train_clean.pt,runs/pretrain/amass_clean/medium_100ep/seed2/in_p__loss_p/lightning_logs/version_0/checkpoints/epoch=99-step=11500.ckpt
amass_clean,medium_100ep,seed42,in_p__loss_p,p,p,carepd_lodo_BMCLab,lodo,the other three,BMCLab,1,0.3428114205598831,0.4570818940798442,0.5365798473358154,0.5367767810821533,0.3428114205598831,0.4570818940798442,0.5365798473358154,,,,0.00003,carepd_BMCLab_6fold_1,macro_f1_012,false,pretrain_v1_stats_train_clean.pt,runs/pretrain/amass_clean/medium_100ep/seed42/in_p__loss_p/lightning_logs/version_0/checkpoints/epoch=94-step=10925.ckpt
amass_clean,medium_100ep,seed1,in_p__loss_pk,p,pk,carepd_lodo_BMCLab,lodo,the other three,BMCLab,1,0.34934721887111664,0.4657962918281555,0.5193546414375305,0.551014244556427,0.34934721887111664,0.4657962918281555,0.5193546414375305,,,,0.00001,carepd_BMCLab_6fold_1,macro_f1_012,false,pretrain_v1_stats_train_clean.pt,runs/pretrain/amass_clean/medium_100ep/seed1/in_p__loss_pk/lightning_logs/version_0/checkpoints/epoch=99-step=11500.ckpt
amass_clean,medium_100ep,seed2,in_p__loss_pk,p,pk,carepd_lodo_BMCLab,lodo,the other three,BMCLab,1,0.41075072437524796,0.5476676325003306,0.5787162780761719,0.5895988345146179,0.41075072437524796,0.5476676325003306,0.5787162780761719,,,,3e-6,carepd_BMCLab_6fold_1,macro_f1_012,false,pretrain_v1_stats_train_clean.pt,runs/pretrain/amass_clean/medium_100ep/seed2/in_p__loss_pk/lightning_logs/version_0/checkpoints/epoch=99-step=11500.ckpt
amass_clean,medium_100ep,seed42,in_p__loss_pk,p,pk,carepd_lodo_BMCLab,lodo,the other three,BMCLab,1,0.1807455662637949,0.24099408835172653,0.4646880626678467,0.3280653953552246,0.1807455662637949,0.24099408835172653,0.4646880626678467,,,,0.0001,carepd_BMCLab_6fold_1,macro_f1_012,false,pretrain_v1_stats_train_clean.pt,runs/pretrain/amass_clean/medium_100ep/seed42/in_p__loss_pk/lightning_logs/version_0/checkpoints/epoch=99-step=11500.ckpt
amass_clean,medium_100ep,seed1,in_p__loss_pkd,p,pkd,carepd_lodo_BMCLab,lodo,the other three,BMCLab,1,0.28545569255948067,0.38060759007930756,0.5644121170043945,0.483120322227478,0.28545569255948067,0.38060759007930756,0.5644121170043945,,,,3e-6,carepd_BMCLab_6fold_1,macro_f1_012,false,pretrain_v1_stats_train_clean.pt,runs/pretrain/amass_clean/medium_100ep/seed1/in_p__loss_pkd/lightning_logs/version_0/checkpoints/epoch=99-step=11500.ckpt
amass_clean,medium_100ep,seed2,in_p__loss_pkd,p,pkd,carepd_lodo_BMCLab,lodo,the other three,BMCLab,1,0.3303314745426178,0.44044196605682373,0.47737088799476624,0.4509224593639374,0.3303314745426178,0.44044196605682373,0.47737088799476624,,,,0.00001,carepd_BMCLab_6fold_1,macro_f1_012,false,pretrain_v1_stats_train_clean.pt,runs/pretrain/amass_clean/medium_100ep/seed2/in_p__loss_pkd/lightning_logs/version_0/checkpoints/epoch=99-step=11500.ckpt
amass_clean,medium_100ep,seed42,in_p__loss_pkd,p,pkd,carepd_lodo_BMCLab,lodo,the other three,BMCLab,1,0.3912460654973984,0.5216614206631979,0.5739488005638123,0.5576403141021729,0.3912460654973984,0.5216614206631979,0.5739488005638123,,,,0.0003,carepd_BMCLab_6fold_1,macro_f1_012,false,pretrain_v1_stats_train_clean.pt,runs/pretrain/amass_clean/medium_100ep/seed42/in_p__loss_pkd/lightning_logs/version_0/checkpoints/epoch=99-step=11500.ckpt
amass_clean,medium_100ep,seed1,in_pk__loss_p,pk,p,carepd_lodo_BMCLab,lodo,the other three,BMCLab,1,0.3786490336060524,0.5048653781414032,0.5525134205818176,0.45608893036842346,0.3786490336060524,0.5048653781414032,0.5525134205818176,,,,3e-6,carepd_BMCLab_6fold_1,macro_f1_012,false,pretrain_v1_stats_train_clean.pt,runs/pretrain/amass_clean/medium_100ep/seed1/in_pk__loss_p/lightning_logs/version_0/checkpoints/epoch=94-step=10925.ckpt
amass_clean,medium_100ep,seed2,in_pk__loss_p,pk,p,carepd_lodo_BMCLab,lodo,the other three,BMCLab,1,0.39941925555467606,0.5325590074062347,0.5555458664894104,0.5663694739341736,0.39941925555467606,0.5325590074062347,0.5555458664894104,,,,3e-6,carepd_BMCLab_6fold_1,macro_f1_012,false,pretrain_v1_stats_train_clean.pt,runs/pretrain/amass_clean/medium_100ep/seed2/in_pk__loss_p/lightning_logs/version_0/checkpoints/epoch=99-step=11500.ckpt
amass_clean,medium_100ep,seed42,in_pk__loss_p,pk,p,carepd_lodo_BMCLab,lodo,the other three,BMCLab,1,0.2645062804222107,0.3526750405629476,0.5194700360298157,0.36079713702201843,0.2645062804222107,0.3526750405629476,0.5194700360298157,,,,3e-6,carepd_BMCLab_6fold_1,macro_f1_012,false,pretrain_v1_stats_train_clean.pt,runs/pretrain/amass_clean/medium_100ep/seed42/in_pk__loss_p/lightning_logs/version_0/checkpoints/epoch=94-step=10925.ckpt
amass_clean,medium_100ep,seed1,in_pk__loss_pk,pk,pk,carepd_lodo_BMCLab,lodo,the other three,BMCLab,1,0.35127202421426773,0.468362698952357,0.5626974701881409,0.4811495840549469,0.35127202421426773,0.468362698952357,0.5626974701881409,,,,0.00001,carepd_BMCLab_6fold_1,macro_f1_012,false,pretrain_v1_stats_train_clean.pt,runs/pretrain/amass_clean/medium_100ep/seed1/in_pk__loss_pk/lightning_logs/version_0/checkpoints/epoch=99-step=11500.ckpt
amass_clean,medium_100ep,seed2,in_pk__loss_pk,pk,pk,carepd_lodo_BMCLab,lodo,the other three,BMCLab,1,0.19586067646741867,0.2611475686232249,0.592097282409668,0.40729662775993347,0.19586067646741867,0.2611475686232249,0.592097282409668,,,,3e-6,carepd_BMCLab_6fold_1,macro_f1_012,false,pretrain_v1_stats_train_clean.pt,runs/pretrain/amass_clean/medium_100ep/seed2/in_pk__loss_pk/lightning_logs/version_0/checkpoints/epoch=99-step=11500.ckpt
amass_clean,medium_100ep,seed42,in_pk__loss_pk,pk,pk,carepd_lodo_BMCLab,lodo,the other three,BMCLab,1,0.3396828919649124,0.45291052261988324,0.49245718121528625,0.3939851224422455,0.3396828919649124,0.45291052261988324,0.49245718121528625,,,,0.00003,carepd_BMCLab_6fold_1,macro_f1_012,false,pretrain_v1_stats_train_clean.pt,runs/pretrain/amass_clean/medium_100ep/seed42/in_pk__loss_pk/lightning_logs/version_0/checkpoints/epoch=99-step=11500.ckpt
amass_clean,medium_100ep,seed1,in_pk__loss_pkd,pk,pkd,carepd_lodo_BMCLab,lodo,the other three,BMCLab,1,0.32359427958726883,0.4314590394496918,0.5351422429084778,0.5534019470214844,0.32359427958726883,0.4314590394496918,0.5351422429084778,,,,0.0003,carepd_BMCLab_6fold_1,macro_f1_012,false,pretrain_v1_stats_train_clean.pt,runs/pretrain/amass_clean/medium_100ep/seed1/in_pk__loss_pkd/lightning_logs/version_0/checkpoints/epoch=99-step=11500.ckpt
amass_clean,medium_100ep,seed2,in_pk__loss_pkd,pk,pkd,carepd_lodo_BMCLab,lodo,the other three,BMCLab,1,0.3154740408062935,0.4206320544083913,0.4527188241481781,0.4405270516872406,0.3154740408062935,0.4206320544083913,0.4527188241481781,,,,0.0001,carepd_BMCLab_6fold_1,macro_f1_012,false,pretrain_v1_stats_train_clean.pt,runs/pretrain/amass_clean/medium_100ep/seed2/in_pk__loss_pkd/lightning_logs/version_0/checkpoints/epoch=99-step=11500.ckpt
amass_clean,medium_100ep,seed42,in_pk__loss_pkd,pk,pkd,carepd_lodo_BMCLab,lodo,the other three,BMCLab,1,0.3596508875489235,0.479534516731898,0.5848526358604431,0.5058549642562866,0.3596508875489235,0.479534516731898,0.5848526358604431,,,,0.0003,carepd_BMCLab_6fold_1,macro_f1_012,false,pretrain_v1_stats_train_clean.pt,runs/pretrain/amass_clean/medium_100ep/seed42/in_pk__loss_pkd/lightning_logs/version_0/checkpoints/epoch=99-step=11500.ckpt
amass_clean,medium_100ep,seed1,in_pkd__loss_p,pkd,p,carepd_lodo_BMCLab,lodo,the other three,BMCLab,1,0.31483402475714684,0.4197786996761958,0.4670257866382599,0.43572431802749634,0.31483402475714684,0.4197786996761958,0.4670257866382599,,,,0.00001,carepd_BMCLab_6fold_1,macro_f1_012,false,pretrain_v1_stats_train_clean.pt,runs/pretrain/amass_clean/medium_100ep/seed1/in_pkd__loss_p/lightning_logs/version_0/checkpoints/epoch=99-step=11500.ckpt
amass_clean,medium_100ep,seed2,in_pkd__loss_p,pkd,p,carepd_lodo_BMCLab,lodo,the other three,BMCLab,1,0.29994408786296844,0.39992545048395794,0.4532493054866791,0.3697899580001831,0.29994408786296844,0.39992545048395794,0.4532493054866791,,,,3e-6,carepd_BMCLab_6fold_1,macro_f1_012,false,pretrain_v1_stats_train_clean.pt,runs/pretrain/amass_clean/medium_100ep/seed2/in_pkd__loss_p/lightning_logs/version_0/checkpoints/epoch=99-step=11500.ckpt
amass_clean,medium_100ep,seed42,in_pkd__loss_p,pkd,p,carepd_lodo_BMCLab,lodo,the other three,BMCLab,1,0.37684641778469086,0.5024618903795878,0.4971823990345001,0.48866328597068787,0.37684641778469086,0.5024618903795878,0.4971823990345001,,,,0.0003,carepd_BMCLab_6fold_1,macro_f1_012,false,pretrain_v1_stats_train_clean.pt,runs/pretrain/amass_clean/medium_100ep/seed42/in_pkd__loss_p/lightning_logs/version_0/checkpoints/epoch=94-step=10925.ckpt
amass_clean,medium_100ep,seed1,in_pkd__loss_pk,pkd,pk,carepd_lodo_BMCLab,lodo,the other three,BMCLab,1,0.33804192394018173,0.4507225652535756,0.46094629168510437,0.4297427535057068,0.33804192394018173,0.4507225652535756,0.46094629168510437,,,,0.00003,carepd_BMCLab_6fold_1,macro_f1_012,false,pretrain_v1_stats_train_clean.pt,runs/pretrain/amass_clean/medium_100ep/seed1/in_pkd__loss_pk/lightning_logs/version_0/checkpoints/epoch=99-step=11500.ckpt
amass_clean,medium_100ep,seed2,in_pkd__loss_pk,pkd,pk,carepd_lodo_BMCLab,lodo,the other three,BMCLab,1,0.31639554258435965,0.4218607234458129,0.6360480189323425,0.5833346843719482,0.31639554258435965,0.4218607234458129,0.6360480189323425,,,,0.00003,carepd_BMCLab_6fold_1,macro_f1_012,false,pretrain_v1_stats_train_clean.pt,runs/pretrain/amass_clean/medium_100ep/seed2/in_pkd__loss_pk/lightning_logs/version_0/checkpoints/epoch=99-step=11500.ckpt
amass_clean,medium_100ep,seed42,in_pkd__loss_pk,pkd,pk,carepd_lodo_BMCLab,lodo,the other three,BMCLab,1,0.17048292607069016,0.22731056809425354,0.5154017806053162,0.2337888479232788,0.17048292607069016,0.22731056809425354,0.5154017806053162,,,,3e-6,carepd_BMCLab_6fold_1,macro_f1_012,false,pretrain_v1_stats_train_clean.pt,runs/pretrain/amass_clean/medium_100ep/seed42/in_pkd__loss_pk/lightning_logs/version_0/checkpoints/epoch=99-step=11500.ckpt
amass_clean,medium_100ep,seed1,in_pkd__loss_pkd,pkd,pkd,carepd_lodo_BMCLab,lodo,the other three,BMCLab,1,0.15627080760896206,0.2083610768119494,0.504729151725769,0.34321171045303345,0.15627080760896206,0.2083610768119494,0.504729151725769,,,,0.0003,carepd_BMCLab_6fold_1,macro_f1_012,false,pretrain_v1_stats_train_clean.pt,runs/pretrain/amass_clean/medium_100ep/seed1/in_pkd__loss_pkd/lightning_logs/version_0/checkpoints/epoch=99-step=11500.ckpt
amass_clean,medium_100ep,seed2,in_pkd__loss_pkd,pkd,pkd,carepd_lodo_BMCLab,lodo,the other three,BMCLab,1,0.21453551575541496,0.2860473543405533,0.5912442803382874,0.4030449390411377,0.21453551575541496,0.2860473543405533,0.5912442803382874,,,,0.0001,carepd_BMCLab_6fold_1,macro_f1_012,false,pretrain_v1_stats_train_clean.pt,runs/pretrain/amass_clean/medium_100ep/seed2/in_pkd__loss_pkd/lightning_logs/version_0/checkpoints/epoch=99-step=11500.ckpt
amass_clean,medium_100ep,seed42,in_pkd__loss_pkd,pkd,pkd,carepd_lodo_BMCLab,lodo,the other three,BMCLab,1,0.20048556104302406,0.26731408139069873,0.4741798937320709,0.3558366000652313,0.20048556104302406,0.26731408139069873,0.4741798937320709,,,,0.00003,carepd_BMCLab_6fold_1,macro_f1_012,false,pretrain_v1_stats_train_clean.pt,runs/pretrain/amass_clean/medium_100ep/seed42/in_pkd__loss_pkd/lightning_logs/version_0/checkpoints/epoch=99-step=11500.ckpt
amass_clean,medium_100ep,seed1,in_p__loss_p,p,p,carepd_lodo_PD-GaM,lodo,the other three,PD-GaM,1,0.4869377166032791,0.450668732325236,0.6218991279602051,0.6465020179748535,0.4869377166032791,0.450668732325236,0.6218991279602051,,,,3e-6,carepd_BMCLab_6fold_1,macro_f1_012,false,pretrain_v1_stats_train_clean.pt,runs/pretrain/amass_clean/medium_100ep/seed1/in_p__loss_p/lightning_logs/version_0/checkpoints/epoch=94-step=10925.ckpt
amass_clean,medium_100ep,seed2,in_p__loss_p,p,p,carepd_lodo_PD-GaM,lodo,the other three,PD-GaM,1,0.4710578881204128,0.41039011379082996,0.6427276134490967,0.6332857608795166,0.4710578881204128,0.41039011379082996,0.6427276134490967,,,,0.0003,carepd_BMCLab_6fold_1,macro_f1_012,false,pretrain_v1_stats_train_clean.pt,runs/pretrain/amass_clean/medium_100ep/seed2/in_p__loss_p/lightning_logs/version_0/checkpoints/epoch=99-step=11500.ckpt
amass_clean,medium_100ep,seed42,in_p__loss_p,p,p,carepd_lodo_PD-GaM,lodo,the other three,PD-GaM,1,0.42462821304798126,0.4421399434407552,0.5071220993995667,0.5340948104858398,0.42462821304798126,0.4421399434407552,0.5071220993995667,,,,0.00003,carepd_BMCLab_6fold_1,macro_f1_012,false,pretrain_v1_stats_train_clean.pt,runs/pretrain/amass_clean/medium_100ep/seed42/in_p__loss_p/lightning_logs/version_0/checkpoints/epoch=94-step=10925.ckpt
amass_clean,medium_100ep,seed1,in_p__loss_pk,p,pk,carepd_lodo_PD-GaM,lodo,the other three,PD-GaM,1,0.25527244061231613,0.3403632541497548,0.34688249230384827,0.3876369595527649,0.25527244061231613,0.3403632541497548,0.34688249230384827,,,,0.00001,carepd_BMCLab_6fold_1,macro_f1_012,false,pretrain_v1_stats_train_clean.pt,runs/pretrain/amass_clean/medium_100ep/seed1/in_p__loss_pk/lightning_logs/version_0/checkpoints/epoch=99-step=11500.ckpt
amass_clean,medium_100ep,seed2,in_p__loss_pk,p,pk,carepd_lodo_PD-GaM,lodo,the other three,PD-GaM,1,0.36092379223555326,0.46734283367792767,0.4490467607975006,0.586210310459137,0.36092379223555326,0.46734283367792767,0.4490467607975006,,,,3e-6,carepd_BMCLab_6fold_1,macro_f1_012,false,pretrain_v1_stats_train_clean.pt,runs/pretrain/amass_clean/medium_100ep/seed2/in_p__loss_pk/lightning_logs/version_0/checkpoints/epoch=99-step=11500.ckpt
amass_clean,medium_100ep,seed42,in_p__loss_pk,p,pk,carepd_lodo_PD-GaM,lodo,the other three,PD-GaM,1,0.4673902280628681,0.42318696280320484,0.5253623723983765,0.5705000758171082,0.4673902280628681,0.42318696280320484,0.5253623723983765,,,,0.0001,carepd_BMCLab_6fold_1,macro_f1_012,false,pretrain_v1_stats_train_clean.pt,runs/pretrain/amass_clean/medium_100ep/seed42/in_p__loss_pk/lightning_logs/version_0/checkpoints/epoch=99-step=11500.ckpt
amass_clean,medium_100ep,seed1,in_p__loss_pkd,p,pkd,carepd_lodo_PD-GaM,lodo,the other three,PD-GaM,1,0.40512848645448685,0.4449332157770793,0.4586760401725769,0.540533721446991,0.40512848645448685,0.4449332157770793,0.4586760401725769,,,,3e-6,carepd_BMCLab_6fold_1,macro_f1_012,false,pretrain_v1_stats_train_clean.pt,runs/pretrain/amass_clean/medium_100ep/seed1/in_p__loss_pkd/lightning_logs/version_0/checkpoints/epoch=99-step=11500.ckpt
amass_clean,medium_100ep,seed2,in_p__loss_pkd,p,pkd,carepd_lodo_PD-GaM,lodo,the other three,PD-GaM,1,0.36382606625556946,0.43858979145685834,0.3912526071071625,0.5381473302841187,0.36382606625556946,0.43858979145685834,0.3912526071071625,,,,0.00001,carepd_BMCLab_6fold_1,macro_f1_012,false,pretrain_v1_stats_train_clean.pt,runs/pretrain/amass_clean/medium_100ep/seed2/in_p__loss_pkd/lightning_logs/version_0/checkpoints/epoch=99-step=11500.ckpt
amass_clean,medium_100ep,seed42,in_p__loss_pkd,p,pkd,carepd_lodo_PD-GaM,lodo,the other three,PD-GaM,1,0.42275821045041084,0.3970109472672145,0.596950113773346,0.6357607245445251,0.42275821045041084,0.3970109472672145,0.596950113773346,,,,0.0003,carepd_BMCLab_6fold_1,macro_f1_012,false,pretrain_v1_stats_train_clean.pt,runs/pretrain/amass_clean/medium_100ep/seed42/in_p__loss_pkd/lightning_logs/version_0/checkpoints/epoch=99-step=11500.ckpt
amass_clean,medium_100ep,seed1,in_pk__loss_p,pk,p,carepd_lodo_PD-GaM,lodo,the other three,PD-GaM,1,0.39506970718503,0.4600929419199626,0.4234367907047272,0.5288304686546326,0.39506970718503,0.4600929419199626,0.4234367907047272,,,,3e-6,carepd_BMCLab_6fold_1,macro_f1_012,false,pretrain_v1_stats_train_clean.pt,runs/pretrain/amass_clean/medium_100ep/seed1/in_pk__loss_p/lightning_logs/version_0/checkpoints/epoch=94-step=10925.ckpt
amass_clean,medium_100ep,seed2,in_pk__loss_p,pk,p,carepd_lodo_PD-GaM,lodo,the other three,PD-GaM,1,0.41222623735666275,0.40677783886591595,0.48771899938583374,0.5185074806213379,0.41222623735666275,0.40677783886591595,0.48771899938583374,,,,3e-6,carepd_BMCLab_6fold_1,macro_f1_012,false,pretrain_v1_stats_train_clean.pt,runs/pretrain/amass_clean/medium_100ep/seed2/in_pk__loss_p/lightning_logs/version_0/checkpoints/epoch=99-step=11500.ckpt
amass_clean,medium_100ep,seed42,in_pk__loss_p,pk,p,carepd_lodo_PD-GaM,lodo,the other three,PD-GaM,1,0.32200153917074203,0.4293353855609894,0.36785534024238586,0.48449599742889404,0.32200153917074203,0.4293353855609894,0.36785534024238586,,,,3e-6,carepd_BMCLab_6fold_1,macro_f1_012,false,pretrain_v1_stats_train_clean.pt,runs/pretrain/amass_clean/medium_100ep/seed42/in_pk__loss_p/lightning_logs/version_0/checkpoints/epoch=94-step=10925.ckpt
amass_clean,medium_100ep,seed1,in_pk__loss_pk,pk,pk,carepd_lodo_PD-GaM,lodo,the other three,PD-GaM,1,0.35369060281664133,0.4525398512681325,0.49672991037368774,0.6482256650924683,0.35369060281664133,0.4525398512681325,0.49672991037368774,,,,0.00001,carepd_BMCLab_6fold_1,macro_f1_012,false,pretrain_v1_stats_train_clean.pt,runs/pretrain/amass_clean/medium_100ep/seed1/in_pk__loss_pk/lightning_logs/version_0/checkpoints/epoch=99-step=11500.ckpt
amass_clean,medium_100ep,seed2,in_pk__loss_pk,pk,pk,carepd_lodo_PD-GaM,lodo,the other three,PD-GaM,1,0.3564394414424896,0.47525258858998615,0.46993011236190796,0.6515796184539795,0.3564394414424896,0.47525258858998615,0.46993011236190796,,,,3e-6,carepd_BMCLab_6fold_1,macro_f1_012,false,pretrain_v1_stats_train_clean.pt,runs/pretrain/amass_clean/medium_100ep/seed2/in_pk__loss_pk/lightning_logs/version_0/checkpoints/epoch=99-step=11500.ckpt
amass_clean,medium_100ep,seed42,in_pk__loss_pk,pk,pk,carepd_lodo_PD-GaM,lodo,the other three,PD-GaM,1,0.4063045158982277,0.47669870654741925,0.4685685336589813,0.6273234486579895,0.4063045158982277,0.47669870654741925,0.4685685336589813,,,,0.00003,carepd_BMCLab_6fold_1,macro_f1_012,false,pretrain_v1_stats_train_clean.pt,runs/pretrain/amass_clean/medium_100ep/seed42/in_pk__loss_pk/lightning_logs/version_0/checkpoints/epoch=99-step=11500.ckpt
amass_clean,medium_100ep,seed1,in_pk__loss_pkd,pk,pkd,carepd_lodo_PD-GaM,lodo,the other three,PD-GaM,1,0.29950037598609924,0.3993338346481323,0.6040429472923279,0.6294479370117188,0.29950037598609924,0.3993338346481323,0.6040429472923279,,,,0.0003,carepd_BMCLab_6fold_1,macro_f1_012,false,pretrain_v1_stats_train_clean.pt,runs/pretrain/amass_clean/medium_100ep/seed1/in_pk__loss_pkd/lightning_logs/version_0/checkpoints/epoch=99-step=11500.ckpt
amass_clean,medium_100ep,seed2,in_pk__loss_pkd,pk,pkd,carepd_lodo_PD-GaM,lodo,the other three,PD-GaM,1,0.3962613381445408,0.43532519042491913,0.5221841931343079,0.6229150295257568,0.3962613381445408,0.43532519042491913,0.5221841931343079,,,,0.0001,carepd_BMCLab_6fold_1,macro_f1_012,false,pretrain_v1_stats_train_clean.pt,runs/pretrain/amass_clean/medium_100ep/seed2/in_pk__loss_pkd/lightning_logs/version_0/checkpoints/epoch=99-step=11500.ckpt
amass_clean,medium_100ep,seed42,in_pk__loss_pkd,pk,pkd,carepd_lodo_PD-GaM,lodo,the other three,PD-GaM,1,0.48559103161096573,0.42523247996966046,0.6288677453994751,0.6530952453613281,0.48559103161096573,0.42523247996966046,0.6288677453994751,,,,0.0003,carepd_BMCLab_6fold_1,macro_f1_012,false,pretrain_v1_stats_train_clean.pt,runs/pretrain/amass_clean/medium_100ep/seed42/in_pk__loss_pkd/lightning_logs/version_0/checkpoints/epoch=99-step=11500.ckpt
amass_clean,medium_100ep,seed1,in_pkd__loss_p,pkd,p,carepd_lodo_PD-GaM,lodo,the other three,PD-GaM,1,0.30961841344833374,0.37863651663064957,0.4888225197792053,0.5919381380081177,0.30961841344833374,0.37863651663064957,0.4888225197792053,,,,0.00001,carepd_BMCLab_6fold_1,macro_f1_012,false,pretrain_v1_stats_train_clean.pt,runs/pretrain/amass_clean/medium_100ep/seed1/in_pkd__loss_p/lightning_logs/version_0/checkpoints/epoch=99-step=11500.ckpt
amass_clean,medium_100ep,seed2,in_pkd__loss_p,pkd,p,carepd_lodo_PD-GaM,lodo,the other three,PD-GaM,1,0.44506993889808655,0.487365980943044,0.5237368941307068,0.6269629001617432,0.44506993889808655,0.487365980943044,0.5237368941307068,,,,3e-6,carepd_BMCLab_6fold_1,macro_f1_012,false,pretrain_v1_stats_train_clean.pt,runs/pretrain/amass_clean/medium_100ep/seed2/in_pkd__loss_p/lightning_logs/version_0/checkpoints/epoch=99-step=11500.ckpt
amass_clean,medium_100ep,seed42,in_pkd__loss_p,pkd,p,carepd_lodo_PD-GaM,lodo,the other three,PD-GaM,1,0.425933551043272,0.4197632521390915,0.5665786266326904,0.5794155597686768,0.425933551043272,0.4197632521390915,0.5665786266326904,,,,0.0003,carepd_BMCLab_6fold_1,macro_f1_012,false,pretrain_v1_stats_train_clean.pt,runs/pretrain/amass_clean/medium_100ep/seed42/in_pkd__loss_p/lightning_logs/version_0/checkpoints/epoch=94-step=10925.ckpt
amass_clean,medium_100ep,seed1,in_pkd__loss_pk,pkd,pk,carepd_lodo_PD-GaM,lodo,the other three,PD-GaM,1,0.36593928933143616,0.48791905244191486,0.49948617815971375,0.6736507415771484,0.36593928933143616,0.48791905244191486,0.49948617815971375,,,,0.00003,carepd_BMCLab_6fold_1,macro_f1_012,false,pretrain_v1_stats_train_clean.pt,runs/pretrain/amass_clean/medium_100ep/seed1/in_pkd__loss_pk/lightning_logs/version_0/checkpoints/epoch=99-step=11500.ckpt
amass_clean,medium_100ep,seed2,in_pkd__loss_pk,pkd,pk,carepd_lodo_PD-GaM,lodo,the other three,PD-GaM,1,0.3950984859839082,0.5077503621578217,0.5545428991317749,0.6183232069015503,0.3950984859839082,0.5077503621578217,0.5545428991317749,,,,0.00003,carepd_BMCLab_6fold_1,macro_f1_012,false,pretrain_v1_stats_train_clean.pt,runs/pretrain/amass_clean/medium_100ep/seed2/in_pkd__loss_pk/lightning_logs/version_0/checkpoints/epoch=99-step=11500.ckpt
amass_clean,medium_100ep,seed42,in_pkd__loss_pk,pkd,pk,carepd_lodo_PD-GaM,lodo,the other three,PD-GaM,1,0.38098419457674026,0.5079789261023203,0.49156084656715393,0.6878174543380737,0.38098419457674026,0.5079789261023203,0.49156084656715393,,,,3e-6,carepd_BMCLab_6fold_1,macro_f1_012,false,pretrain_v1_stats_train_clean.pt,runs/pretrain/amass_clean/medium_100ep/seed42/in_pkd__loss_pk/lightning_logs/version_0/checkpoints/epoch=99-step=11500.ckpt
amass_clean,medium_100ep,seed1,in_pkd__loss_pkd,pkd,pkd,carepd_lodo_PD-GaM,lodo,the other three,PD-GaM,1,0.48826080560684204,0.49597564339637756,0.6402046084403992,0.6883840560913086,0.48826080560684204,0.49597564339637756,0.6402046084403992,,,,0.0003,carepd_BMCLab_6fold_1,macro_f1_012,false,pretrain_v1_stats_train_clean.pt,runs/pretrain/amass_clean/medium_100ep/seed1/in_pkd__loss_pkd/lightning_logs/version_0/checkpoints/epoch=99-step=11500.ckpt
amass_clean,medium_100ep,seed2,in_pkd__loss_pkd,pkd,pkd,carepd_lodo_PD-GaM,lodo,the other three,PD-GaM,1,0.37326318956911564,0.46064721544583637,0.5729789733886719,0.6739312410354614,0.37326318956911564,0.46064721544583637,0.5729789733886719,,,,0.0001,carepd_BMCLab_6fold_1,macro_f1_012,false,pretrain_v1_stats_train_clean.pt,runs/pretrain/amass_clean/medium_100ep/seed2/in_pkd__loss_pkd/lightning_logs/version_0/checkpoints/epoch=99-step=11500.ckpt
amass_clean,medium_100ep,seed42,in_pkd__loss_pkd,pkd,pkd,carepd_lodo_PD-GaM,lodo,the other three,PD-GaM,1,0.36792534962296486,0.3905671288569768,0.6008460521697998,0.6232503056526184,0.36792534962296486,0.3905671288569768,0.6008460521697998,,,,0.00003,carepd_BMCLab_6fold_1,macro_f1_012,false,pretrain_v1_stats_train_clean.pt,runs/pretrain/amass_clean/medium_100ep/seed42/in_pkd__loss_pkd/lightning_logs/version_0/checkpoints/epoch=99-step=11500.ckpt
amass_clean,medium_100ep,seed1,in_p__loss_p,p,p,carepd_lodo_T-SDU-PD,lodo,the other three,T-SDU-PD,1,0.34772714227437973,0.463636189699173,0.4364759624004364,0.4212251603603363,0.34772714227437973,0.463636189699173,0.4364759624004364,,,,3e-6,carepd_BMCLab_6fold_1,macro_f1_012,false,pretrain_v1_stats_train_clean.pt,runs/pretrain/amass_clean/medium_100ep/seed1/in_p__loss_p/lightning_logs/version_0/checkpoints/epoch=94-step=10925.ckpt
amass_clean,medium_100ep,seed2,in_p__loss_p,p,p,carepd_lodo_T-SDU-PD,lodo,the other three,T-SDU-PD,1,0.3293520659208298,0.4391360878944397,0.48787641525268555,0.4484198987483978,0.3293520659208298,0.4391360878944397,0.48787641525268555,,,,0.0003,carepd_BMCLab_6fold_1,macro_f1_012,false,pretrain_v1_stats_train_clean.pt,runs/pretrain/amass_clean/medium_100ep/seed2/in_p__loss_p/lightning_logs/version_0/checkpoints/epoch=99-step=11500.ckpt
amass_clean,medium_100ep,seed42,in_p__loss_p,p,p,carepd_lodo_T-SDU-PD,lodo,the other three,T-SDU-PD,1,0.34993384033441544,0.4665784537792206,0.45231103897094727,0.4351786673069,0.34993384033441544,0.4665784537792206,0.45231103897094727,,,,0.00003,carepd_BMCLab_6fold_1,macro_f1_012,false,pretrain_v1_stats_train_clean.pt,runs/pretrain/amass_clean/medium_100ep/seed42/in_p__loss_p/lightning_logs/version_0/checkpoints/epoch=94-step=10925.ckpt
amass_clean,medium_100ep,seed1,in_p__loss_pk,p,pk,carepd_lodo_T-SDU-PD,lodo,the other three,T-SDU-PD,1,0.31128912046551704,0.4150521606206894,0.45089197158813477,0.4423477053642273,0.31128912046551704,0.4150521606206894,0.45089197158813477,,,,0.00001,carepd_BMCLab_6fold_1,macro_f1_012,false,pretrain_v1_stats_train_clean.pt,runs/pretrain/amass_clean/medium_100ep/seed1/in_p__loss_pk/lightning_logs/version_0/checkpoints/epoch=99-step=11500.ckpt
amass_clean,medium_100ep,seed2,in_p__loss_pk,p,pk,carepd_lodo_T-SDU-PD,lodo,the other three,T-SDU-PD,1,0.31645869463682175,0.421944926182429,0.46593454480171204,0.4374940097332001,0.31645869463682175,0.421944926182429,0.46593454480171204,,,,3e-6,carepd_BMCLab_6fold_1,macro_f1_012,false,pretrain_v1_stats_train_clean.pt,runs/pretrain/amass_clean/medium_100ep/seed2/in_p__loss_pk/lightning_logs/version_0/checkpoints/epoch=99-step=11500.ckpt
amass_clean,medium_100ep,seed42,in_p__loss_pk,p,pk,carepd_lodo_T-SDU-PD,lodo,the other three,T-SDU-PD,1,0.339815229177475,0.4530869722366333,0.4679204523563385,0.474245548248291,0.339815229177475,0.4530869722366333,0.4679204523563385,,,,0.0001,carepd_BMCLab_6fold_1,macro_f1_012,false,pretrain_v1_stats_train_clean.pt,runs/pretrain/amass_clean/medium_100ep/seed42/in_p__loss_pk/lightning_logs/version_0/checkpoints/epoch=99-step=11500.ckpt
amass_clean,medium_100ep,seed1,in_p__loss_pkd,p,pkd,carepd_lodo_T-SDU-PD,lodo,the other three,T-SDU-PD,1,0.27670909464359283,0.36894545952479046,0.37825629115104675,0.38690072298049927,0.27670909464359283,0.36894545952479046,0.37825629115104675,,,,3e-6,carepd_BMCLab_6fold_1,macro_f1_012,false,pretrain_v1_stats_train_clean.pt,runs/pretrain/amass_clean/medium_100ep/seed1/in_p__loss_pkd/lightning_logs/version_0/checkpoints/epoch=99-step=11500.ckpt
amass_clean,medium_100ep,seed2,in_p__loss_pkd,p,pkd,carepd_lodo_T-SDU-PD,lodo,the other three,T-SDU-PD,1,0.3065898269414902,0.4087864359219869,0.43356797099113464,0.40549516677856445,0.3065898269414902,0.4087864359219869,0.43356797099113464,,,,0.00001,carepd_BMCLab_6fold_1,macro_f1_012,false,pretrain_v1_stats_train_clean.pt,runs/pretrain/amass_clean/medium_100ep/seed2/in_p__loss_pkd/lightning_logs/version_0/checkpoints/epoch=99-step=11500.ckpt
amass_clean,medium_100ep,seed42,in_p__loss_pkd,p,pkd,carepd_lodo_T-SDU-PD,lodo,the other three,T-SDU-PD,1,0.3300255388021469,0.44003405173619586,0.48368406295776367,0.48075154423713684,0.3300255388021469,0.44003405173619586,0.48368406295776367,,,,0.0003,carepd_BMCLab_6fold_1,macro_f1_012,false,pretrain_v1_stats_train_clean.pt,runs/pretrain/amass_clean/medium_100ep/seed42/in_p__loss_pkd/lightning_logs/version_0/checkpoints/epoch=99-step=11500.ckpt
amass_clean,medium_100ep,seed1,in_pk__loss_p,pk,p,carepd_lodo_T-SDU-PD,lodo,the other three,T-SDU-PD,1,0.2892812117934227,0.3857082823912303,0.43677452206611633,0.427643358707428,0.2892812117934227,0.3857082823912303,0.43677452206611633,,,,3e-6,carepd_BMCLab_6fold_1,macro_f1_012,false,pretrain_v1_stats_train_clean.pt,runs/pretrain/amass_clean/medium_100ep/seed1/in_pk__loss_p/lightning_logs/version_0/checkpoints/epoch=94-step=10925.ckpt
amass_clean,medium_100ep,seed2,in_pk__loss_p,pk,p,carepd_lodo_T-SDU-PD,lodo,the other three,T-SDU-PD,1,0.3262392655014992,0.4349856873353322,0.5107738971710205,0.4612370431423187,0.3262392655014992,0.4349856873353322,0.5107738971710205,,,,3e-6,carepd_BMCLab_6fold_1,macro_f1_012,false,pretrain_v1_stats_train_clean.pt,runs/pretrain/amass_clean/medium_100ep/seed2/in_pk__loss_p/lightning_logs/version_0/checkpoints/epoch=99-step=11500.ckpt
amass_clean,medium_100ep,seed42,in_pk__loss_p,pk,p,carepd_lodo_T-SDU-PD,lodo,the other three,T-SDU-PD,1,0.31688572466373444,0.42251429955164593,0.4268976151943207,0.4082973897457123,0.31688572466373444,0.42251429955164593,0.4268976151943207,,,,3e-6,carepd_BMCLab_6fold_1,macro_f1_012,false,pretrain_v1_stats_train_clean.pt,runs/pretrain/amass_clean/medium_100ep/seed42/in_pk__loss_p/lightning_logs/version_0/checkpoints/epoch=94-step=10925.ckpt
amass_clean,medium_100ep,seed1,in_pk__loss_pk,pk,pk,carepd_lodo_T-SDU-PD,lodo,the other three,T-SDU-PD,1,0.3666823133826256,0.4889097511768341,0.48134085536003113,0.4612928330898285,0.3666823133826256,0.4889097511768341,0.48134085536003113,,,,0.00001,carepd_BMCLab_6fold_1,macro_f1_012,false,pretrain_v1_stats_train_clean.pt,runs/pretrain/amass_clean/medium_100ep/seed1/in_pk__loss_pk/lightning_logs/version_0/checkpoints/epoch=99-step=11500.ckpt
amass_clean,medium_100ep,seed2,in_pk__loss_pk,pk,pk,carepd_lodo_T-SDU-PD,lodo,the other three,T-SDU-PD,1,0.34953613579273224,0.4660481810569763,0.4630202353000641,0.45449358224868774,0.34953613579273224,0.4660481810569763,0.4630202353000641,,,,3e-6,carepd_BMCLab_6fold_1,macro_f1_012,false,pretrain_v1_stats_train_clean.pt,runs/pretrain/amass_clean/medium_100ep/seed2/in_pk__loss_pk/lightning_logs/version_0/checkpoints/epoch=99-step=11500.ckpt
amass_clean,medium_100ep,seed42,in_pk__loss_pk,pk,pk,carepd_lodo_T-SDU-PD,lodo,the other three,T-SDU-PD,1,0.31708189100027084,0.4227758546670278,0.45888257026672363,0.43444544076919556,0.31708189100027084,0.4227758546670278,0.45888257026672363,,,,0.00003,carepd_BMCLab_6fold_1,macro_f1_012,false,pretrain_v1_stats_train_clean.pt,runs/pretrain/amass_clean/medium_100ep/seed42/in_pk__loss_pk/lightning_logs/version_0/checkpoints/epoch=99-step=11500.ckpt
amass_clean,medium_100ep,seed1,in_pk__loss_pkd,pk,pkd,carepd_lodo_T-SDU-PD,lodo,the other three,T-SDU-PD,1,0.32863927632570267,0.4381857017676036,0.48254266381263733,0.43603116273880005,0.32863927632570267,0.4381857017676036,0.48254266381263733,,,,0.0003,carepd_BMCLab_6fold_1,macro_f1_012,false,pretrain_v1_stats_train_clean.pt,runs/pretrain/amass_clean/medium_100ep/seed1/in_pk__loss_pkd/lightning_logs/version_0/checkpoints/epoch=99-step=11500.ckpt
amass_clean,medium_100ep,seed2,in_pk__loss_pkd,pk,pkd,carepd_lodo_T-SDU-PD,lodo,the other three,T-SDU-PD,1,0.28422481194138527,0.37896641592184704,0.4352056682109833,0.44769829511642456,0.28422481194138527,0.37896641592184704,0.4352056682109833,,,,0.0001,carepd_BMCLab_6fold_1,macro_f1_012,false,pretrain_v1_stats_train_clean.pt,runs/pretrain/amass_clean/medium_100ep/seed2/in_pk__loss_pkd/lightning_logs/version_0/checkpoints/epoch=99-step=11500.ckpt
amass_clean,medium_100ep,seed42,in_pk__loss_pkd,pk,pkd,carepd_lodo_T-SDU-PD,lodo,the other three,T-SDU-PD,1,0.31273262202739716,0.41697682936986286,0.49973881244659424,0.4762570858001709,0.31273262202739716,0.41697682936986286,0.49973881244659424,,,,0.0003,carepd_BMCLab_6fold_1,macro_f1_012,false,pretrain_v1_stats_train_clean.pt,runs/pretrain/amass_clean/medium_100ep/seed42/in_pk__loss_pkd/lightning_logs/version_0/checkpoints/epoch=99-step=11500.ckpt
amass_clean,medium_100ep,seed1,in_pkd__loss_p,pkd,p,carepd_lodo_T-SDU-PD,lodo,the other three,T-SDU-PD,1,0.27232231572270393,0.3630964209636052,0.4448721408843994,0.4425819218158722,0.27232231572270393,0.3630964209636052,0.4448721408843994,,,,0.00001,carepd_BMCLab_6fold_1,macro_f1_012,false,pretrain_v1_stats_train_clean.pt,runs/pretrain/amass_clean/medium_100ep/seed1/in_pkd__loss_p/lightning_logs/version_0/checkpoints/epoch=99-step=11500.ckpt
amass_clean,medium_100ep,seed2,in_pkd__loss_p,pkd,p,carepd_lodo_T-SDU-PD,lodo,the other three,T-SDU-PD,1,0.2985464408993721,0.3980619211991628,0.4346950054168701,0.40981754660606384,0.2985464408993721,0.3980619211991628,0.4346950054168701,,,,3e-6,carepd_BMCLab_6fold_1,macro_f1_012,false,pretrain_v1_stats_train_clean.pt,runs/pretrain/amass_clean/medium_100ep/seed2/in_pkd__loss_p/lightning_logs/version_0/checkpoints/epoch=99-step=11500.ckpt
amass_clean,medium_100ep,seed42,in_pkd__loss_p,pkd,p,carepd_lodo_T-SDU-PD,lodo,the other three,T-SDU-PD,1,0.32329463213682175,0.43105950951576233,0.5048955082893372,0.4580546021461487,0.32329463213682175,0.43105950951576233,0.5048955082893372,,,,0.0003,carepd_BMCLab_6fold_1,macro_f1_012,false,pretrain_v1_stats_train_clean.pt,runs/pretrain/amass_clean/medium_100ep/seed42/in_pkd__loss_p/lightning_logs/version_0/checkpoints/epoch=94-step=10925.ckpt
amass_clean,medium_100ep,seed1,in_pkd__loss_pk,pkd,pk,carepd_lodo_T-SDU-PD,lodo,the other three,T-SDU-PD,1,0.2693483345210552,0.3591311126947403,0.43079236149787903,0.42765864729881287,0.2693483345210552,0.3591311126947403,0.43079236149787903,,,,0.00003,carepd_BMCLab_6fold_1,macro_f1_012,false,pretrain_v1_stats_train_clean.pt,runs/pretrain/amass_clean/medium_100ep/seed1/in_pkd__loss_pk/lightning_logs/version_0/checkpoints/epoch=99-step=11500.ckpt
amass_clean,medium_100ep,seed2,in_pkd__loss_pk,pkd,pk,carepd_lodo_T-SDU-PD,lodo,the other three,T-SDU-PD,1,0.36717817187309265,0.4895708958307902,0.5189350247383118,0.4974546432495117,0.36717817187309265,0.4895708958307902,0.5189350247383118,,,,0.00003,carepd_BMCLab_6fold_1,macro_f1_012,false,pretrain_v1_stats_train_clean.pt,runs/pretrain/amass_clean/medium_100ep/seed2/in_pkd__loss_pk/lightning_logs/version_0/checkpoints/epoch=99-step=11500.ckpt
amass_clean,medium_100ep,seed42,in_pkd__loss_pk,pkd,pk,carepd_lodo_T-SDU-PD,lodo,the other three,T-SDU-PD,1,0.23868338484317064,0.3182445131242275,0.39626726508140564,0.41510945558547974,0.23868338484317064,0.3182445131242275,0.39626726508140564,,,,3e-6,carepd_BMCLab_6fold_1,macro_f1_012,false,pretrain_v1_stats_train_clean.pt,runs/pretrain/amass_clean/medium_100ep/seed42/in_pkd__loss_pk/lightning_logs/version_0/checkpoints/epoch=99-step=11500.ckpt
amass_clean,medium_100ep,seed1,in_pkd__loss_pkd,pkd,pkd,carepd_lodo_T-SDU-PD,lodo,the other three,T-SDU-PD,1,0.32986126095056534,0.4398150146007538,0.5054561495780945,0.501000702381134,0.32986126095056534,0.4398150146007538,0.5054561495780945,,,,0.0003,carepd_BMCLab_6fold_1,macro_f1_012,false,pretrain_v1_stats_train_clean.pt,runs/pretrain/amass_clean/medium_100ep/seed1/in_pkd__loss_pkd/lightning_logs/version_0/checkpoints/epoch=99-step=11500.ckpt
amass_clean,medium_100ep,seed2,in_pkd__loss_pkd,pkd,pkd,carepd_lodo_T-SDU-PD,lodo,the other three,T-SDU-PD,1,0.31370510905981064,0.4182734787464142,0.5069168210029602,0.4716777801513672,0.31370510905981064,0.4182734787464142,0.5069168210029602,,,,0.0001,carepd_BMCLab_6fold_1,macro_f1_012,false,pretrain_v1_stats_train_clean.pt,runs/pretrain/amass_clean/medium_100ep/seed2/in_pkd__loss_pkd/lightning_logs/version_0/checkpoints/epoch=99-step=11500.ckpt
amass_clean,medium_100ep,seed42,in_pkd__loss_pkd,pkd,pkd,carepd_lodo_T-SDU-PD,lodo,the other three,T-SDU-PD,1,0.2464183671399951,0.3285578228533268,0.4388258755207062,0.4473225474357605,0.2464183671399951,0.3285578228533268,0.4388258755207062,,,,0.00003,carepd_BMCLab_6fold_1,macro_f1_012,false,pretrain_v1_stats_train_clean.pt,runs/pretrain/amass_clean/medium_100ep/seed42/in_pkd__loss_pkd/lightning_logs/version_0/checkpoints/epoch=99-step=11500.ckpt
amass_clean,medium_100ep,seed1,in_p__loss_p,p,p,carepd_3DGait_loso,loso,3DGait,3DGait,43,0.23176638409495354,0.30902184545993805,0.2518351376056671,0.287539005279541,0.11085271471461584,0.1478036196194878,0.9186046511627907,0.13072264217748472,0.1742968562366463,0.16110601944577096,3e-6,carepd_BMCLab_6fold_1,macro_f1_012,false,pretrain_v1_stats_train_clean.pt,runs/pretrain/amass_clean/medium_100ep/seed1/in_p__loss_p/lightning_logs/version_0/checkpoints/epoch=94-step=10925.ckpt
amass_clean,medium_100ep,seed2,in_p__loss_p,p,p,carepd_3DGait_loso,loso,3DGait,3DGait,43,0.27859332226216793,0.3270133162538211,0.3109903037548065,0.3345222473144531,0.1379844970827879,0.17622739145922106,0.9302325581395349,0.15724671349828986,0.2101702987208641,0.14765610580465457,0.0003,carepd_BMCLab_6fold_1,macro_f1_012,false,pretrain_v1_stats_train_clean.pt,runs/pretrain/amass_clean/medium_100ep/seed2/in_p__loss_p/lightning_logs/version_0/checkpoints/epoch=99-step=11500.ckpt
amass_clean,medium_100ep,seed42,in_p__loss_p,p,p,carepd_3DGait_loso,loso,3DGait,3DGait,43,0.27799882367253304,0.37066509823004407,0.3040603697299957,0.34808993339538574,0.13410852866810422,0.1788113715574723,0.9302325581395349,0.15218659772099902,0.2029154636279987,0.1372083638310904,0.00003,carepd_BMCLab_6fold_1,macro_f1_012,false,pretrain_v1_stats_train_clean.pt,runs/pretrain/amass_clean/medium_100ep/seed42/in_p__loss_p/lightning_logs/version_0/checkpoints/epoch=94-step=10925.ckpt
amass_clean,medium_100ep,seed1,in_p__loss_pk,p,pk,carepd_3DGait_loso,loso,3DGait,3DGait,43,0.3471123017370701,0.3602522959311803,0.34281060099601746,0.3635644316673279,0.1418604668836261,0.1788113715574723,0.936046511627907,0.1389859390823251,0.189429881719755,0.14529345567282462,0.00001,carepd_BMCLab_6fold_1,macro_f1_012,false,pretrain_v1_stats_train_clean.pt,runs/pretrain/amass_clean/medium_100ep/seed1/in_p__loss_pk/lightning_logs/version_0/checkpoints/epoch=99-step=11500.ckpt
amass_clean,medium_100ep,seed2,in_p__loss_pk,p,pk,carepd_3DGait_loso,loso,3DGait,3DGait,43,0.24703576043248177,0.3293810139099757,0.27782711386680603,0.2983798384666443,0.11666666820298793,0.1555555576039839,0.9127906976744186,0.14212112035504157,0.18949482714005542,0.17151045478886298,3e-6,carepd_BMCLab_6fold_1,macro_f1_012,false,pretrain_v1_stats_train_clean.pt,runs/pretrain/amass_clean/medium_100ep/seed2/in_p__loss_pk/lightning_logs/version_0/checkpoints/epoch=99-step=11500.ckpt
amass_clean,medium_100ep,seed42,in_p__loss_pk,p,pk,carepd_3DGait_loso,loso,3DGait,3DGait,43,0.2928060442209244,0.3904080589612325,0.3297571539878845,0.341713011264801,0.12403100936911828,0.16537467915882437,0.9244186046511628,0.1316009649342441,0.1754679532456588,0.1593782910111214,0.0001,carepd_BMCLab_6fold_1,macro_f1_012,false,pretrain_v1_stats_train_clean.pt,runs/pretrain/amass_clean/medium_100ep/seed42/in_p__loss_pk/lightning_logs/version_0/checkpoints/epoch=99-step=11500.ckpt
amass_clean,medium_100ep,seed1,in_p__loss_pkd,p,pkd,carepd_3DGait_loso,loso,3DGait,3DGait,43,0.24605263397097588,0.32807017862796783,0.30832162499427795,0.3453146517276764,0.11860465293013772,0.15813953724018362,0.9186046511627907,0.12880244681596942,0.17173659575462588,0.16110601944577096,3e-6,carepd_BMCLab_6fold_1,macro_f1_012,false,pretrain_v1_stats_train_clean.pt,runs/pretrain/amass_clean/medium_100ep/seed1/in_p__loss_pkd/lightning_logs/version_0/checkpoints/epoch=99-step=11500.ckpt
amass_clean,medium_100ep,seed2,in_p__loss_pkd,p,pkd,carepd_3DGait_loso,loso,3DGait,3DGait,43,0.2619047649204731,0.3492063532272975,0.2958669662475586,0.32819467782974243,0.11085271471461584,0.1478036196194878,0.9244186046511628,0.13072264217748472,0.1742968562366463,0.1593782910111214,0.00001,carepd_BMCLab_6fold_1,macro_f1_012,false,pretrain_v1_stats_train_clean.pt,runs/pretrain/amass_clean/medium_100ep/seed2/in_p__loss_pkd/lightning_logs/version_0/checkpoints/epoch=99-step=11500.ckpt
amass_clean,medium_100ep,seed42,in_p__loss_pkd,p,pkd,carepd_3DGait_loso,loso,3DGait,3DGait,43,0.2522387430071831,0.33631832400957745,0.3201823830604553,0.33621618151664734,0.12480620312136273,0.16640827082848364,0.936046511627907,0.14111105342243163,0.18814807122990881,0.15519786962952015,0.0003,carepd_BMCLab_6fold_1,macro_f1_012,false,pretrain_v1_stats_train_clean.pt,runs/pretrain/amass_clean/medium_100ep/seed42/in_p__loss_pkd/lightning_logs/version_0/checkpoints/epoch=99-step=11500.ckpt
amass_clean,medium_100ep,seed1,in_pk__loss_p,pk,p,carepd_3DGait_loso,loso,3DGait,3DGait,43,0.2937489226460457,0.3916652301947276,0.30869951844215393,0.33730825781822205,0.1399224818099377,0.1865633090799169,0.9476744186046512,0.1549509027656208,0.20660120368749438,0.12861602524203075,3e-6,carepd_BMCLab_6fold_1,macro_f1_012,false,pretrain_v1_stats_train_clean.pt,runs/pretrain/amass_clean/medium_100ep/seed1/in_pk__loss_p/lightning_logs/version_0/checkpoints/epoch=94-step=10925.ckpt
amass_clean,medium_100ep,seed2,in_pk__loss_p,pk,p,carepd_3DGait_loso,loso,3DGait,3DGait,43,0.26703060418367386,0.3560408055782318,0.2825646996498108,0.3007500469684601,0.12209302429542986,0.16279069906057314,0.9244186046511628,0.1481241139730118,0.1974988186306824,0.1593782910111214,3e-6,carepd_BMCLab_6fold_1,macro_f1_012,false,pretrain_v1_stats_train_clean.pt,runs/pretrain/amass_clean/medium_100ep/seed2/in_pk__loss_p/lightning_logs/version_0/checkpoints/epoch=99-step=11500.ckpt
amass_clean,medium_100ep,seed42,in_pk__loss_p,pk,p,carepd_3DGait_loso,loso,3DGait,3DGait,43,0.213775172829628,0.28503356377283734,0.2444992959499359,0.2690199017524719,0.10116279211848281,0.13488372282464375,0.9011627906976745,0.1186004900017637,0.15813398666901826,0.1820806898880873,3e-6,carepd_BMCLab_6fold_1,macro_f1_012,false,pretrain_v1_stats_train_clean.pt,runs/pretrain/amass_clean/medium_100ep/seed42/in_pk__loss_p/lightning_logs/version_0/checkpoints/epoch=94-step=10925.ckpt
amass_clean,medium_100ep,seed1,in_pk__loss_pk,pk,pk,carepd_3DGait_loso,loso,3DGait,3DGait,43,0.2706208061426878,0.32161205510298413,0.2806920111179352,0.2981279194355011,0.11666666820298793,0.1478036196194878,0.8953488372093024,0.14212112035504157,0.18886608849918887,0.17451086522606282,0.00001,carepd_BMCLab_6fold_1,macro_f1_012,false,pretrain_v1_stats_train_clean.pt,runs/pretrain/amass_clean/medium_100ep/seed1/in_pk__loss_pk/lightning_logs/version_0/checkpoints/epoch=99-step=11500.ckpt
amass_clean,medium_100ep,seed2,in_pk__loss_pk,pk,pk,carepd_3DGait_loso,loso,3DGait,3DGait,43,0.226827098056674,0.302436130742232,0.2839862108230591,0.3212847411632538,0.10891473068054332,0.1452196409073911,0.9186046511627907,0.09875875520207074,0.13167834026942765,0.15158812296967944,3e-6,carepd_BMCLab_6fold_1,macro_f1_012,false,pretrain_v1_stats_train_clean.pt,runs/pretrain/amass_clean/medium_100ep/seed2/in_pk__loss_pk/lightning_logs/version_0/checkpoints/epoch=99-step=11500.ckpt
amass_clean,medium_100ep,seed42,in_pk__loss_pk,pk,pk,carepd_3DGait_loso,loso,3DGait,3DGait,43,0.31525635346770287,0.3462677299976349,0.29547756910324097,0.31860390305519104,0.12015504095443459,0.14728682447773542,0.9186046511627907,0.09843740493147644,0.13218404801323674,0.14143114419844088,0.00003,carepd_BMCLab_6fold_1,macro_f1_012,false,pretrain_v1_stats_train_clean.pt,runs/pretrain/amass_clean/medium_100ep/seed42/in_pk__loss_pk/lightning_logs/version_0/checkpoints/epoch=99-step=11500.ckpt
amass_clean,medium_100ep,seed1,in_pk__loss_pkd,pk,pkd,carepd_3DGait_loso,loso,3DGait,3DGait,43,0.27489010989665985,0.3665201465288798,0.30834177136421204,0.32057633996009827,0.12286821839421294,0.16382429119228392,0.9302325581395349,0.13263823098898858,0.17685097465198477,0.15741193111573792,0.0003,carepd_BMCLab_6fold_1,macro_f1_012,false,pretrain_v1_stats_train_clean.pt,runs/pretrain/amass_clean/medium_100ep/seed1/in_pk__loss_pkd/lightning_logs/version_0/checkpoints/epoch=99-step=11500.ckpt
amass_clean,medium_100ep,seed2,in_pk__loss_pkd,pk,pkd,carepd_3DGait_loso,loso,3DGait,3DGait,43,0.26001081988215446,0.34668109317620593,0.30127719044685364,0.33263710141181946,0.12015504026135733,0.16020672034847644,0.9069767441860465,0.13276456816539584,0.1770194242205278,0.16387473270067815,0.0001,carepd_BMCLab_6fold_1,macro_f1_012,false,pretrain_v1_stats_train_clean.pt,runs/pretrain/amass_clean/medium_100ep/seed2/in_pk__loss_pkd/lightning_logs/version_0/checkpoints/epoch=99-step=11500.ckpt
amass_clean,medium_100ep,seed42,in_pk__loss_pkd,pk,pkd,carepd_3DGait_loso,loso,3DGait,3DGait,43,0.2685825414955616,0.35811005532741547,0.2973734140396118,0.3291507065296173,0.12674418784851252,0.16899225046468336,0.9244186046511628,0.13873672038576246,0.18498229384768328,0.1593782910111214,0.0003,carepd_BMCLab_6fold_1,macro_f1_012,false,pretrain_v1_stats_train_clean.pt,runs/pretrain/amass_clean/medium_100ep/seed42/in_pk__loss_pkd/lightning_logs/version_0/checkpoints/epoch=99-step=11500.ckpt
amass_clean,medium_100ep,seed1,in_pkd__loss_p,pkd,p,carepd_3DGait_loso,loso,3DGait,3DGait,43,0.2655293345451355,0.35403911272684735,0.29779142141342163,0.31145790219306946,0.11666666820298793,0.1555555576039839,0.936046511627907,0.11935674215808363,0.15914232287744484,0.13466253296726813,0.00001,carepd_BMCLab_6fold_1,macro_f1_012,false,pretrain_v1_stats_train_clean.pt,runs/pretrain/amass_clean/medium_100ep/seed1/in_pkd__loss_p/lightning_logs/version_0/checkpoints/epoch=99-step=11500.ckpt
amass_clean,medium_100ep,seed2,in_pkd__loss_p,pkd,p,carepd_3DGait_loso,loso,3DGait,3DGait,43,0.2684999033808708,0.31355542441209155,0.3627982437610626,0.3792065680027008,0.13133997989948407,0.16995201438896415,0.9302325581395349,0.1254878513533968,0.16924840458220805,0.16659743855706877,3e-6,carepd_BMCLab_6fold_1,macro_f1_012,false,pretrain_v1_stats_train_clean.pt,runs/pretrain/amass_clean/medium_100ep/seed2/in_pkd__loss_p/lightning_logs/version_0/checkpoints/epoch=99-step=11500.ckpt
amass_clean,medium_100ep,seed42,in_pkd__loss_p,pkd,p,carepd_3DGait_loso,loso,3DGait,3DGait,43,0.32792589999735355,0.40019749601682025,0.3351174592971802,0.3409183621406555,0.14147286983423454,0.18087855512781661,0.936046511627907,0.14148550972463741,0.1894067847631556,0.14529345567282462,0.0003,carepd_BMCLab_6fold_1,macro_f1_012,false,pretrain_v1_stats_train_clean.pt,runs/pretrain/amass_clean/medium_100ep/seed42/in_pkd__loss_p/lightning_logs/version_0/checkpoints/epoch=94-step=10925.ckpt
amass_clean,medium_100ep,seed1,in_pkd__loss_pk,pkd,pk,carepd_3DGait_loso,loso,3DGait,3DGait,43,0.2930978424847126,0.39079712331295013,0.3291580379009247,0.3675689995288849,0.1457364356448484,0.19431524752646454,0.9418604651162791,0.15101477852081685,0.2013530380277558,0.13180533651226664,0.00003,carepd_BMCLab_6fold_1,macro_f1_012,false,pretrain_v1_stats_train_clean.pt,runs/pretrain/amass_clean/medium_100ep/seed1/in_pkd__loss_pk/lightning_logs/version_0/checkpoints/epoch=99-step=11500.ckpt
amass_clean,medium_100ep,seed2,in_pkd__loss_pk,pkd,pk,carepd_3DGait_loso,loso,3DGait,3DGait,43,0.32623931765556335,0.38370370368162793,0.37517186999320984,0.42785531282424927,0.13178294723810152,0.16795865833297255,0.9186046511627907,0.12094283279383736,0.16151125896813534,0.16110601944577096,0.00003,carepd_BMCLab_6fold_1,macro_f1_012,false,pretrain_v1_stats_train_clean.pt,runs/pretrain/amass_clean/medium_100ep/seed2/in_pkd__loss_pk/lightning_logs/version_0/checkpoints/epoch=99-step=11500.ckpt
amass_clean,medium_100ep,seed42,in_pkd__loss_pk,pkd,pk,carepd_3DGait_loso,loso,3DGait,3DGait,43,0.28011494874954224,0.37348659833272296,0.31183430552482605,0.34457871317863464,0.1302325599068819,0.17364341320917587,0.9244186046511628,0.13992892297981965,0.1865718973064262,0.1593782910111214,3e-6,carepd_BMCLab_6fold_1,macro_f1_012,false,pretrain_v1_stats_train_clean.pt,runs/pretrain/amass_clean/medium_100ep/seed42/in_pkd__loss_pk/lightning_logs/version_0/checkpoints/epoch=99-step=11500.ckpt
amass_clean,medium_100ep,seed1,in_pkd__loss_pkd,pkd,pkd,carepd_3DGait_loso,loso,3DGait,3DGait,43,0.3407940939068794,0.45439212520917255,0.40153706073760986,0.44550561904907227,0.15348837351383166,0.20465116468510886,0.9418604651162791,0.15081604049233113,0.20108805398977483,0.13180533651226664,0.0003,carepd_BMCLab_6fold_1,macro_f1_012,false,pretrain_v1_stats_train_clean.pt,runs/pretrain/amass_clean/medium_100ep/seed1/in_pkd__loss_pkd/lightning_logs/version_0/checkpoints/epoch=99-step=11500.ckpt
amass_clean,medium_100ep,seed2,in_pkd__loss_pkd,pkd,pkd,carepd_3DGait_loso,loso,3DGait,3DGait,43,0.317468985915184,0.42329198122024536,0.3379269242286682,0.3865850567817688,0.1418604668836261,0.18914728917816812,0.9302325581395349,0.1389859390823251,0.18531458544310012,0.14765610580465457,0.0001,carepd_BMCLab_6fold_1,macro_f1_012,false,pretrain_v1_stats_train_clean.pt,runs/pretrain/amass_clean/medium_100ep/seed2/in_pkd__loss_pkd/lightning_logs/version_0/checkpoints/epoch=99-step=11500.ckpt
amass_clean,medium_100ep,seed42,in_pkd__loss_pkd,pkd,pkd,carepd_3DGait_loso,loso,3DGait,3DGait,43,0.3086734712123871,0.4115646282831828,0.29532212018966675,0.34186625480651855,0.13992248250301495,0.18656331000401993,0.9244186046511628,0.12678041792535297,0.16904055723380396,0.1593782910111214,0.00003,carepd_BMCLab_6fold_1,macro_f1_012,false,pretrain_v1_stats_train_clean.pt,runs/pretrain/amass_clean/medium_100ep/seed42/in_pkd__loss_pkd/lightning_logs/version_0/checkpoints/epoch=99-step=11500.ckpt
amass_clean,medium_100ep,seed1,in_p__loss_p,p,p,carepd_BMCLab_loso,loso,BMCLab,BMCLab,23,0.3694227337837219,0.4925636450449626,0.4510803520679474,0.4463167190551758,0.16240258150450562,0.21653677533934082,0.8812503348226133,0.08756921575981928,0.1167589543464257,0.192628250950371,3e-6,carepd_BMCLab_6fold_1,macro_f1_012,false,pretrain_v1_stats_train_clean.pt,runs/pretrain/amass_clean/medium_100ep/seed1/in_p__loss_p/lightning_logs/version_0/checkpoints/epoch=94-step=10925.ckpt
amass_clean,medium_100ep,seed2,in_p__loss_p,p,p,carepd_BMCLab_loso,loso,BMCLab,BMCLab,23,0.43051816523075104,0.5740242203076681,0.5510998964309692,0.5612927675247192,0.19047763360583264,0.25397017814111017,0.925594757432523,0.10152830033524347,0.13537106711365796,0.1348477643766839,0.0003,carepd_BMCLab_6fold_1,macro_f1_012,false,pretrain_v1_stats_train_clean.pt,runs/pretrain/amass_clean/medium_100ep/seed2/in_p__loss_p/lightning_logs/version_0/checkpoints/epoch=99-step=11500.ckpt
amass_clean,medium_100ep,seed42,in_p__loss_p,p,p,carepd_BMCLab_loso,loso,BMCLab,BMCLab,23,0.40603694319725037,0.5413825909296671,0.5093780159950256,0.5119647979736328,0.18214895730109318,0.24286527640145758,0.9140708291012308,0.1214905295037241,0.16198737267163213,0.1602328884089433,0.00003,carepd_BMCLab_6fold_1,macro_f1_012,false,pretrain_v1_stats_train_clean.pt,runs/pretrain/amass_clean/medium_100ep/seed42/in_p__loss_p/lightning_logs/version_0/checkpoints/epoch=94-step=10925.ckpt
amass_clean,medium_100ep,seed1,in_p__loss_pk,p,pk,carepd_BMCLab_loso,loso,BMCLab,BMCLab,23,0.43534794449806213,0.5804639259974161,0.582752525806427,0.6043656468391418,0.1965991146052661,0.26213215280702146,0.9072154527125151,0.10798676808314872,0.1439823574441983,0.15658322936115948,0.00001,carepd_BMCLab_6fold_1,macro_f1_012,false,pretrain_v1_stats_train_clean.pt,runs/pretrain/amass_clean/medium_100ep/seed1/in_p__loss_pk/lightning_logs/version_0/checkpoints/epoch=99-step=11500.ckpt
amass_clean,medium_100ep,seed2,in_p__loss_pk,p,pk,carepd_BMCLab_loso,loso,BMCLab,BMCLab,23,0.4354371801018715,0.5805829068024954,0.5834915637969971,0.5877439379692078,0.19645350005315698,0.261938000070876,0.9064999352330747,0.08126026950996836,0.10834702601329113,0.1636783953070133,3e-6,carepd_BMCLab_6fold_1,macro_f1_012,false,pretrain_v1_stats_train_clean.pt,runs/pretrain/amass_clean/medium_100ep/seed2/in_p__loss_pk/lightning_logs/version_0/checkpoints/epoch=99-step=11500.ckpt
amass_clean,medium_100ep,seed42,in_p__loss_pk,p,pk,carepd_BMCLab_loso,loso,BMCLab,BMCLab,23,0.41917233914136887,0.5588964521884918,0.5646977424621582,0.5829974412918091,0.1931358684340249,0.2575144912453665,0.9117532838945803,0.08787028948402911,0.11716038597870548,0.16140694960078023,0.0001,carepd_BMCLab_6fold_1,macro_f1_012,false,pretrain_v1_stats_train_clean.pt,runs/pretrain/amass_clean/medium_100ep/seed42/in_p__loss_pk/lightning_logs/version_0/checkpoints/epoch=99-step=11500.ckpt
amass_clean,medium_100ep,seed1,in_p__loss_pkd,p,pkd,carepd_BMCLab_loso,loso,BMCLab,BMCLab,23,0.4026946350932121,0.5369261801242828,0.5535066723823547,0.5448065400123596,0.18309645257566287,0.24412860343421713,0.9054952263832092,0.08086749681934083,0.10782332909245443,0.1631711091346586,3e-6,carepd_BMCLab_6fold_1,macro_f1_012,false,pretrain_v1_stats_train_clean.pt,runs/pretrain/amass_clean/medium_100ep/seed1/in_p__loss_pkd/lightning_logs/version_0/checkpoints/epoch=99-step=11500.ckpt
amass_clean,medium_100ep,seed2,in_p__loss_pkd,p,pkd,carepd_BMCLab_loso,loso,BMCLab,BMCLab,23,0.4021637886762619,0.5362183849016825,0.530202329158783,0.5322747826576233,0.1812614281459347,0.2416819041945796,0.8992637590221737,0.09353675676980155,0.12471567569306874,0.18025943364438432,0.00001,carepd_BMCLab_6fold_1,macro_f1_012,false,pretrain_v1_stats_train_clean.pt,runs/pretrain/amass_clean/medium_100ep/seed2/in_p__loss_pkd/lightning_logs/version_0/checkpoints/epoch=99-step=11500.ckpt
amass_clean,medium_100ep,seed42,in_p__loss_pkd,p,pkd,carepd_BMCLab_loso,loso,BMCLab,BMCLab,23,0.39992283284664154,0.5332304437955221,0.5140278339385986,0.537844181060791,0.18869345068283702,0.25159126757711603,0.9211148438246354,0.09058860164275977,0.12078480219034636,0.1483574298293149,0.0003,carepd_BMCLab_6fold_1,macro_f1_012,false,pretrain_v1_stats_train_clean.pt,runs/pretrain/amass_clean/medium_100ep/seed42/in_p__loss_pkd/lightning_logs/version_0/checkpoints/epoch=99-step=11500.ckpt
amass_clean,medium_100ep,seed1,in_pk__loss_p,pk,p,carepd_BMCLab_loso,loso,BMCLab,BMCLab,23,0.4333149418234825,0.5777532557646433,0.5164869427680969,0.5110421776771545,0.19420982824395533,0.2589464376586071,0.9068747603374979,0.10137305879960173,0.13516407839946898,0.16327217838087377,3e-6,carepd_BMCLab_6fold_1,macro_f1_012,false,pretrain_v1_stats_train_clean.pt,runs/pretrain/amass_clean/medium_100ep/seed1/in_pk__loss_p/lightning_logs/version_0/checkpoints/epoch=94-step=10925.ckpt
amass_clean,medium_100ep,seed2,in_pk__loss_p,pk,p,carepd_BMCLab_loso,loso,BMCLab,BMCLab,23,0.42053622752428055,0.560714970032374,0.5464715361595154,0.549517035484314,0.1952209976380286,0.26029466351737146,0.9163640322892562,0.1099280444720732,0.14657072596276427,0.15428900170234577,3e-6,carepd_BMCLab_6fold_1,macro_f1_012,false,pretrain_v1_stats_train_clean.pt,runs/pretrain/amass_clean/medium_100ep/seed2/in_pk__loss_p/lightning_logs/version_0/checkpoints/epoch=99-step=11500.ckpt
amass_clean,medium_100ep,seed42,in_pk__loss_p,pk,p,carepd_BMCLab_loso,loso,BMCLab,BMCLab,23,0.4436545819044113,0.5915394425392151,0.5589330196380615,0.5445239543914795,0.20752582375122153,0.27670109833496204,0.9061550368433413,0.09588062422959966,0.12784083230613286,0.15705328911132604,3e-6,carepd_BMCLab_6fold_1,macro_f1_012,false,pretrain_v1_stats_train_clean.pt,runs/pretrain/amass_clean/medium_100ep/seed42/in_pk__loss_p/lightning_logs/version_0/checkpoints/epoch=94-step=10925.ckpt
amass_clean,medium_100ep,seed1,in_pk__loss_pk,pk,pk,carepd_BMCLab_loso,loso,BMCLab,BMCLab,23,0.4334191083908081,0.5778921445210775,0.56626957654953,0.5839850306510925,0.20466020557543504,0.2728802741005801,0.9162081739176875,0.10722267473550602,0.14296356631400803,0.135439358584616,0.00001,carepd_BMCLab_6fold_1,macro_f1_012,false,pretrain_v1_stats_train_clean.pt,runs/pretrain/amass_clean/medium_100ep/seed1/in_pk__loss_pk/lightning_logs/version_0/checkpoints/epoch=99-step=11500.ckpt
amass_clean,medium_100ep,seed2,in_pk__loss_pk,pk,pk,carepd_BMCLab_loso,loso,BMCLab,BMCLab,23,0.38665252923965454,0.5155367056528727,0.5024958848953247,0.5074243545532227,0.17534131524355515,0.2337884203247402,0.9147861081620922,0.0938056493844107,0.12507419917921425,0.1377714890588315,3e-6,carepd_BMCLab_6fold_1,macro_f1_012,false,pretrain_v1_stats_train_clean.pt,runs/pretrain/amass_clean/medium_100ep/seed2/in_pk__loss_pk/lightning_logs/version_0/checkpoints/epoch=99-step=11500.ckpt
amass_clean,medium_100ep,seed42,in_pk__loss_pk,pk,pk,carepd_BMCLab_loso,loso,BMCLab,BMCLab,23,0.39891205728054047,0.5318827430407206,0.5348127484321594,0.5590341091156006,0.18696223231761352,0.24928297642348468,0.9153510021126788,0.10366121342406595,0.13821495123208793,0.13835063441579093,0.00003,carepd_BMCLab_6fold_1,macro_f1_012,false,pretrain_v1_stats_train_clean.pt,runs/pretrain/amass_clean/medium_100ep/seed42/in_pk__loss_pk/lightning_logs/version_0/checkpoints/epoch=99-step=11500.ckpt
amass_clean,medium_100ep,seed1,in_pk__loss_pkd,pk,pkd,carepd_BMCLab_loso,loso,BMCLab,BMCLab,23,0.4000386968255043,0.5333849291006724,0.4657905101776123,0.4814041256904602,0.18519426323473454,0.24692568431297937,0.9058932091878809,0.08574243674945253,0.11432324899927006,0.16147749199182124,0.0003,carepd_BMCLab_6fold_1,macro_f1_012,false,pretrain_v1_stats_train_clean.pt,runs/pretrain/amass_clean/medium_100ep/seed1/in_pk__loss_pkd/lightning_logs/version_0/checkpoints/epoch=99-step=11500.ckpt
amass_clean,medium_100ep,seed2,in_pk__loss_pkd,pk,pkd,carepd_BMCLab_loso,loso,BMCLab,BMCLab,23,0.4263901561498642,0.568520208199819,0.506979763507843,0.5134319067001343,0.1928929010325152,0.25719053471002024,0.905619211818861,0.08877777643576729,0.11837036858102304,0.16015020694271315,0.0001,carepd_BMCLab_6fold_1,macro_f1_012,false,pretrain_v1_stats_train_clean.pt,runs/pretrain/amass_clean/medium_100ep/seed2/in_pk__loss_pkd/lightning_logs/version_0/checkpoints/epoch=99-step=11500.ckpt
amass_clean,medium_100ep,seed42,in_pk__loss_pkd,pk,pkd,carepd_BMCLab_loso,loso,BMCLab,BMCLab,23,0.4003371074795723,0.5337828099727631,0.5077313780784607,0.5246879458427429,0.19469292364690616,0.2595905648625415,0.9189097699911698,0.09574813629687223,0.12766418172916297,0.14074641901060703,0.0003,carepd_BMCLab_6fold_1,macro_f1_012,false,pretrain_v1_stats_train_clean.pt,runs/pretrain/amass_clean/medium_100ep/seed42/in_pk__loss_pkd/lightning_logs/version_0/checkpoints/epoch=99-step=11500.ckpt
amass_clean,medium_100ep,seed1,in_pkd__loss_p,pkd,p,carepd_BMCLab_loso,loso,BMCLab,BMCLab,23,0.4007214605808258,0.5342952807744344,0.4591192305088043,0.4688374996185303,0.19278849191639735,0.25705132255519647,0.8905479078707488,0.09007296852856977,0.12009729137142637,0.1959935406325204,0.00001,carepd_BMCLab_6fold_1,macro_f1_012,false,pretrain_v1_stats_train_clean.pt,runs/pretrain/amass_clean/medium_100ep/seed1/in_pkd__loss_p/lightning_logs/version_0/checkpoints/epoch=99-step=11500.ckpt
amass_clean,medium_100ep,seed2,in_pkd__loss_p,pkd,p,carepd_BMCLab_loso,loso,BMCLab,BMCLab,23,0.4387655705213547,0.5850207606951395,0.5567184090614319,0.5695868134498596,0.20403473030613817,0.2720463070748509,0.9100739087747491,0.09731873554571148,0.12975831406094862,0.16487509597254632,3e-6,carepd_BMCLab_6fold_1,macro_f1_012,false,pretrain_v1_stats_train_clean.pt,runs/pretrain/amass_clean/medium_100ep/seed2/in_pkd__loss_p/lightning_logs/version_0/checkpoints/epoch=99-step=11500.ckpt
amass_clean,medium_100ep,seed42,in_pkd__loss_p,pkd,p,carepd_BMCLab_loso,loso,BMCLab,BMCLab,23,0.43859129399061203,0.5847883919874827,0.5157023072242737,0.5305413007736206,0.20390434850655173,0.27187246467540227,0.9191025521444238,0.11277991736008597,0.15037322314678128,0.1534288166479271,0.0003,carepd_BMCLab_6fold_1,macro_f1_012,false,pretrain_v1_stats_train_clean.pt,runs/pretrain/amass_clean/medium_100ep/seed42/in_pkd__loss_p/lightning_logs/version_0/checkpoints/epoch=94-step=10925.ckpt
amass_clean,medium_100ep,seed1,in_pkd__loss_pk,pkd,pk,carepd_BMCLab_loso,loso,BMCLab,BMCLab,23,0.44625790417194366,0.5950105388959249,0.5378881096839905,0.5589671730995178,0.21294680083899395,0.28392906778532523,0.9126823000285936,0.11336000962892558,0.1511466795052341,0.14843490017200692,0.00003,carepd_BMCLab_6fold_1,macro_f1_012,false,pretrain_v1_stats_train_clean.pt,runs/pretrain/amass_clean/medium_100ep/seed1/in_pkd__loss_pk/lightning_logs/version_0/checkpoints/epoch=99-step=11500.ckpt
amass_clean,medium_100ep,seed2,in_pkd__loss_pk,pkd,pk,carepd_BMCLab_loso,loso,BMCLab,BMCLab,23,0.4447057768702507,0.592941035827001,0.5601653456687927,0.5785484910011292,0.2062840224446162,0.27504536325948825,0.9084465192711871,0.1106246672172044,0.14749955628960587,0.16130303484252007,0.00003,carepd_BMCLab_6fold_1,macro_f1_012,false,pretrain_v1_stats_train_clean.pt,runs/pretrain/amass_clean/medium_100ep/seed2/in_pkd__loss_pk/lightning_logs/version_0/checkpoints/epoch=99-step=11500.ckpt
amass_clean,medium_100ep,seed42,in_pkd__loss_pk,pkd,pk,carepd_BMCLab_loso,loso,BMCLab,BMCLab,23,0.3839409202337265,0.511921226978302,0.4610520899295807,0.4815792739391327,0.18676909383224405,0.24902545844299206,0.9011437763338503,0.09658366940247698,0.1287782258699693,0.16277717203136366,3e-6,carepd_BMCLab_6fold_1,macro_f1_012,false,pretrain_v1_stats_train_clean.pt,runs/pretrain/amass_clean/medium_100ep/seed42/in_pkd__loss_pk/lightning_logs/version_0/checkpoints/epoch=99-step=11500.ckpt
amass_clean,medium_100ep,seed1,in_pkd__loss_pkd,pkd,pkd,carepd_BMCLab_loso,loso,BMCLab,BMCLab,23,0.4442906677722931,0.5923875570297241,0.5141086578369141,0.5305355787277222,0.2078320297372082,0.27710937298294425,0.9198080767755923,0.10539687471486388,0.14052916628648515,0.1367838237783967,0.0003,carepd_BMCLab_6fold_1,macro_f1_012,false,pretrain_v1_stats_train_clean.pt,runs/pretrain/amass_clean/medium_100ep/seed1/in_pkd__loss_pkd/lightning_logs/version_0/checkpoints/epoch=99-step=11500.ckpt
amass_clean,medium_100ep,seed2,in_pkd__loss_pkd,pkd,pkd,carepd_BMCLab_loso,loso,BMCLab,BMCLab,23,0.4496339485049248,0.5995119313398997,0.5397024154663086,0.5567590594291687,0.21286211130411728,0.2838161484054897,0.9154864264571149,0.10571240640266115,0.1409498752035482,0.1476574029380124,0.0001,carepd_BMCLab_6fold_1,macro_f1_012,false,pretrain_v1_stats_train_clean.pt,runs/pretrain/amass_clean/medium_100ep/seed2/in_pkd__loss_pkd/lightning_logs/version_0/checkpoints/epoch=99-step=11500.ckpt
amass_clean,medium_100ep,seed42,in_pkd__loss_pkd,pkd,pkd,carepd_BMCLab_loso,loso,BMCLab,BMCLab,23,0.41284041851758957,0.5504538913567861,0.5103244185447693,0.5175333619117737,0.1918507592509622,0.2558010123346163,0.901954181816267,0.08852595844258096,0.1180346112567746,0.15656883058839424,0.00003,carepd_BMCLab_6fold_1,macro_f1_012,false,pretrain_v1_stats_train_clean.pt,runs/pretrain/amass_clean/medium_100ep/seed42/in_pkd__loss_pkd/lightning_logs/version_0/checkpoints/epoch=99-step=11500.ckpt
amass_clean,medium_100ep,seed1,in_p__loss_p,p,p,carepd_PD-GaM_loso,loso,PD-GaM,PD-GaM,30,0.566866360604763,0.642000675201416,0.6351823210716248,0.6920493841171265,0.3816707029938698,0.5014868630303276,0.7446729630231858,0.10698649347487353,0.1389365364202688,0.1350432435590215,3e-6,carepd_BMCLab_6fold_1,macro_f1_012,false,pretrain_v1_stats_train_clean.pt,runs/pretrain/amass_clean/medium_100ep/seed1/in_p__loss_p/lightning_logs/version_0/checkpoints/epoch=94-step=10925.ckpt
amass_clean,medium_100ep,seed2,in_p__loss_p,p,p,carepd_PD-GaM_loso,loso,PD-GaM,PD-GaM,30,0.6089936196804047,0.6351207494735718,0.6062813997268677,0.7117032408714294,0.3664499909927448,0.4758053751455413,0.7508121679226557,0.1404240537218584,0.16471491942542835,0.1431867922856847,0.0003,carepd_BMCLab_6fold_1,macro_f1_012,false,pretrain_v1_stats_train_clean.pt,runs/pretrain/amass_clean/medium_100ep/seed2/in_p__loss_p/lightning_logs/version_0/checkpoints/epoch=99-step=11500.ckpt
amass_clean,medium_100ep,seed42,in_p__loss_p,p,p,carepd_PD-GaM_loso,loso,PD-GaM,PD-GaM,30,0.6353171467781067,0.6379391948382059,0.6051373481750488,0.699765682220459,0.375703835239013,0.48630881706873574,0.7446747163931529,0.13131097323425633,0.14895117545647302,0.14843627047124922,0.00003,carepd_BMCLab_6fold_1,macro_f1_012,false,pretrain_v1_stats_train_clean.pt,runs/pretrain/amass_clean/medium_100ep/seed42/in_p__loss_p/lightning_logs/version_0/checkpoints/epoch=94-step=10925.ckpt
amass_clean,medium_100ep,seed1,in_p__loss_pk,p,pk,carepd_PD-GaM_loso,loso,PD-GaM,PD-GaM,30,0.5247696042060852,0.6470612287521362,0.5844979882240295,0.7053033113479614,0.3765292288735509,0.49801780763599607,0.7568564842144648,0.1140235062668285,0.14755517607725593,0.14940382308654282,0.00001,carepd_BMCLab_6fold_1,macro_f1_012,false,pretrain_v1_stats_train_clean.pt,runs/pretrain/amass_clean/medium_100ep/seed1/in_p__loss_pk/lightning_logs/version_0/checkpoints/epoch=99-step=11500.ckpt
amass_clean,medium_100ep,seed2,in_p__loss_pk,p,pk,carepd_PD-GaM_loso,loso,PD-GaM,PD-GaM,30,0.6187658160924911,0.6511080463727316,0.655437707901001,0.6896632313728333,0.38071618030468624,0.4953993515835868,0.732796910405159,0.12877184881973888,0.15698575243167068,0.13822042259778602,3e-6,carepd_BMCLab_6fold_1,macro_f1_012,false,pretrain_v1_stats_train_clean.pt,runs/pretrain/amass_clean/medium_100ep/seed2/in_p__loss_pk/lightning_logs/version_0/checkpoints/epoch=99-step=11500.ckpt
amass_clean,medium_100ep,seed42,in_p__loss_pk,p,pk,carepd_PD-GaM_loso,loso,PD-GaM,PD-GaM,30,0.6548059433698654,0.6551258762677511,0.6685641407966614,0.7019587755203247,0.3834424162904421,0.49644174012872905,0.7600202868382137,0.1304271176634732,0.14755654085874637,0.15662029153916207,0.0001,carepd_BMCLab_6fold_1,macro_f1_012,false,pretrain_v1_stats_train_clean.pt,runs/pretrain/amass_clean/medium_100ep/seed42/in_p__loss_pk/lightning_logs/version_0/checkpoints/epoch=99-step=11500.ckpt
amass_clean,medium_100ep,seed1,in_p__loss_pkd,p,pkd,carepd_PD-GaM_loso,loso,PD-GaM,PD-GaM,30,0.48454450629651546,0.6285154819488525,0.5347350239753723,0.6828041672706604,0.3746657755225897,0.4979670657051934,0.7343948751688003,0.11165213209977756,0.146483646922734,0.14783412401226761,3e-6,carepd_BMCLab_6fold_1,macro_f1_012,false,pretrain_v1_stats_train_clean.pt,runs/pretrain/amass_clean/medium_100ep/seed1/in_p__loss_pkd/lightning_logs/version_0/checkpoints/epoch=99-step=11500.ckpt
amass_clean,medium_100ep,seed2,in_p__loss_pkd,p,pkd,carepd_PD-GaM_loso,loso,PD-GaM,PD-GaM,30,0.5020670369267464,0.6043820679187775,0.556267499923706,0.6914938688278198,0.35713718462114535,0.4716970604740911,0.7405319303274155,0.12137957747013799,0.1597149732391952,0.15504923363382583,0.00001,carepd_BMCLab_6fold_1,macro_f1_012,false,pretrain_v1_stats_train_clean.pt,runs/pretrain/amass_clean/medium_100ep/seed2/in_p__loss_pkd/lightning_logs/version_0/checkpoints/epoch=99-step=11500.ckpt
amass_clean,medium_100ep,seed42,in_p__loss_pkd,p,pkd,carepd_PD-GaM_loso,loso,PD-GaM,PD-GaM,30,0.6280909180641174,0.6451468666394552,0.614743709564209,0.7046958208084106,0.38071632850915194,0.4935154914028115,0.764973356326421,0.13498016136235297,0.1588666739668215,0.15848959413276642,0.0003,carepd_BMCLab_6fold_1,macro_f1_012,false,pretrain_v1_stats_train_clean.pt,runs/pretrain/amass_clean/medium_100ep/seed42/in_p__loss_pkd/lightning_logs/version_0/checkpoints/epoch=99-step=11500.ckpt
amass_clean,medium_100ep,seed1,in_pk__loss_p,pk,p,carepd_PD-GaM_loso,loso,PD-GaM,PD-GaM,30,0.6038026288151741,0.6535550157229105,0.6090788841247559,0.6786776185035706,0.3888558361058434,0.5083253380325106,0.7459276189406713,0.1326358937626127,0.15417541753696898,0.1443627185542903,3e-6,carepd_BMCLab_6fold_1,macro_f1_012,false,pretrain_v1_stats_train_clean.pt,runs/pretrain/amass_clean/medium_100ep/seed1/in_pk__loss_p/lightning_logs/version_0/checkpoints/epoch=94-step=10925.ckpt
amass_clean,medium_100ep,seed2,in_pk__loss_p,pk,p,carepd_PD-GaM_loso,loso,PD-GaM,PD-GaM,30,0.5451022461056709,0.6156918803850809,0.5428376197814941,0.6595226526260376,0.35221984013915064,0.461433411637942,0.724094346165657,0.11649831878360006,0.14199130806611118,0.13565158204729327,3e-6,carepd_BMCLab_6fold_1,macro_f1_012,false,pretrain_v1_stats_train_clean.pt,runs/pretrain/amass_clean/medium_100ep/seed2/in_pk__loss_p/lightning_logs/version_0/checkpoints/epoch=99-step=11500.ckpt
amass_clean,medium_100ep,seed42,in_pk__loss_p,pk,p,carepd_PD-GaM_loso,loso,PD-GaM,PD-GaM,30,0.5173597950488329,0.653777023156484,0.5657919645309448,0.6704734563827515,0.3834269446010391,0.5082729630172252,0.7325105160474777,0.11336010381359626,0.1457373481986557,0.1439383685664825,3e-6,carepd_BMCLab_6fold_1,macro_f1_012,false,pretrain_v1_stats_train_clean.pt,runs/pretrain/amass_clean/medium_100ep/seed42/in_pk__loss_p/lightning_logs/version_0/checkpoints/epoch=94-step=10925.ckpt
amass_clean,medium_100ep,seed1,in_pk__loss_pk,pk,pk,carepd_PD-GaM_loso,loso,PD-GaM,PD-GaM,30,0.6876052021980286,0.65754767258962,0.6913337707519531,0.7143712043762207,0.39053878244012596,0.5032580588426855,0.7313789039850235,0.13948459464142793,0.15231634254675896,0.15601669305062252,0.00001,carepd_BMCLab_6fold_1,macro_f1_012,false,pretrain_v1_stats_train_clean.pt,runs/pretrain/amass_clean/medium_100ep/seed1/in_pk__loss_pk/lightning_logs/version_0/checkpoints/epoch=99-step=11500.ckpt
amass_clean,medium_100ep,seed2,in_pk__loss_pk,pk,pk,carepd_PD-GaM_loso,loso,PD-GaM,PD-GaM,30,0.6486495286226273,0.6565327048301697,0.6882805824279785,0.7082394361495972,0.3923430807888508,0.5089049935340881,0.7397550662358602,0.13251840313811283,0.15569374437703756,0.15232719661146968,3e-6,carepd_BMCLab_6fold_1,macro_f1_012,false,pretrain_v1_stats_train_clean.pt,runs/pretrain/amass_clean/medium_100ep/seed2/in_pk__loss_pk/lightning_logs/version_0/checkpoints/epoch=99-step=11500.ckpt
amass_clean,medium_100ep,seed42,in_pk__loss_pk,pk,pk,carepd_PD-GaM_loso,loso,PD-GaM,PD-GaM,30,0.6674065440893173,0.6676531632741293,0.676461935043335,0.6987320184707642,0.39122495527068774,0.5065221627553304,0.748726537823677,0.12603246560662504,0.1393472719522288,0.14704232786714708,0.00003,carepd_BMCLab_6fold_1,macro_f1_012,false,pretrain_v1_stats_train_clean.pt,runs/pretrain/amass_clean/medium_100ep/seed42/in_pk__loss_pk/lightning_logs/version_0/checkpoints/epoch=99-step=11500.ckpt
amass_clean,medium_100ep,seed1,in_pk__loss_pkd,pk,pkd,carepd_PD-GaM_loso,loso,PD-GaM,PD-GaM,30,0.6293063312768936,0.6446306705474854,0.6491508483886719,0.695890486240387,0.3786450169359644,0.4914944833351506,0.7702027718226115,0.13833458293896342,0.15978689642042365,0.14578889430788916,0.0003,carepd_BMCLab_6fold_1,macro_f1_012,false,pretrain_v1_stats_train_clean.pt,runs/pretrain/amass_clean/medium_100ep/seed1/in_pk__loss_pkd/lightning_logs/version_0/checkpoints/epoch=99-step=11500.ckpt
amass_clean,medium_100ep,seed2,in_pk__loss_pkd,pk,pkd,carepd_PD-GaM_loso,loso,PD-GaM,PD-GaM,30,0.582487553358078,0.6526190638542175,0.6496202349662781,0.6969684362411499,0.37574787947038807,0.49192578213082416,0.7607831607262293,0.12461257838824297,0.1529436071278975,0.153266657191746,0.0001,carepd_BMCLab_6fold_1,macro_f1_012,false,pretrain_v1_stats_train_clean.pt,runs/pretrain/amass_clean/medium_100ep/seed2/in_pk__loss_pkd/lightning_logs/version_0/checkpoints/epoch=99-step=11500.ckpt
amass_clean,medium_100ep,seed42,in_pk__loss_pkd,pk,pkd,carepd_PD-GaM_loso,loso,PD-GaM,PD-GaM,30,0.6587930619716644,0.660442034403483,0.6733871698379517,0.7057781219482422,0.38670869631071886,0.5005004841420385,0.7596986562013626,0.14539054172005145,0.1638410205190106,0.14721084029973608,0.0003,carepd_BMCLab_6fold_1,macro_f1_012,false,pretrain_v1_stats_train_clean.pt,runs/pretrain/amass_clean/medium_100ep/seed42/in_pk__loss_pkd/lightning_logs/version_0/checkpoints/epoch=99-step=11500.ckpt
amass_clean,medium_100ep,seed1,in_pkd__loss_p,pkd,p,carepd_PD-GaM_loso,loso,PD-GaM,PD-GaM,30,0.600156880915165,0.655281643072764,0.600321352481842,0.7000115513801575,0.381940215267241,0.49853237296144165,0.7430195858081182,0.12021998146243644,0.14646521944376803,0.1329094774498162,0.00001,carepd_BMCLab_6fold_1,macro_f1_012,false,pretrain_v1_stats_train_clean.pt,runs/pretrain/amass_clean/medium_100ep/seed1/in_pkd__loss_p/lightning_logs/version_0/checkpoints/epoch=99-step=11500.ckpt
amass_clean,medium_100ep,seed2,in_pkd__loss_p,pkd,p,carepd_PD-GaM_loso,loso,PD-GaM,PD-GaM,30,0.564787320792675,0.6445226271947225,0.5620734691619873,0.6900128126144409,0.3687014181166887,0.4837315203415023,0.7404354085524877,0.11484267619295159,0.146877630332422,0.14659653122481575,3e-6,carepd_BMCLab_6fold_1,macro_f1_012,false,pretrain_v1_stats_train_clean.pt,runs/pretrain/amass_clean/medium_100ep/seed2/in_pkd__loss_p/lightning_logs/version_0/checkpoints/epoch=99-step=11500.ckpt
amass_clean,medium_100ep,seed42,in_pkd__loss_p,pkd,p,carepd_PD-GaM_loso,loso,PD-GaM,PD-GaM,30,0.6449577212333679,0.6599436203638712,0.6658615469932556,0.719948947429657,0.3881897226596872,0.5034800169368585,0.7664893408616383,0.13305675823842592,0.15520389189477615,0.14874453518355787,0.0003,carepd_BMCLab_6fold_1,macro_f1_012,false,pretrain_v1_stats_train_clean.pt,runs/pretrain/amass_clean/medium_100ep/seed42/in_pkd__loss_p/lightning_logs/version_0/checkpoints/epoch=94-step=10925.ckpt
amass_clean,medium_100ep,seed1,in_pkd__loss_pk,pkd,pk,carepd_PD-GaM_loso,loso,PD-GaM,PD-GaM,30,0.6829695552587509,0.6716323693593343,0.6918799877166748,0.7222148776054382,0.3929120905697346,0.5076434711615244,0.7647176504135131,0.13395518377814927,0.15317350594065873,0.14883224092218633,0.00003,carepd_BMCLab_6fold_1,macro_f1_012,false,pretrain_v1_stats_train_clean.pt,runs/pretrain/amass_clean/medium_100ep/seed1/in_pkd__loss_pk/lightning_logs/version_0/checkpoints/epoch=99-step=11500.ckpt
amass_clean,medium_100ep,seed2,in_pkd__loss_pk,pkd,pk,carepd_PD-GaM_loso,loso,PD-GaM,PD-GaM,30,0.6715463846921921,0.6687285105387369,0.6914467811584473,0.7155243158340454,0.3890370458985368,0.5039012462728554,0.7676932046810786,0.13037664755733275,0.14863067890564302,0.14983998835517642,0.00003,carepd_BMCLab_6fold_1,macro_f1_012,false,pretrain_v1_stats_train_clean.pt,runs/pretrain/amass_clean/medium_100ep/seed2/in_pkd__loss_pk/lightning_logs/version_0/checkpoints/epoch=99-step=11500.ckpt
amass_clean,medium_100ep,seed42,in_pkd__loss_pk,pkd,pk,carepd_PD-GaM_loso,loso,PD-GaM,PD-GaM,30,0.5976028218865395,0.6486556132634481,0.6205248832702637,0.7145404815673828,0.3862041746576627,0.5045819362004598,0.7487140427033107,0.12123598351061186,0.1529988433882948,0.14844497100803683,3e-6,carepd_BMCLab_6fold_1,macro_f1_012,false,pretrain_v1_stats_train_clean.pt,runs/pretrain/amass_clean/medium_100ep/seed42/in_pkd__loss_pk/lightning_logs/version_0/checkpoints/epoch=99-step=11500.ckpt
amass_clean,medium_100ep,seed1,in_pkd__loss_pkd,pkd,pkd,carepd_PD-GaM_loso,loso,PD-GaM,PD-GaM,30,0.6249812841415405,0.673888087272644,0.6631824970245361,0.7316533923149109,0.39230138758818306,0.511957405673133,0.7655543516079585,0.12250628249740644,0.14807526158312037,0.14792376993425763,0.0003,carepd_BMCLab_6fold_1,macro_f1_012,false,pretrain_v1_stats_train_clean.pt,runs/pretrain/amass_clean/medium_100ep/seed1/in_pkd__loss_pkd/lightning_logs/version_0/checkpoints/epoch=99-step=11500.ckpt
amass_clean,medium_100ep,seed2,in_pkd__loss_pkd,pkd,pkd,carepd_PD-GaM_loso,loso,PD-GaM,PD-GaM,30,0.6650478839874268,0.6645082831382751,0.6933078169822693,0.7348461151123047,0.38516190787777305,0.49873439557850363,0.7650005728006363,0.13451209378137702,0.15493233905376697,0.1457941431523886,0.0001,carepd_BMCLab_6fold_1,macro_f1_012,false,pretrain_v1_stats_train_clean.pt,runs/pretrain/amass_clean/medium_100ep/seed2/in_pkd__loss_pkd/lightning_logs/version_0/checkpoints/epoch=99-step=11500.ckpt
amass_clean,medium_100ep,seed42,in_pkd__loss_pkd,pkd,pkd,carepd_PD-GaM_loso,loso,PD-GaM,PD-GaM,30,0.6427129507064819,0.6702839334805807,0.6632522344589233,0.712753415107727,0.3923845036576192,0.5100956021083726,0.7592048585414887,0.14121960595860686,0.1661521535928461,0.14325618406609425,0.00003,carepd_BMCLab_6fold_1,macro_f1_012,false,pretrain_v1_stats_train_clean.pt,runs/pretrain/amass_clean/medium_100ep/seed42/in_pkd__loss_pkd/lightning_logs/version_0/checkpoints/epoch=99-step=11500.ckpt
amass_clean,medium_100ep,seed1,in_p__loss_p,p,p,carepd_T-SDU-PD_loso,loso,T-SDU-PD,T-SDU-PD,14,0.2811446040868759,0.37485947211583454,0.4138902723789215,0.40131810307502747,0.15332760236092977,0.20443680314790635,0.7223543098994664,0.06780909826248825,0.090412131016651,0.22026347260986687,3e-6,carepd_BMCLab_6fold_1,macro_f1_012,false,pretrain_v1_stats_train_clean.pt,runs/pretrain/amass_clean/medium_100ep/seed1/in_p__loss_p/lightning_logs/version_0/checkpoints/epoch=94-step=10925.ckpt
amass_clean,medium_100ep,seed2,in_p__loss_p,p,p,carepd_T-SDU-PD_loso,loso,T-SDU-PD,T-SDU-PD,14,0.2680918611586094,0.35745581487814587,0.4351698160171509,0.41462254524230957,0.1551749280520848,0.2068999040694464,0.7147090137004852,0.09389098914568113,0.12518798552757485,0.22569631387397227,0.0003,carepd_BMCLab_6fold_1,macro_f1_012,false,pretrain_v1_stats_train_clean.pt,runs/pretrain/amass_clean/medium_100ep/seed2/in_p__loss_p/lightning_logs/version_0/checkpoints/epoch=99-step=11500.ckpt
amass_clean,medium_100ep,seed42,in_p__loss_p,p,p,carepd_T-SDU-PD_loso,loso,T-SDU-PD,T-SDU-PD,14,0.30044472217559814,0.40059296290079754,0.45687487721443176,0.47022363543510437,0.17756815520780428,0.23675754027707235,0.7437244270529065,0.09823129177923667,0.1309750557056489,0.21324660127533873,0.00003,carepd_BMCLab_6fold_1,macro_f1_012,false,pretrain_v1_stats_train_clean.pt,runs/pretrain/amass_clean/medium_100ep/seed42/in_p__loss_p/lightning_logs/version_0/checkpoints/epoch=94-step=10925.ckpt
amass_clean,medium_100ep,seed1,in_p__loss_pk,p,pk,carepd_T-SDU-PD_loso,loso,T-SDU-PD,T-SDU-PD,14,0.3274221643805504,0.4365628858407338,0.43394413590431213,0.42766332626342773,0.1915237121284008,0.2553649495045344,0.7308666620935712,0.09554720974446758,0.1273962796592901,0.21894176068907503,0.00001,carepd_BMCLab_6fold_1,macro_f1_012,false,pretrain_v1_stats_train_clean.pt,runs/pretrain/amass_clean/medium_100ep/seed1/in_p__loss_pk/lightning_logs/version_0/checkpoints/epoch=99-step=11500.ckpt
amass_clean,medium_100ep,seed2,in_p__loss_pk,p,pk,carepd_T-SDU-PD_loso,loso,T-SDU-PD,T-SDU-PD,14,0.26621168479323387,0.35494891305764514,0.3803672790527344,0.3742344379425049,0.15608954150229692,0.20811938866972923,0.7032064880643573,0.07348498727349884,0.09797998303133179,0.23333697022940314,3e-6,carepd_BMCLab_6fold_1,macro_f1_012,false,pretrain_v1_stats_train_clean.pt,runs/pretrain/amass_clean/medium_100ep/seed2/in_p__loss_pk/lightning_logs/version_0/checkpoints/epoch=99-step=11500.ckpt
amass_clean,medium_100ep,seed42,in_p__loss_pk,p,pk,carepd_T-SDU-PD_loso,loso,T-SDU-PD,T-SDU-PD,14,0.2771565839648247,0.36954211195309955,0.4188491404056549,0.4292184114456177,0.17000687388437136,0.22667583184582846,0.727749228477478,0.10296426788689489,0.13728569051585984,0.2172408253452074,0.0001,carepd_BMCLab_6fold_1,macro_f1_012,false,pretrain_v1_stats_train_clean.pt,runs/pretrain/amass_clean/medium_100ep/seed42/in_p__loss_pk/lightning_logs/version_0/checkpoints/epoch=99-step=11500.ckpt
amass_clean,medium_100ep,seed1,in_p__loss_pkd,p,pkd,carepd_T-SDU-PD_loso,loso,T-SDU-PD,T-SDU-PD,14,0.23919923976063728,0.31893231968084973,0.38206663727760315,0.3641227185726166,0.13448714544730528,0.17931619392974035,0.6990950235298702,0.06482804756804118,0.08643739675738825,0.2368321299385617,3e-6,carepd_BMCLab_6fold_1,macro_f1_012,false,pretrain_v1_stats_train_clean.pt,runs/pretrain/amass_clean/medium_100ep/seed1/in_p__loss_pkd/lightning_logs/version_0/checkpoints/epoch=99-step=11500.ckpt
amass_clean,medium_100ep,seed2,in_p__loss_pkd,p,pkd,carepd_T-SDU-PD_loso,loso,T-SDU-PD,T-SDU-PD,14,0.28082554042339325,0.37443405389785767,0.4002281725406647,0.3840928375720978,0.18467403868479387,0.24623205157972516,0.7245571485587529,0.06211864600791669,0.08282486134388892,0.22035365603822576,0.00001,carepd_BMCLab_6fold_1,macro_f1_012,false,pretrain_v1_stats_train_clean.pt,runs/pretrain/amass_clean/medium_100ep/seed2/in_p__loss_pkd/lightning_logs/version_0/checkpoints/epoch=99-step=11500.ckpt
amass_clean,medium_100ep,seed42,in_p__loss_pkd,p,pkd,carepd_T-SDU-PD_loso,loso,T-SDU-PD,T-SDU-PD,14,0.24695628508925438,0.3292750467856725,0.40173807740211487,0.4037245512008667,0.13849817056741034,0.18466422742321378,0.7109546618802207,0.07380119608605343,0.09840159478140457,0.22658892657192772,0.0003,carepd_BMCLab_6fold_1,macro_f1_012,false,pretrain_v1_stats_train_clean.pt,runs/pretrain/amass_clean/medium_100ep/seed42/in_p__loss_pkd/lightning_logs/version_0/checkpoints/epoch=99-step=11500.ckpt
amass_clean,medium_100ep,seed1,in_pk__loss_p,pk,p,carepd_T-SDU-PD_loso,loso,T-SDU-PD,T-SDU-PD,14,0.30647778511047363,0.40863704681396484,0.4205761253833771,0.4328516721725464,0.1730109972081014,0.23068132961080187,0.7124155163764954,0.07838547398075865,0.1045139653076782,0.2284771468179952,3e-6,carepd_BMCLab_6fold_1,macro_f1_012,false,pretrain_v1_stats_train_clean.pt,runs/pretrain/amass_clean/medium_100ep/seed1/in_pk__loss_p/lightning_logs/version_0/checkpoints/epoch=94-step=10925.ckpt
amass_clean,medium_100ep,seed2,in_pk__loss_p,pk,p,carepd_T-SDU-PD_loso,loso,T-SDU-PD,T-SDU-PD,14,0.29523663222789764,0.3936488429705302,0.44013532996177673,0.44949355721473694,0.16703177762350865,0.22270903683134488,0.7224045949322837,0.0832399634256569,0.11098661790087586,0.23304865516237433,3e-6,carepd_BMCLab_6fold_1,macro_f1_012,false,pretrain_v1_stats_train_clean.pt,runs/pretrain/amass_clean/medium_100ep/seed2/in_pk__loss_p/lightning_logs/version_0/checkpoints/epoch=99-step=11500.ckpt
amass_clean,medium_100ep,seed42,in_pk__loss_p,pk,p,carepd_T-SDU-PD_loso,loso,T-SDU-PD,T-SDU-PD,14,0.3307712525129318,0.4410283366839091,0.47837570309638977,0.4652242660522461,0.18632164703948156,0.24842886271930875,0.7386376815182822,0.06399337056912048,0.08532449409216064,0.2119857234651607,3e-6,carepd_BMCLab_6fold_1,macro_f1_012,false,pretrain_v1_stats_train_clean.pt,runs/pretrain/amass_clean/medium_100ep/seed42/in_pk__loss_p/lightning_logs/version_0/checkpoints/epoch=94-step=10925.ckpt
amass_clean,medium_100ep,seed1,in_pk__loss_pk,pk,pk,carepd_T-SDU-PD_loso,loso,T-SDU-PD,T-SDU-PD,14,0.29136862978339195,0.38849150637785596,0.4376368522644043,0.4306689202785492,0.16863111260214023,0.2248414834695203,0.7276051385062081,0.08803325966202219,0.11737767954936293,0.21825502922361628,0.00001,carepd_BMCLab_6fold_1,macro_f1_012,false,pretrain_v1_stats_train_clean.pt,runs/pretrain/amass_clean/medium_100ep/seed1/in_pk__loss_pk/lightning_logs/version_0/checkpoints/epoch=99-step=11500.ckpt
amass_clean,medium_100ep,seed2,in_pk__loss_pk,pk,pk,carepd_T-SDU-PD_loso,loso,T-SDU-PD,T-SDU-PD,14,0.28192324936389923,0.3758976658185323,0.3871549665927887,0.40441906452178955,0.17896280650581634,0.23861707534108842,0.7107289071593966,0.06545256723961626,0.08727008965282168,0.232938069418721,3e-6,carepd_BMCLab_6fold_1,macro_f1_012,false,pretrain_v1_stats_train_clean.pt,runs/pretrain/amass_clean/medium_100ep/seed2/in_pk__loss_pk/lightning_logs/version_0/checkpoints/epoch=99-step=11500.ckpt
amass_clean,medium_100ep,seed42,in_pk__loss_pk,pk,pk,carepd_T-SDU-PD_loso,loso,T-SDU-PD,T-SDU-PD,14,0.27962179854512215,0.37282906472682953,0.41362354159355164,0.4131518006324768,0.16323441732674837,0.21764588976899782,0.7087462374142238,0.08928292624126175,0.11904390165501566,0.2291570548039576,0.00003,carepd_BMCLab_6fold_1,macro_f1_012,false,pretrain_v1_stats_train_clean.pt,runs/pretrain/amass_clean/medium_100ep/seed42/in_pk__loss_pk/lightning_logs/version_0/checkpoints/epoch=99-step=11500.ckpt
amass_clean,medium_100ep,seed1,in_pk__loss_pkd,pk,pkd,carepd_T-SDU-PD_loso,loso,T-SDU-PD,T-SDU-PD,14,0.25658831372857094,0.3421177516380946,0.4070564806461334,0.3899914622306824,0.1508268483781389,0.20110246450418517,0.7228515105588096,0.08758682757371922,0.11678243676495896,0.22385268238383468,0.0003,carepd_BMCLab_6fold_1,macro_f1_012,false,pretrain_v1_stats_train_clean.pt,runs/pretrain/amass_clean/medium_100ep/seed1/in_pk__loss_pkd/lightning_logs/version_0/checkpoints/epoch=99-step=11500.ckpt
amass_clean,medium_100ep,seed2,in_pk__loss_pkd,pk,pkd,carepd_T-SDU-PD_loso,loso,T-SDU-PD,T-SDU-PD,14,0.2562413960695267,0.3416551947593689,0.43609848618507385,0.4179094433784485,0.1523153152582901,0.20308708701105344,0.7224264400345939,0.08316274302094419,0.11088365736125891,0.2239720978668791,0.0001,carepd_BMCLab_6fold_1,macro_f1_012,false,pretrain_v1_stats_train_clean.pt,runs/pretrain/amass_clean/medium_100ep/seed2/in_pk__loss_pkd/lightning_logs/version_0/checkpoints/epoch=99-step=11500.ckpt
amass_clean,medium_100ep,seed42,in_pk__loss_pkd,pk,pkd,carepd_T-SDU-PD_loso,loso,T-SDU-PD,T-SDU-PD,14,0.31045254319906235,0.41393672426541644,0.46067890524864197,0.4471580684185028,0.17380098612712963,0.23173464816950617,0.7318673346723829,0.0964284979325986,0.12857133057679812,0.21847082886607602,0.0003,carepd_BMCLab_6fold_1,macro_f1_012,false,pretrain_v1_stats_train_clean.pt,runs/pretrain/amass_clean/medium_100ep/seed42/in_pk__loss_pkd/lightning_logs/version_0/checkpoints/epoch=99-step=11500.ckpt
amass_clean,medium_100ep,seed1,in_pkd__loss_p,pkd,p,carepd_T-SDU-PD_loso,loso,T-SDU-PD,T-SDU-PD,14,0.24238383397459984,0.32317844529946643,0.37525105476379395,0.3656837046146393,0.16293053754738399,0.21724071672984532,0.7106090081589562,0.06966713815630422,0.09288951754173896,0.2288930141769217,0.00001,carepd_BMCLab_6fold_1,macro_f1_012,false,pretrain_v1_stats_train_clean.pt,runs/pretrain/amass_clean/medium_100ep/seed1/in_pkd__loss_p/lightning_logs/version_0/checkpoints/epoch=99-step=11500.ckpt
amass_clean,medium_100ep,seed2,in_pkd__loss_p,pkd,p,carepd_T-SDU-PD_loso,loso,T-SDU-PD,T-SDU-PD,14,0.26511387899518013,0.3534851719935735,0.38138747215270996,0.3807017505168915,0.15544933692685195,0.20726578256913594,0.7171976715326309,0.07552571440807201,0.10070095254409601,0.2231456119900704,3e-6,carepd_BMCLab_6fold_1,macro_f1_012,false,pretrain_v1_stats_train_clean.pt,runs/pretrain/amass_clean/medium_100ep/seed2/in_pkd__loss_p/lightning_logs/version_0/checkpoints/epoch=99-step=11500.ckpt
amass_clean,medium_100ep,seed42,in_pkd__loss_p,pkd,p,carepd_T-SDU-PD_loso,loso,T-SDU-PD,T-SDU-PD,14,0.2785344608128071,0.3713792810837428,0.4139316976070404,0.4117772877216339,0.1546389049451266,0.20618520659350215,0.7284686501537051,0.08143135513358507,0.10857514017811344,0.23132148903833674,0.0003,carepd_BMCLab_6fold_1,macro_f1_012,false,pretrain_v1_stats_train_clean.pt,runs/pretrain/amass_clean/medium_100ep/seed42/in_pkd__loss_p/lightning_logs/version_0/checkpoints/epoch=94-step=10925.ckpt
amass_clean,medium_100ep,seed1,in_pkd__loss_pk,pkd,pk,carepd_T-SDU-PD_loso,loso,T-SDU-PD,T-SDU-PD,14,0.2615433819591999,0.3487245092789332,0.42589983344078064,0.4321363866329193,0.1571284013667277,0.2095045351556369,0.7387753086430686,0.0831468175440914,0.11086242339212185,0.21721805122845939,0.00003,carepd_BMCLab_6fold_1,macro_f1_012,false,pretrain_v1_stats_train_clean.pt,runs/pretrain/amass_clean/medium_100ep/seed1/in_pkd__loss_pk/lightning_logs/version_0/checkpoints/epoch=99-step=11500.ckpt
amass_clean,medium_100ep,seed2,in_pkd__loss_pk,pkd,pk,carepd_T-SDU-PD_loso,loso,T-SDU-PD,T-SDU-PD,14,0.26160790026187897,0.3488105336825053,0.38846555352211,0.3859759271144867,0.1595543402114085,0.21273912028187797,0.7225190571376255,0.09725598976561316,0.12967465302081754,0.2239050135358619,0.00003,carepd_BMCLab_6fold_1,macro_f1_012,false,pretrain_v1_stats_train_clean.pt,runs/pretrain/amass_clean/medium_100ep/seed2/in_pkd__loss_pk/lightning_logs/version_0/checkpoints/epoch=99-step=11500.ckpt
amass_clean,medium_100ep,seed42,in_pkd__loss_pk,pkd,pk,carepd_T-SDU-PD_loso,loso,T-SDU-PD,T-SDU-PD,14,0.30212822929024696,0.4028376390536626,0.4306468963623047,0.4330228865146637,0.18923646437802485,0.25231528583736645,0.7295375508921487,0.1204487623035071,0.16059834973800946,0.21973764459666165,3e-6,carepd_BMCLab_6fold_1,macro_f1_012,false,pretrain_v1_stats_train_clean.pt,runs/pretrain/amass_clean/medium_100ep/seed42/in_pkd__loss_pk/lightning_logs/version_0/checkpoints/epoch=99-step=11500.ckpt
amass_clean,medium_100ep,seed1,in_pkd__loss_pkd,pkd,pkd,carepd_T-SDU-PD_loso,loso,T-SDU-PD,T-SDU-PD,14,0.27659567072987556,0.3687942276398341,0.41707566380500793,0.4305139183998108,0.1667387131601572,0.22231828421354294,0.7590128140790122,0.08113404357026949,0.10817872476035932,0.2258875618882845,0.0003,carepd_BMCLab_6fold_1,macro_f1_012,false,pretrain_v1_stats_train_clean.pt,runs/pretrain/amass_clean/medium_100ep/seed1/in_pkd__loss_pkd/lightning_logs/version_0/checkpoints/epoch=99-step=11500.ckpt
amass_clean,medium_100ep,seed2,in_pkd__loss_pkd,pkd,pkd,carepd_T-SDU-PD_loso,loso,T-SDU-PD,T-SDU-PD,14,0.2723393179476261,0.36311909059683484,0.40043655037879944,0.4136542081832886,0.15975051280111074,0.21300068373481432,0.7277255994932992,0.0972262677587466,0.1296350236783288,0.22159926617624282,0.0001,carepd_BMCLab_6fold_1,macro_f1_012,false,pretrain_v1_stats_train_clean.pt,runs/pretrain/amass_clean/medium_100ep/seed2/in_pkd__loss_pkd/lightning_logs/version_0/checkpoints/epoch=99-step=11500.ckpt
amass_clean,medium_100ep,seed42,in_pkd__loss_pkd,pkd,pkd,carepd_T-SDU-PD_loso,loso,T-SDU-PD,T-SDU-PD,14,0.2590882480144501,0.3454509973526001,0.3865806758403778,0.3836188316345215,0.16879696013139828,0.22506261350853102,0.73384961272989,0.10564733095498904,0.14086310793998538,0.2147712115340481,0.00003,carepd_BMCLab_6fold_1,macro_f1_012,false,pretrain_v1_stats_train_clean.pt,runs/pretrain/amass_clean/medium_100ep/seed42/in_pkd__loss_pkd/lightning_logs/version_0/checkpoints/epoch=99-step=11500.ckpt
amass_clean,medium_100ep_jepa,seed1,in_p,p,,carepd_cross_PD-GaM_to_3DGait,cross,PD-GaM,3DGait,1,0.21149524673819542,0.14866032699743906,0.45159029960632324,0.28550928831100464,0.21149524673819542,0.14866032699743906,0.45159029960632324,,,,0.00003,carepd_BMCLab_6fold_1,macro_f1_012,false,pretrain_v1_stats_train_clean.pt,runs/pretrain/amass_clean/medium_100ep_jepa/seed1/in_p/lightning_logs/version_0/checkpoints/epoch=94-step=10925.ckpt
amass_clean,medium_100ep_jepa,seed1,in_p,p,,carepd_cross_T-SDU-PD_to_3DGait,cross,T-SDU-PD,3DGait,1,0.31947295367717743,0.4259639382362366,0.36805829405784607,0.35869234800338745,0.31947295367717743,0.4259639382362366,0.36805829405784607,,,,0.00003,carepd_BMCLab_6fold_1,macro_f1_012,false,pretrain_v1_stats_train_clean.pt,runs/pretrain/amass_clean/medium_100ep_jepa/seed1/in_p/lightning_logs/version_0/checkpoints/epoch=94-step=10925.ckpt
amass_clean,medium_100ep_jepa,seed1,in_p,p,,carepd_cross_BMCLab_to_3DGait,cross,BMCLab,3DGait,1,0.24031392112374306,0.3204185614983241,0.40576809644699097,0.434065580368042,0.24031392112374306,0.3204185614983241,0.40576809644699097,,,,0.00003,carepd_BMCLab_6fold_1,macro_f1_012,false,pretrain_v1_stats_train_clean.pt,runs/pretrain/amass_clean/medium_100ep_jepa/seed1/in_p/lightning_logs/version_0/checkpoints/epoch=94-step=10925.ckpt
amass_clean,medium_100ep_jepa,seed2,in_p,p,,carepd_cross_T-SDU-PD_to_3DGait,cross,T-SDU-PD,3DGait,1,0.29549645632505417,0.3939952751000722,0.35611429810523987,0.36821839213371277,0.29549645632505417,0.3939952751000722,0.35611429810523987,,,,3e-6,carepd_BMCLab_6fold_1,macro_f1_012,false,pretrain_v1_stats_train_clean.pt,runs/pretrain/amass_clean/medium_100ep_jepa/seed2/in_p/lightning_logs/version_0/checkpoints/epoch=24-step=2875.ckpt
amass_clean,medium_100ep_jepa,seed2,in_p,p,,carepd_cross_PD-GaM_to_3DGait,cross,PD-GaM,3DGait,1,0.28319227136671543,0.23473255087931952,0.37469959259033203,0.2938099801540375,0.28319227136671543,0.23473255087931952,0.37469959259033203,,,,3e-6,carepd_BMCLab_6fold_1,macro_f1_012,false,pretrain_v1_stats_train_clean.pt,runs/pretrain/amass_clean/medium_100ep_jepa/seed2/in_p/lightning_logs/version_0/checkpoints/epoch=24-step=2875.ckpt
amass_clean,medium_100ep_jepa,seed2,in_p,p,,carepd_cross_BMCLab_to_3DGait,cross,BMCLab,3DGait,1,0.18874330446124077,0.25165773928165436,0.2941543161869049,0.27031058073043823,0.18874330446124077,0.25165773928165436,0.2941543161869049,,,,3e-6,carepd_BMCLab_6fold_1,macro_f1_012,false,pretrain_v1_stats_train_clean.pt,runs/pretrain/amass_clean/medium_100ep_jepa/seed2/in_p/lightning_logs/version_0/checkpoints/epoch=24-step=2875.ckpt
amass_clean,medium_100ep_jepa,seed42,in_p,p,,carepd_cross_BMCLab_to_3DGait,cross,BMCLab,3DGait,1,0.29764524102211,0.3968603213628133,0.3771110773086548,0.43835657835006714,0.29764524102211,0.3968603213628133,0.3771110773086548,,,,0.001,carepd_BMCLab_6fold_1,macro_f1_012,false,pretrain_v1_stats_train_clean.pt,runs/pretrain/amass_clean/medium_100ep_jepa/seed42/in_p/lightning_logs/version_0/checkpoints/epoch=39-step=4600.ckpt
amass_clean,medium_100ep_jepa,seed42,in_p,p,,carepd_cross_PD-GaM_to_3DGait,cross,PD-GaM,3DGait,1,0.20887989923357964,0.1608594705661138,0.4237728416919708,0.29290705919265747,0.20887989923357964,0.1608594705661138,0.4237728416919708,,,,0.001,carepd_BMCLab_6fold_1,macro_f1_012,false,pretrain_v1_stats_train_clean.pt,runs/pretrain/amass_clean/medium_100ep_jepa/seed42/in_p/lightning_logs/version_0/checkpoints/epoch=39-step=4600.ckpt
amass_clean,medium_100ep_jepa,seed42,in_p,p,,carepd_cross_T-SDU-PD_to_3DGait,cross,T-SDU-PD,3DGait,1,0.2980596348643303,0.39741284648577374,0.39541035890579224,0.38326388597488403,0.2980596348643303,0.39741284648577374,0.39541035890579224,,,,0.001,carepd_BMCLab_6fold_1,macro_f1_012,false,pretrain_v1_stats_train_clean.pt,runs/pretrain/amass_clean/medium_100ep_jepa/seed42/in_p/lightning_logs/version_0/checkpoints/epoch=39-step=4600.ckpt
amass_clean,medium_100ep_jepa,seed1,in_pk,pk,,carepd_cross_T-SDU-PD_to_3DGait,cross,T-SDU-PD,3DGait,1,0.3085040971636772,0.41133879621823627,0.407384991645813,0.38168928027153015,0.3085040971636772,0.41133879621823627,0.407384991645813,,,,1e-6,carepd_BMCLab_6fold_1,macro_f1_012,false,pretrain_v1_stats_train_clean.pt,runs/pretrain/amass_clean/medium_100ep_jepa/seed1/in_pk/lightning_logs/version_0/checkpoints/epoch=29-step=3450.ckpt
amass_clean,medium_100ep_jepa,seed1,in_pk,pk,,carepd_cross_PD-GaM_to_3DGait,cross,PD-GaM,3DGait,1,0.14338582940399647,0.13989905267953873,0.3766166865825653,0.27338841557502747,0.14338582940399647,0.13989905267953873,0.3766166865825653,,,,1e-6,carepd_BMCLab_6fold_1,macro_f1_012,false,pretrain_v1_stats_train_clean.pt,runs/pretrain/amass_clean/medium_100ep_jepa/seed1/in_pk/lightning_logs/version_0/checkpoints/epoch=29-step=3450.ckpt
amass_clean,medium_100ep_jepa,seed1,in_pk,pk,,carepd_cross_BMCLab_to_3DGait,cross,BMCLab,3DGait,1,0.2453918494284153,0.3271891325712204,0.3923063576221466,0.33695003390312195,0.2453918494284153,0.3271891325712204,0.3923063576221466,,,,1e-6,carepd_BMCLab_6fold_1,macro_f1_012,false,pretrain_v1_stats_train_clean.pt,runs/pretrain/amass_clean/medium_100ep_jepa/seed1/in_pk/lightning_logs/version_0/checkpoints/epoch=29-step=3450.ckpt
amass_clean,medium_100ep_jepa,seed2,in_pk,pk,,carepd_cross_T-SDU-PD_to_3DGait,cross,T-SDU-PD,3DGait,1,0.2932446822524071,0.3909929096698761,0.4200422167778015,0.3607724905014038,0.2932446822524071,0.3909929096698761,0.4200422167778015,,,,0.0001,carepd_BMCLab_6fold_1,macro_f1_012,false,pretrain_v1_stats_train_clean.pt,runs/pretrain/amass_clean/medium_100ep_jepa/seed2/in_pk/lightning_logs/version_0/checkpoints/epoch=99-step=11500.ckpt
amass_clean,medium_100ep_jepa,seed2,in_pk,pk,,carepd_cross_PD-GaM_to_3DGait,cross,PD-GaM,3DGait,1,0.14648384228348732,0.1476927399635315,0.34201276302337646,0.2699229121208191,0.14648384228348732,0.1476927399635315,0.34201276302337646,,,,0.0001,carepd_BMCLab_6fold_1,macro_f1_012,false,pretrain_v1_stats_train_clean.pt,runs/pretrain/amass_clean/medium_100ep_jepa/seed2/in_pk/lightning_logs/version_0/checkpoints/epoch=99-step=11500.ckpt
amass_clean,medium_100ep_jepa,seed2,in_pk,pk,,carepd_cross_BMCLab_to_3DGait,cross,BMCLab,3DGait,1,0.2054491862654686,0.27393224835395813,0.41319048404693604,0.3495020270347595,0.2054491862654686,0.27393224835395813,0.41319048404693604,,,,0.0001,carepd_BMCLab_6fold_1,macro_f1_012,false,pretrain_v1_stats_train_clean.pt,runs/pretrain/amass_clean/medium_100ep_jepa/seed2/in_pk/lightning_logs/version_0/checkpoints/epoch=99-step=11500.ckpt
amass_clean,medium_100ep_jepa,seed42,in_pk,pk,,carepd_cross_T-SDU-PD_to_3DGait,cross,T-SDU-PD,3DGait,1,0.29853054881095886,0.39804073174794513,0.4344024062156677,0.3990635275840759,0.29853054881095886,0.39804073174794513,0.4344024062156677,,,,1e-6,carepd_BMCLab_6fold_1,macro_f1_012,false,pretrain_v1_stats_train_clean.pt,runs/pretrain/amass_clean/medium_100ep_jepa/seed42/in_pk/lightning_logs/version_0/checkpoints/epoch=34-step=4025.ckpt
amass_clean,medium_100ep_jepa,seed42,in_pk,pk,,carepd_cross_PD-GaM_to_3DGait,cross,PD-GaM,3DGait,1,0.18145833536982536,0.24194444715976715,0.40270790457725525,0.29794764518737793,0.18145833536982536,0.24194444715976715,0.40270790457725525,,,,1e-6,carepd_BMCLab_6fold_1,macro_f1_012,false,pretrain_v1_stats_train_clean.pt,runs/pretrain/amass_clean/medium_100ep_jepa/seed42/in_pk/lightning_logs/version_0/checkpoints/epoch=34-step=4025.ckpt
amass_clean,medium_100ep_jepa,seed42,in_pk,pk,,carepd_cross_BMCLab_to_3DGait,cross,BMCLab,3DGait,1,0.21339122205972672,0.28452162941296893,0.34075942635536194,0.2994896471500397,0.21339122205972672,0.28452162941296893,0.34075942635536194,,,,1e-6,carepd_BMCLab_6fold_1,macro_f1_012,false,pretrain_v1_stats_train_clean.pt,runs/pretrain/amass_clean/medium_100ep_jepa/seed42/in_pk/lightning_logs/version_0/checkpoints/epoch=34-step=4025.ckpt
amass_clean,medium_100ep_jepa,seed1,in_pkd,pkd,,carepd_cross_BMCLab_to_3DGait,cross,BMCLab,3DGait,1,0.22771946527063847,0.3036259536941846,0.38026875257492065,0.3886904716491699,0.22771946527063847,0.3036259536941846,0.38026875257492065,,,,1e-6,carepd_BMCLab_6fold_1,macro_f1_012,false,pretrain_v1_stats_train_clean.pt,runs/pretrain/amass_clean/medium_100ep_jepa/seed1/in_pkd/lightning_logs/version_0/checkpoints/epoch=29-step=3450.ckpt
amass_clean,medium_100ep_jepa,seed1,in_pkd,pkd,,carepd_cross_T-SDU-PD_to_3DGait,cross,T-SDU-PD,3DGait,1,0.32644037902355194,0.4352538386980693,0.3939841091632843,0.3575659990310669,0.32644037902355194,0.4352538386980693,0.3939841091632843,,,,1e-6,carepd_BMCLab_6fold_1,macro_f1_012,false,pretrain_v1_stats_train_clean.pt,runs/pretrain/amass_clean/medium_100ep_jepa/seed1/in_pkd/lightning_logs/version_0/checkpoints/epoch=29-step=3450.ckpt
amass_clean,medium_100ep_jepa,seed1,in_pkd,pkd,,carepd_cross_PD-GaM_to_3DGait,cross,PD-GaM,3DGait,1,0.09257310815155506,0.12343081086874008,0.3967992663383484,0.27326199412345886,0.09257310815155506,0.12343081086874008,0.3967992663383484,,,,1e-6,carepd_BMCLab_6fold_1,macro_f1_012,false,pretrain_v1_stats_train_clean.pt,runs/pretrain/amass_clean/medium_100ep_jepa/seed1/in_pkd/lightning_logs/version_0/checkpoints/epoch=29-step=3450.ckpt
amass_clean,medium_100ep_jepa,seed2,in_pkd,pkd,,carepd_cross_T-SDU-PD_to_3DGait,cross,T-SDU-PD,3DGait,1,0.25429537147283554,0.3390604952971141,0.43212899565696716,0.32688772678375244,0.25429537147283554,0.3390604952971141,0.43212899565696716,,,,0.0003,carepd_BMCLab_6fold_1,macro_f1_012,false,pretrain_v1_stats_train_clean.pt,runs/pretrain/amass_clean/medium_100ep_jepa/seed2/in_pkd/lightning_logs/version_0/checkpoints/epoch=99-step=11500.ckpt
amass_clean,medium_100ep_jepa,seed2,in_pkd,pkd,,carepd_cross_BMCLab_to_3DGait,cross,BMCLab,3DGait,1,0.28898562490940094,0.3853141665458679,0.4201851785182953,0.3899465501308441,0.28898562490940094,0.3853141665458679,0.4201851785182953,,,,0.0003,carepd_BMCLab_6fold_1,macro_f1_012,false,pretrain_v1_stats_train_clean.pt,runs/pretrain/amass_clean/medium_100ep_jepa/seed2/in_pkd/lightning_logs/version_0/checkpoints/epoch=99-step=11500.ckpt
amass_clean,medium_100ep_jepa,seed2,in_pkd,pkd,,carepd_cross_PD-GaM_to_3DGait,cross,PD-GaM,3DGait,1,0.06730769574642181,0.08974359432856242,0.3596746325492859,0.2739338278770447,0.06730769574642181,0.08974359432856242,0.3596746325492859,,,,0.0003,carepd_BMCLab_6fold_1,macro_f1_012,false,pretrain_v1_stats_train_clean.pt,runs/pretrain/amass_clean/medium_100ep_jepa/seed2/in_pkd/lightning_logs/version_0/checkpoints/epoch=99-step=11500.ckpt
amass_clean,medium_100ep_jepa,seed42,in_pkd,pkd,,carepd_cross_T-SDU-PD_to_3DGait,cross,T-SDU-PD,3DGait,1,0.34334150701761246,0.4577886760234833,0.3821311593055725,0.335380882024765,0.34334150701761246,0.4577886760234833,0.3821311593055725,,,,0.0001,carepd_BMCLab_6fold_1,macro_f1_012,false,pretrain_v1_stats_train_clean.pt,runs/pretrain/amass_clean/medium_100ep_jepa/seed42/in_pkd/lightning_logs/version_0/checkpoints/epoch=99-step=11500.ckpt
amass_clean,medium_100ep_jepa,seed42,in_pkd,pkd,,carepd_cross_BMCLab_to_3DGait,cross,BMCLab,3DGait,1,0.25523534044623375,0.340313787261645,0.39314350485801697,0.3452816903591156,0.25523534044623375,0.340313787261645,0.39314350485801697,,,,0.0001,carepd_BMCLab_6fold_1,macro_f1_012,false,pretrain_v1_stats_train_clean.pt,runs/pretrain/amass_clean/medium_100ep_jepa/seed42/in_pkd/lightning_logs/version_0/checkpoints/epoch=99-step=11500.ckpt
amass_clean,medium_100ep_jepa,seed42,in_pkd,pkd,,carepd_cross_PD-GaM_to_3DGait,cross,PD-GaM,3DGait,1,0.08041804376989603,0.10722405835986137,0.39020484685897827,0.28048384189605713,0.08041804376989603,0.10722405835986137,0.39020484685897827,,,,0.0001,carepd_BMCLab_6fold_1,macro_f1_012,false,pretrain_v1_stats_train_clean.pt,runs/pretrain/amass_clean/medium_100ep_jepa/seed42/in_pkd/lightning_logs/version_0/checkpoints/epoch=99-step=11500.ckpt
amass_clean,medium_100ep_jepa,seed1,in_p,p,,carepd_cross_3DGait_to_BMCLab,cross,3DGait,BMCLab,1,0.3397095948457718,0.45294612646102905,0.4860716760158539,0.5144401788711548,0.3397095948457718,0.45294612646102905,0.4860716760158539,,,,0.00003,carepd_BMCLab_6fold_1,macro_f1_012,false,pretrain_v1_stats_train_clean.pt,runs/pretrain/amass_clean/medium_100ep_jepa/seed1/in_p/lightning_logs/version_0/checkpoints/epoch=94-step=10925.ckpt
amass_clean,medium_100ep_jepa,seed1,in_p,p,,carepd_cross_T-SDU-PD_to_BMCLab,cross,T-SDU-PD,BMCLab,1,0.29327331110835075,0.391031081477801,0.4322110116481781,0.4437941312789917,0.29327331110835075,0.391031081477801,0.4322110116481781,,,,0.00003,carepd_BMCLab_6fold_1,macro_f1_012,false,pretrain_v1_stats_train_clean.pt,runs/pretrain/amass_clean/medium_100ep_jepa/seed1/in_p/lightning_logs/version_0/checkpoints/epoch=94-step=10925.ckpt
amass_clean,medium_100ep_jepa,seed1,in_p,p,,carepd_cross_PD-GaM_to_BMCLab,cross,PD-GaM,BMCLab,1,0.20424093306064606,0.2723212440808614,0.4516770839691162,0.34005773067474365,0.20424093306064606,0.2723212440808614,0.4516770839691162,,,,0.00003,carepd_BMCLab_6fold_1,macro_f1_012,false,pretrain_v1_stats_train_clean.pt,runs/pretrain/amass_clean/medium_100ep_jepa/seed1/in_p/lightning_logs/version_0/checkpoints/epoch=94-step=10925.ckpt
amass_clean,medium_100ep_jepa,seed2,in_p,p,,carepd_cross_PD-GaM_to_BMCLab,cross,PD-GaM,BMCLab,1,0.10863025346770883,0.1448403379569451,0.48101529479026794,0.3353678584098816,0.10863025346770883,0.1448403379569451,0.48101529479026794,,,,3e-6,carepd_BMCLab_6fold_1,macro_f1_012,false,pretrain_v1_stats_train_clean.pt,runs/pretrain/amass_clean/medium_100ep_jepa/seed2/in_p/lightning_logs/version_0/checkpoints/epoch=24-step=2875.ckpt
amass_clean,medium_100ep_jepa,seed2,in_p,p,,carepd_cross_T-SDU-PD_to_BMCLab,cross,T-SDU-PD,BMCLab,1,0.25392781756818295,0.3385704234242439,0.4130500853061676,0.463495671749115,0.25392781756818295,0.3385704234242439,0.4130500853061676,,,,3e-6,carepd_BMCLab_6fold_1,macro_f1_012,false,pretrain_v1_stats_train_clean.pt,runs/pretrain/amass_clean/medium_100ep_jepa/seed2/in_p/lightning_logs/version_0/checkpoints/epoch=24-step=2875.ckpt
amass_clean,medium_100ep_jepa,seed2,in_p,p,,carepd_cross_3DGait_to_BMCLab,cross,3DGait,BMCLab,1,0.29679001308977604,0.3957200174530347,0.42476585507392883,0.40377122163772583,0.29679001308977604,0.3957200174530347,0.42476585507392883,,,,3e-6,carepd_BMCLab_6fold_1,macro_f1_012,false,pretrain_v1_stats_train_clean.pt,runs/pretrain/amass_clean/medium_100ep_jepa/seed2/in_p/lightning_logs/version_0/checkpoints/epoch=24-step=2875.ckpt
amass_clean,medium_100ep_jepa,seed42,in_p,p,,carepd_cross_PD-GaM_to_BMCLab,cross,PD-GaM,BMCLab,1,0.14065241441130638,0.1875365525484085,0.5386645197868347,0.3681662678718567,0.14065241441130638,0.1875365525484085,0.5386645197868347,,,,0.001,carepd_BMCLab_6fold_1,macro_f1_012,false,pretrain_v1_stats_train_clean.pt,runs/pretrain/amass_clean/medium_100ep_jepa/seed42/in_p/lightning_logs/version_0/checkpoints/epoch=39-step=4600.ckpt
amass_clean,medium_100ep_jepa,seed42,in_p,p,,carepd_cross_T-SDU-PD_to_BMCLab,cross,T-SDU-PD,BMCLab,1,0.41031692922115326,0.5470892389615377,0.5460958480834961,0.595675528049469,0.41031692922115326,0.5470892389615377,0.5460958480834961,,,,0.001,carepd_BMCLab_6fold_1,macro_f1_012,false,pretrain_v1_stats_train_clean.pt,runs/pretrain/amass_clean/medium_100ep_jepa/seed42/in_p/lightning_logs/version_0/checkpoints/epoch=39-step=4600.ckpt
amass_clean,medium_100ep_jepa,seed42,in_p,p,,carepd_cross_3DGait_to_BMCLab,cross,3DGait,BMCLab,1,0.2724205763079226,0.36322743507723015,0.46309104561805725,0.3770323097705841,0.2724205763079226,0.36322743507723015,0.46309104561805725,,,,0.001,carepd_BMCLab_6fold_1,macro_f1_012,false,pretrain_v1_stats_train_clean.pt,runs/pretrain/amass_clean/medium_100ep_jepa/seed42/in_p/lightning_logs/version_0/checkpoints/epoch=39-step=4600.ckpt
amass_clean,medium_100ep_jepa,seed1,in_pk,pk,,carepd_cross_PD-GaM_to_BMCLab,cross,PD-GaM,BMCLab,1,0.0991419986821711,0.13218933157622814,0.4233911335468292,0.30936044454574585,0.0991419986821711,0.13218933157622814,0.4233911335468292,,,,1e-6,carepd_BMCLab_6fold_1,macro_f1_012,false,pretrain_v1_stats_train_clean.pt,runs/pretrain/amass_clean/medium_100ep_jepa/seed1/in_pk/lightning_logs/version_0/checkpoints/epoch=29-step=3450.ckpt
amass_clean,medium_100ep_jepa,seed1,in_pk,pk,,carepd_cross_T-SDU-PD_to_BMCLab,cross,T-SDU-PD,BMCLab,1,0.2920454666018486,0.38939395546913147,0.426267147064209,0.4098227620124817,0.2920454666018486,0.38939395546913147,0.426267147064209,,,,1e-6,carepd_BMCLab_6fold_1,macro_f1_012,false,pretrain_v1_stats_train_clean.pt,runs/pretrain/amass_clean/medium_100ep_jepa/seed1/in_pk/lightning_logs/version_0/checkpoints/epoch=29-step=3450.ckpt
amass_clean,medium_100ep_jepa,seed1,in_pk,pk,,carepd_cross_3DGait_to_BMCLab,cross,3DGait,BMCLab,1,0.38346728682518005,0.5112897157669067,0.6088411211967468,0.5773282647132874,0.38346728682518005,0.5112897157669067,0.6088411211967468,,,,1e-6,carepd_BMCLab_6fold_1,macro_f1_012,false,pretrain_v1_stats_train_clean.pt,runs/pretrain/amass_clean/medium_100ep_jepa/seed1/in_pk/lightning_logs/version_0/checkpoints/epoch=29-step=3450.ckpt
amass_clean,medium_100ep_jepa,seed2,in_pk,pk,,carepd_cross_3DGait_to_BMCLab,cross,3DGait,BMCLab,1,0.3279515840113163,0.43726877868175507,0.5348849892616272,0.46100082993507385,0.3279515840113163,0.43726877868175507,0.5348849892616272,,,,0.0001,carepd_BMCLab_6fold_1,macro_f1_012,false,pretrain_v1_stats_train_clean.pt,runs/pretrain/amass_clean/medium_100ep_jepa/seed2/in_pk/lightning_logs/version_0/checkpoints/epoch=99-step=11500.ckpt
amass_clean,medium_100ep_jepa,seed2,in_pk,pk,,carepd_cross_PD-GaM_to_BMCLab,cross,PD-GaM,BMCLab,1,0.1694997251033783,0.22599963347117105,0.48806414008140564,0.36599084734916687,0.1694997251033783,0.22599963347117105,0.48806414008140564,,,,0.0001,carepd_BMCLab_6fold_1,macro_f1_012,false,pretrain_v1_stats_train_clean.pt,runs/pretrain/amass_clean/medium_100ep_jepa/seed2/in_pk/lightning_logs/version_0/checkpoints/epoch=99-step=11500.ckpt
amass_clean,medium_100ep_jepa,seed2,in_pk,pk,,carepd_cross_T-SDU-PD_to_BMCLab,cross,T-SDU-PD,BMCLab,1,0.2934395298361778,0.3912527064482371,0.49620285630226135,0.4551374018192291,0.2934395298361778,0.3912527064482371,0.49620285630226135,,,,0.0001,carepd_BMCLab_6fold_1,macro_f1_012,false,pretrain_v1_stats_train_clean.pt,runs/pretrain/amass_clean/medium_100ep_jepa/seed2/in_pk/lightning_logs/version_0/checkpoints/epoch=99-step=11500.ckpt
amass_clean,medium_100ep_jepa,seed42,in_pk,pk,,carepd_cross_3DGait_to_BMCLab,cross,3DGait,BMCLab,1,0.40518951416015625,0.540252685546875,0.5595136284828186,0.5399029850959778,0.40518951416015625,0.540252685546875,0.5595136284828186,,,,1e-6,carepd_BMCLab_6fold_1,macro_f1_012,false,pretrain_v1_stats_train_clean.pt,runs/pretrain/amass_clean/medium_100ep_jepa/seed42/in_pk/lightning_logs/version_0/checkpoints/epoch=34-step=4025.ckpt
amass_clean,medium_100ep_jepa,seed42,in_pk,pk,,carepd_cross_T-SDU-PD_to_BMCLab,cross,T-SDU-PD,BMCLab,1,0.2918885871767998,0.3891847829023997,0.42835545539855957,0.4096337556838989,0.2918885871767998,0.3891847829023997,0.42835545539855957,,,,1e-6,carepd_BMCLab_6fold_1,macro_f1_012,false,pretrain_v1_stats_train_clean.pt,runs/pretrain/amass_clean/medium_100ep_jepa/seed42/in_pk/lightning_logs/version_0/checkpoints/epoch=34-step=4025.ckpt
amass_clean,medium_100ep_jepa,seed42,in_pk,pk,,carepd_cross_PD-GaM_to_BMCLab,cross,PD-GaM,BMCLab,1,0.1856395206414163,0.24751936085522175,0.5537709593772888,0.3903012275695801,0.1856395206414163,0.24751936085522175,0.5537709593772888,,,,1e-6,carepd_BMCLab_6fold_1,macro_f1_012,false,pretrain_v1_stats_train_clean.pt,runs/pretrain/amass_clean/medium_100ep_jepa/seed42/in_pk/lightning_logs/version_0/checkpoints/epoch=34-step=4025.ckpt
amass_clean,medium_100ep_jepa,seed1,in_pkd,pkd,,carepd_cross_T-SDU-PD_to_BMCLab,cross,T-SDU-PD,BMCLab,1,0.2323914784938097,0.30985530465841293,0.5012384057044983,0.4066311717033386,0.2323914784938097,0.30985530465841293,0.5012384057044983,,,,1e-6,carepd_BMCLab_6fold_1,macro_f1_012,false,pretrain_v1_stats_train_clean.pt,runs/pretrain/amass_clean/medium_100ep_jepa/seed1/in_pkd/lightning_logs/version_0/checkpoints/epoch=29-step=3450.ckpt
amass_clean,medium_100ep_jepa,seed1,in_pkd,pkd,,carepd_cross_3DGait_to_BMCLab,cross,3DGait,BMCLab,1,0.19344928208738565,0.2579323761165142,0.49963656067848206,0.455387145280838,0.19344928208738565,0.2579323761165142,0.49963656067848206,,,,1e-6,carepd_BMCLab_6fold_1,macro_f1_012,false,pretrain_v1_stats_train_clean.pt,runs/pretrain/amass_clean/medium_100ep_jepa/seed1/in_pkd/lightning_logs/version_0/checkpoints/epoch=29-step=3450.ckpt
amass_clean,medium_100ep_jepa,seed1,in_pkd,pkd,,carepd_cross_PD-GaM_to_BMCLab,cross,PD-GaM,BMCLab,1,0.1251834500581026,0.1669112667441368,0.42068254947662354,0.322833776473999,0.1251834500581026,0.1669112667441368,0.42068254947662354,,,,1e-6,carepd_BMCLab_6fold_1,macro_f1_012,false,pretrain_v1_stats_train_clean.pt,runs/pretrain/amass_clean/medium_100ep_jepa/seed1/in_pkd/lightning_logs/version_0/checkpoints/epoch=29-step=3450.ckpt
amass_clean,medium_100ep_jepa,seed2,in_pkd,pkd,,carepd_cross_T-SDU-PD_to_BMCLab,cross,T-SDU-PD,BMCLab,1,0.2129373624920845,0.28391648332277936,0.5461284518241882,0.38999423384666443,0.2129373624920845,0.28391648332277936,0.5461284518241882,,,,0.0003,carepd_BMCLab_6fold_1,macro_f1_012,false,pretrain_v1_stats_train_clean.pt,runs/pretrain/amass_clean/medium_100ep_jepa/seed2/in_pkd/lightning_logs/version_0/checkpoints/epoch=99-step=11500.ckpt
amass_clean,medium_100ep_jepa,seed2,in_pkd,pkd,,carepd_cross_PD-GaM_to_BMCLab,cross,PD-GaM,BMCLab,1,0.08944444358348846,0.11925925811131795,0.4414876401424408,0.33738428354263306,0.08944444358348846,0.11925925811131795,0.4414876401424408,,,,0.0003,carepd_BMCLab_6fold_1,macro_f1_012,false,pretrain_v1_stats_train_clean.pt,runs/pretrain/amass_clean/medium_100ep_jepa/seed2/in_pkd/lightning_logs/version_0/checkpoints/epoch=99-step=11500.ckpt
amass_clean,medium_100ep_jepa,seed2,in_pkd,pkd,,carepd_cross_3DGait_to_BMCLab,cross,3DGait,BMCLab,1,0.2246595434844494,0.29954605797926587,0.6353103518486023,0.5777928233146667,0.2246595434844494,0.29954605797926587,0.6353103518486023,,,,0.0003,carepd_BMCLab_6fold_1,macro_f1_012,false,pretrain_v1_stats_train_clean.pt,runs/pretrain/amass_clean/medium_100ep_jepa/seed2/in_pkd/lightning_logs/version_0/checkpoints/epoch=99-step=11500.ckpt
amass_clean,medium_100ep_jepa,seed42,in_pkd,pkd,,carepd_cross_PD-GaM_to_BMCLab,cross,PD-GaM,BMCLab,1,0.13115358725190163,0.17487144966920218,0.4869907796382904,0.35829487442970276,0.13115358725190163,0.17487144966920218,0.4869907796382904,,,,0.0001,carepd_BMCLab_6fold_1,macro_f1_012,false,pretrain_v1_stats_train_clean.pt,runs/pretrain/amass_clean/medium_100ep_jepa/seed42/in_pkd/lightning_logs/version_0/checkpoints/epoch=99-step=11500.ckpt
amass_clean,medium_100ep_jepa,seed42,in_pkd,pkd,,carepd_cross_T-SDU-PD_to_BMCLab,cross,T-SDU-PD,BMCLab,1,0.24204565258696675,0.32272753678262234,0.5397231578826904,0.4396571218967438,0.24204565258696675,0.32272753678262234,0.5397231578826904,,,,0.0001,carepd_BMCLab_6fold_1,macro_f1_012,false,pretrain_v1_stats_train_clean.pt,runs/pretrain/amass_clean/medium_100ep_jepa/seed42/in_pkd/lightning_logs/version_0/checkpoints/epoch=99-step=11500.ckpt
amass_clean,medium_100ep_jepa,seed42,in_pkd,pkd,,carepd_cross_3DGait_to_BMCLab,cross,3DGait,BMCLab,1,0.24987559020519257,0.3331674536069234,0.6102484464645386,0.5556745529174805,0.24987559020519257,0.3331674536069234,0.6102484464645386,,,,0.0001,carepd_BMCLab_6fold_1,macro_f1_012,false,pretrain_v1_stats_train_clean.pt,runs/pretrain/amass_clean/medium_100ep_jepa/seed42/in_pkd/lightning_logs/version_0/checkpoints/epoch=99-step=11500.ckpt
amass_clean,medium_100ep_jepa,seed1,in_p,p,,carepd_cross_3DGait_to_PD-GaM,cross,3DGait,PD-GaM,1,0.34299907833337784,0.38130871454874676,0.3969044089317322,0.5324562788009644,0.34299907833337784,0.38130871454874676,0.3969044089317322,,,,0.00003,carepd_BMCLab_6fold_1,macro_f1_012,false,pretrain_v1_stats_train_clean.pt,runs/pretrain/amass_clean/medium_100ep_jepa/seed1/in_p/lightning_logs/version_0/checkpoints/epoch=94-step=10925.ckpt
amass_clean,medium_100ep_jepa,seed1,in_p,p,,carepd_cross_BMCLab_to_PD-GaM,cross,BMCLab,PD-GaM,1,0.2140181977301836,0.28535759697357815,0.3113185465335846,0.37592220306396484,0.2140181977301836,0.28535759697357815,0.3113185465335846,,,,0.00003,carepd_BMCLab_6fold_1,macro_f1_012,false,pretrain_v1_stats_train_clean.pt,runs/pretrain/amass_clean/medium_100ep_jepa/seed1/in_p/lightning_logs/version_0/checkpoints/epoch=94-step=10925.ckpt
amass_clean,medium_100ep_jepa,seed1,in_p,p,,carepd_cross_T-SDU-PD_to_PD-GaM,cross,T-SDU-PD,PD-GaM,1,0.31878039240837097,0.4250405232111613,0.32936322689056396,0.4447955787181854,0.31878039240837097,0.4250405232111613,0.32936322689056396,,,,0.00003,carepd_BMCLab_6fold_1,macro_f1_012,false,pretrain_v1_stats_train_clean.pt,runs/pretrain/amass_clean/medium_100ep_jepa/seed1/in_p/lightning_logs/version_0/checkpoints/epoch=94-step=10925.ckpt
amass_clean,medium_100ep_jepa,seed2,in_p,p,,carepd_cross_BMCLab_to_PD-GaM,cross,BMCLab,PD-GaM,1,0.20222641341388226,0.26963521788517636,0.3010803163051605,0.376018762588501,0.20222641341388226,0.26963521788517636,0.3010803163051605,,,,3e-6,carepd_BMCLab_6fold_1,macro_f1_012,false,pretrain_v1_stats_train_clean.pt,runs/pretrain/amass_clean/medium_100ep_jepa/seed2/in_p/lightning_logs/version_0/checkpoints/epoch=24-step=2875.ckpt
amass_clean,medium_100ep_jepa,seed2,in_p,p,,carepd_cross_3DGait_to_PD-GaM,cross,3DGait,PD-GaM,1,0.4470294062048197,0.45224835723638535,0.5006762742996216,0.5722618103027344,0.4470294062048197,0.45224835723638535,0.5006762742996216,,,,3e-6,carepd_BMCLab_6fold_1,macro_f1_012,false,pretrain_v1_stats_train_clean.pt,runs/pretrain/amass_clean/medium_100ep_jepa/seed2/in_p/lightning_logs/version_0/checkpoints/epoch=24-step=2875.ckpt
amass_clean,medium_100ep_jepa,seed2,in_p,p,,carepd_cross_T-SDU-PD_to_PD-GaM,cross,T-SDU-PD,PD-GaM,1,0.33903001993894577,0.45204002658526105,0.3707767128944397,0.528738796710968,0.33903001993894577,0.45204002658526105,0.3707767128944397,,,,3e-6,carepd_BMCLab_6fold_1,macro_f1_012,false,pretrain_v1_stats_train_clean.pt,runs/pretrain/amass_clean/medium_100ep_jepa/seed2/in_p/lightning_logs/version_0/checkpoints/epoch=24-step=2875.ckpt
amass_clean,medium_100ep_jepa,seed42,in_p,p,,carepd_cross_3DGait_to_PD-GaM,cross,3DGait,PD-GaM,1,0.3539530485868454,0.4206553449233373,0.45401591062545776,0.48112091422080994,0.3539530485868454,0.4206553449233373,0.45401591062545776,,,,0.001,carepd_BMCLab_6fold_1,macro_f1_012,false,pretrain_v1_stats_train_clean.pt,runs/pretrain/amass_clean/medium_100ep_jepa/seed42/in_p/lightning_logs/version_0/checkpoints/epoch=39-step=4600.ckpt
amass_clean,medium_100ep_jepa,seed42,in_p,p,,carepd_cross_T-SDU-PD_to_PD-GaM,cross,T-SDU-PD,PD-GaM,1,0.29560456052422523,0.3941394140323003,0.3701670467853546,0.5403266549110413,0.29560456052422523,0.3941394140323003,0.3701670467853546,,,,0.001,carepd_BMCLab_6fold_1,macro_f1_012,false,pretrain_v1_stats_train_clean.pt,runs/pretrain/amass_clean/medium_100ep_jepa/seed42/in_p/lightning_logs/version_0/checkpoints/epoch=39-step=4600.ckpt
amass_clean,medium_100ep_jepa,seed42,in_p,p,,carepd_cross_BMCLab_to_PD-GaM,cross,BMCLab,PD-GaM,1,0.21443027816712856,0.2859070375561714,0.322188138961792,0.4452212452888489,0.21443027816712856,0.2859070375561714,0.322188138961792,,,,0.001,carepd_BMCLab_6fold_1,macro_f1_012,false,pretrain_v1_stats_train_clean.pt,runs/pretrain/amass_clean/medium_100ep_jepa/seed42/in_p/lightning_logs/version_0/checkpoints/epoch=39-step=4600.ckpt
amass_clean,medium_100ep_jepa,seed1,in_pk,pk,,carepd_cross_3DGait_to_PD-GaM,cross,3DGait,PD-GaM,1,0.35608185455203056,0.4500844478607178,0.44022876024246216,0.6253833174705505,0.35608185455203056,0.4500844478607178,0.44022876024246216,,,,1e-6,carepd_BMCLab_6fold_1,macro_f1_012,false,pretrain_v1_stats_train_clean.pt,runs/pretrain/amass_clean/medium_100ep_jepa/seed1/in_pk/lightning_logs/version_0/checkpoints/epoch=29-step=3450.ckpt
amass_clean,medium_100ep_jepa,seed1,in_pk,pk,,carepd_cross_BMCLab_to_PD-GaM,cross,BMCLab,PD-GaM,1,0.2933804579079151,0.39117394387722015,0.38696834444999695,0.5509523153305054,0.2933804579079151,0.39117394387722015,0.38696834444999695,,,,1e-6,carepd_BMCLab_6fold_1,macro_f1_012,false,pretrain_v1_stats_train_clean.pt,runs/pretrain/amass_clean/medium_100ep_jepa/seed1/in_pk/lightning_logs/version_0/checkpoints/epoch=29-step=3450.ckpt
amass_clean,medium_100ep_jepa,seed1,in_pk,pk,,carepd_cross_T-SDU-PD_to_PD-GaM,cross,T-SDU-PD,PD-GaM,1,0.3940439149737358,0.5253918866316477,0.45045965909957886,0.6458044648170471,0.3940439149737358,0.5253918866316477,0.45045965909957886,,,,1e-6,carepd_BMCLab_6fold_1,macro_f1_012,false,pretrain_v1_stats_train_clean.pt,runs/pretrain/amass_clean/medium_100ep_jepa/seed1/in_pk/lightning_logs/version_0/checkpoints/epoch=29-step=3450.ckpt
amass_clean,medium_100ep_jepa,seed2,in_pk,pk,,carepd_cross_T-SDU-PD_to_PD-GaM,cross,T-SDU-PD,PD-GaM,1,0.3690352812409401,0.4920470416545868,0.4435834586620331,0.6244114637374878,0.3690352812409401,0.4920470416545868,0.4435834586620331,,,,0.0001,carepd_BMCLab_6fold_1,macro_f1_012,false,pretrain_v1_stats_train_clean.pt,runs/pretrain/amass_clean/medium_100ep_jepa/seed2/in_pk/lightning_logs/version_0/checkpoints/epoch=99-step=11500.ckpt
amass_clean,medium_100ep_jepa,seed2,in_pk,pk,,carepd_cross_3DGait_to_PD-GaM,cross,3DGait,PD-GaM,1,0.42728041764348745,0.41151513531804085,0.5033383965492249,0.6134662628173828,0.42728041764348745,0.41151513531804085,0.5033383965492249,,,,0.0001,carepd_BMCLab_6fold_1,macro_f1_012,false,pretrain_v1_stats_train_clean.pt,runs/pretrain/amass_clean/medium_100ep_jepa/seed2/in_pk/lightning_logs/version_0/checkpoints/epoch=99-step=11500.ckpt
amass_clean,medium_100ep_jepa,seed2,in_pk,pk,,carepd_cross_BMCLab_to_PD-GaM,cross,BMCLab,PD-GaM,1,0.3494398854672909,0.4659198472897212,0.4152062237262726,0.5283731818199158,0.3494398854672909,0.4659198472897212,0.4152062237262726,,,,0.0001,carepd_BMCLab_6fold_1,macro_f1_012,false,pretrain_v1_stats_train_clean.pt,runs/pretrain/amass_clean/medium_100ep_jepa/seed2/in_pk/lightning_logs/version_0/checkpoints/epoch=99-step=11500.ckpt
amass_clean,medium_100ep_jepa,seed42,in_pk,pk,,carepd_cross_BMCLab_to_PD-GaM,cross,BMCLab,PD-GaM,1,0.292097769677639,0.3894636929035187,0.2943618893623352,0.3926735520362854,0.292097769677639,0.3894636929035187,0.2943618893623352,,,,1e-6,carepd_BMCLab_6fold_1,macro_f1_012,false,pretrain_v1_stats_train_clean.pt,runs/pretrain/amass_clean/medium_100ep_jepa/seed42/in_pk/lightning_logs/version_0/checkpoints/epoch=34-step=4025.ckpt
amass_clean,medium_100ep_jepa,seed42,in_pk,pk,,carepd_cross_3DGait_to_PD-GaM,cross,3DGait,PD-GaM,1,0.22789211245253682,0.2971894834190607,0.2832767963409424,0.37583935260772705,0.22789211245253682,0.2971894834190607,0.2832767963409424,,,,1e-6,carepd_BMCLab_6fold_1,macro_f1_012,false,pretrain_v1_stats_train_clean.pt,runs/pretrain/amass_clean/medium_100ep_jepa/seed42/in_pk/lightning_logs/version_0/checkpoints/epoch=34-step=4025.ckpt
amass_clean,medium_100ep_jepa,seed42,in_pk,pk,,carepd_cross_T-SDU-PD_to_PD-GaM,cross,T-SDU-PD,PD-GaM,1,0.39669860154390335,0.5289314687252045,0.4491802752017975,0.6441736817359924,0.39669860154390335,0.5289314687252045,0.4491802752017975,,,,1e-6,carepd_BMCLab_6fold_1,macro_f1_012,false,pretrain_v1_stats_train_clean.pt,runs/pretrain/amass_clean/medium_100ep_jepa/seed42/in_pk/lightning_logs/version_0/checkpoints/epoch=34-step=4025.ckpt
amass_clean,medium_100ep_jepa,seed1,in_pkd,pkd,,carepd_cross_T-SDU-PD_to_PD-GaM,cross,T-SDU-PD,PD-GaM,1,0.3627663552761078,0.48368847370147705,0.4917687475681305,0.5869536995887756,0.3627663552761078,0.48368847370147705,0.4917687475681305,,,,1e-6,carepd_BMCLab_6fold_1,macro_f1_012,false,pretrain_v1_stats_train_clean.pt,runs/pretrain/amass_clean/medium_100ep_jepa/seed1/in_pkd/lightning_logs/version_0/checkpoints/epoch=29-step=3450.ckpt
amass_clean,medium_100ep_jepa,seed1,in_pkd,pkd,,carepd_cross_BMCLab_to_PD-GaM,cross,BMCLab,PD-GaM,1,0.42039788514375687,0.5605305135250092,0.438301682472229,0.5058164596557617,0.42039788514375687,0.5605305135250092,0.438301682472229,,,,1e-6,carepd_BMCLab_6fold_1,macro_f1_012,false,pretrain_v1_stats_train_clean.pt,runs/pretrain/amass_clean/medium_100ep_jepa/seed1/in_pkd/lightning_logs/version_0/checkpoints/epoch=29-step=3450.ckpt
amass_clean,medium_100ep_jepa,seed1,in_pkd,pkd,,carepd_cross_3DGait_to_PD-GaM,cross,3DGait,PD-GaM,1,0.413147522136569,0.44757697731256485,0.5150660276412964,0.566928505897522,0.413147522136569,0.44757697731256485,0.5150660276412964,,,,1e-6,carepd_BMCLab_6fold_1,macro_f1_012,false,pretrain_v1_stats_train_clean.pt,runs/pretrain/amass_clean/medium_100ep_jepa/seed1/in_pkd/lightning_logs/version_0/checkpoints/epoch=29-step=3450.ckpt
amass_clean,medium_100ep_jepa,seed2,in_pkd,pkd,,carepd_cross_T-SDU-PD_to_PD-GaM,cross,T-SDU-PD,PD-GaM,1,0.3425437919795513,0.4567250559727351,0.4701346457004547,0.6405717134475708,0.3425437919795513,0.4567250559727351,0.4701346457004547,,,,0.0003,carepd_BMCLab_6fold_1,macro_f1_012,false,pretrain_v1_stats_train_clean.pt,runs/pretrain/amass_clean/medium_100ep_jepa/seed2/in_pkd/lightning_logs/version_0/checkpoints/epoch=99-step=11500.ckpt
amass_clean,medium_100ep_jepa,seed2,in_pkd,pkd,,carepd_cross_3DGait_to_PD-GaM,cross,3DGait,PD-GaM,1,0.2755249869078398,0.21585149317979813,0.40005388855934143,0.2752731740474701,0.2755249869078398,0.21585149317979813,0.40005388855934143,,,,0.0003,carepd_BMCLab_6fold_1,macro_f1_012,false,pretrain_v1_stats_train_clean.pt,runs/pretrain/amass_clean/medium_100ep_jepa/seed2/in_pkd/lightning_logs/version_0/checkpoints/epoch=99-step=11500.ckpt
amass_clean,medium_100ep_jepa,seed2,in_pkd,pkd,,carepd_cross_BMCLab_to_PD-GaM,cross,BMCLab,PD-GaM,1,0.25194694101810455,0.3359292546908061,0.4584760069847107,0.5973881483078003,0.25194694101810455,0.3359292546908061,0.4584760069847107,,,,0.0003,carepd_BMCLab_6fold_1,macro_f1_012,false,pretrain_v1_stats_train_clean.pt,runs/pretrain/amass_clean/medium_100ep_jepa/seed2/in_pkd/lightning_logs/version_0/checkpoints/epoch=99-step=11500.ckpt
amass_clean,medium_100ep_jepa,seed42,in_pkd,pkd,,carepd_cross_T-SDU-PD_to_PD-GaM,cross,T-SDU-PD,PD-GaM,1,0.304642204195261,0.40618960559368134,0.5289761424064636,0.6409305334091187,0.304642204195261,0.40618960559368134,0.5289761424064636,,,,0.0001,carepd_BMCLab_6fold_1,macro_f1_012,false,pretrain_v1_stats_train_clean.pt,runs/pretrain/amass_clean/medium_100ep_jepa/seed42/in_pkd/lightning_logs/version_0/checkpoints/epoch=99-step=11500.ckpt
amass_clean,medium_100ep_jepa,seed42,in_pkd,pkd,,carepd_cross_BMCLab_to_PD-GaM,cross,BMCLab,PD-GaM,1,0.2079586423933506,0.2772781898578008,0.3048994541168213,0.3565346896648407,0.2079586423933506,0.2772781898578008,0.3048994541168213,,,,0.0001,carepd_BMCLab_6fold_1,macro_f1_012,false,pretrain_v1_stats_train_clean.pt,runs/pretrain/amass_clean/medium_100ep_jepa/seed42/in_pkd/lightning_logs/version_0/checkpoints/epoch=99-step=11500.ckpt
amass_clean,medium_100ep_jepa,seed42,in_pkd,pkd,,carepd_cross_3DGait_to_PD-GaM,cross,3DGait,PD-GaM,1,0.2962171034887433,0.20447993899385133,0.41906678676605225,0.2803628444671631,0.2962171034887433,0.20447993899385133,0.41906678676605225,,,,0.0001,carepd_BMCLab_6fold_1,macro_f1_012,false,pretrain_v1_stats_train_clean.pt,runs/pretrain/amass_clean/medium_100ep_jepa/seed42/in_pkd/lightning_logs/version_0/checkpoints/epoch=99-step=11500.ckpt
amass_clean,medium_100ep_jepa,seed1,in_p,p,,carepd_cross_BMCLab_to_T-SDU-PD,cross,BMCLab,T-SDU-PD,1,0.2513146549463272,0.33508620659510296,0.407315731048584,0.35954782366752625,0.2513146549463272,0.33508620659510296,0.407315731048584,,,,0.00003,carepd_BMCLab_6fold_1,macro_f1_012,false,pretrain_v1_stats_train_clean.pt,runs/pretrain/amass_clean/medium_100ep_jepa/seed1/in_p/lightning_logs/version_0/checkpoints/epoch=94-step=10925.ckpt
amass_clean,medium_100ep_jepa,seed1,in_p,p,,carepd_cross_3DGait_to_T-SDU-PD,cross,3DGait,T-SDU-PD,1,0.2360584270209074,0.31474456936120987,0.44646787643432617,0.31066519021987915,0.2360584270209074,0.31474456936120987,0.44646787643432617,,,,0.00003,carepd_BMCLab_6fold_1,macro_f1_012,false,pretrain_v1_stats_train_clean.pt,runs/pretrain/amass_clean/medium_100ep_jepa/seed1/in_p/lightning_logs/version_0/checkpoints/epoch=94-step=10925.ckpt
amass_clean,medium_100ep_jepa,seed1,in_p,p,,carepd_cross_PD-GaM_to_T-SDU-PD,cross,PD-GaM,T-SDU-PD,1,0.24017000198364258,0.32022666931152344,0.40885433554649353,0.4350942075252533,0.24017000198364258,0.32022666931152344,0.40885433554649353,,,,0.00003,carepd_BMCLab_6fold_1,macro_f1_012,false,pretrain_v1_stats_train_clean.pt,runs/pretrain/amass_clean/medium_100ep_jepa/seed1/in_p/lightning_logs/version_0/checkpoints/epoch=94-step=10925.ckpt
amass_clean,medium_100ep_jepa,seed2,in_p,p,,carepd_cross_PD-GaM_to_T-SDU-PD,cross,PD-GaM,T-SDU-PD,1,0.21629114262759686,0.2883881901701291,0.43215808272361755,0.39801719784736633,0.21629114262759686,0.2883881901701291,0.43215808272361755,,,,3e-6,carepd_BMCLab_6fold_1,macro_f1_012,false,pretrain_v1_stats_train_clean.pt,runs/pretrain/amass_clean/medium_100ep_jepa/seed2/in_p/lightning_logs/version_0/checkpoints/epoch=24-step=2875.ckpt
amass_clean,medium_100ep_jepa,seed2,in_p,p,,carepd_cross_3DGait_to_T-SDU-PD,cross,3DGait,T-SDU-PD,1,0.25330258905887604,0.3377367854118347,0.4145534038543701,0.3124504089355469,0.25330258905887604,0.3377367854118347,0.4145534038543701,,,,3e-6,carepd_BMCLab_6fold_1,macro_f1_012,false,pretrain_v1_stats_train_clean.pt,runs/pretrain/amass_clean/medium_100ep_jepa/seed2/in_p/lightning_logs/version_0/checkpoints/epoch=24-step=2875.ckpt
amass_clean,medium_100ep_jepa,seed2,in_p,p,,carepd_cross_BMCLab_to_T-SDU-PD,cross,BMCLab,T-SDU-PD,1,0.21189811546355486,0.28253082061807316,0.36888542771339417,0.3357846736907959,0.21189811546355486,0.28253082061807316,0.36888542771339417,,,,3e-6,carepd_BMCLab_6fold_1,macro_f1_012,false,pretrain_v1_stats_train_clean.pt,runs/pretrain/amass_clean/medium_100ep_jepa/seed2/in_p/lightning_logs/version_0/checkpoints/epoch=24-step=2875.ckpt
amass_clean,medium_100ep_jepa,seed42,in_p,p,,carepd_cross_PD-GaM_to_T-SDU-PD,cross,PD-GaM,T-SDU-PD,1,0.2006631400436163,0.2675508533914884,0.5120431184768677,0.4269278645515442,0.2006631400436163,0.2675508533914884,0.5120431184768677,,,,0.001,carepd_BMCLab_6fold_1,macro_f1_012,false,pretrain_v1_stats_train_clean.pt,runs/pretrain/amass_clean/medium_100ep_jepa/seed42/in_p/lightning_logs/version_0/checkpoints/epoch=39-step=4600.ckpt
amass_clean,medium_100ep_jepa,seed42,in_p,p,,carepd_cross_BMCLab_to_T-SDU-PD,cross,BMCLab,T-SDU-PD,1,0.25356677919626236,0.3380890389283498,0.38642024993896484,0.3513396382331848,0.25356677919626236,0.3380890389283498,0.38642024993896484,,,,0.001,carepd_BMCLab_6fold_1,macro_f1_012,false,pretrain_v1_stats_train_clean.pt,runs/pretrain/amass_clean/medium_100ep_jepa/seed42/in_p/lightning_logs/version_0/checkpoints/epoch=39-step=4600.ckpt
amass_clean,medium_100ep_jepa,seed42,in_p,p,,carepd_cross_3DGait_to_T-SDU-PD,cross,3DGait,T-SDU-PD,1,0.24510840512812138,0.32681120683749515,0.49298545718193054,0.29594486951828003,0.24510840512812138,0.32681120683749515,0.49298545718193054,,,,0.001,carepd_BMCLab_6fold_1,macro_f1_012,false,pretrain_v1_stats_train_clean.pt,runs/pretrain/amass_clean/medium_100ep_jepa/seed42/in_p/lightning_logs/version_0/checkpoints/epoch=39-step=4600.ckpt
amass_clean,medium_100ep_jepa,seed1,in_pk,pk,,carepd_cross_3DGait_to_T-SDU-PD,cross,3DGait,T-SDU-PD,1,0.27748017758131027,0.3699735701084137,0.43725839257240295,0.34428870677948,0.27748017758131027,0.3699735701084137,0.43725839257240295,,,,1e-6,carepd_BMCLab_6fold_1,macro_f1_012,false,pretrain_v1_stats_train_clean.pt,runs/pretrain/amass_clean/medium_100ep_jepa/seed1/in_pk/lightning_logs/version_0/checkpoints/epoch=29-step=3450.ckpt
amass_clean,medium_100ep_jepa,seed1,in_pk,pk,,carepd_cross_BMCLab_to_T-SDU-PD,cross,BMCLab,T-SDU-PD,1,0.3352072462439537,0.4469429949919383,0.45403313636779785,0.45148685574531555,0.3352072462439537,0.4469429949919383,0.45403313636779785,,,,1e-6,carepd_BMCLab_6fold_1,macro_f1_012,false,pretrain_v1_stats_train_clean.pt,runs/pretrain/amass_clean/medium_100ep_jepa/seed1/in_pk/lightning_logs/version_0/checkpoints/epoch=29-step=3450.ckpt
amass_clean,medium_100ep_jepa,seed1,in_pk,pk,,carepd_cross_PD-GaM_to_T-SDU-PD,cross,PD-GaM,T-SDU-PD,1,0.19638703390955925,0.261849378546079,0.4214504659175873,0.42402076721191406,0.19638703390955925,0.261849378546079,0.4214504659175873,,,,1e-6,carepd_BMCLab_6fold_1,macro_f1_012,false,pretrain_v1_stats_train_clean.pt,runs/pretrain/amass_clean/medium_100ep_jepa/seed1/in_pk/lightning_logs/version_0/checkpoints/epoch=29-step=3450.ckpt
amass_clean,medium_100ep_jepa,seed2,in_pk,pk,,carepd_cross_3DGait_to_T-SDU-PD,cross,3DGait,T-SDU-PD,1,0.2555382698774338,0.3407176931699117,0.43435072898864746,0.3444361388683319,0.2555382698774338,0.3407176931699117,0.43435072898864746,,,,0.0001,carepd_BMCLab_6fold_1,macro_f1_012,false,pretrain_v1_stats_train_clean.pt,runs/pretrain/amass_clean/medium_100ep_jepa/seed2/in_pk/lightning_logs/version_0/checkpoints/epoch=99-step=11500.ckpt
amass_clean,medium_100ep_jepa,seed2,in_pk,pk,,carepd_cross_BMCLab_to_T-SDU-PD,cross,BMCLab,T-SDU-PD,1,0.26398294046521187,0.35197725395361584,0.42464113235473633,0.4087851345539093,0.26398294046521187,0.35197725395361584,0.42464113235473633,,,,0.0001,carepd_BMCLab_6fold_1,macro_f1_012,false,pretrain_v1_stats_train_clean.pt,runs/pretrain/amass_clean/medium_100ep_jepa/seed2/in_pk/lightning_logs/version_0/checkpoints/epoch=99-step=11500.ckpt
amass_clean,medium_100ep_jepa,seed2,in_pk,pk,,carepd_cross_PD-GaM_to_T-SDU-PD,cross,PD-GaM,T-SDU-PD,1,0.21016440819948912,0.2802192109326522,0.432697057723999,0.4170783758163452,0.21016440819948912,0.2802192109326522,0.432697057723999,,,,0.0001,carepd_BMCLab_6fold_1,macro_f1_012,false,pretrain_v1_stats_train_clean.pt,runs/pretrain/amass_clean/medium_100ep_jepa/seed2/in_pk/lightning_logs/version_0/checkpoints/epoch=99-step=11500.ckpt
amass_clean,medium_100ep_jepa,seed42,in_pk,pk,,carepd_cross_BMCLab_to_T-SDU-PD,cross,BMCLab,T-SDU-PD,1,0.26588620245456696,0.3545149366060893,0.3992791473865509,0.37704870104789734,0.26588620245456696,0.3545149366060893,0.3992791473865509,,,,1e-6,carepd_BMCLab_6fold_1,macro_f1_012,false,pretrain_v1_stats_train_clean.pt,runs/pretrain/amass_clean/medium_100ep_jepa/seed42/in_pk/lightning_logs/version_0/checkpoints/epoch=34-step=4025.ckpt
amass_clean,medium_100ep_jepa,seed42,in_pk,pk,,carepd_cross_3DGait_to_T-SDU-PD,cross,3DGait,T-SDU-PD,1,0.2640319988131523,0.35204266508420307,0.43493959307670593,0.3407236933708191,0.2640319988131523,0.35204266508420307,0.43493959307670593,,,,1e-6,carepd_BMCLab_6fold_1,macro_f1_012,false,pretrain_v1_stats_train_clean.pt,runs/pretrain/amass_clean/medium_100ep_jepa/seed42/in_pk/lightning_logs/version_0/checkpoints/epoch=34-step=4025.ckpt
amass_clean,medium_100ep_jepa,seed42,in_pk,pk,,carepd_cross_PD-GaM_to_T-SDU-PD,cross,PD-GaM,T-SDU-PD,1,0.22267358237877488,0.2968981098383665,0.4768575131893158,0.45607784390449524,0.22267358237877488,0.2968981098383665,0.4768575131893158,,,,1e-6,carepd_BMCLab_6fold_1,macro_f1_012,false,pretrain_v1_stats_train_clean.pt,runs/pretrain/amass_clean/medium_100ep_jepa/seed42/in_pk/lightning_logs/version_0/checkpoints/epoch=34-step=4025.ckpt
amass_clean,medium_100ep_jepa,seed1,in_pkd,pkd,,carepd_cross_PD-GaM_to_T-SDU-PD,cross,PD-GaM,T-SDU-PD,1,0.2572580659762025,0.34301075463493663,0.46926990151405334,0.46544402837753296,0.2572580659762025,0.34301075463493663,0.46926990151405334,,,,1e-6,carepd_BMCLab_6fold_1,macro_f1_012,false,pretrain_v1_stats_train_clean.pt,runs/pretrain/amass_clean/medium_100ep_jepa/seed1/in_pkd/lightning_logs/version_0/checkpoints/epoch=29-step=3450.ckpt
amass_clean,medium_100ep_jepa,seed1,in_pkd,pkd,,carepd_cross_BMCLab_to_T-SDU-PD,cross,BMCLab,T-SDU-PD,1,0.315302774310112,0.42040369908014935,0.48060035705566406,0.4011184573173523,0.315302774310112,0.42040369908014935,0.48060035705566406,,,,1e-6,carepd_BMCLab_6fold_1,macro_f1_012,false,pretrain_v1_stats_train_clean.pt,runs/pretrain/amass_clean/medium_100ep_jepa/seed1/in_pkd/lightning_logs/version_0/checkpoints/epoch=29-step=3450.ckpt
amass_clean,medium_100ep_jepa,seed1,in_pkd,pkd,,carepd_cross_3DGait_to_T-SDU-PD,cross,3DGait,T-SDU-PD,1,0.22119003720581532,0.29492004960775375,0.49478447437286377,0.29393303394317627,0.22119003720581532,0.29492004960775375,0.49478447437286377,,,,1e-6,carepd_BMCLab_6fold_1,macro_f1_012,false,pretrain_v1_stats_train_clean.pt,runs/pretrain/amass_clean/medium_100ep_jepa/seed1/in_pkd/lightning_logs/version_0/checkpoints/epoch=29-step=3450.ckpt
amass_clean,medium_100ep_jepa,seed2,in_pkd,pkd,,carepd_cross_PD-GaM_to_T-SDU-PD,cross,PD-GaM,T-SDU-PD,1,0.26537645794451237,0.3538352772593498,0.5118215084075928,0.5025553703308105,0.26537645794451237,0.3538352772593498,0.5118215084075928,,,,0.0003,carepd_BMCLab_6fold_1,macro_f1_012,false,pretrain_v1_stats_train_clean.pt,runs/pretrain/amass_clean/medium_100ep_jepa/seed2/in_pkd/lightning_logs/version_0/checkpoints/epoch=99-step=11500.ckpt
amass_clean,medium_100ep_jepa,seed2,in_pkd,pkd,,carepd_cross_3DGait_to_T-SDU-PD,cross,3DGait,T-SDU-PD,1,0.18781377747654915,0.2504183699687322,0.4207124710083008,0.3139461576938629,0.18781377747654915,0.2504183699687322,0.4207124710083008,,,,0.0003,carepd_BMCLab_6fold_1,macro_f1_012,false,pretrain_v1_stats_train_clean.pt,runs/pretrain/amass_clean/medium_100ep_jepa/seed2/in_pkd/lightning_logs/version_0/checkpoints/epoch=99-step=11500.ckpt
amass_clean,medium_100ep_jepa,seed2,in_pkd,pkd,,carepd_cross_BMCLab_to_T-SDU-PD,cross,BMCLab,T-SDU-PD,1,0.3161347433924675,0.42151299118995667,0.48914992809295654,0.4128519594669342,0.3161347433924675,0.42151299118995667,0.48914992809295654,,,,0.0003,carepd_BMCLab_6fold_1,macro_f1_012,false,pretrain_v1_stats_train_clean.pt,runs/pretrain/amass_clean/medium_100ep_jepa/seed2/in_pkd/lightning_logs/version_0/checkpoints/epoch=99-step=11500.ckpt
amass_clean,medium_100ep_jepa,seed42,in_pkd,pkd,,carepd_cross_3DGait_to_T-SDU-PD,cross,3DGait,T-SDU-PD,1,0.14358312031254172,0.1914441604167223,0.41961541771888733,0.2784908413887024,0.14358312031254172,0.1914441604167223,0.41961541771888733,,,,0.0001,carepd_BMCLab_6fold_1,macro_f1_012,false,pretrain_v1_stats_train_clean.pt,runs/pretrain/amass_clean/medium_100ep_jepa/seed42/in_pkd/lightning_logs/version_0/checkpoints/epoch=99-step=11500.ckpt
amass_clean,medium_100ep_jepa,seed42,in_pkd,pkd,,carepd_cross_BMCLab_to_T-SDU-PD,cross,BMCLab,T-SDU-PD,1,0.2758403792977333,0.3677871723969777,0.38833388686180115,0.36270397901535034,0.2758403792977333,0.3677871723969777,0.38833388686180115,,,,0.0001,carepd_BMCLab_6fold_1,macro_f1_012,false,pretrain_v1_stats_train_clean.pt,runs/pretrain/amass_clean/medium_100ep_jepa/seed42/in_pkd/lightning_logs/version_0/checkpoints/epoch=99-step=11500.ckpt
amass_clean,medium_100ep_jepa,seed42,in_pkd,pkd,,carepd_cross_PD-GaM_to_T-SDU-PD,cross,PD-GaM,T-SDU-PD,1,0.25760730542242527,0.34347640722990036,0.5127420425415039,0.49750810861587524,0.25760730542242527,0.34347640722990036,0.5127420425415039,,,,0.0001,carepd_BMCLab_6fold_1,macro_f1_012,false,pretrain_v1_stats_train_clean.pt,runs/pretrain/amass_clean/medium_100ep_jepa/seed42/in_pkd/lightning_logs/version_0/checkpoints/epoch=99-step=11500.ckpt
amass_clean,medium_100ep_jepa,seed1,in_p,p,,carepd_lodo_3DGait,lodo,the other three,3DGait,1,0.3727920278906822,0.39449193080266315,0.46617215871810913,0.3549140393733978,0.3727920278906822,0.39449193080266315,0.46617215871810913,,,,0.00003,carepd_BMCLab_6fold_1,macro_f1_012,false,pretrain_v1_stats_train_clean.pt,runs/pretrain/amass_clean/medium_100ep_jepa/seed1/in_p/lightning_logs/version_0/checkpoints/epoch=94-step=10925.ckpt
amass_clean,medium_100ep_jepa,seed2,in_p,p,,carepd_lodo_3DGait,lodo,the other three,3DGait,1,0.21498118340969086,0.2866415778795878,0.34970995783805847,0.32772108912467957,0.21498118340969086,0.2866415778795878,0.34970995783805847,,,,3e-6,carepd_BMCLab_6fold_1,macro_f1_012,false,pretrain_v1_stats_train_clean.pt,runs/pretrain/amass_clean/medium_100ep_jepa/seed2/in_p/lightning_logs/version_0/checkpoints/epoch=24-step=2875.ckpt
amass_clean,medium_100ep_jepa,seed42,in_p,p,,carepd_lodo_3DGait,lodo,the other three,3DGait,1,0.27315982058644295,0.3036070317029953,0.4095621407032013,0.3492794334888458,0.27315982058644295,0.3036070317029953,0.4095621407032013,,,,0.001,carepd_BMCLab_6fold_1,macro_f1_012,false,pretrain_v1_stats_train_clean.pt,runs/pretrain/amass_clean/medium_100ep_jepa/seed42/in_p/lightning_logs/version_0/checkpoints/epoch=39-step=4600.ckpt
amass_clean,medium_100ep_jepa,seed1,in_pk,pk,,carepd_lodo_3DGait,lodo,the other three,3DGait,1,0.2508678324520588,0.33449044326941174,0.41584599018096924,0.33365583419799805,0.2508678324520588,0.33449044326941174,0.41584599018096924,,,,1e-6,carepd_BMCLab_6fold_1,macro_f1_012,false,pretrain_v1_stats_train_clean.pt,runs/pretrain/amass_clean/medium_100ep_jepa/seed1/in_pk/lightning_logs/version_0/checkpoints/epoch=29-step=3450.ckpt
amass_clean,medium_100ep_jepa,seed2,in_pk,pk,,carepd_lodo_3DGait,lodo,the other three,3DGait,1,0.2923484817147255,0.33424241840839386,0.42994850873947144,0.34723013639450073,0.2923484817147255,0.33424241840839386,0.42994850873947144,,,,0.0001,carepd_BMCLab_6fold_1,macro_f1_012,false,pretrain_v1_stats_train_clean.pt,runs/pretrain/amass_clean/medium_100ep_jepa/seed2/in_pk/lightning_logs/version_0/checkpoints/epoch=99-step=11500.ckpt
amass_clean,medium_100ep_jepa,seed42,in_pk,pk,,carepd_lodo_3DGait,lodo,the other three,3DGait,1,0.28820738196372986,0.38427650928497314,0.4443387985229492,0.3531784415245056,0.28820738196372986,0.38427650928497314,0.4443387985229492,,,,1e-6,carepd_BMCLab_6fold_1,macro_f1_012,false,pretrain_v1_stats_train_clean.pt,runs/pretrain/amass_clean/medium_100ep_jepa/seed42/in_pk/lightning_logs/version_0/checkpoints/epoch=34-step=4025.ckpt
amass_clean,medium_100ep_jepa,seed1,in_pkd,pkd,,carepd_lodo_3DGait,lodo,the other three,3DGait,1,0.3150201588869095,0.42002687851587933,0.4730665683746338,0.36227452754974365,0.3150201588869095,0.42002687851587933,0.4730665683746338,,,,1e-6,carepd_BMCLab_6fold_1,macro_f1_012,false,pretrain_v1_stats_train_clean.pt,runs/pretrain/amass_clean/medium_100ep_jepa/seed1/in_pkd/lightning_logs/version_0/checkpoints/epoch=29-step=3450.ckpt
amass_clean,medium_100ep_jepa,seed2,in_pkd,pkd,,carepd_lodo_3DGait,lodo,the other three,3DGait,1,0.2290751226246357,0.3054334968328476,0.4857316017150879,0.3337782621383667,0.2290751226246357,0.3054334968328476,0.4857316017150879,,,,0.0003,carepd_BMCLab_6fold_1,macro_f1_012,false,pretrain_v1_stats_train_clean.pt,runs/pretrain/amass_clean/medium_100ep_jepa/seed2/in_pkd/lightning_logs/version_0/checkpoints/epoch=99-step=11500.ckpt
amass_clean,medium_100ep_jepa,seed42,in_pkd,pkd,,carepd_lodo_3DGait,lodo,the other three,3DGait,1,0.25159942731261253,0.3354659030834834,0.47011643648147583,0.3253796696662903,0.25159942731261253,0.3354659030834834,0.47011643648147583,,,,0.0001,carepd_BMCLab_6fold_1,macro_f1_012,false,pretrain_v1_stats_train_clean.pt,runs/pretrain/amass_clean/medium_100ep_jepa/seed42/in_pkd/lightning_logs/version_0/checkpoints/epoch=99-step=11500.ckpt
amass_clean,medium_100ep_jepa,seed1,in_p,p,,carepd_lodo_BMCLab,lodo,the other three,BMCLab,1,0.3201780915260315,0.4269041220347087,0.4591638147830963,0.48131176829338074,0.3201780915260315,0.4269041220347087,0.4591638147830963,,,,0.00003,carepd_BMCLab_6fold_1,macro_f1_012,false,pretrain_v1_stats_train_clean.pt,runs/pretrain/amass_clean/medium_100ep_jepa/seed1/in_p/lightning_logs/version_0/checkpoints/epoch=94-step=10925.ckpt
amass_clean,medium_100ep_jepa,seed2,in_p,p,,carepd_lodo_BMCLab,lodo,the other three,BMCLab,1,0.3018737994134426,0.40249839921792346,0.4288952648639679,0.47944730520248413,0.3018737994134426,0.40249839921792346,0.4288952648639679,,,,3e-6,carepd_BMCLab_6fold_1,macro_f1_012,false,pretrain_v1_stats_train_clean.pt,runs/pretrain/amass_clean/medium_100ep_jepa/seed2/in_p/lightning_logs/version_0/checkpoints/epoch=24-step=2875.ckpt
amass_clean,medium_100ep_jepa,seed42,in_p,p,,carepd_lodo_BMCLab,lodo,the other three,BMCLab,1,0.3575630336999893,0.4767507115999858,0.5103693604469299,0.515690803527832,0.3575630336999893,0.4767507115999858,0.5103693604469299,,,,0.001,carepd_BMCLab_6fold_1,macro_f1_012,false,pretrain_v1_stats_train_clean.pt,runs/pretrain/amass_clean/medium_100ep_jepa/seed42/in_p/lightning_logs/version_0/checkpoints/epoch=39-step=4600.ckpt
amass_clean,medium_100ep_jepa,seed1,in_pk,pk,,carepd_lodo_BMCLab,lodo,the other three,BMCLab,1,0.29049134999513626,0.387321799993515,0.46717557311058044,0.45903849601745605,0.29049134999513626,0.387321799993515,0.46717557311058044,,,,1e-6,carepd_BMCLab_6fold_1,macro_f1_012,false,pretrain_v1_stats_train_clean.pt,runs/pretrain/amass_clean/medium_100ep_jepa/seed1/in_pk/lightning_logs/version_0/checkpoints/epoch=29-step=3450.ckpt
amass_clean,medium_100ep_jepa,seed2,in_pk,pk,,carepd_lodo_BMCLab,lodo,the other three,BMCLab,1,0.30173876881599426,0.4023183584213257,0.5319890975952148,0.439353883266449,0.30173876881599426,0.4023183584213257,0.5319890975952148,,,,0.0001,carepd_BMCLab_6fold_1,macro_f1_012,false,pretrain_v1_stats_train_clean.pt,runs/pretrain/amass_clean/medium_100ep_jepa/seed2/in_pk/lightning_logs/version_0/checkpoints/epoch=99-step=11500.ckpt
amass_clean,medium_100ep_jepa,seed42,in_pk,pk,,carepd_lodo_BMCLab,lodo,the other three,BMCLab,1,0.4275716096162796,0.5700954794883728,0.5728352069854736,0.5679888725280762,0.4275716096162796,0.5700954794883728,0.5728352069854736,,,,1e-6,carepd_BMCLab_6fold_1,macro_f1_012,false,pretrain_v1_stats_train_clean.pt,runs/pretrain/amass_clean/medium_100ep_jepa/seed42/in_pk/lightning_logs/version_0/checkpoints/epoch=34-step=4025.ckpt
amass_clean,medium_100ep_jepa,seed1,in_pkd,pkd,,carepd_lodo_BMCLab,lodo,the other three,BMCLab,1,0.301376786082983,0.40183571477731067,0.5276326537132263,0.4488835632801056,0.301376786082983,0.40183571477731067,0.5276326537132263,,,,1e-6,carepd_BMCLab_6fold_1,macro_f1_012,false,pretrain_v1_stats_train_clean.pt,runs/pretrain/amass_clean/medium_100ep_jepa/seed1/in_pkd/lightning_logs/version_0/checkpoints/epoch=29-step=3450.ckpt
amass_clean,medium_100ep_jepa,seed2,in_pkd,pkd,,carepd_lodo_BMCLab,lodo,the other three,BMCLab,1,0.28660592064261436,0.38214122752348584,0.49361100792884827,0.4301038086414337,0.28660592064261436,0.38214122752348584,0.49361100792884827,,,,0.0003,carepd_BMCLab_6fold_1,macro_f1_012,false,pretrain_v1_stats_train_clean.pt,runs/pretrain/amass_clean/medium_100ep_jepa/seed2/in_pkd/lightning_logs/version_0/checkpoints/epoch=99-step=11500.ckpt
amass_clean,medium_100ep_jepa,seed42,in_pkd,pkd,,carepd_lodo_BMCLab,lodo,the other three,BMCLab,1,0.39289070665836334,0.5238542755444845,0.5302708745002747,0.5356694459915161,0.39289070665836334,0.5238542755444845,0.5302708745002747,,,,0.0001,carepd_BMCLab_6fold_1,macro_f1_012,false,pretrain_v1_stats_train_clean.pt,runs/pretrain/amass_clean/medium_100ep_jepa/seed42/in_pkd/lightning_logs/version_0/checkpoints/epoch=99-step=11500.ckpt
amass_clean,medium_100ep_jepa,seed1,in_p,p,,carepd_lodo_PD-GaM,lodo,the other three,PD-GaM,1,0.31564437691122293,0.401811550060908,0.3993029296398163,0.42739415168762207,0.31564437691122293,0.401811550060908,0.3993029296398163,,,,0.00003,carepd_BMCLab_6fold_1,macro_f1_012,false,pretrain_v1_stats_train_clean.pt,runs/pretrain/amass_clean/medium_100ep_jepa/seed1/in_p/lightning_logs/version_0/checkpoints/epoch=94-step=10925.ckpt
amass_clean,medium_100ep_jepa,seed2,in_p,p,,carepd_lodo_PD-GaM,lodo,the other three,PD-GaM,1,0.3820854127407074,0.44440656900405884,0.38942456245422363,0.5232312679290771,0.3820854127407074,0.44440656900405884,0.38942456245422363,,,,3e-6,carepd_BMCLab_6fold_1,macro_f1_012,false,pretrain_v1_stats_train_clean.pt,runs/pretrain/amass_clean/medium_100ep_jepa/seed2/in_p/lightning_logs/version_0/checkpoints/epoch=24-step=2875.ckpt
amass_clean,medium_100ep_jepa,seed42,in_p,p,,carepd_lodo_PD-GaM,lodo,the other three,PD-GaM,1,0.2917930483818054,0.3890573978424072,0.4739576280117035,0.55533367395401,0.2917930483818054,0.3890573978424072,0.4739576280117035,,,,0.001,carepd_BMCLab_6fold_1,macro_f1_012,false,pretrain_v1_stats_train_clean.pt,runs/pretrain/amass_clean/medium_100ep_jepa/seed42/in_p/lightning_logs/version_0/checkpoints/epoch=39-step=4600.ckpt
amass_clean,medium_100ep_jepa,seed1,in_pk,pk,,carepd_lodo_PD-GaM,lodo,the other three,PD-GaM,1,0.37912807799875736,0.47131606936454773,0.4937739968299866,0.6636695265769958,0.37912807799875736,0.47131606936454773,0.4937739968299866,,,,1e-6,carepd_BMCLab_6fold_1,macro_f1_012,false,pretrain_v1_stats_train_clean.pt,runs/pretrain/amass_clean/medium_100ep_jepa/seed1/in_pk/lightning_logs/version_0/checkpoints/epoch=29-step=3450.ckpt
amass_clean,medium_100ep_jepa,seed2,in_pk,pk,,carepd_lodo_PD-GaM,lodo,the other three,PD-GaM,1,0.35537874046713114,0.4553198019663493,0.5741649866104126,0.5972598195075989,0.35537874046713114,0.4553198019663493,0.5741649866104126,,,,0.0001,carepd_BMCLab_6fold_1,macro_f1_012,false,pretrain_v1_stats_train_clean.pt,runs/pretrain/amass_clean/medium_100ep_jepa/seed2/in_pk/lightning_logs/version_0/checkpoints/epoch=99-step=11500.ckpt
amass_clean,medium_100ep_jepa,seed42,in_pk,pk,,carepd_lodo_PD-GaM,lodo,the other three,PD-GaM,1,0.38886963948607445,0.4672107994556427,0.41779276728630066,0.5770243406295776,0.38886963948607445,0.4672107994556427,0.41779276728630066,,,,1e-6,carepd_BMCLab_6fold_1,macro_f1_012,false,pretrain_v1_stats_train_clean.pt,runs/pretrain/amass_clean/medium_100ep_jepa/seed42/in_pk/lightning_logs/version_0/checkpoints/epoch=34-step=4025.ckpt
amass_clean,medium_100ep_jepa,seed1,in_pkd,pkd,,carepd_lodo_PD-GaM,lodo,the other three,PD-GaM,1,0.49274592101573944,0.5287894308567047,0.53741455078125,0.6246806979179382,0.49274592101573944,0.5287894308567047,0.53741455078125,,,,1e-6,carepd_BMCLab_6fold_1,macro_f1_012,false,pretrain_v1_stats_train_clean.pt,runs/pretrain/amass_clean/medium_100ep_jepa/seed1/in_pkd/lightning_logs/version_0/checkpoints/epoch=29-step=3450.ckpt
amass_clean,medium_100ep_jepa,seed2,in_pkd,pkd,,carepd_lodo_PD-GaM,lodo,the other three,PD-GaM,1,0.35361675918102264,0.4159334550301234,0.5863931775093079,0.6373535394668579,0.35361675918102264,0.4159334550301234,0.5863931775093079,,,,0.0003,carepd_BMCLab_6fold_1,macro_f1_012,false,pretrain_v1_stats_train_clean.pt,runs/pretrain/amass_clean/medium_100ep_jepa/seed2/in_pkd/lightning_logs/version_0/checkpoints/epoch=99-step=11500.ckpt
amass_clean,medium_100ep_jepa,seed42,in_pkd,pkd,,carepd_lodo_PD-GaM,lodo,the other three,PD-GaM,1,0.36685897409915924,0.48914529879887897,0.5219545364379883,0.6626178026199341,0.36685897409915924,0.48914529879887897,0.5219545364379883,,,,0.0001,carepd_BMCLab_6fold_1,macro_f1_012,false,pretrain_v1_stats_train_clean.pt,runs/pretrain/amass_clean/medium_100ep_jepa/seed42/in_pkd/lightning_logs/version_0/checkpoints/epoch=99-step=11500.ckpt
amass_clean,medium_100ep_jepa,seed1,in_p,p,,carepd_lodo_T-SDU-PD,lodo,the other three,T-SDU-PD,1,0.3340645357966423,0.44541938106218976,0.41870948672294617,0.42935264110565186,0.3340645357966423,0.44541938106218976,0.41870948672294617,,,,0.00003,carepd_BMCLab_6fold_1,macro_f1_012,false,pretrain_v1_stats_train_clean.pt,runs/pretrain/amass_clean/medium_100ep_jepa/seed1/in_p/lightning_logs/version_0/checkpoints/epoch=94-step=10925.ckpt
amass_clean,medium_100ep_jepa,seed2,in_p,p,,carepd_lodo_T-SDU-PD,lodo,the other three,T-SDU-PD,1,0.31874795258045197,0.4249972701072693,0.4121802747249603,0.4036405086517334,0.31874795258045197,0.4249972701072693,0.4121802747249603,,,,3e-6,carepd_BMCLab_6fold_1,macro_f1_012,false,pretrain_v1_stats_train_clean.pt,runs/pretrain/amass_clean/medium_100ep_jepa/seed2/in_p/lightning_logs/version_0/checkpoints/epoch=24-step=2875.ckpt
amass_clean,medium_100ep_jepa,seed42,in_p,p,,carepd_lodo_T-SDU-PD,lodo,the other three,T-SDU-PD,1,0.3354841023683548,0.4473121364911397,0.4957917630672455,0.4047744572162628,0.3354841023683548,0.4473121364911397,0.4957917630672455,,,,0.001,carepd_BMCLab_6fold_1,macro_f1_012,false,pretrain_v1_stats_train_clean.pt,runs/pretrain/amass_clean/medium_100ep_jepa/seed42/in_p/lightning_logs/version_0/checkpoints/epoch=39-step=4600.ckpt
amass_clean,medium_100ep_jepa,seed1,in_pk,pk,,carepd_lodo_T-SDU-PD,lodo,the other three,T-SDU-PD,1,0.35089123994112015,0.4678549865881602,0.4386226236820221,0.43666937947273254,0.35089123994112015,0.4678549865881602,0.4386226236820221,,,,1e-6,carepd_BMCLab_6fold_1,macro_f1_012,false,pretrain_v1_stats_train_clean.pt,runs/pretrain/amass_clean/medium_100ep_jepa/seed1/in_pk/lightning_logs/version_0/checkpoints/epoch=29-step=3450.ckpt
amass_clean,medium_100ep_jepa,seed2,in_pk,pk,,carepd_lodo_T-SDU-PD,lodo,the other three,T-SDU-PD,1,0.29050303250551224,0.3873373766740163,0.5129875540733337,0.47654277086257935,0.29050303250551224,0.3873373766740163,0.5129875540733337,,,,0.0001,carepd_BMCLab_6fold_1,macro_f1_012,false,pretrain_v1_stats_train_clean.pt,runs/pretrain/amass_clean/medium_100ep_jepa/seed2/in_pk/lightning_logs/version_0/checkpoints/epoch=99-step=11500.ckpt
amass_clean,medium_100ep_jepa,seed42,in_pk,pk,,carepd_lodo_T-SDU-PD,lodo,the other three,T-SDU-PD,1,0.34367985278367996,0.4582398037115733,0.46180251240730286,0.46740689873695374,0.34367985278367996,0.4582398037115733,0.46180251240730286,,,,1e-6,carepd_BMCLab_6fold_1,macro_f1_012,false,pretrain_v1_stats_train_clean.pt,runs/pretrain/amass_clean/medium_100ep_jepa/seed42/in_pk/lightning_logs/version_0/checkpoints/epoch=34-step=4025.ckpt
amass_clean,medium_100ep_jepa,seed1,in_pkd,pkd,,carepd_lodo_T-SDU-PD,lodo,the other three,T-SDU-PD,1,0.27886587753891945,0.3718211700518926,0.5058291554450989,0.4146352708339691,0.27886587753891945,0.3718211700518926,0.5058291554450989,,,,1e-6,carepd_BMCLab_6fold_1,macro_f1_012,false,pretrain_v1_stats_train_clean.pt,runs/pretrain/amass_clean/medium_100ep_jepa/seed1/in_pkd/lightning_logs/version_0/checkpoints/epoch=29-step=3450.ckpt
amass_clean,medium_100ep_jepa,seed2,in_pkd,pkd,,carepd_lodo_T-SDU-PD,lodo,the other three,T-SDU-PD,1,0.2793536353856325,0.37247151384751004,0.4949725568294525,0.43830612301826477,0.2793536353856325,0.37247151384751004,0.4949725568294525,,,,0.0003,carepd_BMCLab_6fold_1,macro_f1_012,false,pretrain_v1_stats_train_clean.pt,runs/pretrain/amass_clean/medium_100ep_jepa/seed2/in_pkd/lightning_logs/version_0/checkpoints/epoch=99-step=11500.ckpt
amass_clean,medium_100ep_jepa,seed42,in_pkd,pkd,,carepd_lodo_T-SDU-PD,lodo,the other three,T-SDU-PD,1,0.31750813871622086,0.4233441849549611,0.47698283195495605,0.4535301923751831,0.31750813871622086,0.4233441849549611,0.47698283195495605,,,,0.0001,carepd_BMCLab_6fold_1,macro_f1_012,false,pretrain_v1_stats_train_clean.pt,runs/pretrain/amass_clean/medium_100ep_jepa/seed42/in_pkd/lightning_logs/version_0/checkpoints/epoch=99-step=11500.ckpt
amass_clean,medium_100ep_jepa,seed1,in_p,p,,carepd_3DGait_loso,loso,3DGait,3DGait,43,0.23005186021327972,0.3067358136177063,0.2757444679737091,0.31756022572517395,0.112790699095227,0.150387598793636,0.9244186046511628,0.13217939252942426,0.17623919003923236,0.1593782910111214,0.00003,carepd_BMCLab_6fold_1,macro_f1_012,false,pretrain_v1_stats_train_clean.pt,runs/pretrain/amass_clean/medium_100ep_jepa/seed1/in_p/lightning_logs/version_0/checkpoints/epoch=94-step=10925.ckpt
amass_clean,medium_100ep_jepa,seed2,in_p,p,,carepd_3DGait_loso,loso,3DGait,3DGait,43,0.24410814605653286,0.29214419424533844,0.268772155046463,0.29576972126960754,0.12054263765728751,0.15762274163637974,0.9244186046511628,0.1375733197115971,0.18502515635029695,0.1497506232689374,3e-6,carepd_BMCLab_6fold_1,macro_f1_012,false,pretrain_v1_stats_train_clean.pt,runs/pretrain/amass_clean/medium_100ep_jepa/seed2/in_p/lightning_logs/version_0/checkpoints/epoch=24-step=2875.ckpt
amass_clean,medium_100ep_jepa,seed42,in_p,p,,carepd_3DGait_loso,loso,3DGait,3DGait,43,0.2496442012488842,0.33285893499851227,0.2927851974964142,0.34175440669059753,0.12441860641850981,0.16589147522467976,0.9302325581395349,0.14002781509448015,0.18670375345930684,0.15741193111573792,0.001,carepd_BMCLab_6fold_1,macro_f1_012,false,pretrain_v1_stats_train_clean.pt,runs/pretrain/amass_clean/medium_100ep_jepa/seed42/in_p/lightning_logs/version_0/checkpoints/epoch=39-step=4600.ckpt
amass_clean,medium_100ep_jepa,seed1,in_pk,pk,,carepd_3DGait_loso,loso,3DGait,3DGait,43,0.31253900937736034,0.29907161742448807,0.3891795873641968,0.37123918533325195,0.11971207222966261,0.14411222033722457,0.936046511627907,0.13320605163859112,0.1762801895316191,0.14529345567282462,1e-6,carepd_BMCLab_6fold_1,macro_f1_012,false,pretrain_v1_stats_train_clean.pt,runs/pretrain/amass_clean/medium_100ep_jepa/seed1/in_pk/lightning_logs/version_0/checkpoints/epoch=29-step=3450.ckpt
amass_clean,medium_100ep_jepa,seed2,in_pk,pk,,carepd_3DGait_loso,loso,3DGait,3DGait,43,0.33418264985084534,0.3566879729429881,0.3117765784263611,0.33477121591567993,0.1379844981224038,0.17105943403502769,0.9302325581395349,0.1256899261615609,0.17017713181151267,0.12589656321367315,0.0001,carepd_BMCLab_6fold_1,macro_f1_012,false,pretrain_v1_stats_train_clean.pt,runs/pretrain/amass_clean/medium_100ep_jepa/seed2/in_pk/lightning_logs/version_0/checkpoints/epoch=99-step=11500.ckpt
amass_clean,medium_100ep_jepa,seed42,in_pk,pk,,carepd_3DGait_loso,loso,3DGait,3DGait,43,0.3129802383482456,0.3173069804906845,0.3485311269760132,0.3492131233215332,0.11627907184667366,0.13953488649323928,0.9244186046511628,0.09983374992036408,0.13078028402303982,0.1497506232689374,1e-6,carepd_BMCLab_6fold_1,macro_f1_012,false,pretrain_v1_stats_train_clean.pt,runs/pretrain/amass_clean/medium_100ep_jepa/seed42/in_pk/lightning_logs/version_0/checkpoints/epoch=34-step=4025.ckpt
amass_clean,medium_100ep_jepa,seed1,in_pkd,pkd,,carepd_3DGait_loso,loso,3DGait,3DGait,43,0.25821089185774326,0.3442811891436577,0.3467518091201782,0.3567356765270233,0.1406423047531483,0.1875230730041977,0.9476744186046512,0.13371280995346949,0.17828374660462598,0.12861602524203075,1e-6,carepd_BMCLab_6fold_1,macro_f1_012,false,pretrain_v1_stats_train_clean.pt,runs/pretrain/amass_clean/medium_100ep_jepa/seed1/in_pkd/lightning_logs/version_0/checkpoints/epoch=29-step=3450.ckpt
amass_clean,medium_100ep_jepa,seed2,in_pkd,pkd,,carepd_3DGait_loso,loso,3DGait,3DGait,43,0.27713417634367943,0.3695122351249059,0.3187271058559418,0.3554594814777374,0.12984496285749036,0.17312661714332048,0.9651162790697675,0.13151327958944117,0.17535103945258823,0.0876511508908565,0.0003,carepd_BMCLab_6fold_1,macro_f1_012,false,pretrain_v1_stats_train_clean.pt,runs/pretrain/amass_clean/medium_100ep_jepa/seed2/in_pkd/lightning_logs/version_0/checkpoints/epoch=99-step=11500.ckpt
amass_clean,medium_100ep_jepa,seed42,in_pkd,pkd,,carepd_3DGait_loso,loso,3DGait,3DGait,43,0.24362311139702797,0.3248308151960373,0.2807933986186981,0.3106118142604828,0.11821705553420754,0.15762274071227672,0.9244186046511628,0.13514708639315168,0.1801961151908689,0.1497506232689374,0.0001,carepd_BMCLab_6fold_1,macro_f1_012,false,pretrain_v1_stats_train_clean.pt,runs/pretrain/amass_clean/medium_100ep_jepa/seed42/in_pkd/lightning_logs/version_0/checkpoints/epoch=99-step=11500.ckpt
amass_clean,medium_100ep_jepa,seed1,in_p,p,,carepd_BMCLab_loso,loso,BMCLab,BMCLab,23,0.46246863901615143,0.6166248520215353,0.5983672142028809,0.6016841530799866,0.20724586854972268,0.2763278247329636,0.9093069200930388,0.11027356931563934,0.1470314257541858,0.1600825951868803,0.00003,carepd_BMCLab_6fold_1,macro_f1_012,false,pretrain_v1_stats_train_clean.pt,runs/pretrain/amass_clean/medium_100ep_jepa/seed1/in_p/lightning_logs/version_0/checkpoints/epoch=94-step=10925.ckpt
amass_clean,medium_100ep_jepa,seed2,in_p,p,,carepd_BMCLab_loso,loso,BMCLab,BMCLab,23,0.4117162600159645,0.5489550133546194,0.5008816123008728,0.5169582962989807,0.18349895278072875,0.244665270374305,0.9178810197374095,0.0859153546057934,0.11455380614105785,0.146673721469393,3e-6,carepd_BMCLab_6fold_1,macro_f1_012,false,pretrain_v1_stats_train_clean.pt,runs/pretrain/amass_clean/medium_100ep_jepa/seed2/in_p/lightning_logs/version_0/checkpoints/epoch=24-step=2875.ckpt
amass_clean,medium_100ep_jepa,seed42,in_p,p,,carepd_BMCLab_loso,loso,BMCLab,BMCLab,23,0.47016680240631104,0.6268890698750814,0.5784255862236023,0.5938886404037476,0.2079755391763604,0.2773007189018139,0.920165302960769,0.0877626077648485,0.11701681035313133,0.13695810308250797,0.001,carepd_BMCLab_6fold_1,macro_f1_012,false,pretrain_v1_stats_train_clean.pt,runs/pretrain/amass_clean/medium_100ep_jepa/seed42/in_p/lightning_logs/version_0/checkpoints/epoch=39-step=4600.ckpt
amass_clean,medium_100ep_jepa,seed1,in_pk,pk,,carepd_BMCLab_loso,loso,BMCLab,BMCLab,23,0.4085221141576767,0.5446961522102356,0.49009692668914795,0.4876617193222046,0.19483458356040975,0.259779444747213,0.8897154097971709,0.09270823703657112,0.12361098271542816,0.17868060824473583,1e-6,carepd_BMCLab_6fold_1,macro_f1_012,false,pretrain_v1_stats_train_clean.pt,runs/pretrain/amass_clean/medium_100ep_jepa/seed1/in_pk/lightning_logs/version_0/checkpoints/epoch=29-step=3450.ckpt
amass_clean,medium_100ep_jepa,seed2,in_pk,pk,,carepd_BMCLab_loso,loso,BMCLab,BMCLab,23,0.41319838911294937,0.5509311854839325,0.5072320699691772,0.5116084814071655,0.1901182248864485,0.25349096651526465,0.89158343102621,0.10297473541481121,0.13729964721974827,0.172893828325121,0.0001,carepd_BMCLab_6fold_1,macro_f1_012,false,pretrain_v1_stats_train_clean.pt,runs/pretrain/amass_clean/medium_100ep_jepa/seed2/in_pk/lightning_logs/version_0/checkpoints/epoch=99-step=11500.ckpt
amass_clean,medium_100ep_jepa,seed42,in_pk,pk,,carepd_BMCLab_loso,loso,BMCLab,BMCLab,23,0.4257288798689842,0.567638506491979,0.4907548427581787,0.49484047293663025,0.19631932805413785,0.2617591040721838,0.8948688144269197,0.07203163637494019,0.09604218183325358,0.17050639393092362,1e-6,carepd_BMCLab_6fold_1,macro_f1_012,false,pretrain_v1_stats_train_clean.pt,runs/pretrain/amass_clean/medium_100ep_jepa/seed42/in_pk/lightning_logs/version_0/checkpoints/epoch=34-step=4025.ckpt
amass_clean,medium_100ep_jepa,seed1,in_pkd,pkd,,carepd_BMCLab_loso,loso,BMCLab,BMCLab,23,0.4456392079591751,0.5941856106122335,0.5362532734870911,0.5362114310264587,0.20412968333972537,0.2721729111196338,0.9165958269782688,0.11131294166649044,0.1484172555553206,0.15558112250607636,1e-6,carepd_BMCLab_6fold_1,macro_f1_012,false,pretrain_v1_stats_train_clean.pt,runs/pretrain/amass_clean/medium_100ep_jepa/seed1/in_pkd/lightning_logs/version_0/checkpoints/epoch=29-step=3450.ckpt
amass_clean,medium_100ep_jepa,seed2,in_pkd,pkd,,carepd_BMCLab_loso,loso,BMCLab,BMCLab,23,0.4734649062156677,0.6312865416208903,0.5674358010292053,0.574681282043457,0.2168849532532951,0.28917993767106015,0.9286331482555555,0.10942887158144017,0.1459051621085869,0.12887028481690677,0.0003,carepd_BMCLab_6fold_1,macro_f1_012,false,pretrain_v1_stats_train_clean.pt,runs/pretrain/amass_clean/medium_100ep_jepa/seed2/in_pkd/lightning_logs/version_0/checkpoints/epoch=99-step=11500.ckpt
amass_clean,medium_100ep_jepa,seed42,in_pkd,pkd,,carepd_BMCLab_loso,loso,BMCLab,BMCLab,23,0.4298126697540283,0.5730835596720377,0.49389520287513733,0.5116475224494934,0.20440135985288932,0.2725351464705191,0.922968522362087,0.11214589222147296,0.14952785629529727,0.1428791120534672,0.0001,carepd_BMCLab_6fold_1,macro_f1_012,false,pretrain_v1_stats_train_clean.pt,runs/pretrain/amass_clean/medium_100ep_jepa/seed42/in_pkd/lightning_logs/version_0/checkpoints/epoch=99-step=11500.ckpt
amass_clean,medium_100ep_jepa,seed1,in_p,p,,carepd_PD-GaM_loso,loso,PD-GaM,PD-GaM,30,0.6386506408452988,0.6382008592287699,0.6408112049102783,0.6919934153556824,0.38201436046510934,0.49472285070353084,0.7515802184740702,0.135632639003654,0.15703709943465027,0.1494150134435329,0.00003,carepd_BMCLab_6fold_1,macro_f1_012,false,pretrain_v1_stats_train_clean.pt,runs/pretrain/amass_clean/medium_100ep_jepa/seed1/in_p/lightning_logs/version_0/checkpoints/epoch=94-step=10925.ckpt
amass_clean,medium_100ep_jepa,seed2,in_p,p,,carepd_PD-GaM_loso,loso,PD-GaM,PD-GaM,30,0.48911736998707056,0.6350624759991964,0.4930058717727661,0.6785761117935181,0.3665506703779101,0.4871469255122874,0.7371350357929866,0.11154764582824651,0.1470521237326258,0.1408250914174115,3e-6,carepd_BMCLab_6fold_1,macro_f1_012,false,pretrain_v1_stats_train_clean.pt,runs/pretrain/amass_clean/medium_100ep_jepa/seed2/in_p/lightning_logs/version_0/checkpoints/epoch=24-step=2875.ckpt
amass_clean,medium_100ep_jepa,seed42,in_p,p,,carepd_PD-GaM_loso,loso,PD-GaM,PD-GaM,30,0.5347940661013126,0.6355393727620443,0.5705947875976562,0.70168137550354,0.36947962182263533,0.486466655962997,0.7570726891358693,0.12322608322187145,0.15421026249570588,0.1429372997495229,0.001,carepd_BMCLab_6fold_1,macro_f1_012,false,pretrain_v1_stats_train_clean.pt,runs/pretrain/amass_clean/medium_100ep_jepa/seed42/in_p/lightning_logs/version_0/checkpoints/epoch=39-step=4600.ckpt
amass_clean,medium_100ep_jepa,seed1,in_pk,pk,,carepd_PD-GaM_loso,loso,PD-GaM,PD-GaM,30,0.6264257580041885,0.6485676765441895,0.5316448211669922,0.6768233180046082,0.37108180740227303,0.4820888746943739,0.72711687485377,0.1339858639793383,0.1515075550156056,0.15284108510597155,1e-6,carepd_BMCLab_6fold_1,macro_f1_012,false,pretrain_v1_stats_train_clean.pt,runs/pretrain/amass_clean/medium_100ep_jepa/seed1/in_pk/lightning_logs/version_0/checkpoints/epoch=29-step=3450.ckpt
amass_clean,medium_100ep_jepa,seed2,in_pk,pk,,carepd_PD-GaM_loso,loso,PD-GaM,PD-GaM,30,0.5998271405696869,0.6437411506970724,0.6092388033866882,0.690688967704773,0.38263424995044865,0.49869751847452587,0.7459431578715642,0.12445277625659398,0.15003706035352485,0.14554607168645314,0.0001,carepd_BMCLab_6fold_1,macro_f1_012,false,pretrain_v1_stats_train_clean.pt,runs/pretrain/amass_clean/medium_100ep_jepa/seed2/in_pk/lightning_logs/version_0/checkpoints/epoch=99-step=11500.ckpt
amass_clean,medium_100ep_jepa,seed42,in_pk,pk,,carepd_PD-GaM_loso,loso,PD-GaM,PD-GaM,30,0.6448346674442291,0.6597795486450195,0.630878210067749,0.6998353600502014,0.3866329939104617,0.501945441423191,0.7468059331178665,0.13410846938316273,0.15312185331808534,0.15040685941638884,1e-6,carepd_BMCLab_6fold_1,macro_f1_012,false,pretrain_v1_stats_train_clean.pt,runs/pretrain/amass_clean/medium_100ep_jepa/seed42/in_pk/lightning_logs/version_0/checkpoints/epoch=34-step=4025.ckpt
amass_clean,medium_100ep_jepa,seed1,in_pkd,pkd,,carepd_PD-GaM_loso,loso,PD-GaM,PD-GaM,30,0.6704330295324326,0.6716884771982828,0.6732484102249146,0.7165189385414124,0.39286803137511017,0.5078129997683896,0.7607287396987279,0.13395596889807881,0.1541453370186767,0.1489246587782328,1e-6,carepd_BMCLab_6fold_1,macro_f1_012,false,pretrain_v1_stats_train_clean.pt,runs/pretrain/amass_clean/medium_100ep_jepa/seed1/in_pkd/lightning_logs/version_0/checkpoints/epoch=29-step=3450.ckpt
amass_clean,medium_100ep_jepa,seed2,in_pkd,pkd,,carepd_PD-GaM_loso,loso,PD-GaM,PD-GaM,30,0.6279302686452866,0.6705736915270487,0.6580501198768616,0.7324419617652893,0.3935133835300803,0.512515198936065,0.7661046107610067,0.13257780579295186,0.15970099773861057,0.14140505362450853,0.0003,carepd_BMCLab_6fold_1,macro_f1_012,false,pretrain_v1_stats_train_clean.pt,runs/pretrain/amass_clean/medium_100ep_jepa/seed2/in_pkd/lightning_logs/version_0/checkpoints/epoch=99-step=11500.ckpt
amass_clean,medium_100ep_jepa,seed42,in_pkd,pkd,,carepd_PD-GaM_loso,loso,PD-GaM,PD-GaM,30,0.5813306048512459,0.666580339272817,0.6075909733772278,0.7128066420555115,0.3890325334543983,0.5108396741251151,0.7586248904466629,0.11640611803135995,0.15024556953024315,0.150727342461848,0.0001,carepd_BMCLab_6fold_1,macro_f1_012,false,pretrain_v1_stats_train_clean.pt,runs/pretrain/amass_clean/medium_100ep_jepa/seed42/in_pkd/lightning_logs/version_0/checkpoints/epoch=99-step=11500.ckpt
amass_clean,medium_100ep_jepa,seed1,in_p,p,,carepd_T-SDU-PD_loso,loso,T-SDU-PD,T-SDU-PD,14,0.2746525667607784,0.3662034223477046,0.3904939591884613,0.40341854095458984,0.17688452093196766,0.2358460279092902,0.7070210874080658,0.07751340197364617,0.10335120263152822,0.23044152681281482,0.00003,carepd_BMCLab_6fold_1,macro_f1_012,false,pretrain_v1_stats_train_clean.pt,runs/pretrain/amass_clean/medium_100ep_jepa/seed1/in_p/lightning_logs/version_0/checkpoints/epoch=94-step=10925.ckpt
amass_clean,medium_100ep_jepa,seed2,in_p,p,,carepd_T-SDU-PD_loso,loso,T-SDU-PD,T-SDU-PD,14,0.2510303370654583,0.3347071160872777,0.35929688811302185,0.3585260212421417,0.16797554459688918,0.22396739279585226,0.7182406314781734,0.07408744647342255,0.09878326196456341,0.22728102413238022,3e-6,carepd_BMCLab_6fold_1,macro_f1_012,false,pretrain_v1_stats_train_clean.pt,runs/pretrain/amass_clean/medium_100ep_jepa/seed2/in_p/lightning_logs/version_0/checkpoints/epoch=24-step=2875.ckpt
amass_clean,medium_100ep_jepa,seed42,in_p,p,,carepd_T-SDU-PD_loso,loso,T-SDU-PD,T-SDU-PD,14,0.28036705777049065,0.37382274369398755,0.4312213659286499,0.43070560693740845,0.17692770675889083,0.23590360901185445,0.7308811396360397,0.07604650816004145,0.1013953442133886,0.2182864124262771,0.001,carepd_BMCLab_6fold_1,macro_f1_012,false,pretrain_v1_stats_train_clean.pt,runs/pretrain/amass_clean/medium_100ep_jepa/seed42/in_p/lightning_logs/version_0/checkpoints/epoch=39-step=4600.ckpt
amass_clean,medium_100ep_jepa,seed1,in_pk,pk,,carepd_T-SDU-PD_loso,loso,T-SDU-PD,T-SDU-PD,14,0.29150257632136345,0.38867010176181793,0.43411675095558167,0.4534958600997925,0.16481090390256473,0.21974787187008632,0.7133078447410038,0.08239900573964894,0.10986534098619857,0.22727482726716516,1e-6,carepd_BMCLab_6fold_1,macro_f1_012,false,pretrain_v1_stats_train_clean.pt,runs/pretrain/amass_clean/medium_100ep_jepa/seed1/in_pk/lightning_logs/version_0/checkpoints/epoch=29-step=3450.ckpt
amass_clean,medium_100ep_jepa,seed2,in_pk,pk,,carepd_T-SDU-PD_loso,loso,T-SDU-PD,T-SDU-PD,14,0.30460191145539284,0.4061358819405238,0.4479689598083496,0.4459192752838135,0.16906000647161687,0.22541334196215584,0.7215157917567662,0.07530582155023888,0.10040776206698517,0.22514828638645168,0.0001,carepd_BMCLab_6fold_1,macro_f1_012,false,pretrain_v1_stats_train_clean.pt,runs/pretrain/amass_clean/medium_100ep_jepa/seed2/in_pk/lightning_logs/version_0/checkpoints/epoch=99-step=11500.ckpt
amass_clean,medium_100ep_jepa,seed42,in_pk,pk,,carepd_T-SDU-PD_loso,loso,T-SDU-PD,T-SDU-PD,14,0.3365393802523613,0.44871917366981506,0.4908922612667084,0.4968199133872986,0.18747670642499412,0.24996894189999216,0.7385944553783962,0.07162816081810507,0.09550421442414009,0.20871309775554675,1e-6,carepd_BMCLab_6fold_1,macro_f1_012,false,pretrain_v1_stats_train_clean.pt,runs/pretrain/amass_clean/medium_100ep_jepa/seed42/in_pk/lightning_logs/version_0/checkpoints/epoch=34-step=4025.ckpt
amass_clean,medium_100ep_jepa,seed1,in_pkd,pkd,,carepd_T-SDU-PD_loso,loso,T-SDU-PD,T-SDU-PD,14,0.28946688398718834,0.3859558453162511,0.40078601241111755,0.4034156799316406,0.17320527442331826,0.23094036589775768,0.7364359498023987,0.08768719367870699,0.11691625823827599,0.21045393867166862,1e-6,carepd_BMCLab_6fold_1,macro_f1_012,false,pretrain_v1_stats_train_clean.pt,runs/pretrain/amass_clean/medium_100ep_jepa/seed1/in_pkd/lightning_logs/version_0/checkpoints/epoch=29-step=3450.ckpt
amass_clean,medium_100ep_jepa,seed2,in_pkd,pkd,,carepd_T-SDU-PD_loso,loso,T-SDU-PD,T-SDU-PD,14,0.25518152862787247,0.34024203817049664,0.3854645788669586,0.3940105438232422,0.15442792831787042,0.20590390442382722,0.7574924124138696,0.09023759485855537,0.12031679314474049,0.22385953028084216,0.0003,carepd_BMCLab_6fold_1,macro_f1_012,false,pretrain_v1_stats_train_clean.pt,runs/pretrain/amass_clean/medium_100ep_jepa/seed2/in_pkd/lightning_logs/version_0/checkpoints/epoch=99-step=11500.ckpt
amass_clean,medium_100ep_jepa,seed42,in_pkd,pkd,,carepd_T-SDU-PD_loso,loso,T-SDU-PD,T-SDU-PD,14,0.27868521586060524,0.3715802878141403,0.41844430565834045,0.423855185508728,0.16420531565589563,0.21894042087452753,0.7258716310773577,0.07594978707545039,0.10126638276726718,0.21836725028109177,0.0001,carepd_BMCLab_6fold_1,macro_f1_012,false,pretrain_v1_stats_train_clean.pt,runs/pretrain/amass_clean/medium_100ep_jepa/seed42/in_pkd/lightning_logs/version_0/checkpoints/epoch=99-step=11500.ckpt
amass_clean,medium_100ep_simmim,seed1,in_p__loss_p,p,p,carepd_cross_T-SDU-PD_to_3DGait,cross,T-SDU-PD,3DGait,1,0.27871572971343994,0.37162097295125324,0.3586058020591736,0.3355266749858856,0.27871572971343994,0.37162097295125324,0.3586058020591736,,,,0.00001,carepd_BMCLab_6fold_1,macro_f1_012,false,pretrain_v1_stats_train_clean.pt,runs/pretrain/amass_clean/medium_100ep_simmim/seed1/in_p__loss_p/lightning_logs/version_0/checkpoints/epoch=94-step=10925.ckpt
amass_clean,medium_100ep_simmim,seed1,in_p__loss_p,p,p,carepd_cross_BMCLab_to_3DGait,cross,BMCLab,3DGait,1,0.31431184709072113,0.4190824627876282,0.41452282667160034,0.46284523606300354,0.31431184709072113,0.4190824627876282,0.41452282667160034,,,,0.00001,carepd_BMCLab_6fold_1,macro_f1_012,false,pretrain_v1_stats_train_clean.pt,runs/pretrain/amass_clean/medium_100ep_simmim/seed1/in_p__loss_p/lightning_logs/version_0/checkpoints/epoch=94-step=10925.ckpt
amass_clean,medium_100ep_simmim,seed1,in_p__loss_p,p,p,carepd_cross_PD-GaM_to_3DGait,cross,PD-GaM,3DGait,1,0.26356275379657745,0.21808366974194845,0.458969384431839,0.3286820650100708,0.26356275379657745,0.21808366974194845,0.458969384431839,,,,0.00001,carepd_BMCLab_6fold_1,macro_f1_012,false,pretrain_v1_stats_train_clean.pt,runs/pretrain/amass_clean/medium_100ep_simmim/seed1/in_p__loss_p/lightning_logs/version_0/checkpoints/epoch=94-step=10925.ckpt
amass_clean,medium_100ep_simmim,seed2,in_p__loss_p,p,p,carepd_cross_T-SDU-PD_to_3DGait,cross,T-SDU-PD,3DGait,1,0.15284166671335697,0.20378888895114264,0.3361819088459015,0.30715447664260864,0.15284166671335697,0.20378888895114264,0.3361819088459015,,,,3e-6,carepd_BMCLab_6fold_1,macro_f1_012,false,pretrain_v1_stats_train_clean.pt,runs/pretrain/amass_clean/medium_100ep_simmim/seed2/in_p__loss_p/lightning_logs/version_0/checkpoints/epoch=99-step=11500.ckpt
amass_clean,medium_100ep_simmim,seed2,in_p__loss_p,p,p,carepd_cross_PD-GaM_to_3DGait,cross,PD-GaM,3DGait,1,0.2637704722583294,0.23404690126578012,0.4820689857006073,0.4200379252433777,0.2637704722583294,0.23404690126578012,0.4820689857006073,,,,3e-6,carepd_BMCLab_6fold_1,macro_f1_012,false,pretrain_v1_stats_train_clean.pt,runs/pretrain/amass_clean/medium_100ep_simmim/seed2/in_p__loss_p/lightning_logs/version_0/checkpoints/epoch=99-step=11500.ckpt
amass_clean,medium_100ep_simmim,seed2,in_p__loss_p,p,p,carepd_cross_BMCLab_to_3DGait,cross,BMCLab,3DGait,1,0.22904838249087334,0.30539784332116443,0.4144391417503357,0.32281172275543213,0.22904838249087334,0.30539784332116443,0.4144391417503357,,,,3e-6,carepd_BMCLab_6fold_1,macro_f1_012,false,pretrain_v1_stats_train_clean.pt,runs/pretrain/amass_clean/medium_100ep_simmim/seed2/in_p__loss_p/lightning_logs/version_0/checkpoints/epoch=99-step=11500.ckpt
amass_clean,medium_100ep_simmim,seed42,in_p__loss_p,p,p,carepd_cross_BMCLab_to_3DGait,cross,BMCLab,3DGait,1,0.31356657296419144,0.41808876395225525,0.36380332708358765,0.3078174293041229,0.31356657296419144,0.41808876395225525,0.36380332708358765,,,,1e-6,carepd_BMCLab_6fold_1,macro_f1_012,false,pretrain_v1_stats_train_clean.pt,runs/pretrain/amass_clean/medium_100ep_simmim/seed42/in_p__loss_p/lightning_logs/version_0/checkpoints/epoch=99-step=11500.ckpt
amass_clean,medium_100ep_simmim,seed42,in_p__loss_p,p,p,carepd_cross_PD-GaM_to_3DGait,cross,PD-GaM,3DGait,1,0.22520792856812477,0.300277238090833,0.3987519443035126,0.312294065952301,0.22520792856812477,0.300277238090833,0.3987519443035126,,,,1e-6,carepd_BMCLab_6fold_1,macro_f1_012,false,pretrain_v1_stats_train_clean.pt,runs/pretrain/amass_clean/medium_100ep_simmim/seed42/in_p__loss_p/lightning_logs/version_0/checkpoints/epoch=99-step=11500.ckpt
amass_clean,medium_100ep_simmim,seed42,in_p__loss_p,p,p,carepd_cross_T-SDU-PD_to_3DGait,cross,T-SDU-PD,3DGait,1,0.2232222743332386,0.2976296991109848,0.3595065474510193,0.29864177107810974,0.2232222743332386,0.2976296991109848,0.3595065474510193,,,,1e-6,carepd_BMCLab_6fold_1,macro_f1_012,false,pretrain_v1_stats_train_clean.pt,runs/pretrain/amass_clean/medium_100ep_simmim/seed42/in_p__loss_p/lightning_logs/version_0/checkpoints/epoch=99-step=11500.ckpt
amass_clean,medium_100ep_simmim,seed1,in_p__loss_pk,p,pk,carepd_cross_T-SDU-PD_to_3DGait,cross,T-SDU-PD,3DGait,1,0.3898809552192688,0.5198412736256918,0.4077945351600647,0.3931730091571808,0.3898809552192688,0.5198412736256918,0.4077945351600647,,,,1e-6,carepd_BMCLab_6fold_1,macro_f1_012,false,pretrain_v1_stats_train_clean.pt,runs/pretrain/amass_clean/medium_100ep_simmim/seed1/in_p__loss_pk/lightning_logs/version_0/checkpoints/epoch=99-step=11500.ckpt
amass_clean,medium_100ep_simmim,seed1,in_p__loss_pk,p,pk,carepd_cross_BMCLab_to_3DGait,cross,BMCLab,3DGait,1,0.24912153370678425,0.332162044942379,0.3589646816253662,0.4195822477340698,0.24912153370678425,0.332162044942379,0.3589646816253662,,,,1e-6,carepd_BMCLab_6fold_1,macro_f1_012,false,pretrain_v1_stats_train_clean.pt,runs/pretrain/amass_clean/medium_100ep_simmim/seed1/in_p__loss_pk/lightning_logs/version_0/checkpoints/epoch=99-step=11500.ckpt
amass_clean,medium_100ep_simmim,seed1,in_p__loss_pk,p,pk,carepd_cross_PD-GaM_to_3DGait,cross,PD-GaM,3DGait,1,0.24437230080366135,0.21471861998240152,0.3311152756214142,0.2814958393573761,0.24437230080366135,0.21471861998240152,0.3311152756214142,,,,1e-6,carepd_BMCLab_6fold_1,macro_f1_012,false,pretrain_v1_stats_train_clean.pt,runs/pretrain/amass_clean/medium_100ep_simmim/seed1/in_p__loss_pk/lightning_logs/version_0/checkpoints/epoch=99-step=11500.ckpt
amass_clean,medium_100ep_simmim,seed2,in_p__loss_pk,p,pk,carepd_cross_PD-GaM_to_3DGait,cross,PD-GaM,3DGait,1,0.21149268001317978,0.1486569046974182,0.3752877712249756,0.2661035656929016,0.21149268001317978,0.1486569046974182,0.3752877712249756,,,,1e-6,carepd_BMCLab_6fold_1,macro_f1_012,false,pretrain_v1_stats_train_clean.pt,runs/pretrain/amass_clean/medium_100ep_simmim/seed2/in_p__loss_pk/lightning_logs/version_0/checkpoints/epoch=99-step=11500.ckpt
amass_clean,medium_100ep_simmim,seed2,in_p__loss_pk,p,pk,carepd_cross_BMCLab_to_3DGait,cross,BMCLab,3DGait,1,0.25574712827801704,0.3409961710373561,0.3527563810348511,0.3459293246269226,0.25574712827801704,0.3409961710373561,0.3527563810348511,,,,1e-6,carepd_BMCLab_6fold_1,macro_f1_012,false,pretrain_v1_stats_train_clean.pt,runs/pretrain/amass_clean/medium_100ep_simmim/seed2/in_p__loss_pk/lightning_logs/version_0/checkpoints/epoch=99-step=11500.ckpt
amass_clean,medium_100ep_simmim,seed2,in_p__loss_pk,p,pk,carepd_cross_T-SDU-PD_to_3DGait,cross,T-SDU-PD,3DGait,1,0.32291021943092346,0.43054695924123126,0.3540443181991577,0.3339255154132843,0.32291021943092346,0.43054695924123126,0.3540443181991577,,,,1e-6,carepd_BMCLab_6fold_1,macro_f1_012,false,pretrain_v1_stats_train_clean.pt,runs/pretrain/amass_clean/medium_100ep_simmim/seed2/in_p__loss_pk/lightning_logs/version_0/checkpoints/epoch=99-step=11500.ckpt
amass_clean,medium_100ep_simmim,seed42,in_p__loss_pk,p,pk,carepd_cross_PD-GaM_to_3DGait,cross,PD-GaM,3DGait,1,0.21325590088963509,0.23305914799372354,0.34077519178390503,0.2841733992099762,0.21325590088963509,0.23305914799372354,0.34077519178390503,,,,3e-6,carepd_BMCLab_6fold_1,macro_f1_012,false,pretrain_v1_stats_train_clean.pt,runs/pretrain/amass_clean/medium_100ep_simmim/seed42/in_p__loss_pk/lightning_logs/version_0/checkpoints/epoch=99-step=11500.ckpt
amass_clean,medium_100ep_simmim,seed42,in_p__loss_pk,p,pk,carepd_cross_T-SDU-PD_to_3DGait,cross,T-SDU-PD,3DGait,1,0.33089639246463776,0.44119518995285034,0.3657894432544708,0.3693033456802368,0.33089639246463776,0.44119518995285034,0.3657894432544708,,,,3e-6,carepd_BMCLab_6fold_1,macro_f1_012,false,pretrain_v1_stats_train_clean.pt,runs/pretrain/amass_clean/medium_100ep_simmim/seed42/in_p__loss_pk/lightning_logs/version_0/checkpoints/epoch=99-step=11500.ckpt
amass_clean,medium_100ep_simmim,seed42,in_p__loss_pk,p,pk,carepd_cross_BMCLab_to_3DGait,cross,BMCLab,3DGait,1,0.4108655974268913,0.5478207965691885,0.46314021944999695,0.5032399892807007,0.4108655974268913,0.5478207965691885,0.46314021944999695,,,,3e-6,carepd_BMCLab_6fold_1,macro_f1_012,false,pretrain_v1_stats_train_clean.pt,runs/pretrain/amass_clean/medium_100ep_simmim/seed42/in_p__loss_pk/lightning_logs/version_0/checkpoints/epoch=99-step=11500.ckpt
amass_clean,medium_100ep_simmim,seed1,in_p__loss_pkd,p,pkd,carepd_cross_BMCLab_to_3DGait,cross,BMCLab,3DGait,1,0.3341960087418556,0.4455946783224742,0.33984553813934326,0.4088660776615143,0.3341960087418556,0.4455946783224742,0.33984553813934326,,,,3e-6,carepd_BMCLab_6fold_1,macro_f1_012,false,pretrain_v1_stats_train_clean.pt,runs/pretrain/amass_clean/medium_100ep_simmim/seed1/in_p__loss_pkd/lightning_logs/version_0/checkpoints/epoch=99-step=11500.ckpt
amass_clean,medium_100ep_simmim,seed1,in_p__loss_pkd,p,pkd,carepd_cross_PD-GaM_to_3DGait,cross,PD-GaM,3DGait,1,0.17826615273952484,0.14879931012789407,0.44409364461898804,0.3207627534866333,0.17826615273952484,0.14879931012789407,0.44409364461898804,,,,3e-6,carepd_BMCLab_6fold_1,macro_f1_012,false,pretrain_v1_stats_train_clean.pt,runs/pretrain/amass_clean/medium_100ep_simmim/seed1/in_p__loss_pkd/lightning_logs/version_0/checkpoints/epoch=99-step=11500.ckpt
amass_clean,medium_100ep_simmim,seed1,in_p__loss_pkd,p,pkd,carepd_cross_T-SDU-PD_to_3DGait,cross,T-SDU-PD,3DGait,1,0.30243535339832306,0.4032471378644307,0.37603986263275146,0.357712984085083,0.30243535339832306,0.4032471378644307,0.37603986263275146,,,,3e-6,carepd_BMCLab_6fold_1,macro_f1_012,false,pretrain_v1_stats_train_clean.pt,runs/pretrain/amass_clean/medium_100ep_simmim/seed1/in_p__loss_pkd/lightning_logs/version_0/checkpoints/epoch=99-step=11500.ckpt
amass_clean,medium_100ep_simmim,seed2,in_p__loss_pkd,p,pkd,carepd_cross_T-SDU-PD_to_3DGait,cross,T-SDU-PD,3DGait,1,0.2808476537466049,0.3744635383288066,0.3831101059913635,0.341342031955719,0.2808476537466049,0.3744635383288066,0.3831101059913635,,,,0.0001,carepd_BMCLab_6fold_1,macro_f1_012,false,pretrain_v1_stats_train_clean.pt,runs/pretrain/amass_clean/medium_100ep_simmim/seed2/in_p__loss_pkd/lightning_logs/version_0/checkpoints/epoch=99-step=11500.ckpt
amass_clean,medium_100ep_simmim,seed2,in_p__loss_pkd,p,pkd,carepd_cross_BMCLab_to_3DGait,cross,BMCLab,3DGait,1,0.26558438688516617,0.35411251584688824,0.394599586725235,0.32421165704727173,0.26558438688516617,0.35411251584688824,0.394599586725235,,,,0.0001,carepd_BMCLab_6fold_1,macro_f1_012,false,pretrain_v1_stats_train_clean.pt,runs/pretrain/amass_clean/medium_100ep_simmim/seed2/in_p__loss_pkd/lightning_logs/version_0/checkpoints/epoch=99-step=11500.ckpt
amass_clean,medium_100ep_simmim,seed2,in_p__loss_pkd,p,pkd,carepd_cross_PD-GaM_to_3DGait,cross,PD-GaM,3DGait,1,0.1918521709740162,0.14469178020954132,0.4123501777648926,0.3017423748970032,0.1918521709740162,0.14469178020954132,0.4123501777648926,,,,0.0001,carepd_BMCLab_6fold_1,macro_f1_012,false,pretrain_v1_stats_train_clean.pt,runs/pretrain/amass_clean/medium_100ep_simmim/seed2/in_p__loss_pkd/lightning_logs/version_0/checkpoints/epoch=99-step=11500.ckpt
amass_clean,medium_100ep_simmim,seed42,in_p__loss_pkd,p,pkd,carepd_cross_T-SDU-PD_to_3DGait,cross,T-SDU-PD,3DGait,1,0.36576415598392487,0.48768554131189984,0.397687703371048,0.3787832260131836,0.36576415598392487,0.48768554131189984,0.397687703371048,,,,1e-6,carepd_BMCLab_6fold_1,macro_f1_012,false,pretrain_v1_stats_train_clean.pt,runs/pretrain/amass_clean/medium_100ep_simmim/seed42/in_p__loss_pkd/lightning_logs/version_0/checkpoints/epoch=94-step=10925.ckpt
amass_clean,medium_100ep_simmim,seed42,in_p__loss_pkd,p,pkd,carepd_cross_PD-GaM_to_3DGait,cross,PD-GaM,3DGait,1,0.2037433199584484,0.13832442462444305,0.40375059843063354,0.28685012459754944,0.2037433199584484,0.13832442462444305,0.40375059843063354,,,,1e-6,carepd_BMCLab_6fold_1,macro_f1_012,false,pretrain_v1_stats_train_clean.pt,runs/pretrain/amass_clean/medium_100ep_simmim/seed42/in_p__loss_pkd/lightning_logs/version_0/checkpoints/epoch=94-step=10925.ckpt
amass_clean,medium_100ep_simmim,seed42,in_p__loss_pkd,p,pkd,carepd_cross_BMCLab_to_3DGait,cross,BMCLab,3DGait,1,0.218491205945611,0.29132160792748135,0.3347533345222473,0.3574039340019226,0.218491205945611,0.29132160792748135,0.3347533345222473,,,,1e-6,carepd_BMCLab_6fold_1,macro_f1_012,false,pretrain_v1_stats_train_clean.pt,runs/pretrain/amass_clean/medium_100ep_simmim/seed42/in_p__loss_pkd/lightning_logs/version_0/checkpoints/epoch=94-step=10925.ckpt
amass_clean,medium_100ep_simmim,seed1,in_pk__loss_p,pk,p,carepd_cross_T-SDU-PD_to_3DGait,cross,T-SDU-PD,3DGait,1,0.0933248270303011,0.12443310270706813,0.3469637930393219,0.2865760028362274,0.0933248270303011,0.12443310270706813,0.3469637930393219,,,,3e-6,carepd_BMCLab_6fold_1,macro_f1_012,false,pretrain_v1_stats_train_clean.pt,runs/pretrain/amass_clean/medium_100ep_simmim/seed1/in_pk__loss_p/lightning_logs/version_0/checkpoints/epoch=94-step=10925.ckpt
amass_clean,medium_100ep_simmim,seed1,in_pk__loss_p,pk,p,carepd_cross_PD-GaM_to_3DGait,cross,PD-GaM,3DGait,1,0.3013574779033661,0.2684766352176666,0.460634708404541,0.35969528555870056,0.3013574779033661,0.2684766352176666,0.460634708404541,,,,3e-6,carepd_BMCLab_6fold_1,macro_f1_012,false,pretrain_v1_stats_train_clean.pt,runs/pretrain/amass_clean/medium_100ep_simmim/seed1/in_pk__loss_p/lightning_logs/version_0/checkpoints/epoch=94-step=10925.ckpt
amass_clean,medium_100ep_simmim,seed1,in_pk__loss_p,pk,p,carepd_cross_BMCLab_to_3DGait,cross,BMCLab,3DGait,1,0.22327275574207306,0.2976970076560974,0.3286248743534088,0.2911931872367859,0.22327275574207306,0.2976970076560974,0.3286248743534088,,,,3e-6,carepd_BMCLab_6fold_1,macro_f1_012,false,pretrain_v1_stats_train_clean.pt,runs/pretrain/amass_clean/medium_100ep_simmim/seed1/in_pk__loss_p/lightning_logs/version_0/checkpoints/epoch=94-step=10925.ckpt
amass_clean,medium_100ep_simmim,seed2,in_pk__loss_p,pk,p,carepd_cross_T-SDU-PD_to_3DGait,cross,T-SDU-PD,3DGait,1,0.20242490246891975,0.2698998699585597,0.3568980395793915,0.3053743541240692,0.20242490246891975,0.2698998699585597,0.3568980395793915,,,,1e-6,carepd_BMCLab_6fold_1,macro_f1_012,false,pretrain_v1_stats_train_clean.pt,runs/pretrain/amass_clean/medium_100ep_simmim/seed2/in_pk__loss_p/lightning_logs/version_0/checkpoints/epoch=99-step=11500.ckpt
amass_clean,medium_100ep_simmim,seed2,in_pk__loss_p,pk,p,carepd_cross_PD-GaM_to_3DGait,cross,PD-GaM,3DGait,1,0.29584142565727234,0.2992171347141266,0.45403367280960083,0.3562670052051544,0.29584142565727234,0.2992171347141266,0.45403367280960083,,,,1e-6,carepd_BMCLab_6fold_1,macro_f1_012,false,pretrain_v1_stats_train_clean.pt,runs/pretrain/amass_clean/medium_100ep_simmim/seed2/in_pk__loss_p/lightning_logs/version_0/checkpoints/epoch=99-step=11500.ckpt
amass_clean,medium_100ep_simmim,seed2,in_pk__loss_p,pk,p,carepd_cross_BMCLab_to_3DGait,cross,BMCLab,3DGait,1,0.19178082048892975,0.2557077606519063,0.38359493017196655,0.3097172677516937,0.19178082048892975,0.2557077606519063,0.38359493017196655,,,,1e-6,carepd_BMCLab_6fold_1,macro_f1_012,false,pretrain_v1_stats_train_clean.pt,runs/pretrain/amass_clean/medium_100ep_simmim/seed2/in_pk__loss_p/lightning_logs/version_0/checkpoints/epoch=99-step=11500.ckpt
amass_clean,medium_100ep_simmim,seed42,in_pk__loss_p,pk,p,carepd_cross_T-SDU-PD_to_3DGait,cross,T-SDU-PD,3DGait,1,0.06796116381883621,0.09061488509178162,0.3493473529815674,0.2866438925266266,0.06796116381883621,0.09061488509178162,0.3493473529815674,,,,0.0001,carepd_BMCLab_6fold_1,macro_f1_012,false,pretrain_v1_stats_train_clean.pt,runs/pretrain/amass_clean/medium_100ep_simmim/seed42/in_pk__loss_p/lightning_logs/version_0/checkpoints/epoch=99-step=11500.ckpt
amass_clean,medium_100ep_simmim,seed42,in_pk__loss_p,pk,p,carepd_cross_PD-GaM_to_3DGait,cross,PD-GaM,3DGait,1,0.2185754682868719,0.2914339577158292,0.39493411779403687,0.3512328565120697,0.2185754682868719,0.2914339577158292,0.39493411779403687,,,,0.0001,carepd_BMCLab_6fold_1,macro_f1_012,false,pretrain_v1_stats_train_clean.pt,runs/pretrain/amass_clean/medium_100ep_simmim/seed42/in_pk__loss_p/lightning_logs/version_0/checkpoints/epoch=99-step=11500.ckpt
amass_clean,medium_100ep_simmim,seed42,in_pk__loss_p,pk,p,carepd_cross_BMCLab_to_3DGait,cross,BMCLab,3DGait,1,0.263175830245018,0.35090110699335736,0.3536989688873291,0.3584505021572113,0.263175830245018,0.35090110699335736,0.3536989688873291,,,,0.0001,carepd_BMCLab_6fold_1,macro_f1_012,false,pretrain_v1_stats_train_clean.pt,runs/pretrain/amass_clean/medium_100ep_simmim/seed42/in_pk__loss_p/lightning_logs/version_0/checkpoints/epoch=99-step=11500.ckpt
amass_clean,medium_100ep_simmim,seed1,in_pk__loss_pk,pk,pk,carepd_cross_T-SDU-PD_to_3DGait,cross,T-SDU-PD,3DGait,1,0.3395593911409378,0.45274585485458374,0.3962869644165039,0.38380956649780273,0.3395593911409378,0.45274585485458374,0.3962869644165039,,,,1e-6,carepd_BMCLab_6fold_1,macro_f1_012,false,pretrain_v1_stats_train_clean.pt,runs/pretrain/amass_clean/medium_100ep_simmim/seed1/in_pk__loss_pk/lightning_logs/version_0/checkpoints/epoch=99-step=11500.ckpt
amass_clean,medium_100ep_simmim,seed1,in_pk__loss_pk,pk,pk,carepd_cross_PD-GaM_to_3DGait,cross,PD-GaM,3DGait,1,0.20428571477532387,0.16126983861128488,0.34338536858558655,0.2740005552768707,0.20428571477532387,0.16126983861128488,0.34338536858558655,,,,1e-6,carepd_BMCLab_6fold_1,macro_f1_012,false,pretrain_v1_stats_train_clean.pt,runs/pretrain/amass_clean/medium_100ep_simmim/seed1/in_pk__loss_pk/lightning_logs/version_0/checkpoints/epoch=99-step=11500.ckpt
amass_clean,medium_100ep_simmim,seed1,in_pk__loss_pk,pk,pk,carepd_cross_BMCLab_to_3DGait,cross,BMCLab,3DGait,1,0.2383357435464859,0.3177809913953145,0.43597516417503357,0.3650051951408386,0.2383357435464859,0.3177809913953145,0.43597516417503357,,,,1e-6,carepd_BMCLab_6fold_1,macro_f1_012,false,pretrain_v1_stats_train_clean.pt,runs/pretrain/amass_clean/medium_100ep_simmim/seed1/in_pk__loss_pk/lightning_logs/version_0/checkpoints/epoch=99-step=11500.ckpt
amass_clean,medium_100ep_simmim,seed2,in_pk__loss_pk,pk,pk,carepd_cross_BMCLab_to_3DGait,cross,BMCLab,3DGait,1,0.23294861614704132,0.31059815486272174,0.4084855914115906,0.3478645980358124,0.23294861614704132,0.31059815486272174,0.4084855914115906,,,,3e-6,carepd_BMCLab_6fold_1,macro_f1_012,false,pretrain_v1_stats_train_clean.pt,runs/pretrain/amass_clean/medium_100ep_simmim/seed2/in_pk__loss_pk/lightning_logs/version_0/checkpoints/epoch=99-step=11500.ckpt
amass_clean,medium_100ep_simmim,seed2,in_pk__loss_pk,pk,pk,carepd_cross_PD-GaM_to_3DGait,cross,PD-GaM,3DGait,1,0.18810581415891647,0.13969663778940836,0.3668985664844513,0.26933297514915466,0.18810581415891647,0.13969663778940836,0.3668985664844513,,,,3e-6,carepd_BMCLab_6fold_1,macro_f1_012,false,pretrain_v1_stats_train_clean.pt,runs/pretrain/amass_clean/medium_100ep_simmim/seed2/in_pk__loss_pk/lightning_logs/version_0/checkpoints/epoch=99-step=11500.ckpt
amass_clean,medium_100ep_simmim,seed2,in_pk__loss_pk,pk,pk,carepd_cross_T-SDU-PD_to_3DGait,cross,T-SDU-PD,3DGait,1,0.29901597648859024,0.3986879686514537,0.37909770011901855,0.33456113934516907,0.29901597648859024,0.3986879686514537,0.37909770011901855,,,,3e-6,carepd_BMCLab_6fold_1,macro_f1_012,false,pretrain_v1_stats_train_clean.pt,runs/pretrain/amass_clean/medium_100ep_simmim/seed2/in_pk__loss_pk/lightning_logs/version_0/checkpoints/epoch=99-step=11500.ckpt
amass_clean,medium_100ep_simmim,seed42,in_pk__loss_pk,pk,pk,carepd_cross_T-SDU-PD_to_3DGait,cross,T-SDU-PD,3DGait,1,0.2878030315041542,0.38373737533887226,0.4174041748046875,0.3750746250152588,0.2878030315041542,0.38373737533887226,0.4174041748046875,,,,1e-6,carepd_BMCLab_6fold_1,macro_f1_012,false,pretrain_v1_stats_train_clean.pt,runs/pretrain/amass_clean/medium_100ep_simmim/seed42/in_pk__loss_pk/lightning_logs/version_0/checkpoints/epoch=99-step=11500.ckpt
amass_clean,medium_100ep_simmim,seed42,in_pk__loss_pk,pk,pk,carepd_cross_BMCLab_to_3DGait,cross,BMCLab,3DGait,1,0.32753268629312515,0.43671024839083356,0.45773589611053467,0.3909190595149994,0.32753268629312515,0.43671024839083356,0.45773589611053467,,,,1e-6,carepd_BMCLab_6fold_1,macro_f1_012,false,pretrain_v1_stats_train_clean.pt,runs/pretrain/amass_clean/medium_100ep_simmim/seed42/in_pk__loss_pk/lightning_logs/version_0/checkpoints/epoch=99-step=11500.ckpt
amass_clean,medium_100ep_simmim,seed42,in_pk__loss_pk,pk,pk,carepd_cross_PD-GaM_to_3DGait,cross,PD-GaM,3DGait,1,0.19079457968473434,0.17596140007177988,0.3744247555732727,0.2694745361804962,0.19079457968473434,0.17596140007177988,0.3744247555732727,,,,1e-6,carepd_BMCLab_6fold_1,macro_f1_012,false,pretrain_v1_stats_train_clean.pt,runs/pretrain/amass_clean/medium_100ep_simmim/seed42/in_pk__loss_pk/lightning_logs/version_0/checkpoints/epoch=99-step=11500.ckpt
amass_clean,medium_100ep_simmim,seed1,in_pk__loss_pkd,pk,pkd,carepd_cross_BMCLab_to_3DGait,cross,BMCLab,3DGait,1,0.2867902107536793,0.3823869476715724,0.3984322249889374,0.403996080160141,0.2867902107536793,0.3823869476715724,0.3984322249889374,,,,3e-6,carepd_BMCLab_6fold_1,macro_f1_012,false,pretrain_v1_stats_train_clean.pt,runs/pretrain/amass_clean/medium_100ep_simmim/seed1/in_pk__loss_pkd/lightning_logs/version_0/checkpoints/epoch=99-step=11500.ckpt
amass_clean,medium_100ep_simmim,seed1,in_pk__loss_pkd,pk,pkd,carepd_cross_PD-GaM_to_3DGait,cross,PD-GaM,3DGait,1,0.19014830514788628,0.12853107353051504,0.3629339635372162,0.2761166989803314,0.19014830514788628,0.12853107353051504,0.3629339635372162,,,,3e-6,carepd_BMCLab_6fold_1,macro_f1_012,false,pretrain_v1_stats_train_clean.pt,runs/pretrain/amass_clean/medium_100ep_simmim/seed1/in_pk__loss_pkd/lightning_logs/version_0/checkpoints/epoch=99-step=11500.ckpt
amass_clean,medium_100ep_simmim,seed1,in_pk__loss_pkd,pk,pkd,carepd_cross_T-SDU-PD_to_3DGait,cross,T-SDU-PD,3DGait,1,0.33953528851270676,0.4527137180169423,0.3425697088241577,0.3369515836238861,0.33953528851270676,0.4527137180169423,0.3425697088241577,,,,3e-6,carepd_BMCLab_6fold_1,macro_f1_012,false,pretrain_v1_stats_train_clean.pt,runs/pretrain/amass_clean/medium_100ep_simmim/seed1/in_pk__loss_pkd/lightning_logs/version_0/checkpoints/epoch=99-step=11500.ckpt
amass_clean,medium_100ep_simmim,seed2,in_pk__loss_pkd,pk,pkd,carepd_cross_PD-GaM_to_3DGait,cross,PD-GaM,3DGait,1,0.20973903685808182,0.13930117090543112,0.3890521228313446,0.27219170331954956,0.20973903685808182,0.13930117090543112,0.3890521228313446,,,,1e-6,carepd_BMCLab_6fold_1,macro_f1_012,false,pretrain_v1_stats_train_clean.pt,runs/pretrain/amass_clean/medium_100ep_simmim/seed2/in_pk__loss_pkd/lightning_logs/version_0/checkpoints/epoch=94-step=10925.ckpt
amass_clean,medium_100ep_simmim,seed2,in_pk__loss_pkd,pk,pkd,carepd_cross_BMCLab_to_3DGait,cross,BMCLab,3DGait,1,0.30321114510297775,0.40428152680397034,0.37046390771865845,0.4043232202529907,0.30321114510297775,0.40428152680397034,0.37046390771865845,,,,1e-6,carepd_BMCLab_6fold_1,macro_f1_012,false,pretrain_v1_stats_train_clean.pt,runs/pretrain/amass_clean/medium_100ep_simmim/seed2/in_pk__loss_pkd/lightning_logs/version_0/checkpoints/epoch=94-step=10925.ckpt
amass_clean,medium_100ep_simmim,seed2,in_pk__loss_pkd,pk,pkd,carepd_cross_T-SDU-PD_to_3DGait,cross,T-SDU-PD,3DGait,1,0.262738186866045,0.35031758248806,0.35450810194015503,0.30872616171836853,0.262738186866045,0.35031758248806,0.35450810194015503,,,,1e-6,carepd_BMCLab_6fold_1,macro_f1_012,false,pretrain_v1_stats_train_clean.pt,runs/pretrain/amass_clean/medium_100ep_simmim/seed2/in_pk__loss_pkd/lightning_logs/version_0/checkpoints/epoch=94-step=10925.ckpt
amass_clean,medium_100ep_simmim,seed42,in_pk__loss_pkd,pk,pkd,carepd_cross_PD-GaM_to_3DGait,cross,PD-GaM,3DGait,1,0.17296919599175453,0.141736701130867,0.390522301197052,0.2907771170139313,0.17296919599175453,0.141736701130867,0.390522301197052,,,,3e-6,carepd_BMCLab_6fold_1,macro_f1_012,false,pretrain_v1_stats_train_clean.pt,runs/pretrain/amass_clean/medium_100ep_simmim/seed42/in_pk__loss_pkd/lightning_logs/version_0/checkpoints/epoch=99-step=11500.ckpt
amass_clean,medium_100ep_simmim,seed42,in_pk__loss_pkd,pk,pkd,carepd_cross_T-SDU-PD_to_3DGait,cross,T-SDU-PD,3DGait,1,0.2918972298502922,0.3891963064670563,0.35440969467163086,0.34805577993392944,0.2918972298502922,0.3891963064670563,0.35440969467163086,,,,3e-6,carepd_BMCLab_6fold_1,macro_f1_012,false,pretrain_v1_stats_train_clean.pt,runs/pretrain/amass_clean/medium_100ep_simmim/seed42/in_pk__loss_pkd/lightning_logs/version_0/checkpoints/epoch=99-step=11500.ckpt
amass_clean,medium_100ep_simmim,seed42,in_pk__loss_pkd,pk,pkd,carepd_cross_BMCLab_to_3DGait,cross,BMCLab,3DGait,1,0.3003848046064377,0.40051307280858356,0.3794914782047272,0.3673289120197296,0.3003848046064377,0.40051307280858356,0.3794914782047272,,,,3e-6,carepd_BMCLab_6fold_1,macro_f1_012,false,pretrain_v1_stats_train_clean.pt,runs/pretrain/amass_clean/medium_100ep_simmim/seed42/in_pk__loss_pkd/lightning_logs/version_0/checkpoints/epoch=99-step=11500.ckpt
amass_clean,medium_100ep_simmim,seed1,in_pkd__loss_p,pkd,p,carepd_cross_PD-GaM_to_3DGait,cross,PD-GaM,3DGait,1,0.21731767803430557,0.2897569040457408,0.37190961837768555,0.3223074972629547,0.21731767803430557,0.2897569040457408,0.37190961837768555,,,,3e-6,carepd_BMCLab_6fold_1,macro_f1_012,false,pretrain_v1_stats_train_clean.pt,runs/pretrain/amass_clean/medium_100ep_simmim/seed1/in_pkd__loss_p/lightning_logs/version_0/checkpoints/epoch=94-step=10925.ckpt
amass_clean,medium_100ep_simmim,seed1,in_pkd__loss_p,pkd,p,carepd_cross_BMCLab_to_3DGait,cross,BMCLab,3DGait,1,0.27295632287859917,0.3639417638381322,0.3713608384132385,0.3155093789100647,0.27295632287859917,0.3639417638381322,0.3713608384132385,,,,3e-6,carepd_BMCLab_6fold_1,macro_f1_012,false,pretrain_v1_stats_train_clean.pt,runs/pretrain/amass_clean/medium_100ep_simmim/seed1/in_pkd__loss_p/lightning_logs/version_0/checkpoints/epoch=94-step=10925.ckpt
amass_clean,medium_100ep_simmim,seed1,in_pkd__loss_p,pkd,p,carepd_cross_T-SDU-PD_to_3DGait,cross,T-SDU-PD,3DGait,1,0.08785822428762913,0.11714429905017217,0.3313214182853699,0.2766190469264984,0.08785822428762913,0.11714429905017217,0.3313214182853699,,,,3e-6,carepd_BMCLab_6fold_1,macro_f1_012,false,pretrain_v1_stats_train_clean.pt,runs/pretrain/amass_clean/medium_100ep_simmim/seed1/in_pkd__loss_p/lightning_logs/version_0/checkpoints/epoch=94-step=10925.ckpt
amass_clean,medium_100ep_simmim,seed2,in_pkd__loss_p,pkd,p,carepd_cross_PD-GaM_to_3DGait,cross,PD-GaM,3DGait,1,0.20005793124437332,0.21118835111459097,0.44999149441719055,0.35184457898139954,0.20005793124437332,0.21118835111459097,0.44999149441719055,,,,1e-6,carepd_BMCLab_6fold_1,macro_f1_012,false,pretrain_v1_stats_train_clean.pt,runs/pretrain/amass_clean/medium_100ep_simmim/seed2/in_pkd__loss_p/lightning_logs/version_0/checkpoints/epoch=94-step=10925.ckpt
amass_clean,medium_100ep_simmim,seed2,in_pkd__loss_p,pkd,p,carepd_cross_T-SDU-PD_to_3DGait,cross,T-SDU-PD,3DGait,1,0.14945963211357594,0.1992795094847679,0.3322336673736572,0.28486549854278564,0.14945963211357594,0.1992795094847679,0.3322336673736572,,,,1e-6,carepd_BMCLab_6fold_1,macro_f1_012,false,pretrain_v1_stats_train_clean.pt,runs/pretrain/amass_clean/medium_100ep_simmim/seed2/in_pkd__loss_p/lightning_logs/version_0/checkpoints/epoch=94-step=10925.ckpt
amass_clean,medium_100ep_simmim,seed2,in_pkd__loss_p,pkd,p,carepd_cross_BMCLab_to_3DGait,cross,BMCLab,3DGait,1,0.2936677634716034,0.3915570179621379,0.411902517080307,0.3197723925113678,0.2936677634716034,0.3915570179621379,0.411902517080307,,,,1e-6,carepd_BMCLab_6fold_1,macro_f1_012,false,pretrain_v1_stats_train_clean.pt,runs/pretrain/amass_clean/medium_100ep_simmim/seed2/in_pkd__loss_p/lightning_logs/version_0/checkpoints/epoch=94-step=10925.ckpt
amass_clean,medium_100ep_simmim,seed42,in_pkd__loss_p,pkd,p,carepd_cross_PD-GaM_to_3DGait,cross,PD-GaM,3DGait,1,0.17632073163986206,0.23509430885314941,0.3986467123031616,0.33543452620506287,0.17632073163986206,0.23509430885314941,0.3986467123031616,,,,1e-6,carepd_BMCLab_6fold_1,macro_f1_012,false,pretrain_v1_stats_train_clean.pt,runs/pretrain/amass_clean/medium_100ep_simmim/seed42/in_pkd__loss_p/lightning_logs/version_0/checkpoints/epoch=99-step=11500.ckpt
amass_clean,medium_100ep_simmim,seed42,in_pkd__loss_p,pkd,p,carepd_cross_T-SDU-PD_to_3DGait,cross,T-SDU-PD,3DGait,1,0.06796116381883621,0.09061488509178162,0.3483656346797943,0.2861224114894867,0.06796116381883621,0.09061488509178162,0.3483656346797943,,,,1e-6,carepd_BMCLab_6fold_1,macro_f1_012,false,pretrain_v1_stats_train_clean.pt,runs/pretrain/amass_clean/medium_100ep_simmim/seed42/in_pkd__loss_p/lightning_logs/version_0/checkpoints/epoch=99-step=11500.ckpt
amass_clean,medium_100ep_simmim,seed42,in_pkd__loss_p,pkd,p,carepd_cross_BMCLab_to_3DGait,cross,BMCLab,3DGait,1,0.2277240976691246,0.30363213022549945,0.3478100001811981,0.3129129409790039,0.2277240976691246,0.30363213022549945,0.3478100001811981,,,,1e-6,carepd_BMCLab_6fold_1,macro_f1_012,false,pretrain_v1_stats_train_clean.pt,runs/pretrain/amass_clean/medium_100ep_simmim/seed42/in_pkd__loss_p/lightning_logs/version_0/checkpoints/epoch=99-step=11500.ckpt
amass_clean,medium_100ep_simmim,seed1,in_pkd__loss_pk,pkd,pk,carepd_cross_T-SDU-PD_to_3DGait,cross,T-SDU-PD,3DGait,1,0.23295454680919647,0.31060606241226196,0.3659311532974243,0.3095078766345978,0.23295454680919647,0.31060606241226196,0.3659311532974243,,,,3e-6,carepd_BMCLab_6fold_1,macro_f1_012,false,pretrain_v1_stats_train_clean.pt,runs/pretrain/amass_clean/medium_100ep_simmim/seed1/in_pkd__loss_pk/lightning_logs/version_0/checkpoints/epoch=99-step=11500.ckpt
amass_clean,medium_100ep_simmim,seed1,in_pkd__loss_pk,pkd,pk,carepd_cross_PD-GaM_to_3DGait,cross,PD-GaM,3DGait,1,0.09198366291821003,0.1226448838909467,0.37901732325553894,0.2621718943119049,0.09198366291821003,0.1226448838909467,0.37901732325553894,,,,3e-6,carepd_BMCLab_6fold_1,macro_f1_012,false,pretrain_v1_stats_train_clean.pt,runs/pretrain/amass_clean/medium_100ep_simmim/seed1/in_pkd__loss_pk/lightning_logs/version_0/checkpoints/epoch=99-step=11500.ckpt
amass_clean,medium_100ep_simmim,seed1,in_pkd__loss_pk,pkd,pk,carepd_cross_BMCLab_to_3DGait,cross,BMCLab,3DGait,1,0.21911422535777092,0.2921523004770279,0.4440852999687195,0.3532121181488037,0.21911422535777092,0.2921523004770279,0.4440852999687195,,,,3e-6,carepd_BMCLab_6fold_1,macro_f1_012,false,pretrain_v1_stats_train_clean.pt,runs/pretrain/amass_clean/medium_100ep_simmim/seed1/in_pkd__loss_pk/lightning_logs/version_0/checkpoints/epoch=99-step=11500.ckpt
amass_clean,medium_100ep_simmim,seed2,in_pkd__loss_pk,pkd,pk,carepd_cross_PD-GaM_to_3DGait,cross,PD-GaM,3DGait,1,0.1489834561944008,0.1380385458469391,0.3775886297225952,0.26267242431640625,0.1489834561944008,0.1380385458469391,0.3775886297225952,,,,1e-6,carepd_BMCLab_6fold_1,macro_f1_012,false,pretrain_v1_stats_train_clean.pt,runs/pretrain/amass_clean/medium_100ep_simmim/seed2/in_pkd__loss_pk/lightning_logs/version_0/checkpoints/epoch=99-step=11500.ckpt
amass_clean,medium_100ep_simmim,seed2,in_pkd__loss_pk,pkd,pk,carepd_cross_T-SDU-PD_to_3DGait,cross,T-SDU-PD,3DGait,1,0.26650337129831314,0.35533782839775085,0.37957799434661865,0.34246084094047546,0.26650337129831314,0.35533782839775085,0.37957799434661865,,,,1e-6,carepd_BMCLab_6fold_1,macro_f1_012,false,pretrain_v1_stats_train_clean.pt,runs/pretrain/amass_clean/medium_100ep_simmim/seed2/in_pkd__loss_pk/lightning_logs/version_0/checkpoints/epoch=99-step=11500.ckpt
amass_clean,medium_100ep_simmim,seed2,in_pkd__loss_pk,pkd,pk,carepd_cross_BMCLab_to_3DGait,cross,BMCLab,3DGait,1,0.23880979791283607,0.31841306388378143,0.45956000685691833,0.39177975058555603,0.23880979791283607,0.31841306388378143,0.45956000685691833,,,,1e-6,carepd_BMCLab_6fold_1,macro_f1_012,false,pretrain_v1_stats_train_clean.pt,runs/pretrain/amass_clean/medium_100ep_simmim/seed2/in_pkd__loss_pk/lightning_logs/version_0/checkpoints/epoch=99-step=11500.ckpt
amass_clean,medium_100ep_simmim,seed42,in_pkd__loss_pk,pkd,pk,carepd_cross_BMCLab_to_3DGait,cross,BMCLab,3DGait,1,0.2785150408744812,0.3713533878326416,0.43325406312942505,0.32766231894493103,0.2785150408744812,0.3713533878326416,0.43325406312942505,,,,1e-6,carepd_BMCLab_6fold_1,macro_f1_012,false,pretrain_v1_stats_train_clean.pt,runs/pretrain/amass_clean/medium_100ep_simmim/seed42/in_pkd__loss_pk/lightning_logs/version_0/checkpoints/epoch=94-step=10925.ckpt
amass_clean,medium_100ep_simmim,seed42,in_pkd__loss_pk,pkd,pk,carepd_cross_T-SDU-PD_to_3DGait,cross,T-SDU-PD,3DGait,1,0.2785150408744812,0.3713533878326416,0.41006892919540405,0.32123714685440063,0.2785150408744812,0.3713533878326416,0.41006892919540405,,,,1e-6,carepd_BMCLab_6fold_1,macro_f1_012,false,pretrain_v1_stats_train_clean.pt,runs/pretrain/amass_clean/medium_100ep_simmim/seed42/in_pkd__loss_pk/lightning_logs/version_0/checkpoints/epoch=94-step=10925.ckpt
amass_clean,medium_100ep_simmim,seed42,in_pkd__loss_pk,pkd,pk,carepd_cross_PD-GaM_to_3DGait,cross,PD-GaM,3DGait,1,0.138159716501832,0.12360689292351405,0.44825026392936707,0.2718351185321808,0.138159716501832,0.12360689292351405,0.44825026392936707,,,,1e-6,carepd_BMCLab_6fold_1,macro_f1_012,false,pretrain_v1_stats_train_clean.pt,runs/pretrain/amass_clean/medium_100ep_simmim/seed42/in_pkd__loss_pk/lightning_logs/version_0/checkpoints/epoch=94-step=10925.ckpt
amass_clean,medium_100ep_simmim,seed1,in_pkd__loss_pkd,pkd,pkd,carepd_cross_BMCLab_to_3DGait,cross,BMCLab,3DGait,1,0.38468069583177567,0.5129075944423676,0.42269212007522583,0.44530144333839417,0.38468069583177567,0.5129075944423676,0.42269212007522583,,,,0.00001,carepd_BMCLab_6fold_1,macro_f1_012,false,pretrain_v1_stats_train_clean.pt,runs/pretrain/amass_clean/medium_100ep_simmim/seed1/in_pkd__loss_pkd/lightning_logs/version_0/checkpoints/epoch=99-step=11500.ckpt
amass_clean,medium_100ep_simmim,seed1,in_pkd__loss_pkd,pkd,pkd,carepd_cross_PD-GaM_to_3DGait,cross,PD-GaM,3DGait,1,0.06730769574642181,0.08974359432856242,0.41803115606307983,0.26748067140579224,0.06730769574642181,0.08974359432856242,0.41803115606307983,,,,0.00001,carepd_BMCLab_6fold_1,macro_f1_012,false,pretrain_v1_stats_train_clean.pt,runs/pretrain/amass_clean/medium_100ep_simmim/seed1/in_pkd__loss_pkd/lightning_logs/version_0/checkpoints/epoch=99-step=11500.ckpt
amass_clean,medium_100ep_simmim,seed1,in_pkd__loss_pkd,pkd,pkd,carepd_cross_T-SDU-PD_to_3DGait,cross,T-SDU-PD,3DGait,1,0.1749475933611393,0.2332634578148524,0.36054226756095886,0.28326326608657837,0.1749475933611393,0.2332634578148524,0.36054226756095886,,,,0.00001,carepd_BMCLab_6fold_1,macro_f1_012,false,pretrain_v1_stats_train_clean.pt,runs/pretrain/amass_clean/medium_100ep_simmim/seed1/in_pkd__loss_pkd/lightning_logs/version_0/checkpoints/epoch=99-step=11500.ckpt
amass_clean,medium_100ep_simmim,seed2,in_pkd__loss_pkd,pkd,pkd,carepd_cross_T-SDU-PD_to_3DGait,cross,T-SDU-PD,3DGait,1,0.16864721849560738,0.22486295799414316,0.3654789924621582,0.2890454828739166,0.16864721849560738,0.22486295799414316,0.3654789924621582,,,,3e-6,carepd_BMCLab_6fold_1,macro_f1_012,false,pretrain_v1_stats_train_clean.pt,runs/pretrain/amass_clean/medium_100ep_simmim/seed2/in_pkd__loss_pkd/lightning_logs/version_0/checkpoints/epoch=99-step=11500.ckpt
amass_clean,medium_100ep_simmim,seed2,in_pkd__loss_pkd,pkd,pkd,carepd_cross_PD-GaM_to_3DGait,cross,PD-GaM,3DGait,1,0.07999109104275703,0.10665478805700938,0.3969951570034027,0.2686838209629059,0.07999109104275703,0.10665478805700938,0.3969951570034027,,,,3e-6,carepd_BMCLab_6fold_1,macro_f1_012,false,pretrain_v1_stats_train_clean.pt,runs/pretrain/amass_clean/medium_100ep_simmim/seed2/in_pkd__loss_pkd/lightning_logs/version_0/checkpoints/epoch=99-step=11500.ckpt
amass_clean,medium_100ep_simmim,seed2,in_pkd__loss_pkd,pkd,pkd,carepd_cross_BMCLab_to_3DGait,cross,BMCLab,3DGait,1,0.34274662286043167,0.45699549714724225,0.40989312529563904,0.4189927577972412,0.34274662286043167,0.45699549714724225,0.40989312529563904,,,,3e-6,carepd_BMCLab_6fold_1,macro_f1_012,false,pretrain_v1_stats_train_clean.pt,runs/pretrain/amass_clean/medium_100ep_simmim/seed2/in_pkd__loss_pkd/lightning_logs/version_0/checkpoints/epoch=99-step=11500.ckpt
amass_clean,medium_100ep_simmim,seed42,in_pkd__loss_pkd,pkd,pkd,carepd_cross_PD-GaM_to_3DGait,cross,PD-GaM,3DGait,1,0.07958907075226307,0.10611876100301743,0.41492730379104614,0.27267372608184814,0.07958907075226307,0.10611876100301743,0.41492730379104614,,,,1e-6,carepd_BMCLab_6fold_1,macro_f1_012,false,pretrain_v1_stats_train_clean.pt,runs/pretrain/amass_clean/medium_100ep_simmim/seed42/in_pkd__loss_pkd/lightning_logs/version_0/checkpoints/epoch=99-step=11500.ckpt
amass_clean,medium_100ep_simmim,seed42,in_pkd__loss_pkd,pkd,pkd,carepd_cross_BMCLab_to_3DGait,cross,BMCLab,3DGait,1,0.3789249062538147,0.5052332083384196,0.4320560693740845,0.4661824703216553,0.3789249062538147,0.5052332083384196,0.4320560693740845,,,,1e-6,carepd_BMCLab_6fold_1,macro_f1_012,false,pretrain_v1_stats_train_clean.pt,runs/pretrain/amass_clean/medium_100ep_simmim/seed42/in_pkd__loss_pkd/lightning_logs/version_0/checkpoints/epoch=99-step=11500.ckpt
amass_clean,medium_100ep_simmim,seed42,in_pkd__loss_pkd,pkd,pkd,carepd_cross_T-SDU-PD_to_3DGait,cross,T-SDU-PD,3DGait,1,0.1675498317927122,0.22339977572361627,0.31542545557022095,0.27514636516571045,0.1675498317927122,0.22339977572361627,0.31542545557022095,,,,1e-6,carepd_BMCLab_6fold_1,macro_f1_012,false,pretrain_v1_stats_train_clean.pt,runs/pretrain/amass_clean/medium_100ep_simmim/seed42/in_pkd__loss_pkd/lightning_logs/version_0/checkpoints/epoch=99-step=11500.ckpt
amass_clean,medium_100ep_simmim,seed1,in_p__loss_p,p,p,carepd_cross_3DGait_to_BMCLab,cross,3DGait,BMCLab,1,0.34035685658454895,0.45380914211273193,0.5941138863563538,0.6026528477668762,0.34035685658454895,0.45380914211273193,0.5941138863563538,,,,0.00001,carepd_BMCLab_6fold_1,macro_f1_012,false,pretrain_v1_stats_train_clean.pt,runs/pretrain/amass_clean/medium_100ep_simmim/seed1/in_p__loss_p/lightning_logs/version_0/checkpoints/epoch=94-step=10925.ckpt
amass_clean,medium_100ep_simmim,seed1,in_p__loss_p,p,p,carepd_cross_T-SDU-PD_to_BMCLab,cross,T-SDU-PD,BMCLab,1,0.3823089152574539,0.5097452203432719,0.531471312046051,0.5076830983161926,0.3823089152574539,0.5097452203432719,0.531471312046051,,,,0.00001,carepd_BMCLab_6fold_1,macro_f1_012,false,pretrain_v1_stats_train_clean.pt,runs/pretrain/amass_clean/medium_100ep_simmim/seed1/in_p__loss_p/lightning_logs/version_0/checkpoints/epoch=94-step=10925.ckpt
amass_clean,medium_100ep_simmim,seed1,in_p__loss_p,p,p,carepd_cross_PD-GaM_to_BMCLab,cross,PD-GaM,BMCLab,1,0.2264580111950636,0.30194401492675144,0.47807326912879944,0.33613044023513794,0.2264580111950636,0.30194401492675144,0.47807326912879944,,,,0.00001,carepd_BMCLab_6fold_1,macro_f1_012,false,pretrain_v1_stats_train_clean.pt,runs/pretrain/amass_clean/medium_100ep_simmim/seed1/in_p__loss_p/lightning_logs/version_0/checkpoints/epoch=94-step=10925.ckpt
amass_clean,medium_100ep_simmim,seed2,in_p__loss_p,p,p,carepd_cross_T-SDU-PD_to_BMCLab,cross,T-SDU-PD,BMCLab,1,0.41417085379362106,0.5522278050581614,0.5533173680305481,0.5999442934989929,0.41417085379362106,0.5522278050581614,0.5533173680305481,,,,3e-6,carepd_BMCLab_6fold_1,macro_f1_012,false,pretrain_v1_stats_train_clean.pt,runs/pretrain/amass_clean/medium_100ep_simmim/seed2/in_p__loss_p/lightning_logs/version_0/checkpoints/epoch=99-step=11500.ckpt
amass_clean,medium_100ep_simmim,seed2,in_p__loss_p,p,p,carepd_cross_3DGait_to_BMCLab,cross,3DGait,BMCLab,1,0.21928834449499846,0.2923844593266646,0.6148033142089844,0.5803042054176331,0.21928834449499846,0.2923844593266646,0.6148033142089844,,,,3e-6,carepd_BMCLab_6fold_1,macro_f1_012,false,pretrain_v1_stats_train_clean.pt,runs/pretrain/amass_clean/medium_100ep_simmim/seed2/in_p__loss_p/lightning_logs/version_0/checkpoints/epoch=99-step=11500.ckpt
amass_clean,medium_100ep_simmim,seed2,in_p__loss_p,p,p,carepd_cross_PD-GaM_to_BMCLab,cross,PD-GaM,BMCLab,1,0.17461500689387321,0.23282000919183096,0.5403712391853333,0.3600461184978485,0.17461500689387321,0.23282000919183096,0.5403712391853333,,,,3e-6,carepd_BMCLab_6fold_1,macro_f1_012,false,pretrain_v1_stats_train_clean.pt,runs/pretrain/amass_clean/medium_100ep_simmim/seed2/in_p__loss_p/lightning_logs/version_0/checkpoints/epoch=99-step=11500.ckpt
amass_clean,medium_100ep_simmim,seed42,in_p__loss_p,p,p,carepd_cross_T-SDU-PD_to_BMCLab,cross,T-SDU-PD,BMCLab,1,0.4518623352050781,0.6024831136067709,0.6127325892448425,0.6054404973983765,0.4518623352050781,0.6024831136067709,0.6127325892448425,,,,1e-6,carepd_BMCLab_6fold_1,macro_f1_012,false,pretrain_v1_stats_train_clean.pt,runs/pretrain/amass_clean/medium_100ep_simmim/seed42/in_p__loss_p/lightning_logs/version_0/checkpoints/epoch=99-step=11500.ckpt
amass_clean,medium_100ep_simmim,seed42,in_p__loss_p,p,p,carepd_cross_3DGait_to_BMCLab,cross,3DGait,BMCLab,1,0.22576713655143976,0.30102284873525303,0.5743362307548523,0.5354395508766174,0.22576713655143976,0.30102284873525303,0.5743362307548523,,,,1e-6,carepd_BMCLab_6fold_1,macro_f1_012,false,pretrain_v1_stats_train_clean.pt,runs/pretrain/amass_clean/medium_100ep_simmim/seed42/in_p__loss_p/lightning_logs/version_0/checkpoints/epoch=99-step=11500.ckpt
amass_clean,medium_100ep_simmim,seed42,in_p__loss_p,p,p,carepd_cross_PD-GaM_to_BMCLab,cross,PD-GaM,BMCLab,1,0.2225084900856018,0.2966779867808024,0.597583532333374,0.45477765798568726,0.2225084900856018,0.2966779867808024,0.597583532333374,,,,1e-6,carepd_BMCLab_6fold_1,macro_f1_012,false,pretrain_v1_stats_train_clean.pt,runs/pretrain/amass_clean/medium_100ep_simmim/seed42/in_p__loss_p/lightning_logs/version_0/checkpoints/epoch=99-step=11500.ckpt
amass_clean,medium_100ep_simmim,seed1,in_p__loss_pk,p,pk,carepd_cross_PD-GaM_to_BMCLab,cross,PD-GaM,BMCLab,1,0.2242586389183998,0.2990115185578664,0.4583015441894531,0.35631462931632996,0.2242586389183998,0.2990115185578664,0.4583015441894531,,,,1e-6,carepd_BMCLab_6fold_1,macro_f1_012,false,pretrain_v1_stats_train_clean.pt,runs/pretrain/amass_clean/medium_100ep_simmim/seed1/in_p__loss_pk/lightning_logs/version_0/checkpoints/epoch=99-step=11500.ckpt
amass_clean,medium_100ep_simmim,seed1,in_p__loss_pk,p,pk,carepd_cross_3DGait_to_BMCLab,cross,3DGait,BMCLab,1,0.28226526267826557,0.3763536835710208,0.6400364637374878,0.5549103021621704,0.28226526267826557,0.3763536835710208,0.6400364637374878,,,,1e-6,carepd_BMCLab_6fold_1,macro_f1_012,false,pretrain_v1_stats_train_clean.pt,runs/pretrain/amass_clean/medium_100ep_simmim/seed1/in_p__loss_pk/lightning_logs/version_0/checkpoints/epoch=99-step=11500.ckpt
amass_clean,medium_100ep_simmim,seed1,in_p__loss_pk,p,pk,carepd_cross_T-SDU-PD_to_BMCLab,cross,T-SDU-PD,BMCLab,1,0.2991560697555542,0.39887475967407227,0.5246261954307556,0.41831883788108826,0.2991560697555542,0.39887475967407227,0.5246261954307556,,,,1e-6,carepd_BMCLab_6fold_1,macro_f1_012,false,pretrain_v1_stats_train_clean.pt,runs/pretrain/amass_clean/medium_100ep_simmim/seed1/in_p__loss_pk/lightning_logs/version_0/checkpoints/epoch=99-step=11500.ckpt
amass_clean,medium_100ep_simmim,seed2,in_p__loss_pk,p,pk,carepd_cross_PD-GaM_to_BMCLab,cross,PD-GaM,BMCLab,1,0.17202981282025576,0.22937308376034102,0.3993665277957916,0.3374935984611511,0.17202981282025576,0.22937308376034102,0.3993665277957916,,,,1e-6,carepd_BMCLab_6fold_1,macro_f1_012,false,pretrain_v1_stats_train_clean.pt,runs/pretrain/amass_clean/medium_100ep_simmim/seed2/in_p__loss_pk/lightning_logs/version_0/checkpoints/epoch=99-step=11500.ckpt
amass_clean,medium_100ep_simmim,seed2,in_p__loss_pk,p,pk,carepd_cross_T-SDU-PD_to_BMCLab,cross,T-SDU-PD,BMCLab,1,0.34944694489240646,0.46592925985654193,0.46841952204704285,0.4454594552516937,0.34944694489240646,0.46592925985654193,0.46841952204704285,,,,1e-6,carepd_BMCLab_6fold_1,macro_f1_012,false,pretrain_v1_stats_train_clean.pt,runs/pretrain/amass_clean/medium_100ep_simmim/seed2/in_p__loss_pk/lightning_logs/version_0/checkpoints/epoch=99-step=11500.ckpt
amass_clean,medium_100ep_simmim,seed2,in_p__loss_pk,p,pk,carepd_cross_3DGait_to_BMCLab,cross,3DGait,BMCLab,1,0.28107595443725586,0.3747679392496745,0.5108140707015991,0.4533303678035736,0.28107595443725586,0.3747679392496745,0.5108140707015991,,,,1e-6,carepd_BMCLab_6fold_1,macro_f1_012,false,pretrain_v1_stats_train_clean.pt,runs/pretrain/amass_clean/medium_100ep_simmim/seed2/in_p__loss_pk/lightning_logs/version_0/checkpoints/epoch=99-step=11500.ckpt
amass_clean,medium_100ep_simmim,seed42,in_p__loss_pk,p,pk,carepd_cross_3DGait_to_BMCLab,cross,3DGait,BMCLab,1,0.2998129688203335,0.39975062509377796,0.6569111943244934,0.5852022171020508,0.2998129688203335,0.39975062509377796,0.6569111943244934,,,,3e-6,carepd_BMCLab_6fold_1,macro_f1_012,false,pretrain_v1_stats_train_clean.pt,runs/pretrain/amass_clean/medium_100ep_simmim/seed42/in_p__loss_pk/lightning_logs/version_0/checkpoints/epoch=99-step=11500.ckpt
amass_clean,medium_100ep_simmim,seed42,in_p__loss_pk,p,pk,carepd_cross_T-SDU-PD_to_BMCLab,cross,T-SDU-PD,BMCLab,1,0.35942312330007553,0.4792308310667674,0.5217041373252869,0.4924325942993164,0.35942312330007553,0.4792308310667674,0.5217041373252869,,,,3e-6,carepd_BMCLab_6fold_1,macro_f1_012,false,pretrain_v1_stats_train_clean.pt,runs/pretrain/amass_clean/medium_100ep_simmim/seed42/in_p__loss_pk/lightning_logs/version_0/checkpoints/epoch=99-step=11500.ckpt
amass_clean,medium_100ep_simmim,seed42,in_p__loss_pk,p,pk,carepd_cross_PD-GaM_to_BMCLab,cross,PD-GaM,BMCLab,1,0.26726539176888764,0.3563538556918502,0.4663553237915039,0.372506707906723,0.26726539176888764,0.3563538556918502,0.4663553237915039,,,,3e-6,carepd_BMCLab_6fold_1,macro_f1_012,false,pretrain_v1_stats_train_clean.pt,runs/pretrain/amass_clean/medium_100ep_simmim/seed42/in_p__loss_pk/lightning_logs/version_0/checkpoints/epoch=99-step=11500.ckpt
amass_clean,medium_100ep_simmim,seed1,in_p__loss_pkd,p,pkd,carepd_cross_T-SDU-PD_to_BMCLab,cross,T-SDU-PD,BMCLab,1,0.29698267579078674,0.3959769010543823,0.43182897567749023,0.358410120010376,0.29698267579078674,0.3959769010543823,0.43182897567749023,,,,3e-6,carepd_BMCLab_6fold_1,macro_f1_012,false,pretrain_v1_stats_train_clean.pt,runs/pretrain/amass_clean/medium_100ep_simmim/seed1/in_p__loss_pkd/lightning_logs/version_0/checkpoints/epoch=99-step=11500.ckpt
amass_clean,medium_100ep_simmim,seed1,in_p__loss_pkd,p,pkd,carepd_cross_PD-GaM_to_BMCLab,cross,PD-GaM,BMCLab,1,0.20438198745250702,0.2725093166033427,0.46246132254600525,0.33762937784194946,0.20438198745250702,0.2725093166033427,0.46246132254600525,,,,3e-6,carepd_BMCLab_6fold_1,macro_f1_012,false,pretrain_v1_stats_train_clean.pt,runs/pretrain/amass_clean/medium_100ep_simmim/seed1/in_p__loss_pkd/lightning_logs/version_0/checkpoints/epoch=99-step=11500.ckpt
amass_clean,medium_100ep_simmim,seed1,in_p__loss_pkd,p,pkd,carepd_cross_3DGait_to_BMCLab,cross,3DGait,BMCLab,1,0.16826934274286032,0.22435912365714708,0.5742765069007874,0.5382336974143982,0.16826934274286032,0.22435912365714708,0.5742765069007874,,,,3e-6,carepd_BMCLab_6fold_1,macro_f1_012,false,pretrain_v1_stats_train_clean.pt,runs/pretrain/amass_clean/medium_100ep_simmim/seed1/in_p__loss_pkd/lightning_logs/version_0/checkpoints/epoch=99-step=11500.ckpt
amass_clean,medium_100ep_simmim,seed2,in_p__loss_pkd,p,pkd,carepd_cross_3DGait_to_BMCLab,cross,3DGait,BMCLab,1,0.19111061934381723,0.25481415912508965,0.5932593941688538,0.560265839099884,0.19111061934381723,0.25481415912508965,0.5932593941688538,,,,0.0001,carepd_BMCLab_6fold_1,macro_f1_012,false,pretrain_v1_stats_train_clean.pt,runs/pretrain/amass_clean/medium_100ep_simmim/seed2/in_p__loss_pkd/lightning_logs/version_0/checkpoints/epoch=99-step=11500.ckpt
amass_clean,medium_100ep_simmim,seed2,in_p__loss_pkd,p,pkd,carepd_cross_T-SDU-PD_to_BMCLab,cross,T-SDU-PD,BMCLab,1,0.3661540374159813,0.4882053832213084,0.5011274218559265,0.5387378334999084,0.3661540374159813,0.4882053832213084,0.5011274218559265,,,,0.0001,carepd_BMCLab_6fold_1,macro_f1_012,false,pretrain_v1_stats_train_clean.pt,runs/pretrain/amass_clean/medium_100ep_simmim/seed2/in_p__loss_pkd/lightning_logs/version_0/checkpoints/epoch=99-step=11500.ckpt
amass_clean,medium_100ep_simmim,seed2,in_p__loss_pkd,p,pkd,carepd_cross_PD-GaM_to_BMCLab,cross,PD-GaM,BMCLab,1,0.41344424337148666,0.5512589911619822,0.5710580348968506,0.6095579862594604,0.41344424337148666,0.5512589911619822,0.5710580348968506,,,,0.0001,carepd_BMCLab_6fold_1,macro_f1_012,false,pretrain_v1_stats_train_clean.pt,runs/pretrain/amass_clean/medium_100ep_simmim/seed2/in_p__loss_pkd/lightning_logs/version_0/checkpoints/epoch=99-step=11500.ckpt
amass_clean,medium_100ep_simmim,seed42,in_p__loss_pkd,p,pkd,carepd_cross_PD-GaM_to_BMCLab,cross,PD-GaM,BMCLab,1,0.2807479021139443,0.37433053615192574,0.5442366600036621,0.4209257662296295,0.2807479021139443,0.37433053615192574,0.5442366600036621,,,,1e-6,carepd_BMCLab_6fold_1,macro_f1_012,false,pretrain_v1_stats_train_clean.pt,runs/pretrain/amass_clean/medium_100ep_simmim/seed42/in_p__loss_pkd/lightning_logs/version_0/checkpoints/epoch=94-step=10925.ckpt
amass_clean,medium_100ep_simmim,seed42,in_p__loss_pkd,p,pkd,carepd_cross_T-SDU-PD_to_BMCLab,cross,T-SDU-PD,BMCLab,1,0.39563797414302826,0.527517298857371,0.5213657021522522,0.521506130695343,0.39563797414302826,0.527517298857371,0.5213657021522522,,,,1e-6,carepd_BMCLab_6fold_1,macro_f1_012,false,pretrain_v1_stats_train_clean.pt,runs/pretrain/amass_clean/medium_100ep_simmim/seed42/in_p__loss_pkd/lightning_logs/version_0/checkpoints/epoch=94-step=10925.ckpt
amass_clean,medium_100ep_simmim,seed42,in_p__loss_pkd,p,pkd,carepd_cross_3DGait_to_BMCLab,cross,3DGait,BMCLab,1,0.1935087786987424,0.25801170493165654,0.6031120419502258,0.5533206462860107,0.1935087786987424,0.25801170493165654,0.6031120419502258,,,,1e-6,carepd_BMCLab_6fold_1,macro_f1_012,false,pretrain_v1_stats_train_clean.pt,runs/pretrain/amass_clean/medium_100ep_simmim/seed42/in_p__loss_pkd/lightning_logs/version_0/checkpoints/epoch=94-step=10925.ckpt
amass_clean,medium_100ep_simmim,seed1,in_pk__loss_p,pk,p,carepd_cross_T-SDU-PD_to_BMCLab,cross,T-SDU-PD,BMCLab,1,0.4160863906145096,0.5547818541526794,0.6016592979431152,0.5086017847061157,0.4160863906145096,0.5547818541526794,0.6016592979431152,,,,3e-6,carepd_BMCLab_6fold_1,macro_f1_012,false,pretrain_v1_stats_train_clean.pt,runs/pretrain/amass_clean/medium_100ep_simmim/seed1/in_pk__loss_p/lightning_logs/version_0/checkpoints/epoch=94-step=10925.ckpt
amass_clean,medium_100ep_simmim,seed1,in_pk__loss_p,pk,p,carepd_cross_3DGait_to_BMCLab,cross,3DGait,BMCLab,1,0.21693808771669865,0.28925078362226486,0.5299892425537109,0.512222170829773,0.21693808771669865,0.28925078362226486,0.5299892425537109,,,,3e-6,carepd_BMCLab_6fold_1,macro_f1_012,false,pretrain_v1_stats_train_clean.pt,runs/pretrain/amass_clean/medium_100ep_simmim/seed1/in_pk__loss_p/lightning_logs/version_0/checkpoints/epoch=94-step=10925.ckpt
amass_clean,medium_100ep_simmim,seed1,in_pk__loss_p,pk,p,carepd_cross_PD-GaM_to_BMCLab,cross,PD-GaM,BMCLab,1,0.2043951228260994,0.2725268304347992,0.5039069652557373,0.36538615822792053,0.2043951228260994,0.2725268304347992,0.5039069652557373,,,,3e-6,carepd_BMCLab_6fold_1,macro_f1_012,false,pretrain_v1_stats_train_clean.pt,runs/pretrain/amass_clean/medium_100ep_simmim/seed1/in_pk__loss_p/lightning_logs/version_0/checkpoints/epoch=94-step=10925.ckpt
amass_clean,medium_100ep_simmim,seed2,in_pk__loss_p,pk,p,carepd_cross_3DGait_to_BMCLab,cross,3DGait,BMCLab,1,0.24500181525945663,0.3266690870126088,0.5478341579437256,0.5190935730934143,0.24500181525945663,0.3266690870126088,0.5478341579437256,,,,1e-6,carepd_BMCLab_6fold_1,macro_f1_012,false,pretrain_v1_stats_train_clean.pt,runs/pretrain/amass_clean/medium_100ep_simmim/seed2/in_pk__loss_p/lightning_logs/version_0/checkpoints/epoch=99-step=11500.ckpt
amass_clean,medium_100ep_simmim,seed2,in_pk__loss_p,pk,p,carepd_cross_PD-GaM_to_BMCLab,cross,PD-GaM,BMCLab,1,0.22258029133081436,0.29677372177441913,0.5629532337188721,0.41291701793670654,0.22258029133081436,0.29677372177441913,0.5629532337188721,,,,1e-6,carepd_BMCLab_6fold_1,macro_f1_012,false,pretrain_v1_stats_train_clean.pt,runs/pretrain/amass_clean/medium_100ep_simmim/seed2/in_pk__loss_p/lightning_logs/version_0/checkpoints/epoch=99-step=11500.ckpt
amass_clean,medium_100ep_simmim,seed2,in_pk__loss_p,pk,p,carepd_cross_T-SDU-PD_to_BMCLab,cross,T-SDU-PD,BMCLab,1,0.3940741792321205,0.5254322389761606,0.5295256972312927,0.49634212255477905,0.3940741792321205,0.5254322389761606,0.5295256972312927,,,,1e-6,carepd_BMCLab_6fold_1,macro_f1_012,false,pretrain_v1_stats_train_clean.pt,runs/pretrain/amass_clean/medium_100ep_simmim/seed2/in_pk__loss_p/lightning_logs/version_0/checkpoints/epoch=99-step=11500.ckpt
amass_clean,medium_100ep_simmim,seed42,in_pk__loss_p,pk,p,carepd_cross_3DGait_to_BMCLab,cross,3DGait,BMCLab,1,0.33405981957912445,0.44541309277216595,0.525834858417511,0.5303975343704224,0.33405981957912445,0.44541309277216595,0.525834858417511,,,,0.0001,carepd_BMCLab_6fold_1,macro_f1_012,false,pretrain_v1_stats_train_clean.pt,runs/pretrain/amass_clean/medium_100ep_simmim/seed42/in_pk__loss_p/lightning_logs/version_0/checkpoints/epoch=99-step=11500.ckpt
amass_clean,medium_100ep_simmim,seed42,in_pk__loss_p,pk,p,carepd_cross_T-SDU-PD_to_BMCLab,cross,T-SDU-PD,BMCLab,1,0.21789908409118652,0.29053211212158203,0.6172506213188171,0.43237432837486267,0.21789908409118652,0.29053211212158203,0.6172506213188171,,,,0.0001,carepd_BMCLab_6fold_1,macro_f1_012,false,pretrain_v1_stats_train_clean.pt,runs/pretrain/amass_clean/medium_100ep_simmim/seed42/in_pk__loss_p/lightning_logs/version_0/checkpoints/epoch=99-step=11500.ckpt
amass_clean,medium_100ep_simmim,seed42,in_pk__loss_p,pk,p,carepd_cross_PD-GaM_to_BMCLab,cross,PD-GaM,BMCLab,1,0.16261995455715805,0.21682660607621074,0.6393188238143921,0.4711630046367645,0.16261995455715805,0.21682660607621074,0.6393188238143921,,,,0.0001,carepd_BMCLab_6fold_1,macro_f1_012,false,pretrain_v1_stats_train_clean.pt,runs/pretrain/amass_clean/medium_100ep_simmim/seed42/in_pk__loss_p/lightning_logs/version_0/checkpoints/epoch=99-step=11500.ckpt
amass_clean,medium_100ep_simmim,seed1,in_pk__loss_pk,pk,pk,carepd_cross_T-SDU-PD_to_BMCLab,cross,T-SDU-PD,BMCLab,1,0.37351521104574203,0.4980202813943227,0.4977475702762604,0.5219141244888306,0.37351521104574203,0.4980202813943227,0.4977475702762604,,,,1e-6,carepd_BMCLab_6fold_1,macro_f1_012,false,pretrain_v1_stats_train_clean.pt,runs/pretrain/amass_clean/medium_100ep_simmim/seed1/in_pk__loss_pk/lightning_logs/version_0/checkpoints/epoch=99-step=11500.ckpt
amass_clean,medium_100ep_simmim,seed1,in_pk__loss_pk,pk,pk,carepd_cross_PD-GaM_to_BMCLab,cross,PD-GaM,BMCLab,1,0.2483135685324669,0.3310847580432892,0.3782881498336792,0.3270148038864136,0.2483135685324669,0.3310847580432892,0.3782881498336792,,,,1e-6,carepd_BMCLab_6fold_1,macro_f1_012,false,pretrain_v1_stats_train_clean.pt,runs/pretrain/amass_clean/medium_100ep_simmim/seed1/in_pk__loss_pk/lightning_logs/version_0/checkpoints/epoch=99-step=11500.ckpt
amass_clean,medium_100ep_simmim,seed1,in_pk__loss_pk,pk,pk,carepd_cross_3DGait_to_BMCLab,cross,3DGait,BMCLab,1,0.22964322287589312,0.30619096383452415,0.6559313535690308,0.5554535388946533,0.22964322287589312,0.30619096383452415,0.6559313535690308,,,,1e-6,carepd_BMCLab_6fold_1,macro_f1_012,false,pretrain_v1_stats_train_clean.pt,runs/pretrain/amass_clean/medium_100ep_simmim/seed1/in_pk__loss_pk/lightning_logs/version_0/checkpoints/epoch=99-step=11500.ckpt
amass_clean,medium_100ep_simmim,seed2,in_pk__loss_pk,pk,pk,carepd_cross_3DGait_to_BMCLab,cross,3DGait,BMCLab,1,0.34844859689474106,0.4645981291929881,0.6514768004417419,0.504284143447876,0.34844859689474106,0.4645981291929881,0.6514768004417419,,,,3e-6,carepd_BMCLab_6fold_1,macro_f1_012,false,pretrain_v1_stats_train_clean.pt,runs/pretrain/amass_clean/medium_100ep_simmim/seed2/in_pk__loss_pk/lightning_logs/version_0/checkpoints/epoch=99-step=11500.ckpt
amass_clean,medium_100ep_simmim,seed2,in_pk__loss_pk,pk,pk,carepd_cross_PD-GaM_to_BMCLab,cross,PD-GaM,BMCLab,1,0.19725102931261063,0.26300137241681415,0.4144904315471649,0.3061510920524597,0.19725102931261063,0.26300137241681415,0.4144904315471649,,,,3e-6,carepd_BMCLab_6fold_1,macro_f1_012,false,pretrain_v1_stats_train_clean.pt,runs/pretrain/amass_clean/medium_100ep_simmim/seed2/in_pk__loss_pk/lightning_logs/version_0/checkpoints/epoch=99-step=11500.ckpt
amass_clean,medium_100ep_simmim,seed2,in_pk__loss_pk,pk,pk,carepd_cross_T-SDU-PD_to_BMCLab,cross,T-SDU-PD,BMCLab,1,0.24719065614044666,0.32958754152059555,0.4856312572956085,0.4100731313228607,0.24719065614044666,0.32958754152059555,0.4856312572956085,,,,3e-6,carepd_BMCLab_6fold_1,macro_f1_012,false,pretrain_v1_stats_train_clean.pt,runs/pretrain/amass_clean/medium_100ep_simmim/seed2/in_pk__loss_pk/lightning_logs/version_0/checkpoints/epoch=99-step=11500.ckpt
amass_clean,medium_100ep_simmim,seed42,in_pk__loss_pk,pk,pk,carepd_cross_T-SDU-PD_to_BMCLab,cross,T-SDU-PD,BMCLab,1,0.2352888798341155,0.3137185064454873,0.5936591029167175,0.44314026832580566,0.2352888798341155,0.3137185064454873,0.5936591029167175,,,,1e-6,carepd_BMCLab_6fold_1,macro_f1_012,false,pretrain_v1_stats_train_clean.pt,runs/pretrain/amass_clean/medium_100ep_simmim/seed42/in_pk__loss_pk/lightning_logs/version_0/checkpoints/epoch=99-step=11500.ckpt
amass_clean,medium_100ep_simmim,seed42,in_pk__loss_pk,pk,pk,carepd_cross_3DGait_to_BMCLab,cross,3DGait,BMCLab,1,0.3262779861688614,0.4350373148918152,0.6861615777015686,0.6135638952255249,0.3262779861688614,0.4350373148918152,0.6861615777015686,,,,1e-6,carepd_BMCLab_6fold_1,macro_f1_012,false,pretrain_v1_stats_train_clean.pt,runs/pretrain/amass_clean/medium_100ep_simmim/seed42/in_pk__loss_pk/lightning_logs/version_0/checkpoints/epoch=99-step=11500.ckpt
amass_clean,medium_100ep_simmim,seed42,in_pk__loss_pk,pk,pk,carepd_cross_PD-GaM_to_BMCLab,cross,PD-GaM,BMCLab,1,0.24538547452539206,0.3271806327005227,0.442673921585083,0.3380017876625061,0.24538547452539206,0.3271806327005227,0.442673921585083,,,,1e-6,carepd_BMCLab_6fold_1,macro_f1_012,false,pretrain_v1_stats_train_clean.pt,runs/pretrain/amass_clean/medium_100ep_simmim/seed42/in_pk__loss_pk/lightning_logs/version_0/checkpoints/epoch=99-step=11500.ckpt
amass_clean,medium_100ep_simmim,seed1,in_pk__loss_pkd,pk,pkd,carepd_cross_PD-GaM_to_BMCLab,cross,PD-GaM,BMCLab,1,0.21540036797523499,0.28720049063364667,0.46413540840148926,0.33927133679389954,0.21540036797523499,0.28720049063364667,0.46413540840148926,,,,3e-6,carepd_BMCLab_6fold_1,macro_f1_012,false,pretrain_v1_stats_train_clean.pt,runs/pretrain/amass_clean/medium_100ep_simmim/seed1/in_pk__loss_pkd/lightning_logs/version_0/checkpoints/epoch=99-step=11500.ckpt
amass_clean,medium_100ep_simmim,seed1,in_pk__loss_pkd,pk,pkd,carepd_cross_T-SDU-PD_to_BMCLab,cross,T-SDU-PD,BMCLab,1,0.22202911507338285,0.2960388200978438,0.4825104773044586,0.36428141593933105,0.22202911507338285,0.2960388200978438,0.4825104773044586,,,,3e-6,carepd_BMCLab_6fold_1,macro_f1_012,false,pretrain_v1_stats_train_clean.pt,runs/pretrain/amass_clean/medium_100ep_simmim/seed1/in_pk__loss_pkd/lightning_logs/version_0/checkpoints/epoch=99-step=11500.ckpt
amass_clean,medium_100ep_simmim,seed1,in_pk__loss_pkd,pk,pkd,carepd_cross_3DGait_to_BMCLab,cross,3DGait,BMCLab,1,0.2020300729200244,0.26937343056003255,0.5912891626358032,0.5127801895141602,0.2020300729200244,0.26937343056003255,0.5912891626358032,,,,3e-6,carepd_BMCLab_6fold_1,macro_f1_012,false,pretrain_v1_stats_train_clean.pt,runs/pretrain/amass_clean/medium_100ep_simmim/seed1/in_pk__loss_pkd/lightning_logs/version_0/checkpoints/epoch=99-step=11500.ckpt
amass_clean,medium_100ep_simmim,seed2,in_pk__loss_pkd,pk,pkd,carepd_cross_T-SDU-PD_to_BMCLab,cross,T-SDU-PD,BMCLab,1,0.15259049274027348,0.20345399032036462,0.4698776304721832,0.31101131439208984,0.15259049274027348,0.20345399032036462,0.4698776304721832,,,,1e-6,carepd_BMCLab_6fold_1,macro_f1_012,false,pretrain_v1_stats_train_clean.pt,runs/pretrain/amass_clean/medium_100ep_simmim/seed2/in_pk__loss_pkd/lightning_logs/version_0/checkpoints/epoch=94-step=10925.ckpt
amass_clean,medium_100ep_simmim,seed2,in_pk__loss_pkd,pk,pkd,carepd_cross_PD-GaM_to_BMCLab,cross,PD-GaM,BMCLab,1,0.1369941495358944,0.1826588660478592,0.4869316518306732,0.36136946082115173,0.1369941495358944,0.1826588660478592,0.4869316518306732,,,,1e-6,carepd_BMCLab_6fold_1,macro_f1_012,false,pretrain_v1_stats_train_clean.pt,runs/pretrain/amass_clean/medium_100ep_simmim/seed2/in_pk__loss_pkd/lightning_logs/version_0/checkpoints/epoch=94-step=10925.ckpt
amass_clean,medium_100ep_simmim,seed2,in_pk__loss_pkd,pk,pkd,carepd_cross_3DGait_to_BMCLab,cross,3DGait,BMCLab,1,0.20508484542369843,0.2734464605649312,0.6362199187278748,0.5585530400276184,0.20508484542369843,0.2734464605649312,0.6362199187278748,,,,1e-6,carepd_BMCLab_6fold_1,macro_f1_012,false,pretrain_v1_stats_train_clean.pt,runs/pretrain/amass_clean/medium_100ep_simmim/seed2/in_pk__loss_pkd/lightning_logs/version_0/checkpoints/epoch=94-step=10925.ckpt
amass_clean,medium_100ep_simmim,seed42,in_pk__loss_pkd,pk,pkd,carepd_cross_3DGait_to_BMCLab,cross,3DGait,BMCLab,1,0.32057055085897446,0.42742740114529926,0.5475351810455322,0.5373626947402954,0.32057055085897446,0.42742740114529926,0.5475351810455322,,,,3e-6,carepd_BMCLab_6fold_1,macro_f1_012,false,pretrain_v1_stats_train_clean.pt,runs/pretrain/amass_clean/medium_100ep_simmim/seed42/in_pk__loss_pkd/lightning_logs/version_0/checkpoints/epoch=99-step=11500.ckpt
amass_clean,medium_100ep_simmim,seed42,in_pk__loss_pkd,pk,pkd,carepd_cross_T-SDU-PD_to_BMCLab,cross,T-SDU-PD,BMCLab,1,0.2121056281030178,0.28280750413735706,0.4782309830188751,0.3710927665233612,0.2121056281030178,0.28280750413735706,0.4782309830188751,,,,3e-6,carepd_BMCLab_6fold_1,macro_f1_012,false,pretrain_v1_stats_train_clean.pt,runs/pretrain/amass_clean/medium_100ep_simmim/seed42/in_pk__loss_pkd/lightning_logs/version_0/checkpoints/epoch=99-step=11500.ckpt
amass_clean,medium_100ep_simmim,seed42,in_pk__loss_pkd,pk,pkd,carepd_cross_PD-GaM_to_BMCLab,cross,PD-GaM,BMCLab,1,0.2206520140171051,0.29420268535614014,0.49668118357658386,0.38382673263549805,0.2206520140171051,0.29420268535614014,0.49668118357658386,,,,3e-6,carepd_BMCLab_6fold_1,macro_f1_012,false,pretrain_v1_stats_train_clean.pt,runs/pretrain/amass_clean/medium_100ep_simmim/seed42/in_pk__loss_pkd/lightning_logs/version_0/checkpoints/epoch=99-step=11500.ckpt
amass_clean,medium_100ep_simmim,seed1,in_pkd__loss_p,pkd,p,carepd_cross_T-SDU-PD_to_BMCLab,cross,T-SDU-PD,BMCLab,1,0.17141194827854633,0.2285492643713951,0.5358914732933044,0.3676593005657196,0.17141194827854633,0.2285492643713951,0.5358914732933044,,,,3e-6,carepd_BMCLab_6fold_1,macro_f1_012,false,pretrain_v1_stats_train_clean.pt,runs/pretrain/amass_clean/medium_100ep_simmim/seed1/in_pkd__loss_p/lightning_logs/version_0/checkpoints/epoch=94-step=10925.ckpt
amass_clean,medium_100ep_simmim,seed1,in_pkd__loss_p,pkd,p,carepd_cross_3DGait_to_BMCLab,cross,3DGait,BMCLab,1,0.3080551363527775,0.4107401818037033,0.5215478539466858,0.5062516927719116,0.3080551363527775,0.4107401818037033,0.5215478539466858,,,,3e-6,carepd_BMCLab_6fold_1,macro_f1_012,false,pretrain_v1_stats_train_clean.pt,runs/pretrain/amass_clean/medium_100ep_simmim/seed1/in_pkd__loss_p/lightning_logs/version_0/checkpoints/epoch=94-step=10925.ckpt
amass_clean,medium_100ep_simmim,seed1,in_pkd__loss_p,pkd,p,carepd_cross_PD-GaM_to_BMCLab,cross,PD-GaM,BMCLab,1,0.14707009494304657,0.1960934599240621,0.4834686815738678,0.33470550179481506,0.14707009494304657,0.1960934599240621,0.4834686815738678,,,,3e-6,carepd_BMCLab_6fold_1,macro_f1_012,false,pretrain_v1_stats_train_clean.pt,runs/pretrain/amass_clean/medium_100ep_simmim/seed1/in_pkd__loss_p/lightning_logs/version_0/checkpoints/epoch=94-step=10925.ckpt
amass_clean,medium_100ep_simmim,seed2,in_pkd__loss_p,pkd,p,carepd_cross_3DGait_to_BMCLab,cross,3DGait,BMCLab,1,0.27408549934625626,0.365447332461675,0.6001282334327698,0.5662853717803955,0.27408549934625626,0.365447332461675,0.6001282334327698,,,,1e-6,carepd_BMCLab_6fold_1,macro_f1_012,false,pretrain_v1_stats_train_clean.pt,runs/pretrain/amass_clean/medium_100ep_simmim/seed2/in_pkd__loss_p/lightning_logs/version_0/checkpoints/epoch=94-step=10925.ckpt
amass_clean,medium_100ep_simmim,seed2,in_pkd__loss_p,pkd,p,carepd_cross_T-SDU-PD_to_BMCLab,cross,T-SDU-PD,BMCLab,1,0.39047903567552567,0.5206387142340342,0.5672399997711182,0.5368974804878235,0.39047903567552567,0.5206387142340342,0.5672399997711182,,,,1e-6,carepd_BMCLab_6fold_1,macro_f1_012,false,pretrain_v1_stats_train_clean.pt,runs/pretrain/amass_clean/medium_100ep_simmim/seed2/in_pkd__loss_p/lightning_logs/version_0/checkpoints/epoch=94-step=10925.ckpt
amass_clean,medium_100ep_simmim,seed2,in_pkd__loss_p,pkd,p,carepd_cross_PD-GaM_to_BMCLab,cross,PD-GaM,BMCLab,1,0.14518066123127937,0.19357421497503915,0.4329010546207428,0.3297114968299866,0.14518066123127937,0.19357421497503915,0.4329010546207428,,,,1e-6,carepd_BMCLab_6fold_1,macro_f1_012,false,pretrain_v1_stats_train_clean.pt,runs/pretrain/amass_clean/medium_100ep_simmim/seed2/in_pkd__loss_p/lightning_logs/version_0/checkpoints/epoch=94-step=10925.ckpt
amass_clean,medium_100ep_simmim,seed42,in_pkd__loss_p,pkd,p,carepd_cross_T-SDU-PD_to_BMCLab,cross,T-SDU-PD,BMCLab,1,0.09025383228436112,0.12033844304581483,0.5337627530097961,0.3301454484462738,0.09025383228436112,0.12033844304581483,0.5337627530097961,,,,1e-6,carepd_BMCLab_6fold_1,macro_f1_012,false,pretrain_v1_stats_train_clean.pt,runs/pretrain/amass_clean/medium_100ep_simmim/seed42/in_pkd__loss_p/lightning_logs/version_0/checkpoints/epoch=99-step=11500.ckpt
amass_clean,medium_100ep_simmim,seed42,in_pkd__loss_p,pkd,p,carepd_cross_3DGait_to_BMCLab,cross,3DGait,BMCLab,1,0.31874313950538635,0.42499085267384845,0.5254612565040588,0.5114187002182007,0.31874313950538635,0.42499085267384845,0.5254612565040588,,,,1e-6,carepd_BMCLab_6fold_1,macro_f1_012,false,pretrain_v1_stats_train_clean.pt,runs/pretrain/amass_clean/medium_100ep_simmim/seed42/in_pkd__loss_p/lightning_logs/version_0/checkpoints/epoch=99-step=11500.ckpt
amass_clean,medium_100ep_simmim,seed42,in_pkd__loss_p,pkd,p,carepd_cross_PD-GaM_to_BMCLab,cross,PD-GaM,BMCLab,1,0.1347099244594574,0.17961323261260986,0.40959224104881287,0.3311546742916107,0.1347099244594574,0.17961323261260986,0.40959224104881287,,,,1e-6,carepd_BMCLab_6fold_1,macro_f1_012,false,pretrain_v1_stats_train_clean.pt,runs/pretrain/amass_clean/medium_100ep_simmim/seed42/in_pkd__loss_p/lightning_logs/version_0/checkpoints/epoch=99-step=11500.ckpt
amass_clean,medium_100ep_simmim,seed1,in_pkd__loss_pk,pkd,pk,carepd_cross_3DGait_to_BMCLab,cross,3DGait,BMCLab,1,0.22590088658034801,0.3012011821071307,0.6843933463096619,0.568932294845581,0.22590088658034801,0.3012011821071307,0.6843933463096619,,,,3e-6,carepd_BMCLab_6fold_1,macro_f1_012,false,pretrain_v1_stats_train_clean.pt,runs/pretrain/amass_clean/medium_100ep_simmim/seed1/in_pkd__loss_pk/lightning_logs/version_0/checkpoints/epoch=99-step=11500.ckpt
amass_clean,medium_100ep_simmim,seed1,in_pkd__loss_pk,pkd,pk,carepd_cross_PD-GaM_to_BMCLab,cross,PD-GaM,BMCLab,1,0.08875413239002228,0.11833884318669637,0.3864467144012451,0.30417823791503906,0.08875413239002228,0.11833884318669637,0.3864467144012451,,,,3e-6,carepd_BMCLab_6fold_1,macro_f1_012,false,pretrain_v1_stats_train_clean.pt,runs/pretrain/amass_clean/medium_100ep_simmim/seed1/in_pkd__loss_pk/lightning_logs/version_0/checkpoints/epoch=99-step=11500.ckpt
amass_clean,medium_100ep_simmim,seed1,in_pkd__loss_pk,pkd,pk,carepd_cross_T-SDU-PD_to_BMCLab,cross,T-SDU-PD,BMCLab,1,0.21661943616345525,0.288825914884607,0.49073728919029236,0.3715587854385376,0.21661943616345525,0.288825914884607,0.49073728919029236,,,,3e-6,carepd_BMCLab_6fold_1,macro_f1_012,false,pretrain_v1_stats_train_clean.pt,runs/pretrain/amass_clean/medium_100ep_simmim/seed1/in_pkd__loss_pk/lightning_logs/version_0/checkpoints/epoch=99-step=11500.ckpt
amass_clean,medium_100ep_simmim,seed2,in_pkd__loss_pk,pkd,pk,carepd_cross_3DGait_to_BMCLab,cross,3DGait,BMCLab,1,0.360065970569849,0.4800879607597987,0.6926295757293701,0.5953226685523987,0.360065970569849,0.4800879607597987,0.6926295757293701,,,,1e-6,carepd_BMCLab_6fold_1,macro_f1_012,false,pretrain_v1_stats_train_clean.pt,runs/pretrain/amass_clean/medium_100ep_simmim/seed2/in_pkd__loss_pk/lightning_logs/version_0/checkpoints/epoch=99-step=11500.ckpt
amass_clean,medium_100ep_simmim,seed2,in_pkd__loss_pk,pkd,pk,carepd_cross_PD-GaM_to_BMCLab,cross,PD-GaM,BMCLab,1,0.2530164048075676,0.33735520641009015,0.47472846508026123,0.3360103964805603,0.2530164048075676,0.33735520641009015,0.47472846508026123,,,,1e-6,carepd_BMCLab_6fold_1,macro_f1_012,false,pretrain_v1_stats_train_clean.pt,runs/pretrain/amass_clean/medium_100ep_simmim/seed2/in_pkd__loss_pk/lightning_logs/version_0/checkpoints/epoch=99-step=11500.ckpt
amass_clean,medium_100ep_simmim,seed2,in_pkd__loss_pk,pkd,pk,carepd_cross_T-SDU-PD_to_BMCLab,cross,T-SDU-PD,BMCLab,1,0.32098254188895226,0.427976722518603,0.5096749663352966,0.4474375545978546,0.32098254188895226,0.427976722518603,0.5096749663352966,,,,1e-6,carepd_BMCLab_6fold_1,macro_f1_012,false,pretrain_v1_stats_train_clean.pt,runs/pretrain/amass_clean/medium_100ep_simmim/seed2/in_pkd__loss_pk/lightning_logs/version_0/checkpoints/epoch=99-step=11500.ckpt
amass_clean,medium_100ep_simmim,seed42,in_pkd__loss_pk,pkd,pk,carepd_cross_PD-GaM_to_BMCLab,cross,PD-GaM,BMCLab,1,0.20194396376609802,0.26925861835479736,0.42138323187828064,0.30489522218704224,0.20194396376609802,0.26925861835479736,0.42138323187828064,,,,1e-6,carepd_BMCLab_6fold_1,macro_f1_012,false,pretrain_v1_stats_train_clean.pt,runs/pretrain/amass_clean/medium_100ep_simmim/seed42/in_pkd__loss_pk/lightning_logs/version_0/checkpoints/epoch=94-step=10925.ckpt
amass_clean,medium_100ep_simmim,seed42,in_pkd__loss_pk,pkd,pk,carepd_cross_T-SDU-PD_to_BMCLab,cross,T-SDU-PD,BMCLab,1,0.3358154967427254,0.44775399565696716,0.5317506194114685,0.4871159791946411,0.3358154967427254,0.44775399565696716,0.5317506194114685,,,,1e-6,carepd_BMCLab_6fold_1,macro_f1_012,false,pretrain_v1_stats_train_clean.pt,runs/pretrain/amass_clean/medium_100ep_simmim/seed42/in_pkd__loss_pk/lightning_logs/version_0/checkpoints/epoch=94-step=10925.ckpt
amass_clean,medium_100ep_simmim,seed42,in_pkd__loss_pk,pkd,pk,carepd_cross_3DGait_to_BMCLab,cross,3DGait,BMCLab,1,0.26434631273150444,0.3524617503086726,0.6000769734382629,0.5593990087509155,0.26434631273150444,0.3524617503086726,0.6000769734382629,,,,1e-6,carepd_BMCLab_6fold_1,macro_f1_012,false,pretrain_v1_stats_train_clean.pt,runs/pretrain/amass_clean/medium_100ep_simmim/seed42/in_pkd__loss_pk/lightning_logs/version_0/checkpoints/epoch=94-step=10925.ckpt
amass_clean,medium_100ep_simmim,seed1,in_pkd__loss_pkd,pkd,pkd,carepd_cross_T-SDU-PD_to_BMCLab,cross,T-SDU-PD,BMCLab,1,0.20226691290736198,0.269689217209816,0.4660448133945465,0.35818204283714294,0.20226691290736198,0.269689217209816,0.4660448133945465,,,,0.00001,carepd_BMCLab_6fold_1,macro_f1_012,false,pretrain_v1_stats_train_clean.pt,runs/pretrain/amass_clean/medium_100ep_simmim/seed1/in_pkd__loss_pkd/lightning_logs/version_0/checkpoints/epoch=99-step=11500.ckpt
amass_clean,medium_100ep_simmim,seed1,in_pkd__loss_pkd,pkd,pkd,carepd_cross_PD-GaM_to_BMCLab,cross,PD-GaM,BMCLab,1,0.09046798245981336,0.12062397661308448,0.40325525403022766,0.2951778769493103,0.09046798245981336,0.12062397661308448,0.40325525403022766,,,,0.00001,carepd_BMCLab_6fold_1,macro_f1_012,false,pretrain_v1_stats_train_clean.pt,runs/pretrain/amass_clean/medium_100ep_simmim/seed1/in_pkd__loss_pkd/lightning_logs/version_0/checkpoints/epoch=99-step=11500.ckpt
amass_clean,medium_100ep_simmim,seed1,in_pkd__loss_pkd,pkd,pkd,carepd_cross_3DGait_to_BMCLab,cross,3DGait,BMCLab,1,0.2621415704488754,0.3495220939318339,0.5753317475318909,0.5591880083084106,0.2621415704488754,0.3495220939318339,0.5753317475318909,,,,0.00001,carepd_BMCLab_6fold_1,macro_f1_012,false,pretrain_v1_stats_train_clean.pt,runs/pretrain/amass_clean/medium_100ep_simmim/seed1/in_pkd__loss_pkd/lightning_logs/version_0/checkpoints/epoch=99-step=11500.ckpt
amass_clean,medium_100ep_simmim,seed2,in_pkd__loss_pkd,pkd,pkd,carepd_cross_3DGait_to_BMCLab,cross,3DGait,BMCLab,1,0.17715447209775448,0.23620596279700598,0.5975247621536255,0.5301012396812439,0.17715447209775448,0.23620596279700598,0.5975247621536255,,,,3e-6,carepd_BMCLab_6fold_1,macro_f1_012,false,pretrain_v1_stats_train_clean.pt,runs/pretrain/amass_clean/medium_100ep_simmim/seed2/in_pkd__loss_pkd/lightning_logs/version_0/checkpoints/epoch=99-step=11500.ckpt
amass_clean,medium_100ep_simmim,seed2,in_pkd__loss_pkd,pkd,pkd,carepd_cross_PD-GaM_to_BMCLab,cross,PD-GaM,BMCLab,1,0.0885588526725769,0.11807847023010254,0.4035402536392212,0.29199108481407166,0.0885588526725769,0.11807847023010254,0.4035402536392212,,,,3e-6,carepd_BMCLab_6fold_1,macro_f1_012,false,pretrain_v1_stats_train_clean.pt,runs/pretrain/amass_clean/medium_100ep_simmim/seed2/in_pkd__loss_pkd/lightning_logs/version_0/checkpoints/epoch=99-step=11500.ckpt
amass_clean,medium_100ep_simmim,seed2,in_pkd__loss_pkd,pkd,pkd,carepd_cross_T-SDU-PD_to_BMCLab,cross,T-SDU-PD,BMCLab,1,0.09626472229138017,0.12835296305517355,0.5301012992858887,0.32250869274139404,0.09626472229138017,0.12835296305517355,0.5301012992858887,,,,3e-6,carepd_BMCLab_6fold_1,macro_f1_012,false,pretrain_v1_stats_train_clean.pt,runs/pretrain/amass_clean/medium_100ep_simmim/seed2/in_pkd__loss_pkd/lightning_logs/version_0/checkpoints/epoch=99-step=11500.ckpt
amass_clean,medium_100ep_simmim,seed42,in_pkd__loss_pkd,pkd,pkd,carepd_cross_T-SDU-PD_to_BMCLab,cross,T-SDU-PD,BMCLab,1,0.15906741842627525,0.21208989123503366,0.431623250246048,0.31941622495651245,0.15906741842627525,0.21208989123503366,0.431623250246048,,,,1e-6,carepd_BMCLab_6fold_1,macro_f1_012,false,pretrain_v1_stats_train_clean.pt,runs/pretrain/amass_clean/medium_100ep_simmim/seed42/in_pkd__loss_pkd/lightning_logs/version_0/checkpoints/epoch=99-step=11500.ckpt
amass_clean,medium_100ep_simmim,seed42,in_pkd__loss_pkd,pkd,pkd,carepd_cross_3DGait_to_BMCLab,cross,3DGait,BMCLab,1,0.2852306626737118,0.3803075502316157,0.5744214653968811,0.5540601015090942,0.2852306626737118,0.3803075502316157,0.5744214653968811,,,,1e-6,carepd_BMCLab_6fold_1,macro_f1_012,false,pretrain_v1_stats_train_clean.pt,runs/pretrain/amass_clean/medium_100ep_simmim/seed42/in_pkd__loss_pkd/lightning_logs/version_0/checkpoints/epoch=99-step=11500.ckpt
amass_clean,medium_100ep_simmim,seed42,in_pkd__loss_pkd,pkd,pkd,carepd_cross_PD-GaM_to_BMCLab,cross,PD-GaM,BMCLab,1,0.0885588526725769,0.11807847023010254,0.41390565037727356,0.28513240814208984,0.0885588526725769,0.11807847023010254,0.41390565037727356,,,,1e-6,carepd_BMCLab_6fold_1,macro_f1_012,false,pretrain_v1_stats_train_clean.pt,runs/pretrain/amass_clean/medium_100ep_simmim/seed42/in_pkd__loss_pkd/lightning_logs/version_0/checkpoints/epoch=99-step=11500.ckpt
amass_clean,medium_100ep_simmim,seed1,in_p__loss_p,p,p,carepd_cross_3DGait_to_PD-GaM,cross,3DGait,PD-GaM,1,0.43426068872213364,0.3850748638312022,0.5589005947113037,0.6367595791816711,0.43426068872213364,0.3850748638312022,0.5589005947113037,,,,0.00001,carepd_BMCLab_6fold_1,macro_f1_012,false,pretrain_v1_stats_train_clean.pt,runs/pretrain/amass_clean/medium_100ep_simmim/seed1/in_p__loss_p/lightning_logs/version_0/checkpoints/epoch=94-step=10925.ckpt
amass_clean,medium_100ep_simmim,seed1,in_p__loss_p,p,p,carepd_cross_T-SDU-PD_to_PD-GaM,cross,T-SDU-PD,PD-GaM,1,0.29864513222128153,0.39819350962837535,0.4489232003688812,0.6320297718048096,0.29864513222128153,0.39819350962837535,0.4489232003688812,,,,0.00001,carepd_BMCLab_6fold_1,macro_f1_012,false,pretrain_v1_stats_train_clean.pt,runs/pretrain/amass_clean/medium_100ep_simmim/seed1/in_p__loss_p/lightning_logs/version_0/checkpoints/epoch=94-step=10925.ckpt
amass_clean,medium_100ep_simmim,seed1,in_p__loss_p,p,p,carepd_cross_BMCLab_to_PD-GaM,cross,BMCLab,PD-GaM,1,0.23150260001420975,0.30867013335227966,0.4416261613368988,0.6100242137908936,0.23150260001420975,0.30867013335227966,0.4416261613368988,,,,0.00001,carepd_BMCLab_6fold_1,macro_f1_012,false,pretrain_v1_stats_train_clean.pt,runs/pretrain/amass_clean/medium_100ep_simmim/seed1/in_p__loss_p/lightning_logs/version_0/checkpoints/epoch=94-step=10925.ckpt
amass_clean,medium_100ep_simmim,seed2,in_p__loss_p,p,p,carepd_cross_T-SDU-PD_to_PD-GaM,cross,T-SDU-PD,PD-GaM,1,0.2906086244038306,0.38747816587177414,0.4389602541923523,0.6262044310569763,0.2906086244038306,0.38747816587177414,0.4389602541923523,,,,3e-6,carepd_BMCLab_6fold_1,macro_f1_012,false,pretrain_v1_stats_train_clean.pt,runs/pretrain/amass_clean/medium_100ep_simmim/seed2/in_p__loss_p/lightning_logs/version_0/checkpoints/epoch=99-step=11500.ckpt
amass_clean,medium_100ep_simmim,seed2,in_p__loss_p,p,p,carepd_cross_BMCLab_to_PD-GaM,cross,BMCLab,PD-GaM,1,0.2576444963924587,0.3435259951899449,0.4345494508743286,0.6112411618232727,0.2576444963924587,0.3435259951899449,0.4345494508743286,,,,3e-6,carepd_BMCLab_6fold_1,macro_f1_012,false,pretrain_v1_stats_train_clean.pt,runs/pretrain/amass_clean/medium_100ep_simmim/seed2/in_p__loss_p/lightning_logs/version_0/checkpoints/epoch=99-step=11500.ckpt
amass_clean,medium_100ep_simmim,seed2,in_p__loss_p,p,p,carepd_cross_3DGait_to_PD-GaM,cross,3DGait,PD-GaM,1,0.35670663975179195,0.24104095250368118,0.5802222490310669,0.5536268949508667,0.35670663975179195,0.24104095250368118,0.5802222490310669,,,,3e-6,carepd_BMCLab_6fold_1,macro_f1_012,false,pretrain_v1_stats_train_clean.pt,runs/pretrain/amass_clean/medium_100ep_simmim/seed2/in_p__loss_p/lightning_logs/version_0/checkpoints/epoch=99-step=11500.ckpt
amass_clean,medium_100ep_simmim,seed42,in_p__loss_p,p,p,carepd_cross_BMCLab_to_PD-GaM,cross,BMCLab,PD-GaM,1,0.2774411095306277,0.3699214793741703,0.4346555769443512,0.6045563220977783,0.2774411095306277,0.3699214793741703,0.4346555769443512,,,,1e-6,carepd_BMCLab_6fold_1,macro_f1_012,false,pretrain_v1_stats_train_clean.pt,runs/pretrain/amass_clean/medium_100ep_simmim/seed42/in_p__loss_p/lightning_logs/version_0/checkpoints/epoch=99-step=11500.ckpt
amass_clean,medium_100ep_simmim,seed42,in_p__loss_p,p,p,carepd_cross_3DGait_to_PD-GaM,cross,3DGait,PD-GaM,1,0.3561671175993979,0.2235233715424935,0.6062170267105103,0.6146496534347534,0.3561671175993979,0.2235233715424935,0.6062170267105103,,,,1e-6,carepd_BMCLab_6fold_1,macro_f1_012,false,pretrain_v1_stats_train_clean.pt,runs/pretrain/amass_clean/medium_100ep_simmim/seed42/in_p__loss_p/lightning_logs/version_0/checkpoints/epoch=99-step=11500.ckpt
amass_clean,medium_100ep_simmim,seed42,in_p__loss_p,p,p,carepd_cross_T-SDU-PD_to_PD-GaM,cross,T-SDU-PD,PD-GaM,1,0.3053649547509849,0.4071532730013132,0.4442836046218872,0.6316583156585693,0.3053649547509849,0.4071532730013132,0.4442836046218872,,,,1e-6,carepd_BMCLab_6fold_1,macro_f1_012,false,pretrain_v1_stats_train_clean.pt,runs/pretrain/amass_clean/medium_100ep_simmim/seed42/in_p__loss_p/lightning_logs/version_0/checkpoints/epoch=99-step=11500.ckpt
amass_clean,medium_100ep_simmim,seed1,in_p__loss_pk,p,pk,carepd_cross_3DGait_to_PD-GaM,cross,3DGait,PD-GaM,1,0.2262537805363536,0.30167170738180477,0.3475826382637024,0.4958195686340332,0.2262537805363536,0.30167170738180477,0.3475826382637024,,,,1e-6,carepd_BMCLab_6fold_1,macro_f1_012,false,pretrain_v1_stats_train_clean.pt,runs/pretrain/amass_clean/medium_100ep_simmim/seed1/in_p__loss_pk/lightning_logs/version_0/checkpoints/epoch=99-step=11500.ckpt
amass_clean,medium_100ep_simmim,seed1,in_p__loss_pk,p,pk,carepd_cross_BMCLab_to_PD-GaM,cross,BMCLab,PD-GaM,1,0.2789304330945015,0.371907244126002,0.4080979824066162,0.45732545852661133,0.2789304330945015,0.371907244126002,0.4080979824066162,,,,1e-6,carepd_BMCLab_6fold_1,macro_f1_012,false,pretrain_v1_stats_train_clean.pt,runs/pretrain/amass_clean/medium_100ep_simmim/seed1/in_p__loss_pk/lightning_logs/version_0/checkpoints/epoch=99-step=11500.ckpt
amass_clean,medium_100ep_simmim,seed1,in_p__loss_pk,p,pk,carepd_cross_T-SDU-PD_to_PD-GaM,cross,T-SDU-PD,PD-GaM,1,0.34064513072371483,0.45419350763161975,0.4547131657600403,0.6475304961204529,0.34064513072371483,0.45419350763161975,0.4547131657600403,,,,1e-6,carepd_BMCLab_6fold_1,macro_f1_012,false,pretrain_v1_stats_train_clean.pt,runs/pretrain/amass_clean/medium_100ep_simmim/seed1/in_p__loss_pk/lightning_logs/version_0/checkpoints/epoch=99-step=11500.ckpt
amass_clean,medium_100ep_simmim,seed2,in_p__loss_pk,p,pk,carepd_cross_3DGait_to_PD-GaM,cross,3DGait,PD-GaM,1,0.47085064742714167,0.4055786343912284,0.4976922273635864,0.4957234561443329,0.47085064742714167,0.4055786343912284,0.4976922273635864,,,,1e-6,carepd_BMCLab_6fold_1,macro_f1_012,false,pretrain_v1_stats_train_clean.pt,runs/pretrain/amass_clean/medium_100ep_simmim/seed2/in_p__loss_pk/lightning_logs/version_0/checkpoints/epoch=99-step=11500.ckpt
amass_clean,medium_100ep_simmim,seed2,in_p__loss_pk,p,pk,carepd_cross_T-SDU-PD_to_PD-GaM,cross,T-SDU-PD,PD-GaM,1,0.2925056703388691,0.39000756045182544,0.3438417315483093,0.48708608746528625,0.2925056703388691,0.39000756045182544,0.3438417315483093,,,,1e-6,carepd_BMCLab_6fold_1,macro_f1_012,false,pretrain_v1_stats_train_clean.pt,runs/pretrain/amass_clean/medium_100ep_simmim/seed2/in_p__loss_pk/lightning_logs/version_0/checkpoints/epoch=99-step=11500.ckpt
amass_clean,medium_100ep_simmim,seed2,in_p__loss_pk,p,pk,carepd_cross_BMCLab_to_PD-GaM,cross,BMCLab,PD-GaM,1,0.34947433695197105,0.46596578260262805,0.4495581090450287,0.6597745418548584,0.34947433695197105,0.46596578260262805,0.4495581090450287,,,,1e-6,carepd_BMCLab_6fold_1,macro_f1_012,false,pretrain_v1_stats_train_clean.pt,runs/pretrain/amass_clean/medium_100ep_simmim/seed2/in_p__loss_pk/lightning_logs/version_0/checkpoints/epoch=99-step=11500.ckpt
amass_clean,medium_100ep_simmim,seed42,in_p__loss_pk,p,pk,carepd_cross_BMCLab_to_PD-GaM,cross,BMCLab,PD-GaM,1,0.3182789315469563,0.42437190872927505,0.3849910497665405,0.5200635194778442,0.3182789315469563,0.42437190872927505,0.3849910497665405,,,,3e-6,carepd_BMCLab_6fold_1,macro_f1_012,false,pretrain_v1_stats_train_clean.pt,runs/pretrain/amass_clean/medium_100ep_simmim/seed42/in_p__loss_pk/lightning_logs/version_0/checkpoints/epoch=99-step=11500.ckpt
amass_clean,medium_100ep_simmim,seed42,in_p__loss_pk,p,pk,carepd_cross_T-SDU-PD_to_PD-GaM,cross,T-SDU-PD,PD-GaM,1,0.3149847164750099,0.4199796219666799,0.3516030013561249,0.44355255365371704,0.3149847164750099,0.4199796219666799,0.3516030013561249,,,,3e-6,carepd_BMCLab_6fold_1,macro_f1_012,false,pretrain_v1_stats_train_clean.pt,runs/pretrain/amass_clean/medium_100ep_simmim/seed42/in_p__loss_pk/lightning_logs/version_0/checkpoints/epoch=99-step=11500.ckpt
amass_clean,medium_100ep_simmim,seed42,in_p__loss_pk,p,pk,carepd_cross_3DGait_to_PD-GaM,cross,3DGait,PD-GaM,1,0.281988731585443,0.37598497544725734,0.4521055817604065,0.5434173345565796,0.281988731585443,0.37598497544725734,0.4521055817604065,,,,3e-6,carepd_BMCLab_6fold_1,macro_f1_012,false,pretrain_v1_stats_train_clean.pt,runs/pretrain/amass_clean/medium_100ep_simmim/seed42/in_p__loss_pk/lightning_logs/version_0/checkpoints/epoch=99-step=11500.ckpt
amass_clean,medium_100ep_simmim,seed1,in_p__loss_pkd,p,pkd,carepd_cross_BMCLab_to_PD-GaM,cross,BMCLab,PD-GaM,1,0.3319273665547371,0.4425698220729828,0.43107712268829346,0.5999722480773926,0.3319273665547371,0.4425698220729828,0.43107712268829346,,,,3e-6,carepd_BMCLab_6fold_1,macro_f1_012,false,pretrain_v1_stats_train_clean.pt,runs/pretrain/amass_clean/medium_100ep_simmim/seed1/in_p__loss_pkd/lightning_logs/version_0/checkpoints/epoch=99-step=11500.ckpt
amass_clean,medium_100ep_simmim,seed1,in_p__loss_pkd,p,pkd,carepd_cross_3DGait_to_PD-GaM,cross,3DGait,PD-GaM,1,0.39237939566373825,0.3739187916119893,0.5183606147766113,0.5263181924819946,0.39237939566373825,0.3739187916119893,0.5183606147766113,,,,3e-6,carepd_BMCLab_6fold_1,macro_f1_012,false,pretrain_v1_stats_train_clean.pt,runs/pretrain/amass_clean/medium_100ep_simmim/seed1/in_p__loss_pkd/lightning_logs/version_0/checkpoints/epoch=99-step=11500.ckpt
amass_clean,medium_100ep_simmim,seed1,in_p__loss_pkd,p,pkd,carepd_cross_T-SDU-PD_to_PD-GaM,cross,T-SDU-PD,PD-GaM,1,0.33348341286182404,0.44464455048243207,0.42543265223503113,0.6342304348945618,0.33348341286182404,0.44464455048243207,0.42543265223503113,,,,3e-6,carepd_BMCLab_6fold_1,macro_f1_012,false,pretrain_v1_stats_train_clean.pt,runs/pretrain/amass_clean/medium_100ep_simmim/seed1/in_p__loss_pkd/lightning_logs/version_0/checkpoints/epoch=99-step=11500.ckpt
amass_clean,medium_100ep_simmim,seed2,in_p__loss_pkd,p,pkd,carepd_cross_T-SDU-PD_to_PD-GaM,cross,T-SDU-PD,PD-GaM,1,0.3501948043704033,0.4669264058272044,0.40176817774772644,0.6060207486152649,0.3501948043704033,0.4669264058272044,0.40176817774772644,,,,0.0001,carepd_BMCLab_6fold_1,macro_f1_012,false,pretrain_v1_stats_train_clean.pt,runs/pretrain/amass_clean/medium_100ep_simmim/seed2/in_p__loss_pkd/lightning_logs/version_0/checkpoints/epoch=99-step=11500.ckpt
amass_clean,medium_100ep_simmim,seed2,in_p__loss_pkd,p,pkd,carepd_cross_3DGait_to_PD-GaM,cross,3DGait,PD-GaM,1,0.39396192878484726,0.3808381259441376,0.5334728360176086,0.6572416424751282,0.39396192878484726,0.3808381259441376,0.5334728360176086,,,,0.0001,carepd_BMCLab_6fold_1,macro_f1_012,false,pretrain_v1_stats_train_clean.pt,runs/pretrain/amass_clean/medium_100ep_simmim/seed2/in_p__loss_pkd/lightning_logs/version_0/checkpoints/epoch=99-step=11500.ckpt
amass_clean,medium_100ep_simmim,seed2,in_p__loss_pkd,p,pkd,carepd_cross_BMCLab_to_PD-GaM,cross,BMCLab,PD-GaM,1,0.32415941171348095,0.43221254895130795,0.4484425187110901,0.6078108549118042,0.32415941171348095,0.43221254895130795,0.4484425187110901,,,,0.0001,carepd_BMCLab_6fold_1,macro_f1_012,false,pretrain_v1_stats_train_clean.pt,runs/pretrain/amass_clean/medium_100ep_simmim/seed2/in_p__loss_pkd/lightning_logs/version_0/checkpoints/epoch=99-step=11500.ckpt
amass_clean,medium_100ep_simmim,seed42,in_p__loss_pkd,p,pkd,carepd_cross_BMCLab_to_PD-GaM,cross,BMCLab,PD-GaM,1,0.2526022605597973,0.33680301407972973,0.3192964792251587,0.5028895139694214,0.2526022605597973,0.33680301407972973,0.3192964792251587,,,,1e-6,carepd_BMCLab_6fold_1,macro_f1_012,false,pretrain_v1_stats_train_clean.pt,runs/pretrain/amass_clean/medium_100ep_simmim/seed42/in_p__loss_pkd/lightning_logs/version_0/checkpoints/epoch=94-step=10925.ckpt
amass_clean,medium_100ep_simmim,seed42,in_p__loss_pkd,p,pkd,carepd_cross_T-SDU-PD_to_PD-GaM,cross,T-SDU-PD,PD-GaM,1,0.3347063809633255,0.44627517461776733,0.40167808532714844,0.6011188626289368,0.3347063809633255,0.44627517461776733,0.40167808532714844,,,,1e-6,carepd_BMCLab_6fold_1,macro_f1_012,false,pretrain_v1_stats_train_clean.pt,runs/pretrain/amass_clean/medium_100ep_simmim/seed42/in_p__loss_pkd/lightning_logs/version_0/checkpoints/epoch=94-step=10925.ckpt
amass_clean,medium_100ep_simmim,seed42,in_p__loss_pkd,p,pkd,carepd_cross_3DGait_to_PD-GaM,cross,3DGait,PD-GaM,1,0.31794124376028776,0.3213575519621372,0.46704474091529846,0.5985414385795593,0.31794124376028776,0.3213575519621372,0.46704474091529846,,,,1e-6,carepd_BMCLab_6fold_1,macro_f1_012,false,pretrain_v1_stats_train_clean.pt,runs/pretrain/amass_clean/medium_100ep_simmim/seed42/in_p__loss_pkd/lightning_logs/version_0/checkpoints/epoch=94-step=10925.ckpt
amass_clean,medium_100ep_simmim,seed1,in_pk__loss_p,pk,p,carepd_cross_T-SDU-PD_to_PD-GaM,cross,T-SDU-PD,PD-GaM,1,0.3263532016426325,0.43513760219017666,0.45711401104927063,0.6157207489013672,0.3263532016426325,0.43513760219017666,0.45711401104927063,,,,3e-6,carepd_BMCLab_6fold_1,macro_f1_012,false,pretrain_v1_stats_train_clean.pt,runs/pretrain/amass_clean/medium_100ep_simmim/seed1/in_pk__loss_p/lightning_logs/version_0/checkpoints/epoch=94-step=10925.ckpt
amass_clean,medium_100ep_simmim,seed1,in_pk__loss_p,pk,p,carepd_cross_3DGait_to_PD-GaM,cross,3DGait,PD-GaM,1,0.3545646055135876,0.25941947878648836,0.5768731236457825,0.613845944404602,0.3545646055135876,0.25941947878648836,0.5768731236457825,,,,3e-6,carepd_BMCLab_6fold_1,macro_f1_012,false,pretrain_v1_stats_train_clean.pt,runs/pretrain/amass_clean/medium_100ep_simmim/seed1/in_pk__loss_p/lightning_logs/version_0/checkpoints/epoch=94-step=10925.ckpt
amass_clean,medium_100ep_simmim,seed1,in_pk__loss_p,pk,p,carepd_cross_BMCLab_to_PD-GaM,cross,BMCLab,PD-GaM,1,0.1826578159816563,0.24354375464220843,0.4414002299308777,0.5965465903282166,0.1826578159816563,0.24354375464220843,0.4414002299308777,,,,3e-6,carepd_BMCLab_6fold_1,macro_f1_012,false,pretrain_v1_stats_train_clean.pt,runs/pretrain/amass_clean/medium_100ep_simmim/seed1/in_pk__loss_p/lightning_logs/version_0/checkpoints/epoch=94-step=10925.ckpt
amass_clean,medium_100ep_simmim,seed2,in_pk__loss_p,pk,p,carepd_cross_BMCLab_to_PD-GaM,cross,BMCLab,PD-GaM,1,0.3602418601512909,0.4803224802017212,0.47105202078819275,0.6549258232116699,0.3602418601512909,0.4803224802017212,0.47105202078819275,,,,1e-6,carepd_BMCLab_6fold_1,macro_f1_012,false,pretrain_v1_stats_train_clean.pt,runs/pretrain/amass_clean/medium_100ep_simmim/seed2/in_pk__loss_p/lightning_logs/version_0/checkpoints/epoch=99-step=11500.ckpt
amass_clean,medium_100ep_simmim,seed2,in_pk__loss_p,pk,p,carepd_cross_T-SDU-PD_to_PD-GaM,cross,T-SDU-PD,PD-GaM,1,0.3268382605165243,0.43578434735536575,0.43405067920684814,0.640133798122406,0.3268382605165243,0.43578434735536575,0.43405067920684814,,,,1e-6,carepd_BMCLab_6fold_1,macro_f1_012,false,pretrain_v1_stats_train_clean.pt,runs/pretrain/amass_clean/medium_100ep_simmim/seed2/in_pk__loss_p/lightning_logs/version_0/checkpoints/epoch=99-step=11500.ckpt
amass_clean,medium_100ep_simmim,seed2,in_pk__loss_p,pk,p,carepd_cross_3DGait_to_PD-GaM,cross,3DGait,PD-GaM,1,0.28404034161940217,0.2368764809022347,0.5971494913101196,0.5989776253700256,0.28404034161940217,0.2368764809022347,0.5971494913101196,,,,1e-6,carepd_BMCLab_6fold_1,macro_f1_012,false,pretrain_v1_stats_train_clean.pt,runs/pretrain/amass_clean/medium_100ep_simmim/seed2/in_pk__loss_p/lightning_logs/version_0/checkpoints/epoch=99-step=11500.ckpt
amass_clean,medium_100ep_simmim,seed42,in_pk__loss_p,pk,p,carepd_cross_BMCLab_to_PD-GaM,cross,BMCLab,PD-GaM,1,0.2082259871531278,0.2776346495375037,0.4523169696331024,0.6108445525169373,0.2082259871531278,0.2776346495375037,0.4523169696331024,,,,0.0001,carepd_BMCLab_6fold_1,macro_f1_012,false,pretrain_v1_stats_train_clean.pt,runs/pretrain/amass_clean/medium_100ep_simmim/seed42/in_pk__loss_p/lightning_logs/version_0/checkpoints/epoch=99-step=11500.ckpt
amass_clean,medium_100ep_simmim,seed42,in_pk__loss_p,pk,p,carepd_cross_T-SDU-PD_to_PD-GaM,cross,T-SDU-PD,PD-GaM,1,0.3230936974287033,0.43079159657160443,0.45279037952423096,0.6194827556610107,0.3230936974287033,0.43079159657160443,0.45279037952423096,,,,0.0001,carepd_BMCLab_6fold_1,macro_f1_012,false,pretrain_v1_stats_train_clean.pt,runs/pretrain/amass_clean/medium_100ep_simmim/seed42/in_pk__loss_p/lightning_logs/version_0/checkpoints/epoch=99-step=11500.ckpt
amass_clean,medium_100ep_simmim,seed42,in_pk__loss_p,pk,p,carepd_cross_3DGait_to_PD-GaM,cross,3DGait,PD-GaM,1,0.3760577607899904,0.2661162242293358,0.62790846824646,0.634047269821167,0.3760577607899904,0.2661162242293358,0.62790846824646,,,,0.0001,carepd_BMCLab_6fold_1,macro_f1_012,false,pretrain_v1_stats_train_clean.pt,runs/pretrain/amass_clean/medium_100ep_simmim/seed42/in_pk__loss_p/lightning_logs/version_0/checkpoints/epoch=99-step=11500.ckpt
amass_clean,medium_100ep_simmim,seed1,in_pk__loss_pk,pk,pk,carepd_cross_T-SDU-PD_to_PD-GaM,cross,T-SDU-PD,PD-GaM,1,0.3284861035645008,0.4379814714193344,0.3929719626903534,0.5492690205574036,0.3284861035645008,0.4379814714193344,0.3929719626903534,,,,1e-6,carepd_BMCLab_6fold_1,macro_f1_012,false,pretrain_v1_stats_train_clean.pt,runs/pretrain/amass_clean/medium_100ep_simmim/seed1/in_pk__loss_pk/lightning_logs/version_0/checkpoints/epoch=99-step=11500.ckpt
amass_clean,medium_100ep_simmim,seed1,in_pk__loss_pk,pk,pk,carepd_cross_3DGait_to_PD-GaM,cross,3DGait,PD-GaM,1,0.35826278291642666,0.3418812428911527,0.46853744983673096,0.5960860848426819,0.35826278291642666,0.3418812428911527,0.46853744983673096,,,,1e-6,carepd_BMCLab_6fold_1,macro_f1_012,false,pretrain_v1_stats_train_clean.pt,runs/pretrain/amass_clean/medium_100ep_simmim/seed1/in_pk__loss_pk/lightning_logs/version_0/checkpoints/epoch=99-step=11500.ckpt
amass_clean,medium_100ep_simmim,seed1,in_pk__loss_pk,pk,pk,carepd_cross_BMCLab_to_PD-GaM,cross,BMCLab,PD-GaM,1,0.4034656062722206,0.5379541416962942,0.4150331914424896,0.5346968173980713,0.4034656062722206,0.5379541416962942,0.4150331914424896,,,,1e-6,carepd_BMCLab_6fold_1,macro_f1_012,false,pretrain_v1_stats_train_clean.pt,runs/pretrain/amass_clean/medium_100ep_simmim/seed1/in_pk__loss_pk/lightning_logs/version_0/checkpoints/epoch=99-step=11500.ckpt
amass_clean,medium_100ep_simmim,seed2,in_pk__loss_pk,pk,pk,carepd_cross_3DGait_to_PD-GaM,cross,3DGait,PD-GaM,1,0.35159917641431093,0.3269549272954464,0.513198733329773,0.5583826303482056,0.35159917641431093,0.3269549272954464,0.513198733329773,,,,3e-6,carepd_BMCLab_6fold_1,macro_f1_012,false,pretrain_v1_stats_train_clean.pt,runs/pretrain/amass_clean/medium_100ep_simmim/seed2/in_pk__loss_pk/lightning_logs/version_0/checkpoints/epoch=99-step=11500.ckpt
amass_clean,medium_100ep_simmim,seed2,in_pk__loss_pk,pk,pk,carepd_cross_BMCLab_to_PD-GaM,cross,BMCLab,PD-GaM,1,0.3723931089043617,0.4965241452058156,0.4311603307723999,0.5910446047782898,0.3723931089043617,0.4965241452058156,0.4311603307723999,,,,3e-6,carepd_BMCLab_6fold_1,macro_f1_012,false,pretrain_v1_stats_train_clean.pt,runs/pretrain/amass_clean/medium_100ep_simmim/seed2/in_pk__loss_pk/lightning_logs/version_0/checkpoints/epoch=99-step=11500.ckpt
amass_clean,medium_100ep_simmim,seed2,in_pk__loss_pk,pk,pk,carepd_cross_T-SDU-PD_to_PD-GaM,cross,T-SDU-PD,PD-GaM,1,0.3363342396914959,0.4484456529219945,0.40502914786338806,0.5825081467628479,0.3363342396914959,0.4484456529219945,0.40502914786338806,,,,3e-6,carepd_BMCLab_6fold_1,macro_f1_012,false,pretrain_v1_stats_train_clean.pt,runs/pretrain/amass_clean/medium_100ep_simmim/seed2/in_pk__loss_pk/lightning_logs/version_0/checkpoints/epoch=99-step=11500.ckpt
amass_clean,medium_100ep_simmim,seed42,in_pk__loss_pk,pk,pk,carepd_cross_3DGait_to_PD-GaM,cross,3DGait,PD-GaM,1,0.35587252490222454,0.37613604217767715,0.4316781759262085,0.5459259748458862,0.35587252490222454,0.37613604217767715,0.4316781759262085,,,,1e-6,carepd_BMCLab_6fold_1,macro_f1_012,false,pretrain_v1_stats_train_clean.pt,runs/pretrain/amass_clean/medium_100ep_simmim/seed42/in_pk__loss_pk/lightning_logs/version_0/checkpoints/epoch=99-step=11500.ckpt
amass_clean,medium_100ep_simmim,seed42,in_pk__loss_pk,pk,pk,carepd_cross_BMCLab_to_PD-GaM,cross,BMCLab,PD-GaM,1,0.25470203161239624,0.3396027088165283,0.41330480575561523,0.5721448063850403,0.25470203161239624,0.3396027088165283,0.41330480575561523,,,,1e-6,carepd_BMCLab_6fold_1,macro_f1_012,false,pretrain_v1_stats_train_clean.pt,runs/pretrain/amass_clean/medium_100ep_simmim/seed42/in_pk__loss_pk/lightning_logs/version_0/checkpoints/epoch=99-step=11500.ckpt
amass_clean,medium_100ep_simmim,seed42,in_pk__loss_pk,pk,pk,carepd_cross_T-SDU-PD_to_PD-GaM,cross,T-SDU-PD,PD-GaM,1,0.3185087591409683,0.4246783455212911,0.4262425899505615,0.6212195754051208,0.3185087591409683,0.4246783455212911,0.4262425899505615,,,,1e-6,carepd_BMCLab_6fold_1,macro_f1_012,false,pretrain_v1_stats_train_clean.pt,runs/pretrain/amass_clean/medium_100ep_simmim/seed42/in_pk__loss_pk/lightning_logs/version_0/checkpoints/epoch=99-step=11500.ckpt
amass_clean,medium_100ep_simmim,seed1,in_pk__loss_pkd,pk,pkd,carepd_cross_BMCLab_to_PD-GaM,cross,BMCLab,PD-GaM,1,0.31044309586286545,0.41392412781715393,0.4023735821247101,0.47352394461631775,0.31044309586286545,0.41392412781715393,0.4023735821247101,,,,3e-6,carepd_BMCLab_6fold_1,macro_f1_012,false,pretrain_v1_stats_train_clean.pt,runs/pretrain/amass_clean/medium_100ep_simmim/seed1/in_pk__loss_pkd/lightning_logs/version_0/checkpoints/epoch=99-step=11500.ckpt
amass_clean,medium_100ep_simmim,seed1,in_pk__loss_pkd,pk,pkd,carepd_cross_T-SDU-PD_to_PD-GaM,cross,T-SDU-PD,PD-GaM,1,0.355790913105011,0.47438788414001465,0.37087881565093994,0.5453097820281982,0.355790913105011,0.47438788414001465,0.37087881565093994,,,,3e-6,carepd_BMCLab_6fold_1,macro_f1_012,false,pretrain_v1_stats_train_clean.pt,runs/pretrain/amass_clean/medium_100ep_simmim/seed1/in_pk__loss_pkd/lightning_logs/version_0/checkpoints/epoch=99-step=11500.ckpt
amass_clean,medium_100ep_simmim,seed1,in_pk__loss_pkd,pk,pkd,carepd_cross_3DGait_to_PD-GaM,cross,3DGait,PD-GaM,1,0.3587583526968956,0.3692535658677419,0.429574579000473,0.49522411823272705,0.3587583526968956,0.3692535658677419,0.429574579000473,,,,3e-6,carepd_BMCLab_6fold_1,macro_f1_012,false,pretrain_v1_stats_train_clean.pt,runs/pretrain/amass_clean/medium_100ep_simmim/seed1/in_pk__loss_pkd/lightning_logs/version_0/checkpoints/epoch=99-step=11500.ckpt
amass_clean,medium_100ep_simmim,seed2,in_pk__loss_pkd,pk,pkd,carepd_cross_T-SDU-PD_to_PD-GaM,cross,T-SDU-PD,PD-GaM,1,0.3139658533036709,0.41862113773822784,0.37619075179100037,0.5091641545295715,0.3139658533036709,0.41862113773822784,0.37619075179100037,,,,1e-6,carepd_BMCLab_6fold_1,macro_f1_012,false,pretrain_v1_stats_train_clean.pt,runs/pretrain/amass_clean/medium_100ep_simmim/seed2/in_pk__loss_pkd/lightning_logs/version_0/checkpoints/epoch=94-step=10925.ckpt
amass_clean,medium_100ep_simmim,seed2,in_pk__loss_pkd,pk,pkd,carepd_cross_BMCLab_to_PD-GaM,cross,BMCLab,PD-GaM,1,0.2930836100131273,0.39077814668416977,0.3654906749725342,0.4438246488571167,0.2930836100131273,0.39077814668416977,0.3654906749725342,,,,1e-6,carepd_BMCLab_6fold_1,macro_f1_012,false,pretrain_v1_stats_train_clean.pt,runs/pretrain/amass_clean/medium_100ep_simmim/seed2/in_pk__loss_pkd/lightning_logs/version_0/checkpoints/epoch=94-step=10925.ckpt
amass_clean,medium_100ep_simmim,seed2,in_pk__loss_pkd,pk,pkd,carepd_cross_3DGait_to_PD-GaM,cross,3DGait,PD-GaM,1,0.32702227495610714,0.3591066226363182,0.44835370779037476,0.6002993583679199,0.32702227495610714,0.3591066226363182,0.44835370779037476,,,,1e-6,carepd_BMCLab_6fold_1,macro_f1_012,false,pretrain_v1_stats_train_clean.pt,runs/pretrain/amass_clean/medium_100ep_simmim/seed2/in_pk__loss_pkd/lightning_logs/version_0/checkpoints/epoch=94-step=10925.ckpt
amass_clean,medium_100ep_simmim,seed42,in_pk__loss_pkd,pk,pkd,carepd_cross_3DGait_to_PD-GaM,cross,3DGait,PD-GaM,1,0.3194388933479786,0.37616728246212006,0.3996719717979431,0.5238451957702637,0.3194388933479786,0.37616728246212006,0.3996719717979431,,,,3e-6,carepd_BMCLab_6fold_1,macro_f1_012,false,pretrain_v1_stats_train_clean.pt,runs/pretrain/amass_clean/medium_100ep_simmim/seed42/in_pk__loss_pkd/lightning_logs/version_0/checkpoints/epoch=99-step=11500.ckpt
amass_clean,medium_100ep_simmim,seed42,in_pk__loss_pkd,pk,pkd,carepd_cross_T-SDU-PD_to_PD-GaM,cross,T-SDU-PD,PD-GaM,1,0.339145302772522,0.4521937370300293,0.3564518392086029,0.5125322937965393,0.339145302772522,0.4521937370300293,0.3564518392086029,,,,3e-6,carepd_BMCLab_6fold_1,macro_f1_012,false,pretrain_v1_stats_train_clean.pt,runs/pretrain/amass_clean/medium_100ep_simmim/seed42/in_pk__loss_pkd/lightning_logs/version_0/checkpoints/epoch=99-step=11500.ckpt
amass_clean,medium_100ep_simmim,seed42,in_pk__loss_pkd,pk,pkd,carepd_cross_BMCLab_to_PD-GaM,cross,BMCLab,PD-GaM,1,0.3196669891476631,0.42622265219688416,0.3407166600227356,0.433302104473114,0.3196669891476631,0.42622265219688416,0.3407166600227356,,,,3e-6,carepd_BMCLab_6fold_1,macro_f1_012,false,pretrain_v1_stats_train_clean.pt,runs/pretrain/amass_clean/medium_100ep_simmim/seed42/in_pk__loss_pkd/lightning_logs/version_0/checkpoints/epoch=99-step=11500.ckpt
amass_clean,medium_100ep_simmim,seed1,in_pkd__loss_p,pkd,p,carepd_cross_3DGait_to_PD-GaM,cross,3DGait,PD-GaM,1,0.28704274259507656,0.24636002133289972,0.5885965824127197,0.5962879657745361,0.28704274259507656,0.24636002133289972,0.5885965824127197,,,,3e-6,carepd_BMCLab_6fold_1,macro_f1_012,false,pretrain_v1_stats_train_clean.pt,runs/pretrain/amass_clean/medium_100ep_simmim/seed1/in_pkd__loss_p/lightning_logs/version_0/checkpoints/epoch=94-step=10925.ckpt
amass_clean,medium_100ep_simmim,seed1,in_pkd__loss_p,pkd,p,carepd_cross_BMCLab_to_PD-GaM,cross,BMCLab,PD-GaM,1,0.26937128882855177,0.35916171843806904,0.38809558749198914,0.5616904497146606,0.26937128882855177,0.35916171843806904,0.38809558749198914,,,,3e-6,carepd_BMCLab_6fold_1,macro_f1_012,false,pretrain_v1_stats_train_clean.pt,runs/pretrain/amass_clean/medium_100ep_simmim/seed1/in_pkd__loss_p/lightning_logs/version_0/checkpoints/epoch=94-step=10925.ckpt
amass_clean,medium_100ep_simmim,seed1,in_pkd__loss_p,pkd,p,carepd_cross_T-SDU-PD_to_PD-GaM,cross,T-SDU-PD,PD-GaM,1,0.31681464798748493,0.4224195306499799,0.4825340509414673,0.6770850419998169,0.31681464798748493,0.4224195306499799,0.4825340509414673,,,,3e-6,carepd_BMCLab_6fold_1,macro_f1_012,false,pretrain_v1_stats_train_clean.pt,runs/pretrain/amass_clean/medium_100ep_simmim/seed1/in_pkd__loss_p/lightning_logs/version_0/checkpoints/epoch=94-step=10925.ckpt
amass_clean,medium_100ep_simmim,seed2,in_pkd__loss_p,pkd,p,carepd_cross_T-SDU-PD_to_PD-GaM,cross,T-SDU-PD,PD-GaM,1,0.32919042464345694,0.4389205661912759,0.47895222902297974,0.6711974143981934,0.32919042464345694,0.4389205661912759,0.47895222902297974,,,,1e-6,carepd_BMCLab_6fold_1,macro_f1_012,false,pretrain_v1_stats_train_clean.pt,runs/pretrain/amass_clean/medium_100ep_simmim/seed2/in_pkd__loss_p/lightning_logs/version_0/checkpoints/epoch=94-step=10925.ckpt
amass_clean,medium_100ep_simmim,seed2,in_pkd__loss_p,pkd,p,carepd_cross_BMCLab_to_PD-GaM,cross,BMCLab,PD-GaM,1,0.35409433394670486,0.4721257785956065,0.3653959631919861,0.44953328371047974,0.35409433394670486,0.4721257785956065,0.3653959631919861,,,,1e-6,carepd_BMCLab_6fold_1,macro_f1_012,false,pretrain_v1_stats_train_clean.pt,runs/pretrain/amass_clean/medium_100ep_simmim/seed2/in_pkd__loss_p/lightning_logs/version_0/checkpoints/epoch=94-step=10925.ckpt
amass_clean,medium_100ep_simmim,seed2,in_pkd__loss_p,pkd,p,carepd_cross_3DGait_to_PD-GaM,cross,3DGait,PD-GaM,1,0.4535632578190416,0.4160717722649376,0.5641793012619019,0.6079323291778564,0.4535632578190416,0.4160717722649376,0.5641793012619019,,,,1e-6,carepd_BMCLab_6fold_1,macro_f1_012,false,pretrain_v1_stats_train_clean.pt,runs/pretrain/amass_clean/medium_100ep_simmim/seed2/in_pkd__loss_p/lightning_logs/version_0/checkpoints/epoch=94-step=10925.ckpt
amass_clean,medium_100ep_simmim,seed42,in_pkd__loss_p,pkd,p,carepd_cross_T-SDU-PD_to_PD-GaM,cross,T-SDU-PD,PD-GaM,1,0.3065940965898335,0.40879212878644466,0.4319389760494232,0.6149769425392151,0.3065940965898335,0.40879212878644466,0.4319389760494232,,,,1e-6,carepd_BMCLab_6fold_1,macro_f1_012,false,pretrain_v1_stats_train_clean.pt,runs/pretrain/amass_clean/medium_100ep_simmim/seed42/in_pkd__loss_p/lightning_logs/version_0/checkpoints/epoch=99-step=11500.ckpt
amass_clean,medium_100ep_simmim,seed42,in_pkd__loss_p,pkd,p,carepd_cross_3DGait_to_PD-GaM,cross,3DGait,PD-GaM,1,0.3139069976750761,0.24167192013313374,0.5498008131980896,0.5642478466033936,0.3139069976750761,0.24167192013313374,0.5498008131980896,,,,1e-6,carepd_BMCLab_6fold_1,macro_f1_012,false,pretrain_v1_stats_train_clean.pt,runs/pretrain/amass_clean/medium_100ep_simmim/seed42/in_pkd__loss_p/lightning_logs/version_0/checkpoints/epoch=99-step=11500.ckpt
amass_clean,medium_100ep_simmim,seed42,in_pkd__loss_p,pkd,p,carepd_cross_BMCLab_to_PD-GaM,cross,BMCLab,PD-GaM,1,0.2691534236073494,0.3588712314764659,0.3535248637199402,0.47470420598983765,0.2691534236073494,0.3588712314764659,0.3535248637199402,,,,1e-6,carepd_BMCLab_6fold_1,macro_f1_012,false,pretrain_v1_stats_train_clean.pt,runs/pretrain/amass_clean/medium_100ep_simmim/seed42/in_pkd__loss_p/lightning_logs/version_0/checkpoints/epoch=99-step=11500.ckpt
amass_clean,medium_100ep_simmim,seed1,in_pkd__loss_pk,pkd,pk,carepd_cross_3DGait_to_PD-GaM,cross,3DGait,PD-GaM,1,0.2645387393422425,0.2706670369952917,0.5232025384902954,0.6095629334449768,0.2645387393422425,0.2706670369952917,0.5232025384902954,,,,3e-6,carepd_BMCLab_6fold_1,macro_f1_012,false,pretrain_v1_stats_train_clean.pt,runs/pretrain/amass_clean/medium_100ep_simmim/seed1/in_pkd__loss_pk/lightning_logs/version_0/checkpoints/epoch=99-step=11500.ckpt
amass_clean,medium_100ep_simmim,seed1,in_pkd__loss_pk,pkd,pk,carepd_cross_BMCLab_to_PD-GaM,cross,BMCLab,PD-GaM,1,0.22079042345285416,0.2943872312704722,0.21155554056167603,0.29253941774368286,0.22079042345285416,0.2943872312704722,0.21155554056167603,,,,3e-6,carepd_BMCLab_6fold_1,macro_f1_012,false,pretrain_v1_stats_train_clean.pt,runs/pretrain/amass_clean/medium_100ep_simmim/seed1/in_pkd__loss_pk/lightning_logs/version_0/checkpoints/epoch=99-step=11500.ckpt
amass_clean,medium_100ep_simmim,seed1,in_pkd__loss_pk,pkd,pk,carepd_cross_T-SDU-PD_to_PD-GaM,cross,T-SDU-PD,PD-GaM,1,0.30593930650502443,0.4079190753400326,0.4473448395729065,0.631282389163971,0.30593930650502443,0.4079190753400326,0.4473448395729065,,,,3e-6,carepd_BMCLab_6fold_1,macro_f1_012,false,pretrain_v1_stats_train_clean.pt,runs/pretrain/amass_clean/medium_100ep_simmim/seed1/in_pkd__loss_pk/lightning_logs/version_0/checkpoints/epoch=99-step=11500.ckpt
amass_clean,medium_100ep_simmim,seed2,in_pkd__loss_pk,pkd,pk,carepd_cross_BMCLab_to_PD-GaM,cross,BMCLab,PD-GaM,1,0.24464724771678448,0.326196330289046,0.3183147609233856,0.41491439938545227,0.24464724771678448,0.326196330289046,0.3183147609233856,,,,1e-6,carepd_BMCLab_6fold_1,macro_f1_012,false,pretrain_v1_stats_train_clean.pt,runs/pretrain/amass_clean/medium_100ep_simmim/seed2/in_pkd__loss_pk/lightning_logs/version_0/checkpoints/epoch=99-step=11500.ckpt
amass_clean,medium_100ep_simmim,seed2,in_pkd__loss_pk,pkd,pk,carepd_cross_3DGait_to_PD-GaM,cross,3DGait,PD-GaM,1,0.3629242293536663,0.3370063155889511,0.4212103486061096,0.4216865003108978,0.3629242293536663,0.3370063155889511,0.4212103486061096,,,,1e-6,carepd_BMCLab_6fold_1,macro_f1_012,false,pretrain_v1_stats_train_clean.pt,runs/pretrain/amass_clean/medium_100ep_simmim/seed2/in_pkd__loss_pk/lightning_logs/version_0/checkpoints/epoch=99-step=11500.ckpt
amass_clean,medium_100ep_simmim,seed2,in_pkd__loss_pk,pkd,pk,carepd_cross_T-SDU-PD_to_PD-GaM,cross,T-SDU-PD,PD-GaM,1,0.3905537351965904,0.5207383135954539,0.4975396394729614,0.6885635852813721,0.3905537351965904,0.5207383135954539,0.4975396394729614,,,,1e-6,carepd_BMCLab_6fold_1,macro_f1_012,false,pretrain_v1_stats_train_clean.pt,runs/pretrain/amass_clean/medium_100ep_simmim/seed2/in_pkd__loss_pk/lightning_logs/version_0/checkpoints/epoch=99-step=11500.ckpt
amass_clean,medium_100ep_simmim,seed42,in_pkd__loss_pk,pkd,pk,carepd_cross_BMCLab_to_PD-GaM,cross,BMCLab,PD-GaM,1,0.15241776406764984,0.2032236854235331,0.2587074637413025,0.24952003359794617,0.15241776406764984,0.2032236854235331,0.2587074637413025,,,,1e-6,carepd_BMCLab_6fold_1,macro_f1_012,false,pretrain_v1_stats_train_clean.pt,runs/pretrain/amass_clean/medium_100ep_simmim/seed42/in_pkd__loss_pk/lightning_logs/version_0/checkpoints/epoch=94-step=10925.ckpt
amass_clean,medium_100ep_simmim,seed42,in_pkd__loss_pk,pkd,pk,carepd_cross_T-SDU-PD_to_PD-GaM,cross,T-SDU-PD,PD-GaM,1,0.3188023343682289,0.42506977915763855,0.35929977893829346,0.40634647011756897,0.3188023343682289,0.42506977915763855,0.35929977893829346,,,,1e-6,carepd_BMCLab_6fold_1,macro_f1_012,false,pretrain_v1_stats_train_clean.pt,runs/pretrain/amass_clean/medium_100ep_simmim/seed42/in_pkd__loss_pk/lightning_logs/version_0/checkpoints/epoch=94-step=10925.ckpt
amass_clean,medium_100ep_simmim,seed42,in_pkd__loss_pk,pkd,pk,carepd_cross_3DGait_to_PD-GaM,cross,3DGait,PD-GaM,1,0.25321722449734807,0.19347881836195788,0.3973257541656494,0.35683655738830566,0.25321722449734807,0.19347881836195788,0.3973257541656494,,,,1e-6,carepd_BMCLab_6fold_1,macro_f1_012,false,pretrain_v1_stats_train_clean.pt,runs/pretrain/amass_clean/medium_100ep_simmim/seed42/in_pkd__loss_pk/lightning_logs/version_0/checkpoints/epoch=94-step=10925.ckpt
amass_clean,medium_100ep_simmim,seed1,in_pkd__loss_pkd,pkd,pkd,carepd_cross_BMCLab_to_PD-GaM,cross,BMCLab,PD-GaM,1,0.16161692701280117,0.21548923601706824,0.29388853907585144,0.325782835483551,0.16161692701280117,0.21548923601706824,0.29388853907585144,,,,0.00001,carepd_BMCLab_6fold_1,macro_f1_012,false,pretrain_v1_stats_train_clean.pt,runs/pretrain/amass_clean/medium_100ep_simmim/seed1/in_pkd__loss_pkd/lightning_logs/version_0/checkpoints/epoch=99-step=11500.ckpt
amass_clean,medium_100ep_simmim,seed1,in_pkd__loss_pkd,pkd,pkd,carepd_cross_T-SDU-PD_to_PD-GaM,cross,T-SDU-PD,PD-GaM,1,0.32188549265265465,0.4291806568702062,0.38201773166656494,0.5087095499038696,0.32188549265265465,0.4291806568702062,0.38201773166656494,,,,0.00001,carepd_BMCLab_6fold_1,macro_f1_012,false,pretrain_v1_stats_train_clean.pt,runs/pretrain/amass_clean/medium_100ep_simmim/seed1/in_pkd__loss_pkd/lightning_logs/version_0/checkpoints/epoch=99-step=11500.ckpt
amass_clean,medium_100ep_simmim,seed1,in_pkd__loss_pkd,pkd,pkd,carepd_cross_3DGait_to_PD-GaM,cross,3DGait,PD-GaM,1,0.22583270323229954,0.19277694161670902,0.3590750992298126,0.3283809721469879,0.22583270323229954,0.19277694161670902,0.3590750992298126,,,,0.00001,carepd_BMCLab_6fold_1,macro_f1_012,false,pretrain_v1_stats_train_clean.pt,runs/pretrain/amass_clean/medium_100ep_simmim/seed1/in_pkd__loss_pkd/lightning_logs/version_0/checkpoints/epoch=99-step=11500.ckpt
amass_clean,medium_100ep_simmim,seed2,in_pkd__loss_pkd,pkd,pkd,carepd_cross_BMCLab_to_PD-GaM,cross,BMCLab,PD-GaM,1,0.16458384692668915,0.21944512923558554,0.28457969427108765,0.3113824129104614,0.16458384692668915,0.21944512923558554,0.28457969427108765,,,,3e-6,carepd_BMCLab_6fold_1,macro_f1_012,false,pretrain_v1_stats_train_clean.pt,runs/pretrain/amass_clean/medium_100ep_simmim/seed2/in_pkd__loss_pkd/lightning_logs/version_0/checkpoints/epoch=99-step=11500.ckpt
amass_clean,medium_100ep_simmim,seed2,in_pkd__loss_pkd,pkd,pkd,carepd_cross_3DGait_to_PD-GaM,cross,3DGait,PD-GaM,1,0.1654161885380745,0.18281906843185425,0.2288305163383484,0.2930455207824707,0.1654161885380745,0.18281906843185425,0.2288305163383484,,,,3e-6,carepd_BMCLab_6fold_1,macro_f1_012,false,pretrain_v1_stats_train_clean.pt,runs/pretrain/amass_clean/medium_100ep_simmim/seed2/in_pkd__loss_pkd/lightning_logs/version_0/checkpoints/epoch=99-step=11500.ckpt
amass_clean,medium_100ep_simmim,seed2,in_pkd__loss_pkd,pkd,pkd,carepd_cross_T-SDU-PD_to_PD-GaM,cross,T-SDU-PD,PD-GaM,1,0.35449888557195663,0.4726651807626088,0.3953959345817566,0.5446858406066895,0.35449888557195663,0.4726651807626088,0.3953959345817566,,,,3e-6,carepd_BMCLab_6fold_1,macro_f1_012,false,pretrain_v1_stats_train_clean.pt,runs/pretrain/amass_clean/medium_100ep_simmim/seed2/in_pkd__loss_pkd/lightning_logs/version_0/checkpoints/epoch=99-step=11500.ckpt
amass_clean,medium_100ep_simmim,seed42,in_pkd__loss_pkd,pkd,pkd,carepd_cross_BMCLab_to_PD-GaM,cross,BMCLab,PD-GaM,1,0.234568003565073,0.31275733808676404,0.34971076250076294,0.40648433566093445,0.234568003565073,0.31275733808676404,0.34971076250076294,,,,1e-6,carepd_BMCLab_6fold_1,macro_f1_012,false,pretrain_v1_stats_train_clean.pt,runs/pretrain/amass_clean/medium_100ep_simmim/seed42/in_pkd__loss_pkd/lightning_logs/version_0/checkpoints/epoch=99-step=11500.ckpt
amass_clean,medium_100ep_simmim,seed42,in_pkd__loss_pkd,pkd,pkd,carepd_cross_3DGait_to_PD-GaM,cross,3DGait,PD-GaM,1,0.16682896355632693,0.1867243320060273,0.24940800666809082,0.321036159992218,0.16682896355632693,0.1867243320060273,0.24940800666809082,,,,1e-6,carepd_BMCLab_6fold_1,macro_f1_012,false,pretrain_v1_stats_train_clean.pt,runs/pretrain/amass_clean/medium_100ep_simmim/seed42/in_pkd__loss_pkd/lightning_logs/version_0/checkpoints/epoch=99-step=11500.ckpt
amass_clean,medium_100ep_simmim,seed42,in_pkd__loss_pkd,pkd,pkd,carepd_cross_T-SDU-PD_to_PD-GaM,cross,T-SDU-PD,PD-GaM,1,0.3092414648272097,0.4123219531029463,0.38146328926086426,0.5866877436637878,0.3092414648272097,0.4123219531029463,0.38146328926086426,,,,1e-6,carepd_BMCLab_6fold_1,macro_f1_012,false,pretrain_v1_stats_train_clean.pt,runs/pretrain/amass_clean/medium_100ep_simmim/seed42/in_pkd__loss_pkd/lightning_logs/version_0/checkpoints/epoch=99-step=11500.ckpt
amass_clean,medium_100ep_simmim,seed1,in_p__loss_p,p,p,carepd_cross_3DGait_to_T-SDU-PD,cross,3DGait,T-SDU-PD,1,0.23696786956861615,0.31595715942482155,0.46179720759391785,0.36675405502319336,0.23696786956861615,0.31595715942482155,0.46179720759391785,,,,0.00001,carepd_BMCLab_6fold_1,macro_f1_012,false,pretrain_v1_stats_train_clean.pt,runs/pretrain/amass_clean/medium_100ep_simmim/seed1/in_p__loss_p/lightning_logs/version_0/checkpoints/epoch=94-step=10925.ckpt
amass_clean,medium_100ep_simmim,seed1,in_p__loss_p,p,p,carepd_cross_BMCLab_to_T-SDU-PD,cross,BMCLab,T-SDU-PD,1,0.2379795741289854,0.3173060988386472,0.43648481369018555,0.3631712794303894,0.2379795741289854,0.3173060988386472,0.43648481369018555,,,,0.00001,carepd_BMCLab_6fold_1,macro_f1_012,false,pretrain_v1_stats_train_clean.pt,runs/pretrain/amass_clean/medium_100ep_simmim/seed1/in_p__loss_p/lightning_logs/version_0/checkpoints/epoch=94-step=10925.ckpt
amass_clean,medium_100ep_simmim,seed1,in_p__loss_p,p,p,carepd_cross_PD-GaM_to_T-SDU-PD,cross,PD-GaM,T-SDU-PD,1,0.22368918638676405,0.2982522485156854,0.5050753355026245,0.45059800148010254,0.22368918638676405,0.2982522485156854,0.5050753355026245,,,,0.00001,carepd_BMCLab_6fold_1,macro_f1_012,false,pretrain_v1_stats_train_clean.pt,runs/pretrain/amass_clean/medium_100ep_simmim/seed1/in_p__loss_p/lightning_logs/version_0/checkpoints/epoch=94-step=10925.ckpt
amass_clean,medium_100ep_simmim,seed2,in_p__loss_p,p,p,carepd_cross_3DGait_to_T-SDU-PD,cross,3DGait,T-SDU-PD,1,0.2014462798833847,0.26859503984451294,0.45818865299224854,0.34614723920822144,0.2014462798833847,0.26859503984451294,0.45818865299224854,,,,3e-6,carepd_BMCLab_6fold_1,macro_f1_012,false,pretrain_v1_stats_train_clean.pt,runs/pretrain/amass_clean/medium_100ep_simmim/seed2/in_p__loss_p/lightning_logs/version_0/checkpoints/epoch=99-step=11500.ckpt
amass_clean,medium_100ep_simmim,seed2,in_p__loss_p,p,p,carepd_cross_PD-GaM_to_T-SDU-PD,cross,PD-GaM,T-SDU-PD,1,0.2527996152639389,0.3370661536852519,0.5012723803520203,0.38923609256744385,0.2527996152639389,0.3370661536852519,0.5012723803520203,,,,3e-6,carepd_BMCLab_6fold_1,macro_f1_012,false,pretrain_v1_stats_train_clean.pt,runs/pretrain/amass_clean/medium_100ep_simmim/seed2/in_p__loss_p/lightning_logs/version_0/checkpoints/epoch=99-step=11500.ckpt
amass_clean,medium_100ep_simmim,seed2,in_p__loss_p,p,p,carepd_cross_BMCLab_to_T-SDU-PD,cross,BMCLab,T-SDU-PD,1,0.3768918663263321,0.5025224884351095,0.4503439962863922,0.46394383907318115,0.3768918663263321,0.5025224884351095,0.4503439962863922,,,,3e-6,carepd_BMCLab_6fold_1,macro_f1_012,false,pretrain_v1_stats_train_clean.pt,runs/pretrain/amass_clean/medium_100ep_simmim/seed2/in_p__loss_p/lightning_logs/version_0/checkpoints/epoch=99-step=11500.ckpt
amass_clean,medium_100ep_simmim,seed42,in_p__loss_p,p,p,carepd_cross_3DGait_to_T-SDU-PD,cross,3DGait,T-SDU-PD,1,0.20627470314502716,0.2750329375267029,0.4815622866153717,0.37826696038246155,0.20627470314502716,0.2750329375267029,0.4815622866153717,,,,1e-6,carepd_BMCLab_6fold_1,macro_f1_012,false,pretrain_v1_stats_train_clean.pt,runs/pretrain/amass_clean/medium_100ep_simmim/seed42/in_p__loss_p/lightning_logs/version_0/checkpoints/epoch=99-step=11500.ckpt
amass_clean,medium_100ep_simmim,seed42,in_p__loss_p,p,p,carepd_cross_BMCLab_to_T-SDU-PD,cross,BMCLab,T-SDU-PD,1,0.33480293303728104,0.4464039107163747,0.43489471077919006,0.44276711344718933,0.33480293303728104,0.4464039107163747,0.43489471077919006,,,,1e-6,carepd_BMCLab_6fold_1,macro_f1_012,false,pretrain_v1_stats_train_clean.pt,runs/pretrain/amass_clean/medium_100ep_simmim/seed42/in_p__loss_p/lightning_logs/version_0/checkpoints/epoch=99-step=11500.ckpt
amass_clean,medium_100ep_simmim,seed42,in_p__loss_p,p,p,carepd_cross_PD-GaM_to_T-SDU-PD,cross,PD-GaM,T-SDU-PD,1,0.24564027786254883,0.32752037048339844,0.422481507062912,0.38937869668006897,0.24564027786254883,0.32752037048339844,0.422481507062912,,,,1e-6,carepd_BMCLab_6fold_1,macro_f1_012,false,pretrain_v1_stats_train_clean.pt,runs/pretrain/amass_clean/medium_100ep_simmim/seed42/in_p__loss_p/lightning_logs/version_0/checkpoints/epoch=99-step=11500.ckpt
amass_clean,medium_100ep_simmim,seed1,in_p__loss_pk,p,pk,carepd_cross_PD-GaM_to_T-SDU-PD,cross,PD-GaM,T-SDU-PD,1,0.28920964151620865,0.3856128553549449,0.5507864356040955,0.4382219612598419,0.28920964151620865,0.3856128553549449,0.5507864356040955,,,,1e-6,carepd_BMCLab_6fold_1,macro_f1_012,false,pretrain_v1_stats_train_clean.pt,runs/pretrain/amass_clean/medium_100ep_simmim/seed1/in_p__loss_pk/lightning_logs/version_0/checkpoints/epoch=99-step=11500.ckpt
amass_clean,medium_100ep_simmim,seed1,in_p__loss_pk,p,pk,carepd_cross_3DGait_to_T-SDU-PD,cross,3DGait,T-SDU-PD,1,0.24357938766479492,0.32477251688639325,0.45997461676597595,0.35591745376586914,0.24357938766479492,0.32477251688639325,0.45997461676597595,,,,1e-6,carepd_BMCLab_6fold_1,macro_f1_012,false,pretrain_v1_stats_train_clean.pt,runs/pretrain/amass_clean/medium_100ep_simmim/seed1/in_p__loss_pk/lightning_logs/version_0/checkpoints/epoch=99-step=11500.ckpt
amass_clean,medium_100ep_simmim,seed1,in_p__loss_pk,p,pk,carepd_cross_BMCLab_to_T-SDU-PD,cross,BMCLab,T-SDU-PD,1,0.227034293115139,0.30271239082018536,0.417896032333374,0.3442569971084595,0.227034293115139,0.30271239082018536,0.417896032333374,,,,1e-6,carepd_BMCLab_6fold_1,macro_f1_012,false,pretrain_v1_stats_train_clean.pt,runs/pretrain/amass_clean/medium_100ep_simmim/seed1/in_p__loss_pk/lightning_logs/version_0/checkpoints/epoch=99-step=11500.ckpt
amass_clean,medium_100ep_simmim,seed2,in_p__loss_pk,p,pk,carepd_cross_3DGait_to_T-SDU-PD,cross,3DGait,T-SDU-PD,1,0.2717539817094803,0.36233864227930707,0.48964357376098633,0.36528280377388,0.2717539817094803,0.36233864227930707,0.48964357376098633,,,,1e-6,carepd_BMCLab_6fold_1,macro_f1_012,false,pretrain_v1_stats_train_clean.pt,runs/pretrain/amass_clean/medium_100ep_simmim/seed2/in_p__loss_pk/lightning_logs/version_0/checkpoints/epoch=99-step=11500.ckpt
amass_clean,medium_100ep_simmim,seed2,in_p__loss_pk,p,pk,carepd_cross_PD-GaM_to_T-SDU-PD,cross,PD-GaM,T-SDU-PD,1,0.20198113610967994,0.26930818147957325,0.457546591758728,0.48204100131988525,0.20198113610967994,0.26930818147957325,0.457546591758728,,,,1e-6,carepd_BMCLab_6fold_1,macro_f1_012,false,pretrain_v1_stats_train_clean.pt,runs/pretrain/amass_clean/medium_100ep_simmim/seed2/in_p__loss_pk/lightning_logs/version_0/checkpoints/epoch=99-step=11500.ckpt
amass_clean,medium_100ep_simmim,seed2,in_p__loss_pk,p,pk,carepd_cross_BMCLab_to_T-SDU-PD,cross,BMCLab,T-SDU-PD,1,0.2681153304874897,0.35748710731665295,0.4542483389377594,0.3579714894294739,0.2681153304874897,0.35748710731665295,0.4542483389377594,,,,1e-6,carepd_BMCLab_6fold_1,macro_f1_012,false,pretrain_v1_stats_train_clean.pt,runs/pretrain/amass_clean/medium_100ep_simmim/seed2/in_p__loss_pk/lightning_logs/version_0/checkpoints/epoch=99-step=11500.ckpt
amass_clean,medium_100ep_simmim,seed42,in_p__loss_pk,p,pk,carepd_cross_3DGait_to_T-SDU-PD,cross,3DGait,T-SDU-PD,1,0.21684565022587776,0.28912753363450366,0.4501049220561981,0.3364483714103699,0.21684565022587776,0.28912753363450366,0.4501049220561981,,,,3e-6,carepd_BMCLab_6fold_1,macro_f1_012,false,pretrain_v1_stats_train_clean.pt,runs/pretrain/amass_clean/medium_100ep_simmim/seed42/in_p__loss_pk/lightning_logs/version_0/checkpoints/epoch=99-step=11500.ckpt
amass_clean,medium_100ep_simmim,seed42,in_p__loss_pk,p,pk,carepd_cross_PD-GaM_to_T-SDU-PD,cross,PD-GaM,T-SDU-PD,1,0.2550000958144665,0.34000012775262195,0.5331146717071533,0.4927504360675812,0.2550000958144665,0.34000012775262195,0.5331146717071533,,,,3e-6,carepd_BMCLab_6fold_1,macro_f1_012,false,pretrain_v1_stats_train_clean.pt,runs/pretrain/amass_clean/medium_100ep_simmim/seed42/in_p__loss_pk/lightning_logs/version_0/checkpoints/epoch=99-step=11500.ckpt
amass_clean,medium_100ep_simmim,seed42,in_p__loss_pk,p,pk,carepd_cross_BMCLab_to_T-SDU-PD,cross,BMCLab,T-SDU-PD,1,0.25424876995384693,0.33899835993846256,0.4645345211029053,0.3680194914340973,0.25424876995384693,0.33899835993846256,0.4645345211029053,,,,3e-6,carepd_BMCLab_6fold_1,macro_f1_012,false,pretrain_v1_stats_train_clean.pt,runs/pretrain/amass_clean/medium_100ep_simmim/seed42/in_p__loss_pk/lightning_logs/version_0/checkpoints/epoch=99-step=11500.ckpt
amass_clean,medium_100ep_simmim,seed1,in_p__loss_pkd,p,pkd,carepd_cross_PD-GaM_to_T-SDU-PD,cross,PD-GaM,T-SDU-PD,1,0.22985244635492563,0.3064699284732342,0.4342927634716034,0.40646013617515564,0.22985244635492563,0.3064699284732342,0.4342927634716034,,,,3e-6,carepd_BMCLab_6fold_1,macro_f1_012,false,pretrain_v1_stats_train_clean.pt,runs/pretrain/amass_clean/medium_100ep_simmim/seed1/in_p__loss_pkd/lightning_logs/version_0/checkpoints/epoch=99-step=11500.ckpt
amass_clean,medium_100ep_simmim,seed1,in_p__loss_pkd,p,pkd,carepd_cross_3DGait_to_T-SDU-PD,cross,3DGait,T-SDU-PD,1,0.23752939701080322,0.316705862681071,0.45556411147117615,0.3331452012062073,0.23752939701080322,0.316705862681071,0.45556411147117615,,,,3e-6,carepd_BMCLab_6fold_1,macro_f1_012,false,pretrain_v1_stats_train_clean.pt,runs/pretrain/amass_clean/medium_100ep_simmim/seed1/in_p__loss_pkd/lightning_logs/version_0/checkpoints/epoch=99-step=11500.ckpt
amass_clean,medium_100ep_simmim,seed1,in_p__loss_pkd,p,pkd,carepd_cross_BMCLab_to_T-SDU-PD,cross,BMCLab,T-SDU-PD,1,0.3037817254662514,0.4050423006216685,0.4740891456604004,0.4322095811367035,0.3037817254662514,0.4050423006216685,0.4740891456604004,,,,3e-6,carepd_BMCLab_6fold_1,macro_f1_012,false,pretrain_v1_stats_train_clean.pt,runs/pretrain/amass_clean/medium_100ep_simmim/seed1/in_p__loss_pkd/lightning_logs/version_0/checkpoints/epoch=99-step=11500.ckpt
amass_clean,medium_100ep_simmim,seed2,in_p__loss_pkd,p,pkd,carepd_cross_PD-GaM_to_T-SDU-PD,cross,PD-GaM,T-SDU-PD,1,0.2570522241294384,0.3427362988392512,0.4333690106868744,0.4171079993247986,0.2570522241294384,0.3427362988392512,0.4333690106868744,,,,0.0001,carepd_BMCLab_6fold_1,macro_f1_012,false,pretrain_v1_stats_train_clean.pt,runs/pretrain/amass_clean/medium_100ep_simmim/seed2/in_p__loss_pkd/lightning_logs/version_0/checkpoints/epoch=99-step=11500.ckpt
amass_clean,medium_100ep_simmim,seed2,in_p__loss_pkd,p,pkd,carepd_cross_BMCLab_to_T-SDU-PD,cross,BMCLab,T-SDU-PD,1,0.28351137414574623,0.3780151655276616,0.4194105565547943,0.4416257441043854,0.28351137414574623,0.3780151655276616,0.4194105565547943,,,,0.0001,carepd_BMCLab_6fold_1,macro_f1_012,false,pretrain_v1_stats_train_clean.pt,runs/pretrain/amass_clean/medium_100ep_simmim/seed2/in_p__loss_pkd/lightning_logs/version_0/checkpoints/epoch=99-step=11500.ckpt
amass_clean,medium_100ep_simmim,seed2,in_p__loss_pkd,p,pkd,carepd_cross_3DGait_to_T-SDU-PD,cross,3DGait,T-SDU-PD,1,0.22912395000457764,0.3054986000061035,0.49060115218162537,0.33354732394218445,0.22912395000457764,0.3054986000061035,0.49060115218162537,,,,0.0001,carepd_BMCLab_6fold_1,macro_f1_012,false,pretrain_v1_stats_train_clean.pt,runs/pretrain/amass_clean/medium_100ep_simmim/seed2/in_p__loss_pkd/lightning_logs/version_0/checkpoints/epoch=99-step=11500.ckpt
amass_clean,medium_100ep_simmim,seed42,in_p__loss_pkd,p,pkd,carepd_cross_BMCLab_to_T-SDU-PD,cross,BMCLab,T-SDU-PD,1,0.29624681547284126,0.39499575396378833,0.4761735498905182,0.42804479598999023,0.29624681547284126,0.39499575396378833,0.4761735498905182,,,,1e-6,carepd_BMCLab_6fold_1,macro_f1_012,false,pretrain_v1_stats_train_clean.pt,runs/pretrain/amass_clean/medium_100ep_simmim/seed42/in_p__loss_pkd/lightning_logs/version_0/checkpoints/epoch=94-step=10925.ckpt
amass_clean,medium_100ep_simmim,seed42,in_p__loss_pkd,p,pkd,carepd_cross_3DGait_to_T-SDU-PD,cross,3DGait,T-SDU-PD,1,0.2243373803794384,0.29911650717258453,0.5040784478187561,0.3493746817111969,0.2243373803794384,0.29911650717258453,0.5040784478187561,,,,1e-6,carepd_BMCLab_6fold_1,macro_f1_012,false,pretrain_v1_stats_train_clean.pt,runs/pretrain/amass_clean/medium_100ep_simmim/seed42/in_p__loss_pkd/lightning_logs/version_0/checkpoints/epoch=94-step=10925.ckpt
amass_clean,medium_100ep_simmim,seed42,in_p__loss_pkd,p,pkd,carepd_cross_PD-GaM_to_T-SDU-PD,cross,PD-GaM,T-SDU-PD,1,0.21926976181566715,0.29235968242088956,0.4052514135837555,0.3718700110912323,0.21926976181566715,0.29235968242088956,0.4052514135837555,,,,1e-6,carepd_BMCLab_6fold_1,macro_f1_012,false,pretrain_v1_stats_train_clean.pt,runs/pretrain/amass_clean/medium_100ep_simmim/seed42/in_p__loss_pkd/lightning_logs/version_0/checkpoints/epoch=94-step=10925.ckpt
amass_clean,medium_100ep_simmim,seed1,in_pk__loss_p,pk,p,carepd_cross_BMCLab_to_T-SDU-PD,cross,BMCLab,T-SDU-PD,1,0.3126102015376091,0.41681360205014545,0.44327712059020996,0.41535407304763794,0.3126102015376091,0.41681360205014545,0.44327712059020996,,,,3e-6,carepd_BMCLab_6fold_1,macro_f1_012,false,pretrain_v1_stats_train_clean.pt,runs/pretrain/amass_clean/medium_100ep_simmim/seed1/in_pk__loss_p/lightning_logs/version_0/checkpoints/epoch=94-step=10925.ckpt
amass_clean,medium_100ep_simmim,seed1,in_pk__loss_p,pk,p,carepd_cross_3DGait_to_T-SDU-PD,cross,3DGait,T-SDU-PD,1,0.2255665734410286,0.3007554312547048,0.4694640636444092,0.35042160749435425,0.2255665734410286,0.3007554312547048,0.4694640636444092,,,,3e-6,carepd_BMCLab_6fold_1,macro_f1_012,false,pretrain_v1_stats_train_clean.pt,runs/pretrain/amass_clean/medium_100ep_simmim/seed1/in_pk__loss_p/lightning_logs/version_0/checkpoints/epoch=94-step=10925.ckpt
amass_clean,medium_100ep_simmim,seed1,in_pk__loss_p,pk,p,carepd_cross_PD-GaM_to_T-SDU-PD,cross,PD-GaM,T-SDU-PD,1,0.24075145181268454,0.32100193575024605,0.49266937375068665,0.3727644383907318,0.24075145181268454,0.32100193575024605,0.49266937375068665,,,,3e-6,carepd_BMCLab_6fold_1,macro_f1_012,false,pretrain_v1_stats_train_clean.pt,runs/pretrain/amass_clean/medium_100ep_simmim/seed1/in_pk__loss_p/lightning_logs/version_0/checkpoints/epoch=94-step=10925.ckpt
amass_clean,medium_100ep_simmim,seed2,in_pk__loss_p,pk,p,carepd_cross_PD-GaM_to_T-SDU-PD,cross,PD-GaM,T-SDU-PD,1,0.26261109206825495,0.35014812275767326,0.46653619408607483,0.40752995014190674,0.26261109206825495,0.35014812275767326,0.46653619408607483,,,,1e-6,carepd_BMCLab_6fold_1,macro_f1_012,false,pretrain_v1_stats_train_clean.pt,runs/pretrain/amass_clean/medium_100ep_simmim/seed2/in_pk__loss_p/lightning_logs/version_0/checkpoints/epoch=99-step=11500.ckpt
amass_clean,medium_100ep_simmim,seed2,in_pk__loss_p,pk,p,carepd_cross_BMCLab_to_T-SDU-PD,cross,BMCLab,T-SDU-PD,1,0.3792320266366005,0.505642702182134,0.44196686148643494,0.46608030796051025,0.3792320266366005,0.505642702182134,0.44196686148643494,,,,1e-6,carepd_BMCLab_6fold_1,macro_f1_012,false,pretrain_v1_stats_train_clean.pt,runs/pretrain/amass_clean/medium_100ep_simmim/seed2/in_pk__loss_p/lightning_logs/version_0/checkpoints/epoch=99-step=11500.ckpt
amass_clean,medium_100ep_simmim,seed2,in_pk__loss_p,pk,p,carepd_cross_3DGait_to_T-SDU-PD,cross,3DGait,T-SDU-PD,1,0.20972817041911185,0.2796375605588158,0.46110764145851135,0.3513355851173401,0.20972817041911185,0.2796375605588158,0.46110764145851135,,,,1e-6,carepd_BMCLab_6fold_1,macro_f1_012,false,pretrain_v1_stats_train_clean.pt,runs/pretrain/amass_clean/medium_100ep_simmim/seed2/in_pk__loss_p/lightning_logs/version_0/checkpoints/epoch=99-step=11500.ckpt
amass_clean,medium_100ep_simmim,seed42,in_pk__loss_p,pk,p,carepd_cross_PD-GaM_to_T-SDU-PD,cross,PD-GaM,T-SDU-PD,1,0.23210102319717407,0.30946803092956543,0.43991217017173767,0.38773709535598755,0.23210102319717407,0.30946803092956543,0.43991217017173767,,,,0.0001,carepd_BMCLab_6fold_1,macro_f1_012,false,pretrain_v1_stats_train_clean.pt,runs/pretrain/amass_clean/medium_100ep_simmim/seed42/in_pk__loss_p/lightning_logs/version_0/checkpoints/epoch=99-step=11500.ckpt
amass_clean,medium_100ep_simmim,seed42,in_pk__loss_p,pk,p,carepd_cross_BMCLab_to_T-SDU-PD,cross,BMCLab,T-SDU-PD,1,0.2482457011938095,0.33099426825841266,0.4823807179927826,0.4058540463447571,0.2482457011938095,0.33099426825841266,0.4823807179927826,,,,0.0001,carepd_BMCLab_6fold_1,macro_f1_012,false,pretrain_v1_stats_train_clean.pt,runs/pretrain/amass_clean/medium_100ep_simmim/seed42/in_pk__loss_p/lightning_logs/version_0/checkpoints/epoch=99-step=11500.ckpt
amass_clean,medium_100ep_simmim,seed42,in_pk__loss_p,pk,p,carepd_cross_3DGait_to_T-SDU-PD,cross,3DGait,T-SDU-PD,1,0.23719435930252075,0.31625914573669434,0.4562731683254242,0.3537388741970062,0.23719435930252075,0.31625914573669434,0.4562731683254242,,,,0.0001,carepd_BMCLab_6fold_1,macro_f1_012,false,pretrain_v1_stats_train_clean.pt,runs/pretrain/amass_clean/medium_100ep_simmim/seed42/in_pk__loss_p/lightning_logs/version_0/checkpoints/epoch=99-step=11500.ckpt
amass_clean,medium_100ep_simmim,seed1,in_pk__loss_pk,pk,pk,carepd_cross_BMCLab_to_T-SDU-PD,cross,BMCLab,T-SDU-PD,1,0.30118805915117264,0.40158407886823017,0.4852137565612793,0.46125921607017517,0.30118805915117264,0.40158407886823017,0.4852137565612793,,,,1e-6,carepd_BMCLab_6fold_1,macro_f1_012,false,pretrain_v1_stats_train_clean.pt,runs/pretrain/amass_clean/medium_100ep_simmim/seed1/in_pk__loss_pk/lightning_logs/version_0/checkpoints/epoch=99-step=11500.ckpt
amass_clean,medium_100ep_simmim,seed1,in_pk__loss_pk,pk,pk,carepd_cross_3DGait_to_T-SDU-PD,cross,3DGait,T-SDU-PD,1,0.2673543579876423,0.3564724773168564,0.4795282781124115,0.3716657757759094,0.2673543579876423,0.3564724773168564,0.4795282781124115,,,,1e-6,carepd_BMCLab_6fold_1,macro_f1_012,false,pretrain_v1_stats_train_clean.pt,runs/pretrain/amass_clean/medium_100ep_simmim/seed1/in_pk__loss_pk/lightning_logs/version_0/checkpoints/epoch=99-step=11500.ckpt
amass_clean,medium_100ep_simmim,seed1,in_pk__loss_pk,pk,pk,carepd_cross_PD-GaM_to_T-SDU-PD,cross,PD-GaM,T-SDU-PD,1,0.22068903036415577,0.29425204048554104,0.4982109069824219,0.4761647880077362,0.22068903036415577,0.29425204048554104,0.4982109069824219,,,,1e-6,carepd_BMCLab_6fold_1,macro_f1_012,false,pretrain_v1_stats_train_clean.pt,runs/pretrain/amass_clean/medium_100ep_simmim/seed1/in_pk__loss_pk/lightning_logs/version_0/checkpoints/epoch=99-step=11500.ckpt
amass_clean,medium_100ep_simmim,seed2,in_pk__loss_pk,pk,pk,carepd_cross_BMCLab_to_T-SDU-PD,cross,BMCLab,T-SDU-PD,1,0.3163714874535799,0.42182864993810654,0.45692458748817444,0.47360530495643616,0.3163714874535799,0.42182864993810654,0.45692458748817444,,,,3e-6,carepd_BMCLab_6fold_1,macro_f1_012,false,pretrain_v1_stats_train_clean.pt,runs/pretrain/amass_clean/medium_100ep_simmim/seed2/in_pk__loss_pk/lightning_logs/version_0/checkpoints/epoch=99-step=11500.ckpt
amass_clean,medium_100ep_simmim,seed2,in_pk__loss_pk,pk,pk,carepd_cross_3DGait_to_T-SDU-PD,cross,3DGait,T-SDU-PD,1,0.2685471959412098,0.35806292792161304,0.46347537636756897,0.3808131217956543,0.2685471959412098,0.35806292792161304,0.46347537636756897,,,,3e-6,carepd_BMCLab_6fold_1,macro_f1_012,false,pretrain_v1_stats_train_clean.pt,runs/pretrain/amass_clean/medium_100ep_simmim/seed2/in_pk__loss_pk/lightning_logs/version_0/checkpoints/epoch=99-step=11500.ckpt
amass_clean,medium_100ep_simmim,seed2,in_pk__loss_pk,pk,pk,carepd_cross_PD-GaM_to_T-SDU-PD,cross,PD-GaM,T-SDU-PD,1,0.19837837386876345,0.2645044984916846,0.48560476303100586,0.4533250033855438,0.19837837386876345,0.2645044984916846,0.48560476303100586,,,,3e-6,carepd_BMCLab_6fold_1,macro_f1_012,false,pretrain_v1_stats_train_clean.pt,runs/pretrain/amass_clean/medium_100ep_simmim/seed2/in_pk__loss_pk/lightning_logs/version_0/checkpoints/epoch=99-step=11500.ckpt
amass_clean,medium_100ep_simmim,seed42,in_pk__loss_pk,pk,pk,carepd_cross_BMCLab_to_T-SDU-PD,cross,BMCLab,T-SDU-PD,1,0.32954007387161255,0.4393867651621501,0.4487553536891937,0.46122393012046814,0.32954007387161255,0.4393867651621501,0.4487553536891937,,,,1e-6,carepd_BMCLab_6fold_1,macro_f1_012,false,pretrain_v1_stats_train_clean.pt,runs/pretrain/amass_clean/medium_100ep_simmim/seed42/in_pk__loss_pk/lightning_logs/version_0/checkpoints/epoch=99-step=11500.ckpt
amass_clean,medium_100ep_simmim,seed42,in_pk__loss_pk,pk,pk,carepd_cross_PD-GaM_to_T-SDU-PD,cross,PD-GaM,T-SDU-PD,1,0.2463474003598094,0.32846320047974586,0.47785234451293945,0.45612773299217224,0.2463474003598094,0.32846320047974586,0.47785234451293945,,,,1e-6,carepd_BMCLab_6fold_1,macro_f1_012,false,pretrain_v1_stats_train_clean.pt,runs/pretrain/amass_clean/medium_100ep_simmim/seed42/in_pk__loss_pk/lightning_logs/version_0/checkpoints/epoch=99-step=11500.ckpt
amass_clean,medium_100ep_simmim,seed42,in_pk__loss_pk,pk,pk,carepd_cross_3DGait_to_T-SDU-PD,cross,3DGait,T-SDU-PD,1,0.2617015279829502,0.3489353706439336,0.4689730405807495,0.3504056930541992,0.2617015279829502,0.3489353706439336,0.4689730405807495,,,,1e-6,carepd_BMCLab_6fold_1,macro_f1_012,false,pretrain_v1_stats_train_clean.pt,runs/pretrain/amass_clean/medium_100ep_simmim/seed42/in_pk__loss_pk/lightning_logs/version_0/checkpoints/epoch=99-step=11500.ckpt
amass_clean,medium_100ep_simmim,seed1,in_pk__loss_pkd,pk,pkd,carepd_cross_BMCLab_to_T-SDU-PD,cross,BMCLab,T-SDU-PD,1,0.3660784959793091,0.4881046613057454,0.5089828372001648,0.49082720279693604,0.3660784959793091,0.4881046613057454,0.5089828372001648,,,,3e-6,carepd_BMCLab_6fold_1,macro_f1_012,false,pretrain_v1_stats_train_clean.pt,runs/pretrain/amass_clean/medium_100ep_simmim/seed1/in_pk__loss_pkd/lightning_logs/version_0/checkpoints/epoch=99-step=11500.ckpt
amass_clean,medium_100ep_simmim,seed1,in_pk__loss_pkd,pk,pkd,carepd_cross_PD-GaM_to_T-SDU-PD,cross,PD-GaM,T-SDU-PD,1,0.22216551005840302,0.29622068007787067,0.42866039276123047,0.43221375346183777,0.22216551005840302,0.29622068007787067,0.42866039276123047,,,,3e-6,carepd_BMCLab_6fold_1,macro_f1_012,false,pretrain_v1_stats_train_clean.pt,runs/pretrain/amass_clean/medium_100ep_simmim/seed1/in_pk__loss_pkd/lightning_logs/version_0/checkpoints/epoch=99-step=11500.ckpt
amass_clean,medium_100ep_simmim,seed1,in_pk__loss_pkd,pk,pkd,carepd_cross_3DGait_to_T-SDU-PD,cross,3DGait,T-SDU-PD,1,0.2583469934761524,0.34446265796820325,0.4699845612049103,0.3707829713821411,0.2583469934761524,0.34446265796820325,0.4699845612049103,,,,3e-6,carepd_BMCLab_6fold_1,macro_f1_012,false,pretrain_v1_stats_train_clean.pt,runs/pretrain/amass_clean/medium_100ep_simmim/seed1/in_pk__loss_pkd/lightning_logs/version_0/checkpoints/epoch=99-step=11500.ckpt
amass_clean,medium_100ep_simmim,seed2,in_pk__loss_pkd,pk,pkd,carepd_cross_3DGait_to_T-SDU-PD,cross,3DGait,T-SDU-PD,1,0.2842959128320217,0.3790612171093623,0.504034161567688,0.3967873454093933,0.2842959128320217,0.3790612171093623,0.504034161567688,,,,1e-6,carepd_BMCLab_6fold_1,macro_f1_012,false,pretrain_v1_stats_train_clean.pt,runs/pretrain/amass_clean/medium_100ep_simmim/seed2/in_pk__loss_pkd/lightning_logs/version_0/checkpoints/epoch=94-step=10925.ckpt
amass_clean,medium_100ep_simmim,seed2,in_pk__loss_pkd,pk,pkd,carepd_cross_BMCLab_to_T-SDU-PD,cross,BMCLab,T-SDU-PD,1,0.3183329626917839,0.42444395025571185,0.4979904890060425,0.4513637125492096,0.3183329626917839,0.42444395025571185,0.4979904890060425,,,,1e-6,carepd_BMCLab_6fold_1,macro_f1_012,false,pretrain_v1_stats_train_clean.pt,runs/pretrain/amass_clean/medium_100ep_simmim/seed2/in_pk__loss_pkd/lightning_logs/version_0/checkpoints/epoch=94-step=10925.ckpt
amass_clean,medium_100ep_simmim,seed2,in_pk__loss_pkd,pk,pkd,carepd_cross_PD-GaM_to_T-SDU-PD,cross,PD-GaM,T-SDU-PD,1,0.2211615750566125,0.2948821000754833,0.4257465898990631,0.41982030868530273,0.2211615750566125,0.2948821000754833,0.4257465898990631,,,,1e-6,carepd_BMCLab_6fold_1,macro_f1_012,false,pretrain_v1_stats_train_clean.pt,runs/pretrain/amass_clean/medium_100ep_simmim/seed2/in_pk__loss_pkd/lightning_logs/version_0/checkpoints/epoch=94-step=10925.ckpt
amass_clean,medium_100ep_simmim,seed42,in_pk__loss_pkd,pk,pkd,carepd_cross_BMCLab_to_T-SDU-PD,cross,BMCLab,T-SDU-PD,1,0.31673726439476013,0.42231635252634686,0.46231594681739807,0.4658755660057068,0.31673726439476013,0.42231635252634686,0.46231594681739807,,,,3e-6,carepd_BMCLab_6fold_1,macro_f1_012,false,pretrain_v1_stats_train_clean.pt,runs/pretrain/amass_clean/medium_100ep_simmim/seed42/in_pk__loss_pkd/lightning_logs/version_0/checkpoints/epoch=99-step=11500.ckpt
amass_clean,medium_100ep_simmim,seed42,in_pk__loss_pkd,pk,pkd,carepd_cross_3DGait_to_T-SDU-PD,cross,3DGait,T-SDU-PD,1,0.264210294932127,0.352280393242836,0.48383888602256775,0.3493581712245941,0.264210294932127,0.352280393242836,0.48383888602256775,,,,3e-6,carepd_BMCLab_6fold_1,macro_f1_012,false,pretrain_v1_stats_train_clean.pt,runs/pretrain/amass_clean/medium_100ep_simmim/seed42/in_pk__loss_pkd/lightning_logs/version_0/checkpoints/epoch=99-step=11500.ckpt
amass_clean,medium_100ep_simmim,seed42,in_pk__loss_pkd,pk,pkd,carepd_cross_PD-GaM_to_T-SDU-PD,cross,PD-GaM,T-SDU-PD,1,0.20547475293278694,0.27396633724371594,0.4018331468105316,0.4285030663013458,0.20547475293278694,0.27396633724371594,0.4018331468105316,,,,3e-6,carepd_BMCLab_6fold_1,macro_f1_012,false,pretrain_v1_stats_train_clean.pt,runs/pretrain/amass_clean/medium_100ep_simmim/seed42/in_pk__loss_pkd/lightning_logs/version_0/checkpoints/epoch=99-step=11500.ckpt
amass_clean,medium_100ep_simmim,seed1,in_pkd__loss_p,pkd,p,carepd_cross_3DGait_to_T-SDU-PD,cross,3DGait,T-SDU-PD,1,0.24623285979032516,0.32831047972043353,0.49463024735450745,0.3575896918773651,0.24623285979032516,0.32831047972043353,0.49463024735450745,,,,3e-6,carepd_BMCLab_6fold_1,macro_f1_012,false,pretrain_v1_stats_train_clean.pt,runs/pretrain/amass_clean/medium_100ep_simmim/seed1/in_pkd__loss_p/lightning_logs/version_0/checkpoints/epoch=94-step=10925.ckpt
amass_clean,medium_100ep_simmim,seed1,in_pkd__loss_p,pkd,p,carepd_cross_BMCLab_to_T-SDU-PD,cross,BMCLab,T-SDU-PD,1,0.3378804847598076,0.4505073130130768,0.44376909732818604,0.4739700257778168,0.3378804847598076,0.4505073130130768,0.44376909732818604,,,,3e-6,carepd_BMCLab_6fold_1,macro_f1_012,false,pretrain_v1_stats_train_clean.pt,runs/pretrain/amass_clean/medium_100ep_simmim/seed1/in_pkd__loss_p/lightning_logs/version_0/checkpoints/epoch=94-step=10925.ckpt
amass_clean,medium_100ep_simmim,seed1,in_pkd__loss_p,pkd,p,carepd_cross_PD-GaM_to_T-SDU-PD,cross,PD-GaM,T-SDU-PD,1,0.31411417573690414,0.4188189009825389,0.5021314024925232,0.4282578229904175,0.31411417573690414,0.4188189009825389,0.5021314024925232,,,,3e-6,carepd_BMCLab_6fold_1,macro_f1_012,false,pretrain_v1_stats_train_clean.pt,runs/pretrain/amass_clean/medium_100ep_simmim/seed1/in_pkd__loss_p/lightning_logs/version_0/checkpoints/epoch=94-step=10925.ckpt
amass_clean,medium_100ep_simmim,seed2,in_pkd__loss_p,pkd,p,carepd_cross_3DGait_to_T-SDU-PD,cross,3DGait,T-SDU-PD,1,0.22916928073391318,0.3055590409785509,0.44088324904441833,0.366027295589447,0.22916928073391318,0.3055590409785509,0.44088324904441833,,,,1e-6,carepd_BMCLab_6fold_1,macro_f1_012,false,pretrain_v1_stats_train_clean.pt,runs/pretrain/amass_clean/medium_100ep_simmim/seed2/in_pkd__loss_p/lightning_logs/version_0/checkpoints/epoch=94-step=10925.ckpt
amass_clean,medium_100ep_simmim,seed2,in_pkd__loss_p,pkd,p,carepd_cross_BMCLab_to_T-SDU-PD,cross,BMCLab,T-SDU-PD,1,0.3250705152750015,0.433427353700002,0.405693382024765,0.43346256017684937,0.3250705152750015,0.433427353700002,0.405693382024765,,,,1e-6,carepd_BMCLab_6fold_1,macro_f1_012,false,pretrain_v1_stats_train_clean.pt,runs/pretrain/amass_clean/medium_100ep_simmim/seed2/in_pkd__loss_p/lightning_logs/version_0/checkpoints/epoch=94-step=10925.ckpt
amass_clean,medium_100ep_simmim,seed2,in_pkd__loss_p,pkd,p,carepd_cross_PD-GaM_to_T-SDU-PD,cross,PD-GaM,T-SDU-PD,1,0.30076705291867256,0.40102273722489673,0.4905182123184204,0.4842575192451477,0.30076705291867256,0.40102273722489673,0.4905182123184204,,,,1e-6,carepd_BMCLab_6fold_1,macro_f1_012,false,pretrain_v1_stats_train_clean.pt,runs/pretrain/amass_clean/medium_100ep_simmim/seed2/in_pkd__loss_p/lightning_logs/version_0/checkpoints/epoch=94-step=10925.ckpt
amass_clean,medium_100ep_simmim,seed42,in_pkd__loss_p,pkd,p,carepd_cross_3DGait_to_T-SDU-PD,cross,3DGait,T-SDU-PD,1,0.19065955793485045,0.2542127439131339,0.3857210576534271,0.3107425570487976,0.19065955793485045,0.2542127439131339,0.3857210576534271,,,,1e-6,carepd_BMCLab_6fold_1,macro_f1_012,false,pretrain_v1_stats_train_clean.pt,runs/pretrain/amass_clean/medium_100ep_simmim/seed42/in_pkd__loss_p/lightning_logs/version_0/checkpoints/epoch=99-step=11500.ckpt
amass_clean,medium_100ep_simmim,seed42,in_pkd__loss_p,pkd,p,carepd_cross_BMCLab_to_T-SDU-PD,cross,BMCLab,T-SDU-PD,1,0.2466378416866064,0.3288504555821419,0.42619848251342773,0.38435694575309753,0.2466378416866064,0.3288504555821419,0.42619848251342773,,,,1e-6,carepd_BMCLab_6fold_1,macro_f1_012,false,pretrain_v1_stats_train_clean.pt,runs/pretrain/amass_clean/medium_100ep_simmim/seed42/in_pkd__loss_p/lightning_logs/version_0/checkpoints/epoch=99-step=11500.ckpt
amass_clean,medium_100ep_simmim,seed42,in_pkd__loss_p,pkd,p,carepd_cross_PD-GaM_to_T-SDU-PD,cross,PD-GaM,T-SDU-PD,1,0.3106825053691864,0.41424334049224854,0.46022093296051025,0.3931507170200348,0.3106825053691864,0.41424334049224854,0.46022093296051025,,,,1e-6,carepd_BMCLab_6fold_1,macro_f1_012,false,pretrain_v1_stats_train_clean.pt,runs/pretrain/amass_clean/medium_100ep_simmim/seed42/in_pkd__loss_p/lightning_logs/version_0/checkpoints/epoch=99-step=11500.ckpt
amass_clean,medium_100ep_simmim,seed1,in_pkd__loss_pk,pkd,pk,carepd_cross_3DGait_to_T-SDU-PD,cross,3DGait,T-SDU-PD,1,0.24735064804553986,0.3298008640607198,0.5191362500190735,0.38760340213775635,0.24735064804553986,0.3298008640607198,0.5191362500190735,,,,3e-6,carepd_BMCLab_6fold_1,macro_f1_012,false,pretrain_v1_stats_train_clean.pt,runs/pretrain/amass_clean/medium_100ep_simmim/seed1/in_pkd__loss_pk/lightning_logs/version_0/checkpoints/epoch=99-step=11500.ckpt
amass_clean,medium_100ep_simmim,seed1,in_pkd__loss_pk,pkd,pk,carepd_cross_PD-GaM_to_T-SDU-PD,cross,PD-GaM,T-SDU-PD,1,0.2388448566198349,0.31845980882644653,0.4839847981929779,0.49687424302101135,0.2388448566198349,0.31845980882644653,0.4839847981929779,,,,3e-6,carepd_BMCLab_6fold_1,macro_f1_012,false,pretrain_v1_stats_train_clean.pt,runs/pretrain/amass_clean/medium_100ep_simmim/seed1/in_pkd__loss_pk/lightning_logs/version_0/checkpoints/epoch=99-step=11500.ckpt
amass_clean,medium_100ep_simmim,seed1,in_pkd__loss_pk,pkd,pk,carepd_cross_BMCLab_to_T-SDU-PD,cross,BMCLab,T-SDU-PD,1,0.25049255741760135,0.3339900765568018,0.37928080558776855,0.3878749907016754,0.25049255741760135,0.3339900765568018,0.37928080558776855,,,,3e-6,carepd_BMCLab_6fold_1,macro_f1_012,false,pretrain_v1_stats_train_clean.pt,runs/pretrain/amass_clean/medium_100ep_simmim/seed1/in_pkd__loss_pk/lightning_logs/version_0/checkpoints/epoch=99-step=11500.ckpt
amass_clean,medium_100ep_simmim,seed2,in_pkd__loss_pk,pkd,pk,carepd_cross_BMCLab_to_T-SDU-PD,cross,BMCLab,T-SDU-PD,1,0.25116679444909096,0.3348890592654546,0.4055178165435791,0.3908052444458008,0.25116679444909096,0.3348890592654546,0.4055178165435791,,,,1e-6,carepd_BMCLab_6fold_1,macro_f1_012,false,pretrain_v1_stats_train_clean.pt,runs/pretrain/amass_clean/medium_100ep_simmim/seed2/in_pkd__loss_pk/lightning_logs/version_0/checkpoints/epoch=99-step=11500.ckpt
amass_clean,medium_100ep_simmim,seed2,in_pkd__loss_pk,pkd,pk,carepd_cross_PD-GaM_to_T-SDU-PD,cross,PD-GaM,T-SDU-PD,1,0.2073002876713872,0.2764003835618496,0.4970264434814453,0.4976544976234436,0.2073002876713872,0.2764003835618496,0.4970264434814453,,,,1e-6,carepd_BMCLab_6fold_1,macro_f1_012,false,pretrain_v1_stats_train_clean.pt,runs/pretrain/amass_clean/medium_100ep_simmim/seed2/in_pkd__loss_pk/lightning_logs/version_0/checkpoints/epoch=99-step=11500.ckpt
amass_clean,medium_100ep_simmim,seed2,in_pkd__loss_pk,pkd,pk,carepd_cross_3DGait_to_T-SDU-PD,cross,3DGait,T-SDU-PD,1,0.2529704198241234,0.3372938930988312,0.4392580986022949,0.3438364267349243,0.2529704198241234,0.3372938930988312,0.4392580986022949,,,,1e-6,carepd_BMCLab_6fold_1,macro_f1_012,false,pretrain_v1_stats_train_clean.pt,runs/pretrain/amass_clean/medium_100ep_simmim/seed2/in_pkd__loss_pk/lightning_logs/version_0/checkpoints/epoch=99-step=11500.ckpt
amass_clean,medium_100ep_simmim,seed42,in_pkd__loss_pk,pkd,pk,carepd_cross_3DGait_to_T-SDU-PD,cross,3DGait,T-SDU-PD,1,0.2260611653327942,0.30141488711039227,0.45383772253990173,0.3332611620426178,0.2260611653327942,0.30141488711039227,0.45383772253990173,,,,1e-6,carepd_BMCLab_6fold_1,macro_f1_012,false,pretrain_v1_stats_train_clean.pt,runs/pretrain/amass_clean/medium_100ep_simmim/seed42/in_pkd__loss_pk/lightning_logs/version_0/checkpoints/epoch=94-step=10925.ckpt
amass_clean,medium_100ep_simmim,seed42,in_pkd__loss_pk,pkd,pk,carepd_cross_BMCLab_to_T-SDU-PD,cross,BMCLab,T-SDU-PD,1,0.22736594872549176,0.30315459830065566,0.39052054286003113,0.410096675157547,0.22736594872549176,0.30315459830065566,0.39052054286003113,,,,1e-6,carepd_BMCLab_6fold_1,macro_f1_012,false,pretrain_v1_stats_train_clean.pt,runs/pretrain/amass_clean/medium_100ep_simmim/seed42/in_pkd__loss_pk/lightning_logs/version_0/checkpoints/epoch=94-step=10925.ckpt
amass_clean,medium_100ep_simmim,seed42,in_pkd__loss_pk,pkd,pk,carepd_cross_PD-GaM_to_T-SDU-PD,cross,PD-GaM,T-SDU-PD,1,0.2825471870601177,0.3767295827468236,0.5330860018730164,0.47654086351394653,0.2825471870601177,0.3767295827468236,0.5330860018730164,,,,1e-6,carepd_BMCLab_6fold_1,macro_f1_012,false,pretrain_v1_stats_train_clean.pt,runs/pretrain/amass_clean/medium_100ep_simmim/seed42/in_pkd__loss_pk/lightning_logs/version_0/checkpoints/epoch=94-step=10925.ckpt
amass_clean,medium_100ep_simmim,seed1,in_pkd__loss_pkd,pkd,pkd,carepd_cross_BMCLab_to_T-SDU-PD,cross,BMCLab,T-SDU-PD,1,0.1652436340227723,0.22032484536369643,0.37715134024620056,0.3222009539604187,0.1652436340227723,0.22032484536369643,0.37715134024620056,,,,0.00001,carepd_BMCLab_6fold_1,macro_f1_012,false,pretrain_v1_stats_train_clean.pt,runs/pretrain/amass_clean/medium_100ep_simmim/seed1/in_pkd__loss_pkd/lightning_logs/version_0/checkpoints/epoch=99-step=11500.ckpt
amass_clean,medium_100ep_simmim,seed1,in_pkd__loss_pkd,pkd,pkd,carepd_cross_3DGait_to_T-SDU-PD,cross,3DGait,T-SDU-PD,1,0.1361281732097268,0.18150423094630241,0.3200017809867859,0.3135841488838196,0.1361281732097268,0.18150423094630241,0.3200017809867859,,,,0.00001,carepd_BMCLab_6fold_1,macro_f1_012,false,pretrain_v1_stats_train_clean.pt,runs/pretrain/amass_clean/medium_100ep_simmim/seed1/in_pkd__loss_pkd/lightning_logs/version_0/checkpoints/epoch=99-step=11500.ckpt
amass_clean,medium_100ep_simmim,seed1,in_pkd__loss_pkd,pkd,pkd,carepd_cross_PD-GaM_to_T-SDU-PD,cross,PD-GaM,T-SDU-PD,1,0.28275248035788536,0.37700330714384717,0.5463332533836365,0.46528932452201843,0.28275248035788536,0.37700330714384717,0.5463332533836365,,,,0.00001,carepd_BMCLab_6fold_1,macro_f1_012,false,pretrain_v1_stats_train_clean.pt,runs/pretrain/amass_clean/medium_100ep_simmim/seed1/in_pkd__loss_pkd/lightning_logs/version_0/checkpoints/epoch=99-step=11500.ckpt
amass_clean,medium_100ep_simmim,seed2,in_pkd__loss_pkd,pkd,pkd,carepd_cross_3DGait_to_T-SDU-PD,cross,3DGait,T-SDU-PD,1,0.13963275589048862,0.18617700785398483,0.42258062958717346,0.3118617534637451,0.13963275589048862,0.18617700785398483,0.42258062958717346,,,,3e-6,carepd_BMCLab_6fold_1,macro_f1_012,false,pretrain_v1_stats_train_clean.pt,runs/pretrain/amass_clean/medium_100ep_simmim/seed2/in_pkd__loss_pkd/lightning_logs/version_0/checkpoints/epoch=99-step=11500.ckpt
amass_clean,medium_100ep_simmim,seed2,in_pkd__loss_pkd,pkd,pkd,carepd_cross_PD-GaM_to_T-SDU-PD,cross,PD-GaM,T-SDU-PD,1,0.2954222224652767,0.39389629662036896,0.501826822757721,0.5267756581306458,0.2954222224652767,0.39389629662036896,0.501826822757721,,,,3e-6,carepd_BMCLab_6fold_1,macro_f1_012,false,pretrain_v1_stats_train_clean.pt,runs/pretrain/amass_clean/medium_100ep_simmim/seed2/in_pkd__loss_pkd/lightning_logs/version_0/checkpoints/epoch=99-step=11500.ckpt
amass_clean,medium_100ep_simmim,seed2,in_pkd__loss_pkd,pkd,pkd,carepd_cross_BMCLab_to_T-SDU-PD,cross,BMCLab,T-SDU-PD,1,0.2715938314795494,0.36212510863939923,0.45142748951911926,0.3807315528392792,0.2715938314795494,0.36212510863939923,0.45142748951911926,,,,3e-6,carepd_BMCLab_6fold_1,macro_f1_012,false,pretrain_v1_stats_train_clean.pt,runs/pretrain/amass_clean/medium_100ep_simmim/seed2/in_pkd__loss_pkd/lightning_logs/version_0/checkpoints/epoch=99-step=11500.ckpt
amass_clean,medium_100ep_simmim,seed42,in_pkd__loss_pkd,pkd,pkd,carepd_cross_3DGait_to_T-SDU-PD,cross,3DGait,T-SDU-PD,1,0.14788515772670507,0.19718021030227342,0.37771645188331604,0.33170461654663086,0.14788515772670507,0.19718021030227342,0.37771645188331604,,,,1e-6,carepd_BMCLab_6fold_1,macro_f1_012,false,pretrain_v1_stats_train_clean.pt,runs/pretrain/amass_clean/medium_100ep_simmim/seed42/in_pkd__loss_pkd/lightning_logs/version_0/checkpoints/epoch=99-step=11500.ckpt
amass_clean,medium_100ep_simmim,seed42,in_pkd__loss_pkd,pkd,pkd,carepd_cross_BMCLab_to_T-SDU-PD,cross,BMCLab,T-SDU-PD,1,0.25989824160933495,0.3465309888124466,0.4589269459247589,0.365945428609848,0.25989824160933495,0.3465309888124466,0.4589269459247589,,,,1e-6,carepd_BMCLab_6fold_1,macro_f1_012,false,pretrain_v1_stats_train_clean.pt,runs/pretrain/amass_clean/medium_100ep_simmim/seed42/in_pkd__loss_pkd/lightning_logs/version_0/checkpoints/epoch=99-step=11500.ckpt
amass_clean,medium_100ep_simmim,seed42,in_pkd__loss_pkd,pkd,pkd,carepd_cross_PD-GaM_to_T-SDU-PD,cross,PD-GaM,T-SDU-PD,1,0.2524065189063549,0.3365420252084732,0.5231484770774841,0.4949533939361572,0.2524065189063549,0.3365420252084732,0.5231484770774841,,,,1e-6,carepd_BMCLab_6fold_1,macro_f1_012,false,pretrain_v1_stats_train_clean.pt,runs/pretrain/amass_clean/medium_100ep_simmim/seed42/in_pkd__loss_pkd/lightning_logs/version_0/checkpoints/epoch=99-step=11500.ckpt
amass_clean,medium_100ep_simmim,seed1,in_p__loss_p,p,p,carepd_lodo_3DGait,lodo,the other three,3DGait,1,0.2514712065458298,0.3352949420611064,0.440853476524353,0.3327348232269287,0.2514712065458298,0.3352949420611064,0.440853476524353,,,,0.00001,carepd_BMCLab_6fold_1,macro_f1_012,false,pretrain_v1_stats_train_clean.pt,runs/pretrain/amass_clean/medium_100ep_simmim/seed1/in_p__loss_p/lightning_logs/version_0/checkpoints/epoch=94-step=10925.ckpt
amass_clean,medium_100ep_simmim,seed2,in_p__loss_p,p,p,carepd_lodo_3DGait,lodo,the other three,3DGait,1,0.30982158705592155,0.27023830513159436,0.4866364002227783,0.33584344387054443,0.30982158705592155,0.27023830513159436,0.4866364002227783,,,,3e-6,carepd_BMCLab_6fold_1,macro_f1_012,false,pretrain_v1_stats_train_clean.pt,runs/pretrain/amass_clean/medium_100ep_simmim/seed2/in_p__loss_p/lightning_logs/version_0/checkpoints/epoch=99-step=11500.ckpt
amass_clean,medium_100ep_simmim,seed42,in_p__loss_p,p,p,carepd_lodo_3DGait,lodo,the other three,3DGait,1,0.22404496744275093,0.2987266232570012,0.4424174129962921,0.32942435145378113,0.22404496744275093,0.2987266232570012,0.4424174129962921,,,,1e-6,carepd_BMCLab_6fold_1,macro_f1_012,false,pretrain_v1_stats_train_clean.pt,runs/pretrain/amass_clean/medium_100ep_simmim/seed42/in_p__loss_p/lightning_logs/version_0/checkpoints/epoch=99-step=11500.ckpt
amass_clean,medium_100ep_simmim,seed1,in_p__loss_pk,p,pk,carepd_lodo_3DGait,lodo,the other three,3DGait,1,0.3460254929959774,0.4137482742468516,0.4978790879249573,0.36626550555229187,0.3460254929959774,0.4137482742468516,0.4978790879249573,,,,1e-6,carepd_BMCLab_6fold_1,macro_f1_012,false,pretrain_v1_stats_train_clean.pt,runs/pretrain/amass_clean/medium_100ep_simmim/seed1/in_p__loss_pk/lightning_logs/version_0/checkpoints/epoch=99-step=11500.ckpt
amass_clean,medium_100ep_simmim,seed2,in_p__loss_pk,p,pk,carepd_lodo_3DGait,lodo,the other three,3DGait,1,0.23638861626386642,0.25457875927289325,0.4177611768245697,0.292354941368103,0.23638861626386642,0.25457875927289325,0.4177611768245697,,,,1e-6,carepd_BMCLab_6fold_1,macro_f1_012,false,pretrain_v1_stats_train_clean.pt,runs/pretrain/amass_clean/medium_100ep_simmim/seed2/in_p__loss_pk/lightning_logs/version_0/checkpoints/epoch=99-step=11500.ckpt
amass_clean,medium_100ep_simmim,seed42,in_p__loss_pk,p,pk,carepd_lodo_3DGait,lodo,the other three,3DGait,1,0.35483870655298233,0.47311827540397644,0.45950034260749817,0.40064921975135803,0.35483870655298233,0.47311827540397644,0.45950034260749817,,,,3e-6,carepd_BMCLab_6fold_1,macro_f1_012,false,pretrain_v1_stats_train_clean.pt,runs/pretrain/amass_clean/medium_100ep_simmim/seed42/in_p__loss_pk/lightning_logs/version_0/checkpoints/epoch=99-step=11500.ckpt
amass_clean,medium_100ep_simmim,seed1,in_p__loss_pkd,p,pkd,carepd_lodo_3DGait,lodo,the other three,3DGait,1,0.36368175595998764,0.38234490156173706,0.49097102880477905,0.37463510036468506,0.36368175595998764,0.38234490156173706,0.49097102880477905,,,,3e-6,carepd_BMCLab_6fold_1,macro_f1_012,false,pretrain_v1_stats_train_clean.pt,runs/pretrain/amass_clean/medium_100ep_simmim/seed1/in_p__loss_pkd/lightning_logs/version_0/checkpoints/epoch=99-step=11500.ckpt
amass_clean,medium_100ep_simmim,seed2,in_p__loss_pkd,p,pkd,carepd_lodo_3DGait,lodo,the other three,3DGait,1,0.24121017009019852,0.26605800290902454,0.4093796908855438,0.32046273350715637,0.24121017009019852,0.26605800290902454,0.4093796908855438,,,,0.0001,carepd_BMCLab_6fold_1,macro_f1_012,false,pretrain_v1_stats_train_clean.pt,runs/pretrain/amass_clean/medium_100ep_simmim/seed2/in_p__loss_pkd/lightning_logs/version_0/checkpoints/epoch=99-step=11500.ckpt
amass_clean,medium_100ep_simmim,seed42,in_p__loss_pkd,p,pkd,carepd_lodo_3DGait,lodo,the other three,3DGait,1,0.32167793437838554,0.3177927980820338,0.4845350980758667,0.36098095774650574,0.32167793437838554,0.3177927980820338,0.4845350980758667,,,,1e-6,carepd_BMCLab_6fold_1,macro_f1_012,false,pretrain_v1_stats_train_clean.pt,runs/pretrain/amass_clean/medium_100ep_simmim/seed42/in_p__loss_pkd/lightning_logs/version_0/checkpoints/epoch=94-step=10925.ckpt
amass_clean,medium_100ep_simmim,seed1,in_pk__loss_p,pk,p,carepd_lodo_3DGait,lodo,the other three,3DGait,1,0.17938712984323502,0.23918283979098,0.3894050121307373,0.31097152829170227,0.17938712984323502,0.23918283979098,0.3894050121307373,,,,3e-6,carepd_BMCLab_6fold_1,macro_f1_012,false,pretrain_v1_stats_train_clean.pt,runs/pretrain/amass_clean/medium_100ep_simmim/seed1/in_pk__loss_p/lightning_logs/version_0/checkpoints/epoch=94-step=10925.ckpt
amass_clean,medium_100ep_simmim,seed2,in_pk__loss_p,pk,p,carepd_lodo_3DGait,lodo,the other three,3DGait,1,0.17246955633163452,0.22995940844217935,0.4290018379688263,0.3039574921131134,0.17246955633163452,0.22995940844217935,0.4290018379688263,,,,1e-6,carepd_BMCLab_6fold_1,macro_f1_012,false,pretrain_v1_stats_train_clean.pt,runs/pretrain/amass_clean/medium_100ep_simmim/seed2/in_pk__loss_p/lightning_logs/version_0/checkpoints/epoch=99-step=11500.ckpt
amass_clean,medium_100ep_simmim,seed42,in_pk__loss_p,pk,p,carepd_lodo_3DGait,lodo,the other three,3DGait,1,0.23649832047522068,0.3153310939669609,0.3848138451576233,0.32696157693862915,0.23649832047522068,0.3153310939669609,0.3848138451576233,,,,0.0001,carepd_BMCLab_6fold_1,macro_f1_012,false,pretrain_v1_stats_train_clean.pt,runs/pretrain/amass_clean/medium_100ep_simmim/seed42/in_pk__loss_p/lightning_logs/version_0/checkpoints/epoch=99-step=11500.ckpt
amass_clean,medium_100ep_simmim,seed1,in_pk__loss_pk,pk,pk,carepd_lodo_3DGait,lodo,the other three,3DGait,1,0.2657431550323963,0.2937181442975998,0.44403839111328125,0.3486219048500061,0.2657431550323963,0.2937181442975998,0.44403839111328125,,,,1e-6,carepd_BMCLab_6fold_1,macro_f1_012,false,pretrain_v1_stats_train_clean.pt,runs/pretrain/amass_clean/medium_100ep_simmim/seed1/in_pk__loss_pk/lightning_logs/version_0/checkpoints/epoch=99-step=11500.ckpt
amass_clean,medium_100ep_simmim,seed2,in_pk__loss_pk,pk,pk,carepd_lodo_3DGait,lodo,the other three,3DGait,1,0.22585513070225716,0.2535211245218913,0.40927985310554504,0.32297390699386597,0.22585513070225716,0.2535211245218913,0.40927985310554504,,,,3e-6,carepd_BMCLab_6fold_1,macro_f1_012,false,pretrain_v1_stats_train_clean.pt,runs/pretrain/amass_clean/medium_100ep_simmim/seed2/in_pk__loss_pk/lightning_logs/version_0/checkpoints/epoch=99-step=11500.ckpt
amass_clean,medium_100ep_simmim,seed42,in_pk__loss_pk,pk,pk,carepd_lodo_3DGait,lodo,the other three,3DGait,1,0.22200722619891167,0.2404540777206421,0.4664812684059143,0.34582656621932983,0.22200722619891167,0.2404540777206421,0.4664812684059143,,,,1e-6,carepd_BMCLab_6fold_1,macro_f1_012,false,pretrain_v1_stats_train_clean.pt,runs/pretrain/amass_clean/medium_100ep_simmim/seed42/in_pk__loss_pk/lightning_logs/version_0/checkpoints/epoch=99-step=11500.ckpt
amass_clean,medium_100ep_simmim,seed1,in_pk__loss_pkd,pk,pkd,carepd_lodo_3DGait,lodo,the other three,3DGait,1,0.30114205554127693,0.35390369097391766,0.45384541153907776,0.3328568935394287,0.30114205554127693,0.35390369097391766,0.45384541153907776,,,,3e-6,carepd_BMCLab_6fold_1,macro_f1_012,false,pretrain_v1_stats_train_clean.pt,runs/pretrain/amass_clean/medium_100ep_simmim/seed1/in_pk__loss_pkd/lightning_logs/version_0/checkpoints/epoch=99-step=11500.ckpt
amass_clean,medium_100ep_simmim,seed2,in_pk__loss_pkd,pk,pkd,carepd_lodo_3DGait,lodo,the other three,3DGait,1,0.2116137444972992,0.23453260958194733,0.486041396856308,0.31676405668258667,0.2116137444972992,0.23453260958194733,0.486041396856308,,,,1e-6,carepd_BMCLab_6fold_1,macro_f1_012,false,pretrain_v1_stats_train_clean.pt,runs/pretrain/amass_clean/medium_100ep_simmim/seed2/in_pk__loss_pkd/lightning_logs/version_0/checkpoints/epoch=94-step=10925.ckpt
amass_clean,medium_100ep_simmim,seed42,in_pk__loss_pkd,pk,pkd,carepd_lodo_3DGait,lodo,the other three,3DGait,1,0.28844349831342697,0.3845913310845693,0.4757454991340637,0.358376681804657,0.28844349831342697,0.3845913310845693,0.4757454991340637,,,,3e-6,carepd_BMCLab_6fold_1,macro_f1_012,false,pretrain_v1_stats_train_clean.pt,runs/pretrain/amass_clean/medium_100ep_simmim/seed42/in_pk__loss_pkd/lightning_logs/version_0/checkpoints/epoch=99-step=11500.ckpt
amass_clean,medium_100ep_simmim,seed1,in_pkd__loss_p,pkd,p,carepd_lodo_3DGait,lodo,the other three,3DGait,1,0.20262901484966278,0.27017201979955036,0.4104488790035248,0.3367915451526642,0.20262901484966278,0.27017201979955036,0.4104488790035248,,,,3e-6,carepd_BMCLab_6fold_1,macro_f1_012,false,pretrain_v1_stats_train_clean.pt,runs/pretrain/amass_clean/medium_100ep_simmim/seed1/in_pkd__loss_p/lightning_logs/version_0/checkpoints/epoch=94-step=10925.ckpt
amass_clean,medium_100ep_simmim,seed2,in_pkd__loss_p,pkd,p,carepd_lodo_3DGait,lodo,the other three,3DGait,1,0.2961670979857445,0.3948894639809926,0.5203679800033569,0.3511439561843872,0.2961670979857445,0.3948894639809926,0.5203679800033569,,,,1e-6,carepd_BMCLab_6fold_1,macro_f1_012,false,pretrain_v1_stats_train_clean.pt,runs/pretrain/amass_clean/medium_100ep_simmim/seed2/in_pkd__loss_p/lightning_logs/version_0/checkpoints/epoch=94-step=10925.ckpt
amass_clean,medium_100ep_simmim,seed42,in_pkd__loss_p,pkd,p,carepd_lodo_3DGait,lodo,the other three,3DGait,1,0.18493150919675827,0.2465753455956777,0.4655190110206604,0.31290361285209656,0.18493150919675827,0.2465753455956777,0.4655190110206604,,,,1e-6,carepd_BMCLab_6fold_1,macro_f1_012,false,pretrain_v1_stats_train_clean.pt,runs/pretrain/amass_clean/medium_100ep_simmim/seed42/in_pkd__loss_p/lightning_logs/version_0/checkpoints/epoch=99-step=11500.ckpt
amass_clean,medium_100ep_simmim,seed1,in_pkd__loss_pk,pkd,pk,carepd_lodo_3DGait,lodo,the other three,3DGait,1,0.1790476217865944,0.23873016238212585,0.5042985677719116,0.3456731140613556,0.1790476217865944,0.23873016238212585,0.5042985677719116,,,,3e-6,carepd_BMCLab_6fold_1,macro_f1_012,false,pretrain_v1_stats_train_clean.pt,runs/pretrain/amass_clean/medium_100ep_simmim/seed1/in_pkd__loss_pk/lightning_logs/version_0/checkpoints/epoch=99-step=11500.ckpt
amass_clean,medium_100ep_simmim,seed2,in_pkd__loss_pk,pkd,pk,carepd_lodo_3DGait,lodo,the other three,3DGait,1,0.19978633150458336,0.26638177533944446,0.4811517000198364,0.3155258595943451,0.19978633150458336,0.26638177533944446,0.4811517000198364,,,,1e-6,carepd_BMCLab_6fold_1,macro_f1_012,false,pretrain_v1_stats_train_clean.pt,runs/pretrain/amass_clean/medium_100ep_simmim/seed2/in_pkd__loss_pk/lightning_logs/version_0/checkpoints/epoch=99-step=11500.ckpt
amass_clean,medium_100ep_simmim,seed42,in_pkd__loss_pk,pkd,pk,carepd_lodo_3DGait,lodo,the other three,3DGait,1,0.1886078268289566,0.2514771024386088,0.47513851523399353,0.3298904299736023,0.1886078268289566,0.2514771024386088,0.47513851523399353,,,,1e-6,carepd_BMCLab_6fold_1,macro_f1_012,false,pretrain_v1_stats_train_clean.pt,runs/pretrain/amass_clean/medium_100ep_simmim/seed42/in_pkd__loss_pk/lightning_logs/version_0/checkpoints/epoch=94-step=10925.ckpt
amass_clean,medium_100ep_simmim,seed1,in_pkd__loss_pkd,pkd,pkd,carepd_lodo_3DGait,lodo,the other three,3DGait,1,0.15928951278328896,0.21238601704438528,0.4796477258205414,0.3037317395210266,0.15928951278328896,0.21238601704438528,0.4796477258205414,,,,0.00001,carepd_BMCLab_6fold_1,macro_f1_012,false,pretrain_v1_stats_train_clean.pt,runs/pretrain/amass_clean/medium_100ep_simmim/seed1/in_pkd__loss_pkd/lightning_logs/version_0/checkpoints/epoch=99-step=11500.ckpt
amass_clean,medium_100ep_simmim,seed2,in_pkd__loss_pkd,pkd,pkd,carepd_lodo_3DGait,lodo,the other three,3DGait,1,0.17534849420189857,0.2337979922691981,0.4911351203918457,0.3190953731536865,0.17534849420189857,0.2337979922691981,0.4911351203918457,,,,3e-6,carepd_BMCLab_6fold_1,macro_f1_012,false,pretrain_v1_stats_train_clean.pt,runs/pretrain/amass_clean/medium_100ep_simmim/seed2/in_pkd__loss_pkd/lightning_logs/version_0/checkpoints/epoch=99-step=11500.ckpt
amass_clean,medium_100ep_simmim,seed42,in_pkd__loss_pkd,pkd,pkd,carepd_lodo_3DGait,lodo,the other three,3DGait,1,0.160905746743083,0.214540995657444,0.48409175872802734,0.32519468665122986,0.160905746743083,0.214540995657444,0.48409175872802734,,,,1e-6,carepd_BMCLab_6fold_1,macro_f1_012,false,pretrain_v1_stats_train_clean.pt,runs/pretrain/amass_clean/medium_100ep_simmim/seed42/in_pkd__loss_pkd/lightning_logs/version_0/checkpoints/epoch=99-step=11500.ckpt
amass_clean,medium_100ep_simmim,seed1,in_p__loss_p,p,p,carepd_lodo_BMCLab,lodo,the other three,BMCLab,1,0.3290787413716316,0.4387716551621755,0.514122486114502,0.4057484567165375,0.3290787413716316,0.4387716551621755,0.514122486114502,,,,0.00001,carepd_BMCLab_6fold_1,macro_f1_012,false,pretrain_v1_stats_train_clean.pt,runs/pretrain/amass_clean/medium_100ep_simmim/seed1/in_p__loss_p/lightning_logs/version_0/checkpoints/epoch=94-step=10925.ckpt
amass_clean,medium_100ep_simmim,seed2,in_p__loss_p,p,p,carepd_lodo_BMCLab,lodo,the other three,BMCLab,1,0.20468487590551376,0.27291316787401837,0.5418742895126343,0.3712159991264343,0.20468487590551376,0.27291316787401837,0.5418742895126343,,,,3e-6,carepd_BMCLab_6fold_1,macro_f1_012,false,pretrain_v1_stats_train_clean.pt,runs/pretrain/amass_clean/medium_100ep_simmim/seed2/in_p__loss_p/lightning_logs/version_0/checkpoints/epoch=99-step=11500.ckpt
amass_clean,medium_100ep_simmim,seed42,in_p__loss_p,p,p,carepd_lodo_BMCLab,lodo,the other three,BMCLab,1,0.2607517847791314,0.3476690463721752,0.5813537240028381,0.4449084401130676,0.2607517847791314,0.3476690463721752,0.5813537240028381,,,,1e-6,carepd_BMCLab_6fold_1,macro_f1_012,false,pretrain_v1_stats_train_clean.pt,runs/pretrain/amass_clean/medium_100ep_simmim/seed42/in_p__loss_p/lightning_logs/version_0/checkpoints/epoch=99-step=11500.ckpt
amass_clean,medium_100ep_simmim,seed1,in_p__loss_pk,p,pk,carepd_lodo_BMCLab,lodo,the other three,BMCLab,1,0.3939971849322319,0.5253295799096426,0.5711216330528259,0.5635478496551514,0.3939971849322319,0.5253295799096426,0.5711216330528259,,,,1e-6,carepd_BMCLab_6fold_1,macro_f1_012,false,pretrain_v1_stats_train_clean.pt,runs/pretrain/amass_clean/medium_100ep_simmim/seed1/in_p__loss_pk/lightning_logs/version_0/checkpoints/epoch=99-step=11500.ckpt
amass_clean,medium_100ep_simmim,seed2,in_p__loss_pk,p,pk,carepd_lodo_BMCLab,lodo,the other three,BMCLab,1,0.29041388630867004,0.38721851507822674,0.3639545440673828,0.3237675428390503,0.29041388630867004,0.38721851507822674,0.3639545440673828,,,,1e-6,carepd_BMCLab_6fold_1,macro_f1_012,false,pretrain_v1_stats_train_clean.pt,runs/pretrain/amass_clean/medium_100ep_simmim/seed2/in_p__loss_pk/lightning_logs/version_0/checkpoints/epoch=99-step=11500.ckpt
amass_clean,medium_100ep_simmim,seed42,in_p__loss_pk,p,pk,carepd_lodo_BMCLab,lodo,the other three,BMCLab,1,0.37133725732564926,0.49511634310086566,0.5050577521324158,0.4727104902267456,0.37133725732564926,0.49511634310086566,0.5050577521324158,,,,3e-6,carepd_BMCLab_6fold_1,macro_f1_012,false,pretrain_v1_stats_train_clean.pt,runs/pretrain/amass_clean/medium_100ep_simmim/seed42/in_p__loss_pk/lightning_logs/version_0/checkpoints/epoch=99-step=11500.ckpt
amass_clean,medium_100ep_simmim,seed1,in_p__loss_pkd,p,pkd,carepd_lodo_BMCLab,lodo,the other three,BMCLab,1,0.3167201802134514,0.4222935736179352,0.4526965618133545,0.37878039479255676,0.3167201802134514,0.4222935736179352,0.4526965618133545,,,,3e-6,carepd_BMCLab_6fold_1,macro_f1_012,false,pretrain_v1_stats_train_clean.pt,runs/pretrain/amass_clean/medium_100ep_simmim/seed1/in_p__loss_pkd/lightning_logs/version_0/checkpoints/epoch=99-step=11500.ckpt
amass_clean,medium_100ep_simmim,seed2,in_p__loss_pkd,p,pkd,carepd_lodo_BMCLab,lodo,the other three,BMCLab,1,0.2912467531859875,0.3883290042479833,0.5752012133598328,0.6008464097976685,0.2912467531859875,0.3883290042479833,0.5752012133598328,,,,0.0001,carepd_BMCLab_6fold_1,macro_f1_012,false,pretrain_v1_stats_train_clean.pt,runs/pretrain/amass_clean/medium_100ep_simmim/seed2/in_p__loss_pkd/lightning_logs/version_0/checkpoints/epoch=99-step=11500.ckpt
amass_clean,medium_100ep_simmim,seed42,in_p__loss_pkd,p,pkd,carepd_lodo_BMCLab,lodo,the other three,BMCLab,1,0.3742765486240387,0.49903539816538495,0.5890476107597351,0.5103779435157776,0.3742765486240387,0.49903539816538495,0.5890476107597351,,,,1e-6,carepd_BMCLab_6fold_1,macro_f1_012,false,pretrain_v1_stats_train_clean.pt,runs/pretrain/amass_clean/medium_100ep_simmim/seed42/in_p__loss_pkd/lightning_logs/version_0/checkpoints/epoch=94-step=10925.ckpt
amass_clean,medium_100ep_simmim,seed1,in_pk__loss_p,pk,p,carepd_lodo_BMCLab,lodo,the other three,BMCLab,1,0.2703454587608576,0.36046061168114346,0.587657630443573,0.481947660446167,0.2703454587608576,0.36046061168114346,0.587657630443573,,,,3e-6,carepd_BMCLab_6fold_1,macro_f1_012,false,pretrain_v1_stats_train_clean.pt,runs/pretrain/amass_clean/medium_100ep_simmim/seed1/in_pk__loss_p/lightning_logs/version_0/checkpoints/epoch=94-step=10925.ckpt
amass_clean,medium_100ep_simmim,seed2,in_pk__loss_p,pk,p,carepd_lodo_BMCLab,lodo,the other three,BMCLab,1,0.2605809587985277,0.34744127839803696,0.5194967985153198,0.4403287470340729,0.2605809587985277,0.34744127839803696,0.5194967985153198,,,,1e-6,carepd_BMCLab_6fold_1,macro_f1_012,false,pretrain_v1_stats_train_clean.pt,runs/pretrain/amass_clean/medium_100ep_simmim/seed2/in_pk__loss_p/lightning_logs/version_0/checkpoints/epoch=99-step=11500.ckpt
amass_clean,medium_100ep_simmim,seed42,in_pk__loss_p,pk,p,carepd_lodo_BMCLab,lodo,the other three,BMCLab,1,0.20655186288058758,0.2754024838407834,0.6294703483581543,0.48646029829978943,0.20655186288058758,0.2754024838407834,0.6294703483581543,,,,0.0001,carepd_BMCLab_6fold_1,macro_f1_012,false,pretrain_v1_stats_train_clean.pt,runs/pretrain/amass_clean/medium_100ep_simmim/seed42/in_pk__loss_p/lightning_logs/version_0/checkpoints/epoch=99-step=11500.ckpt
amass_clean,medium_100ep_simmim,seed1,in_pk__loss_pk,pk,pk,carepd_lodo_BMCLab,lodo,the other three,BMCLab,1,0.3630402833223343,0.48405371109644574,0.4887309968471527,0.44256728887557983,0.3630402833223343,0.48405371109644574,0.4887309968471527,,,,1e-6,carepd_BMCLab_6fold_1,macro_f1_012,false,pretrain_v1_stats_train_clean.pt,runs/pretrain/amass_clean/medium_100ep_simmim/seed1/in_pk__loss_pk/lightning_logs/version_0/checkpoints/epoch=99-step=11500.ckpt
amass_clean,medium_100ep_simmim,seed2,in_pk__loss_pk,pk,pk,carepd_lodo_BMCLab,lodo,the other three,BMCLab,1,0.38840989023447037,0.5178798536459605,0.5904772877693176,0.543096125125885,0.38840989023447037,0.5178798536459605,0.5904772877693176,,,,3e-6,carepd_BMCLab_6fold_1,macro_f1_012,false,pretrain_v1_stats_train_clean.pt,runs/pretrain/amass_clean/medium_100ep_simmim/seed2/in_pk__loss_pk/lightning_logs/version_0/checkpoints/epoch=99-step=11500.ckpt
amass_clean,medium_100ep_simmim,seed42,in_pk__loss_pk,pk,pk,carepd_lodo_BMCLab,lodo,the other three,BMCLab,1,0.38413095474243164,0.5121746063232422,0.5254905223846436,0.5004883408546448,0.38413095474243164,0.5121746063232422,0.5254905223846436,,,,1e-6,carepd_BMCLab_6fold_1,macro_f1_012,false,pretrain_v1_stats_train_clean.pt,runs/pretrain/amass_clean/medium_100ep_simmim/seed42/in_pk__loss_pk/lightning_logs/version_0/checkpoints/epoch=99-step=11500.ckpt
amass_clean,medium_100ep_simmim,seed1,in_pk__loss_pkd,pk,pkd,carepd_lodo_BMCLab,lodo,the other three,BMCLab,1,0.30617978423833847,0.4082397123177846,0.52656489610672,0.408913254737854,0.30617978423833847,0.4082397123177846,0.52656489610672,,,,3e-6,carepd_BMCLab_6fold_1,macro_f1_012,false,pretrain_v1_stats_train_clean.pt,runs/pretrain/amass_clean/medium_100ep_simmim/seed1/in_pk__loss_pkd/lightning_logs/version_0/checkpoints/epoch=99-step=11500.ckpt
amass_clean,medium_100ep_simmim,seed2,in_pk__loss_pkd,pk,pkd,carepd_lodo_BMCLab,lodo,the other three,BMCLab,1,0.3652491122484207,0.4869988163312276,0.5562674403190613,0.4767884910106659,0.3652491122484207,0.4869988163312276,0.5562674403190613,,,,1e-6,carepd_BMCLab_6fold_1,macro_f1_012,false,pretrain_v1_stats_train_clean.pt,runs/pretrain/amass_clean/medium_100ep_simmim/seed2/in_pk__loss_pkd/lightning_logs/version_0/checkpoints/epoch=94-step=10925.ckpt
amass_clean,medium_100ep_simmim,seed42,in_pk__loss_pkd,pk,pkd,carepd_lodo_BMCLab,lodo,the other three,BMCLab,1,0.3945776894688606,0.5261035859584808,0.5962334275245667,0.5185481309890747,0.3945776894688606,0.5261035859584808,0.5962334275245667,,,,3e-6,carepd_BMCLab_6fold_1,macro_f1_012,false,pretrain_v1_stats_train_clean.pt,runs/pretrain/amass_clean/medium_100ep_simmim/seed42/in_pk__loss_pkd/lightning_logs/version_0/checkpoints/epoch=99-step=11500.ckpt
amass_clean,medium_100ep_simmim,seed1,in_pkd__loss_p,pkd,p,carepd_lodo_BMCLab,lodo,the other three,BMCLab,1,0.18641304597258568,0.24855072796344757,0.5116459727287292,0.3458346724510193,0.18641304597258568,0.24855072796344757,0.5116459727287292,,,,3e-6,carepd_BMCLab_6fold_1,macro_f1_012,false,pretrain_v1_stats_train_clean.pt,runs/pretrain/amass_clean/medium_100ep_simmim/seed1/in_pkd__loss_p/lightning_logs/version_0/checkpoints/epoch=94-step=10925.ckpt
amass_clean,medium_100ep_simmim,seed2,in_pkd__loss_p,pkd,p,carepd_lodo_BMCLab,lodo,the other three,BMCLab,1,0.19805729016661644,0.2640763868888219,0.4565369188785553,0.3279915452003479,0.19805729016661644,0.2640763868888219,0.4565369188785553,,,,1e-6,carepd_BMCLab_6fold_1,macro_f1_012,false,pretrain_v1_stats_train_clean.pt,runs/pretrain/amass_clean/medium_100ep_simmim/seed2/in_pkd__loss_p/lightning_logs/version_0/checkpoints/epoch=94-step=10925.ckpt
amass_clean,medium_100ep_simmim,seed42,in_pkd__loss_p,pkd,p,carepd_lodo_BMCLab,lodo,the other three,BMCLab,1,0.2386852577328682,0.3182470103104909,0.5634399056434631,0.35137274861335754,0.2386852577328682,0.3182470103104909,0.5634399056434631,,,,1e-6,carepd_BMCLab_6fold_1,macro_f1_012,false,pretrain_v1_stats_train_clean.pt,runs/pretrain/amass_clean/medium_100ep_simmim/seed42/in_pkd__loss_p/lightning_logs/version_0/checkpoints/epoch=99-step=11500.ckpt
amass_clean,medium_100ep_simmim,seed1,in_pkd__loss_pk,pkd,pk,carepd_lodo_BMCLab,lodo,the other three,BMCLab,1,0.3239545300602913,0.43193937341372174,0.46255266666412354,0.4210355877876282,0.3239545300602913,0.43193937341372174,0.46255266666412354,,,,3e-6,carepd_BMCLab_6fold_1,macro_f1_012,false,pretrain_v1_stats_train_clean.pt,runs/pretrain/amass_clean/medium_100ep_simmim/seed1/in_pkd__loss_pk/lightning_logs/version_0/checkpoints/epoch=99-step=11500.ckpt
amass_clean,medium_100ep_simmim,seed2,in_pkd__loss_pk,pkd,pk,carepd_lodo_BMCLab,lodo,the other three,BMCLab,1,0.22118628676980734,0.2949150490264098,0.4890082776546478,0.392329603433609,0.22118628676980734,0.2949150490264098,0.4890082776546478,,,,1e-6,carepd_BMCLab_6fold_1,macro_f1_012,false,pretrain_v1_stats_train_clean.pt,runs/pretrain/amass_clean/medium_100ep_simmim/seed2/in_pkd__loss_pk/lightning_logs/version_0/checkpoints/epoch=99-step=11500.ckpt
amass_clean,medium_100ep_simmim,seed42,in_pkd__loss_pk,pkd,pk,carepd_lodo_BMCLab,lodo,the other three,BMCLab,1,0.29173001646995544,0.3889733552932739,0.5090823769569397,0.4716731905937195,0.29173001646995544,0.3889733552932739,0.5090823769569397,,,,1e-6,carepd_BMCLab_6fold_1,macro_f1_012,false,pretrain_v1_stats_train_clean.pt,runs/pretrain/amass_clean/medium_100ep_simmim/seed42/in_pkd__loss_pk/lightning_logs/version_0/checkpoints/epoch=94-step=10925.ckpt
amass_clean,medium_100ep_simmim,seed1,in_pkd__loss_pkd,pkd,pkd,carepd_lodo_BMCLab,lodo,the other three,BMCLab,1,0.36790426820516586,0.4905390242735545,0.5036932229995728,0.529376208782196,0.36790426820516586,0.4905390242735545,0.5036932229995728,,,,0.00001,carepd_BMCLab_6fold_1,macro_f1_012,false,pretrain_v1_stats_train_clean.pt,runs/pretrain/amass_clean/medium_100ep_simmim/seed1/in_pkd__loss_pkd/lightning_logs/version_0/checkpoints/epoch=99-step=11500.ckpt
amass_clean,medium_100ep_simmim,seed2,in_pkd__loss_pkd,pkd,pkd,carepd_lodo_BMCLab,lodo,the other three,BMCLab,1,0.3946871757507324,0.5262495676676432,0.5517323017120361,0.49184679985046387,0.3946871757507324,0.5262495676676432,0.5517323017120361,,,,3e-6,carepd_BMCLab_6fold_1,macro_f1_012,false,pretrain_v1_stats_train_clean.pt,runs/pretrain/amass_clean/medium_100ep_simmim/seed2/in_pkd__loss_pkd/lightning_logs/version_0/checkpoints/epoch=99-step=11500.ckpt
amass_clean,medium_100ep_simmim,seed42,in_pkd__loss_pkd,pkd,pkd,carepd_lodo_BMCLab,lodo,the other three,BMCLab,1,0.3441041335463524,0.45880551139513653,0.5513888001441956,0.4366864562034607,0.3441041335463524,0.45880551139513653,0.5513888001441956,,,,1e-6,carepd_BMCLab_6fold_1,macro_f1_012,false,pretrain_v1_stats_train_clean.pt,runs/pretrain/amass_clean/medium_100ep_simmim/seed42/in_pkd__loss_pkd/lightning_logs/version_0/checkpoints/epoch=99-step=11500.ckpt
amass_clean,medium_100ep_simmim,seed1,in_p__loss_p,p,p,carepd_lodo_PD-GaM,lodo,the other three,PD-GaM,1,0.28292847517877817,0.3772379669050376,0.5916047096252441,0.6195679306983948,0.28292847517877817,0.3772379669050376,0.5916047096252441,,,,0.00001,carepd_BMCLab_6fold_1,macro_f1_012,false,pretrain_v1_stats_train_clean.pt,runs/pretrain/amass_clean/medium_100ep_simmim/seed1/in_p__loss_p/lightning_logs/version_0/checkpoints/epoch=94-step=10925.ckpt
amass_clean,medium_100ep_simmim,seed2,in_p__loss_p,p,p,carepd_lodo_PD-GaM,lodo,the other three,PD-GaM,1,0.26680695568211377,0.35574260757615167,0.6485616564750671,0.6214280128479004,0.26680695568211377,0.35574260757615167,0.6485616564750671,,,,3e-6,carepd_BMCLab_6fold_1,macro_f1_012,false,pretrain_v1_stats_train_clean.pt,runs/pretrain/amass_clean/medium_100ep_simmim/seed2/in_p__loss_p/lightning_logs/version_0/checkpoints/epoch=99-step=11500.ckpt
amass_clean,medium_100ep_simmim,seed42,in_p__loss_p,p,p,carepd_lodo_PD-GaM,lodo,the other three,PD-GaM,1,0.2585334647446871,0.3447112863262494,0.5652679800987244,0.6229751110076904,0.2585334647446871,0.3447112863262494,0.5652679800987244,,,,1e-6,carepd_BMCLab_6fold_1,macro_f1_012,false,pretrain_v1_stats_train_clean.pt,runs/pretrain/amass_clean/medium_100ep_simmim/seed42/in_p__loss_p/lightning_logs/version_0/checkpoints/epoch=99-step=11500.ckpt
amass_clean,medium_100ep_simmim,seed1,in_p__loss_pk,p,pk,carepd_lodo_PD-GaM,lodo,the other three,PD-GaM,1,0.318260227330029,0.40582845111687976,0.4812436103820801,0.6295725703239441,0.318260227330029,0.40582845111687976,0.4812436103820801,,,,1e-6,carepd_BMCLab_6fold_1,macro_f1_012,false,pretrain_v1_stats_train_clean.pt,runs/pretrain/amass_clean/medium_100ep_simmim/seed1/in_p__loss_pk/lightning_logs/version_0/checkpoints/epoch=99-step=11500.ckpt
amass_clean,medium_100ep_simmim,seed2,in_p__loss_pk,p,pk,carepd_lodo_PD-GaM,lodo,the other three,PD-GaM,1,0.3602800481021404,0.3533892681201299,0.608808696269989,0.6318408250808716,0.3602800481021404,0.3533892681201299,0.608808696269989,,,,1e-6,carepd_BMCLab_6fold_1,macro_f1_012,false,pretrain_v1_stats_train_clean.pt,runs/pretrain/amass_clean/medium_100ep_simmim/seed2/in_p__loss_pk/lightning_logs/version_0/checkpoints/epoch=99-step=11500.ckpt
amass_clean,medium_100ep_simmim,seed42,in_p__loss_pk,p,pk,carepd_lodo_PD-GaM,lodo,the other three,PD-GaM,1,0.29931079037487507,0.3620440165201823,0.31788870692253113,0.3762460947036743,0.29931079037487507,0.3620440165201823,0.31788870692253113,,,,3e-6,carepd_BMCLab_6fold_1,macro_f1_012,false,pretrain_v1_stats_train_clean.pt,runs/pretrain/amass_clean/medium_100ep_simmim/seed42/in_p__loss_pk/lightning_logs/version_0/checkpoints/epoch=99-step=11500.ckpt
amass_clean,medium_100ep_simmim,seed1,in_p__loss_pkd,p,pkd,carepd_lodo_PD-GaM,lodo,the other three,PD-GaM,1,0.3701618127524853,0.3768824189901352,0.6148549914360046,0.6389233469963074,0.3701618127524853,0.3768824189901352,0.6148549914360046,,,,3e-6,carepd_BMCLab_6fold_1,macro_f1_012,false,pretrain_v1_stats_train_clean.pt,runs/pretrain/amass_clean/medium_100ep_simmim/seed1/in_p__loss_pkd/lightning_logs/version_0/checkpoints/epoch=99-step=11500.ckpt
amass_clean,medium_100ep_simmim,seed2,in_p__loss_pkd,p,pkd,carepd_lodo_PD-GaM,lodo,the other three,PD-GaM,1,0.3686375916004181,0.49151678880055744,0.626742959022522,0.6686588525772095,0.3686375916004181,0.49151678880055744,0.626742959022522,,,,0.0001,carepd_BMCLab_6fold_1,macro_f1_012,false,pretrain_v1_stats_train_clean.pt,runs/pretrain/amass_clean/medium_100ep_simmim/seed2/in_p__loss_pkd/lightning_logs/version_0/checkpoints/epoch=99-step=11500.ckpt
amass_clean,medium_100ep_simmim,seed42,in_p__loss_pkd,p,pkd,carepd_lodo_PD-GaM,lodo,the other three,PD-GaM,1,0.44059786200523376,0.3695151011149089,0.6221207976341248,0.610704243183136,0.44059786200523376,0.3695151011149089,0.6221207976341248,,,,1e-6,carepd_BMCLab_6fold_1,macro_f1_012,false,pretrain_v1_stats_train_clean.pt,runs/pretrain/amass_clean/medium_100ep_simmim/seed42/in_p__loss_pkd/lightning_logs/version_0/checkpoints/epoch=94-step=10925.ckpt
amass_clean,medium_100ep_simmim,seed1,in_pk__loss_p,pk,p,carepd_lodo_PD-GaM,lodo,the other three,PD-GaM,1,0.2613070495426655,0.34840939939022064,0.5326002240180969,0.6357163190841675,0.2613070495426655,0.34840939939022064,0.5326002240180969,,,,3e-6,carepd_BMCLab_6fold_1,macro_f1_012,false,pretrain_v1_stats_train_clean.pt,runs/pretrain/amass_clean/medium_100ep_simmim/seed1/in_pk__loss_p/lightning_logs/version_0/checkpoints/epoch=94-step=10925.ckpt
amass_clean,medium_100ep_simmim,seed2,in_pk__loss_p,pk,p,carepd_lodo_PD-GaM,lodo,the other three,PD-GaM,1,0.33195630833506584,0.44260841111342114,0.660159170627594,0.655595064163208,0.33195630833506584,0.44260841111342114,0.660159170627594,,,,1e-6,carepd_BMCLab_6fold_1,macro_f1_012,false,pretrain_v1_stats_train_clean.pt,runs/pretrain/amass_clean/medium_100ep_simmim/seed2/in_pk__loss_p/lightning_logs/version_0/checkpoints/epoch=99-step=11500.ckpt
amass_clean,medium_100ep_simmim,seed42,in_pk__loss_p,pk,p,carepd_lodo_PD-GaM,lodo,the other three,PD-GaM,1,0.25864514149725437,0.34486018866300583,0.5936216711997986,0.634357750415802,0.25864514149725437,0.34486018866300583,0.5936216711997986,,,,0.0001,carepd_BMCLab_6fold_1,macro_f1_012,false,pretrain_v1_stats_train_clean.pt,runs/pretrain/amass_clean/medium_100ep_simmim/seed42/in_pk__loss_p/lightning_logs/version_0/checkpoints/epoch=99-step=11500.ckpt
amass_clean,medium_100ep_simmim,seed1,in_pk__loss_pk,pk,pk,carepd_lodo_PD-GaM,lodo,the other three,PD-GaM,1,0.3368079960346222,0.4490773280461629,0.4939168095588684,0.5248938202857971,0.3368079960346222,0.4490773280461629,0.4939168095588684,,,,1e-6,carepd_BMCLab_6fold_1,macro_f1_012,false,pretrain_v1_stats_train_clean.pt,runs/pretrain/amass_clean/medium_100ep_simmim/seed1/in_pk__loss_pk/lightning_logs/version_0/checkpoints/epoch=99-step=11500.ckpt
amass_clean,medium_100ep_simmim,seed2,in_pk__loss_pk,pk,pk,carepd_lodo_PD-GaM,lodo,the other three,PD-GaM,1,0.3480259785428643,0.4449870189030965,0.6552034020423889,0.6544501781463623,0.3480259785428643,0.4449870189030965,0.6552034020423889,,,,3e-6,carepd_BMCLab_6fold_1,macro_f1_012,false,pretrain_v1_stats_train_clean.pt,runs/pretrain/amass_clean/medium_100ep_simmim/seed2/in_pk__loss_pk/lightning_logs/version_0/checkpoints/epoch=99-step=11500.ckpt
amass_clean,medium_100ep_simmim,seed42,in_pk__loss_pk,pk,pk,carepd_lodo_PD-GaM,lodo,the other three,PD-GaM,1,0.334370544180274,0.3664623126387596,0.6101093292236328,0.6272073984146118,0.334370544180274,0.3664623126387596,0.6101093292236328,,,,1e-6,carepd_BMCLab_6fold_1,macro_f1_012,false,pretrain_v1_stats_train_clean.pt,runs/pretrain/amass_clean/medium_100ep_simmim/seed42/in_pk__loss_pk/lightning_logs/version_0/checkpoints/epoch=99-step=11500.ckpt
amass_clean,medium_100ep_simmim,seed1,in_pk__loss_pkd,pk,pkd,carepd_lodo_PD-GaM,lodo,the other three,PD-GaM,1,0.40227707102894783,0.464297354221344,0.5112842917442322,0.5064424276351929,0.40227707102894783,0.464297354221344,0.5112842917442322,,,,3e-6,carepd_BMCLab_6fold_1,macro_f1_012,false,pretrain_v1_stats_train_clean.pt,runs/pretrain/amass_clean/medium_100ep_simmim/seed1/in_pk__loss_pkd/lightning_logs/version_0/checkpoints/epoch=99-step=11500.ckpt
amass_clean,medium_100ep_simmim,seed2,in_pk__loss_pkd,pk,pkd,carepd_lodo_PD-GaM,lodo,the other three,PD-GaM,1,0.3226281628012657,0.43017088373502094,0.4931683838367462,0.4724464416503906,0.3226281628012657,0.43017088373502094,0.4931683838367462,,,,1e-6,carepd_BMCLab_6fold_1,macro_f1_012,false,pretrain_v1_stats_train_clean.pt,runs/pretrain/amass_clean/medium_100ep_simmim/seed2/in_pk__loss_pkd/lightning_logs/version_0/checkpoints/epoch=94-step=10925.ckpt
amass_clean,medium_100ep_simmim,seed42,in_pk__loss_pkd,pk,pkd,carepd_lodo_PD-GaM,lodo,the other three,PD-GaM,1,0.38110759668052197,0.4700482239325841,0.5172052383422852,0.5568663477897644,0.38110759668052197,0.4700482239325841,0.5172052383422852,,,,3e-6,carepd_BMCLab_6fold_1,macro_f1_012,false,pretrain_v1_stats_train_clean.pt,runs/pretrain/amass_clean/medium_100ep_simmim/seed42/in_pk__loss_pkd/lightning_logs/version_0/checkpoints/epoch=99-step=11500.ckpt
amass_clean,medium_100ep_simmim,seed1,in_pkd__loss_p,pkd,p,carepd_lodo_PD-GaM,lodo,the other three,PD-GaM,1,0.2935125343501568,0.39135004580020905,0.5203152298927307,0.6388311386108398,0.2935125343501568,0.39135004580020905,0.5203152298927307,,,,3e-6,carepd_BMCLab_6fold_1,macro_f1_012,false,pretrain_v1_stats_train_clean.pt,runs/pretrain/amass_clean/medium_100ep_simmim/seed1/in_pkd__loss_p/lightning_logs/version_0/checkpoints/epoch=94-step=10925.ckpt
amass_clean,medium_100ep_simmim,seed2,in_pkd__loss_p,pkd,p,carepd_lodo_PD-GaM,lodo,the other three,PD-GaM,1,0.3987070694565773,0.531609425942103,0.6355454325675964,0.68426114320755,0.3987070694565773,0.531609425942103,0.6355454325675964,,,,1e-6,carepd_BMCLab_6fold_1,macro_f1_012,false,pretrain_v1_stats_train_clean.pt,runs/pretrain/amass_clean/medium_100ep_simmim/seed2/in_pkd__loss_p/lightning_logs/version_0/checkpoints/epoch=94-step=10925.ckpt
amass_clean,medium_100ep_simmim,seed42,in_pkd__loss_p,pkd,p,carepd_lodo_PD-GaM,lodo,the other three,PD-GaM,1,0.27407218888401985,0.3654295851786931,0.5520899295806885,0.5978035926818848,0.27407218888401985,0.3654295851786931,0.5520899295806885,,,,1e-6,carepd_BMCLab_6fold_1,macro_f1_012,false,pretrain_v1_stats_train_clean.pt,runs/pretrain/amass_clean/medium_100ep_simmim/seed42/in_pkd__loss_p/lightning_logs/version_0/checkpoints/epoch=99-step=11500.ckpt
amass_clean,medium_100ep_simmim,seed1,in_pkd__loss_pk,pkd,pk,carepd_lodo_PD-GaM,lodo,the other three,PD-GaM,1,0.49534350633621216,0.48654496669769287,0.6110767722129822,0.6245441436767578,0.49534350633621216,0.48654496669769287,0.6110767722129822,,,,3e-6,carepd_BMCLab_6fold_1,macro_f1_012,false,pretrain_v1_stats_train_clean.pt,runs/pretrain/amass_clean/medium_100ep_simmim/seed1/in_pkd__loss_pk/lightning_logs/version_0/checkpoints/epoch=99-step=11500.ckpt
amass_clean,medium_100ep_simmim,seed2,in_pkd__loss_pk,pkd,pk,carepd_lodo_PD-GaM,lodo,the other three,PD-GaM,1,0.513883002102375,0.5222143729527792,0.6439439058303833,0.6746101975440979,0.513883002102375,0.5222143729527792,0.6439439058303833,,,,1e-6,carepd_BMCLab_6fold_1,macro_f1_012,false,pretrain_v1_stats_train_clean.pt,runs/pretrain/amass_clean/medium_100ep_simmim/seed2/in_pkd__loss_pk/lightning_logs/version_0/checkpoints/epoch=99-step=11500.ckpt
amass_clean,medium_100ep_simmim,seed42,in_pkd__loss_pk,pkd,pk,carepd_lodo_PD-GaM,lodo,the other three,PD-GaM,1,0.37168923765420914,0.4429540733496348,0.4650188684463501,0.49721983075141907,0.37168923765420914,0.4429540733496348,0.4650188684463501,,,,1e-6,carepd_BMCLab_6fold_1,macro_f1_012,false,pretrain_v1_stats_train_clean.pt,runs/pretrain/amass_clean/medium_100ep_simmim/seed42/in_pkd__loss_pk/lightning_logs/version_0/checkpoints/epoch=94-step=10925.ckpt
amass_clean,medium_100ep_simmim,seed1,in_pkd__loss_pkd,pkd,pkd,carepd_lodo_PD-GaM,lodo,the other three,PD-GaM,1,0.3657524371519685,0.4686222970485687,0.441630095243454,0.61474609375,0.3657524371519685,0.4686222970485687,0.441630095243454,,,,0.00001,carepd_BMCLab_6fold_1,macro_f1_012,false,pretrain_v1_stats_train_clean.pt,runs/pretrain/amass_clean/medium_100ep_simmim/seed1/in_pkd__loss_pkd/lightning_logs/version_0/checkpoints/epoch=99-step=11500.ckpt
amass_clean,medium_100ep_simmim,seed2,in_pkd__loss_pkd,pkd,pkd,carepd_lodo_PD-GaM,lodo,the other three,PD-GaM,1,0.41759853065013885,0.4690787394841512,0.48284560441970825,0.5014548897743225,0.41759853065013885,0.4690787394841512,0.48284560441970825,,,,3e-6,carepd_BMCLab_6fold_1,macro_f1_012,false,pretrain_v1_stats_train_clean.pt,runs/pretrain/amass_clean/medium_100ep_simmim/seed2/in_pkd__loss_pkd/lightning_logs/version_0/checkpoints/epoch=99-step=11500.ckpt
amass_clean,medium_100ep_simmim,seed42,in_pkd__loss_pkd,pkd,pkd,carepd_lodo_PD-GaM,lodo,the other three,PD-GaM,1,0.4014347279444337,0.5161986847718557,0.46146640181541443,0.6043630838394165,0.4014347279444337,0.5161986847718557,0.46146640181541443,,,,1e-6,carepd_BMCLab_6fold_1,macro_f1_012,false,pretrain_v1_stats_train_clean.pt,runs/pretrain/amass_clean/medium_100ep_simmim/seed42/in_pkd__loss_pkd/lightning_logs/version_0/checkpoints/epoch=99-step=11500.ckpt
amass_clean,medium_100ep_simmim,seed1,in_p__loss_p,p,p,carepd_lodo_T-SDU-PD,lodo,the other three,T-SDU-PD,1,0.3428909257054329,0.4571879009405772,0.5172503590583801,0.48867562413215637,0.3428909257054329,0.4571879009405772,0.5172503590583801,,,,0.00001,carepd_BMCLab_6fold_1,macro_f1_012,false,pretrain_v1_stats_train_clean.pt,runs/pretrain/amass_clean/medium_100ep_simmim/seed1/in_p__loss_p/lightning_logs/version_0/checkpoints/epoch=94-step=10925.ckpt
amass_clean,medium_100ep_simmim,seed2,in_p__loss_p,p,p,carepd_lodo_T-SDU-PD,lodo,the other three,T-SDU-PD,1,0.31815650314092636,0.4242086708545685,0.4944669306278229,0.4000391364097595,0.31815650314092636,0.4242086708545685,0.4944669306278229,,,,3e-6,carepd_BMCLab_6fold_1,macro_f1_012,false,pretrain_v1_stats_train_clean.pt,runs/pretrain/amass_clean/medium_100ep_simmim/seed2/in_p__loss_p/lightning_logs/version_0/checkpoints/epoch=99-step=11500.ckpt
amass_clean,medium_100ep_simmim,seed42,in_p__loss_p,p,p,carepd_lodo_T-SDU-PD,lodo,the other three,T-SDU-PD,1,0.3162118047475815,0.42161573966344196,0.5201435685157776,0.41543832421302795,0.3162118047475815,0.42161573966344196,0.5201435685157776,,,,1e-6,carepd_BMCLab_6fold_1,macro_f1_012,false,pretrain_v1_stats_train_clean.pt,runs/pretrain/amass_clean/medium_100ep_simmim/seed42/in_p__loss_p/lightning_logs/version_0/checkpoints/epoch=99-step=11500.ckpt
amass_clean,medium_100ep_simmim,seed1,in_p__loss_pk,p,pk,carepd_lodo_T-SDU-PD,lodo,the other three,T-SDU-PD,1,0.39447886496782303,0.5259718199570974,0.5195929408073425,0.497458279132843,0.39447886496782303,0.5259718199570974,0.5195929408073425,,,,1e-6,carepd_BMCLab_6fold_1,macro_f1_012,false,pretrain_v1_stats_train_clean.pt,runs/pretrain/amass_clean/medium_100ep_simmim/seed1/in_p__loss_pk/lightning_logs/version_0/checkpoints/epoch=99-step=11500.ckpt
amass_clean,medium_100ep_simmim,seed2,in_p__loss_pk,p,pk,carepd_lodo_T-SDU-PD,lodo,the other three,T-SDU-PD,1,0.3448735401034355,0.4598313868045807,0.4751507341861725,0.5057494044303894,0.3448735401034355,0.4598313868045807,0.4751507341861725,,,,1e-6,carepd_BMCLab_6fold_1,macro_f1_012,false,pretrain_v1_stats_train_clean.pt,runs/pretrain/amass_clean/medium_100ep_simmim/seed2/in_p__loss_pk/lightning_logs/version_0/checkpoints/epoch=99-step=11500.ckpt
amass_clean,medium_100ep_simmim,seed42,in_p__loss_pk,p,pk,carepd_lodo_T-SDU-PD,lodo,the other three,T-SDU-PD,1,0.3662775233387947,0.48837003111839294,0.5149447321891785,0.5067111849784851,0.3662775233387947,0.48837003111839294,0.5149447321891785,,,,3e-6,carepd_BMCLab_6fold_1,macro_f1_012,false,pretrain_v1_stats_train_clean.pt,runs/pretrain/amass_clean/medium_100ep_simmim/seed42/in_p__loss_pk/lightning_logs/version_0/checkpoints/epoch=99-step=11500.ckpt
amass_clean,medium_100ep_simmim,seed1,in_p__loss_pkd,p,pkd,carepd_lodo_T-SDU-PD,lodo,the other three,T-SDU-PD,1,0.32770074903964996,0.43693433205286664,0.45710983872413635,0.4585670828819275,0.32770074903964996,0.43693433205286664,0.45710983872413635,,,,3e-6,carepd_BMCLab_6fold_1,macro_f1_012,false,pretrain_v1_stats_train_clean.pt,runs/pretrain/amass_clean/medium_100ep_simmim/seed1/in_p__loss_pkd/lightning_logs/version_0/checkpoints/epoch=99-step=11500.ckpt
amass_clean,medium_100ep_simmim,seed2,in_p__loss_pkd,p,pkd,carepd_lodo_T-SDU-PD,lodo,the other three,T-SDU-PD,1,0.28957198560237885,0.3860959808031718,0.45367273688316345,0.44972145557403564,0.28957198560237885,0.3860959808031718,0.45367273688316345,,,,0.0001,carepd_BMCLab_6fold_1,macro_f1_012,false,pretrain_v1_stats_train_clean.pt,runs/pretrain/amass_clean/medium_100ep_simmim/seed2/in_p__loss_pkd/lightning_logs/version_0/checkpoints/epoch=99-step=11500.ckpt
amass_clean,medium_100ep_simmim,seed42,in_p__loss_pkd,p,pkd,carepd_lodo_T-SDU-PD,lodo,the other three,T-SDU-PD,1,0.2753165140748024,0.3670886854330699,0.45904096961021423,0.3852401673793793,0.2753165140748024,0.3670886854330699,0.45904096961021423,,,,1e-6,carepd_BMCLab_6fold_1,macro_f1_012,false,pretrain_v1_stats_train_clean.pt,runs/pretrain/amass_clean/medium_100ep_simmim/seed42/in_p__loss_pkd/lightning_logs/version_0/checkpoints/epoch=94-step=10925.ckpt
amass_clean,medium_100ep_simmim,seed1,in_pk__loss_p,pk,p,carepd_lodo_T-SDU-PD,lodo,the other three,T-SDU-PD,1,0.2672865130007267,0.35638201733430225,0.4319656789302826,0.40304839611053467,0.2672865130007267,0.35638201733430225,0.4319656789302826,,,,3e-6,carepd_BMCLab_6fold_1,macro_f1_012,false,pretrain_v1_stats_train_clean.pt,runs/pretrain/amass_clean/medium_100ep_simmim/seed1/in_pk__loss_p/lightning_logs/version_0/checkpoints/epoch=94-step=10925.ckpt
amass_clean,medium_100ep_simmim,seed2,in_pk__loss_p,pk,p,carepd_lodo_T-SDU-PD,lodo,the other three,T-SDU-PD,1,0.289827611297369,0.3864368150631587,0.4723704755306244,0.4136330187320709,0.289827611297369,0.3864368150631587,0.4723704755306244,,,,1e-6,carepd_BMCLab_6fold_1,macro_f1_012,false,pretrain_v1_stats_train_clean.pt,runs/pretrain/amass_clean/medium_100ep_simmim/seed2/in_pk__loss_p/lightning_logs/version_0/checkpoints/epoch=99-step=11500.ckpt
amass_clean,medium_100ep_simmim,seed42,in_pk__loss_p,pk,p,carepd_lodo_T-SDU-PD,lodo,the other three,T-SDU-PD,1,0.24877504631876945,0.33170006175835925,0.4442322552204132,0.3911479413509369,0.24877504631876945,0.33170006175835925,0.4442322552204132,,,,0.0001,carepd_BMCLab_6fold_1,macro_f1_012,false,pretrain_v1_stats_train_clean.pt,runs/pretrain/amass_clean/medium_100ep_simmim/seed42/in_pk__loss_p/lightning_logs/version_0/checkpoints/epoch=99-step=11500.ckpt
amass_clean,medium_100ep_simmim,seed1,in_pk__loss_pk,pk,pk,carepd_lodo_T-SDU-PD,lodo,the other three,T-SDU-PD,1,0.2922886684536934,0.3897182246049245,0.5163074135780334,0.5168766975402832,0.2922886684536934,0.3897182246049245,0.5163074135780334,,,,1e-6,carepd_BMCLab_6fold_1,macro_f1_012,false,pretrain_v1_stats_train_clean.pt,runs/pretrain/amass_clean/medium_100ep_simmim/seed1/in_pk__loss_pk/lightning_logs/version_0/checkpoints/epoch=99-step=11500.ckpt
amass_clean,medium_100ep_simmim,seed2,in_pk__loss_pk,pk,pk,carepd_lodo_T-SDU-PD,lodo,the other three,T-SDU-PD,1,0.2739737331867218,0.3652983109156291,0.4977684020996094,0.4864926040172577,0.2739737331867218,0.3652983109156291,0.4977684020996094,,,,3e-6,carepd_BMCLab_6fold_1,macro_f1_012,false,pretrain_v1_stats_train_clean.pt,runs/pretrain/amass_clean/medium_100ep_simmim/seed2/in_pk__loss_pk/lightning_logs/version_0/checkpoints/epoch=99-step=11500.ckpt
amass_clean,medium_100ep_simmim,seed42,in_pk__loss_pk,pk,pk,carepd_lodo_T-SDU-PD,lodo,the other three,T-SDU-PD,1,0.3213900588452816,0.4285200784603755,0.5108057856559753,0.4872947037220001,0.3213900588452816,0.4285200784603755,0.5108057856559753,,,,1e-6,carepd_BMCLab_6fold_1,macro_f1_012,false,pretrain_v1_stats_train_clean.pt,runs/pretrain/amass_clean/medium_100ep_simmim/seed42/in_pk__loss_pk/lightning_logs/version_0/checkpoints/epoch=99-step=11500.ckpt
amass_clean,medium_100ep_simmim,seed1,in_pk__loss_pkd,pk,pkd,carepd_lodo_T-SDU-PD,lodo,the other three,T-SDU-PD,1,0.28193264454603195,0.3759101927280426,0.46085429191589355,0.45141297578811646,0.28193264454603195,0.3759101927280426,0.46085429191589355,,,,3e-6,carepd_BMCLab_6fold_1,macro_f1_012,false,pretrain_v1_stats_train_clean.pt,runs/pretrain/amass_clean/medium_100ep_simmim/seed1/in_pk__loss_pkd/lightning_logs/version_0/checkpoints/epoch=99-step=11500.ckpt
amass_clean,medium_100ep_simmim,seed2,in_pk__loss_pkd,pk,pkd,carepd_lodo_T-SDU-PD,lodo,the other three,T-SDU-PD,1,0.3229639083147049,0.4306185444196065,0.46612170338630676,0.4723122715950012,0.3229639083147049,0.4306185444196065,0.46612170338630676,,,,1e-6,carepd_BMCLab_6fold_1,macro_f1_012,false,pretrain_v1_stats_train_clean.pt,runs/pretrain/amass_clean/medium_100ep_simmim/seed2/in_pk__loss_pkd/lightning_logs/version_0/checkpoints/epoch=94-step=10925.ckpt
amass_clean,medium_100ep_simmim,seed42,in_pk__loss_pkd,pk,pkd,carepd_lodo_T-SDU-PD,lodo,the other three,T-SDU-PD,1,0.3009395860135555,0.40125278135140735,0.43823471665382385,0.449548602104187,0.3009395860135555,0.40125278135140735,0.43823471665382385,,,,3e-6,carepd_BMCLab_6fold_1,macro_f1_012,false,pretrain_v1_stats_train_clean.pt,runs/pretrain/amass_clean/medium_100ep_simmim/seed42/in_pk__loss_pkd/lightning_logs/version_0/checkpoints/epoch=99-step=11500.ckpt
amass_clean,medium_100ep_simmim,seed1,in_pkd__loss_p,pkd,p,carepd_lodo_T-SDU-PD,lodo,the other three,T-SDU-PD,1,0.3434531167149544,0.4579374889532725,0.47353610396385193,0.44165927171707153,0.3434531167149544,0.4579374889532725,0.47353610396385193,,,,3e-6,carepd_BMCLab_6fold_1,macro_f1_012,false,pretrain_v1_stats_train_clean.pt,runs/pretrain/amass_clean/medium_100ep_simmim/seed1/in_pkd__loss_p/lightning_logs/version_0/checkpoints/epoch=94-step=10925.ckpt
amass_clean,medium_100ep_simmim,seed2,in_pkd__loss_p,pkd,p,carepd_lodo_T-SDU-PD,lodo,the other three,T-SDU-PD,1,0.3527476489543915,0.4703301986058553,0.4711536467075348,0.4617646634578705,0.3527476489543915,0.4703301986058553,0.4711536467075348,,,,1e-6,carepd_BMCLab_6fold_1,macro_f1_012,false,pretrain_v1_stats_train_clean.pt,runs/pretrain/amass_clean/medium_100ep_simmim/seed2/in_pkd__loss_p/lightning_logs/version_0/checkpoints/epoch=94-step=10925.ckpt
amass_clean,medium_100ep_simmim,seed42,in_pkd__loss_p,pkd,p,carepd_lodo_T-SDU-PD,lodo,the other three,T-SDU-PD,1,0.32998304069042206,0.43997738758722943,0.42513683438301086,0.41235482692718506,0.32998304069042206,0.43997738758722943,0.42513683438301086,,,,1e-6,carepd_BMCLab_6fold_1,macro_f1_012,false,pretrain_v1_stats_train_clean.pt,runs/pretrain/amass_clean/medium_100ep_simmim/seed42/in_pkd__loss_p/lightning_logs/version_0/checkpoints/epoch=99-step=11500.ckpt
amass_clean,medium_100ep_simmim,seed1,in_pkd__loss_pk,pkd,pk,carepd_lodo_T-SDU-PD,lodo,the other three,T-SDU-PD,1,0.3326839879155159,0.4435786505540212,0.5115220546722412,0.5214052200317383,0.3326839879155159,0.4435786505540212,0.5115220546722412,,,,3e-6,carepd_BMCLab_6fold_1,macro_f1_012,false,pretrain_v1_stats_train_clean.pt,runs/pretrain/amass_clean/medium_100ep_simmim/seed1/in_pkd__loss_pk/lightning_logs/version_0/checkpoints/epoch=99-step=11500.ckpt
amass_clean,medium_100ep_simmim,seed2,in_pkd__loss_pk,pkd,pk,carepd_lodo_T-SDU-PD,lodo,the other three,T-SDU-PD,1,0.31984444707632065,0.42645926276842755,0.5419185161590576,0.5312962532043457,0.31984444707632065,0.42645926276842755,0.5419185161590576,,,,1e-6,carepd_BMCLab_6fold_1,macro_f1_012,false,pretrain_v1_stats_train_clean.pt,runs/pretrain/amass_clean/medium_100ep_simmim/seed2/in_pkd__loss_pk/lightning_logs/version_0/checkpoints/epoch=99-step=11500.ckpt
amass_clean,medium_100ep_simmim,seed42,in_pkd__loss_pk,pkd,pk,carepd_lodo_T-SDU-PD,lodo,the other three,T-SDU-PD,1,0.3783060237765312,0.5044080317020416,0.5254576802253723,0.48566246032714844,0.3783060237765312,0.5044080317020416,0.5254576802253723,,,,1e-6,carepd_BMCLab_6fold_1,macro_f1_012,false,pretrain_v1_stats_train_clean.pt,runs/pretrain/amass_clean/medium_100ep_simmim/seed42/in_pkd__loss_pk/lightning_logs/version_0/checkpoints/epoch=94-step=10925.ckpt
amass_clean,medium_100ep_simmim,seed1,in_pkd__loss_pkd,pkd,pkd,carepd_lodo_T-SDU-PD,lodo,the other three,T-SDU-PD,1,0.33373696357011795,0.4449826180934906,0.550332248210907,0.4790179431438446,0.33373696357011795,0.4449826180934906,0.550332248210907,,,,0.00001,carepd_BMCLab_6fold_1,macro_f1_012,false,pretrain_v1_stats_train_clean.pt,runs/pretrain/amass_clean/medium_100ep_simmim/seed1/in_pkd__loss_pkd/lightning_logs/version_0/checkpoints/epoch=99-step=11500.ckpt
amass_clean,medium_100ep_simmim,seed2,in_pkd__loss_pkd,pkd,pkd,carepd_lodo_T-SDU-PD,lodo,the other three,T-SDU-PD,1,0.38696523010730743,0.5159536401430765,0.5252846479415894,0.5430561900138855,0.38696523010730743,0.5159536401430765,0.5252846479415894,,,,3e-6,carepd_BMCLab_6fold_1,macro_f1_012,false,pretrain_v1_stats_train_clean.pt,runs/pretrain/amass_clean/medium_100ep_simmim/seed2/in_pkd__loss_pkd/lightning_logs/version_0/checkpoints/epoch=99-step=11500.ckpt
amass_clean,medium_100ep_simmim,seed42,in_pkd__loss_pkd,pkd,pkd,carepd_lodo_T-SDU-PD,lodo,the other three,T-SDU-PD,1,0.3131479024887085,0.41753053665161133,0.48358750343322754,0.4606662392616272,0.3131479024887085,0.41753053665161133,0.48358750343322754,,,,1e-6,carepd_BMCLab_6fold_1,macro_f1_012,false,pretrain_v1_stats_train_clean.pt,runs/pretrain/amass_clean/medium_100ep_simmim/seed42/in_pkd__loss_pkd/lightning_logs/version_0/checkpoints/epoch=99-step=11500.ckpt
amass_clean,medium_100ep_simmim,seed1,in_p__loss_p,p,p,carepd_3DGait_loso,loso,3DGait,3DGait,43,0.2806803695857525,0.32979604601860046,0.2842559516429901,0.3389734625816345,0.14147287018077317,0.18346253476401633,0.936046511627907,0.1143403036355642,0.15503260786687587,0.12311704719075299,0.00001,carepd_BMCLab_6fold_1,macro_f1_012,false,pretrain_v1_stats_train_clean.pt,runs/pretrain/amass_clean/medium_100ep_simmim/seed1/in_p__loss_p/lightning_logs/version_0/checkpoints/epoch=94-step=10925.ckpt
amass_clean,medium_100ep_simmim,seed2,in_p__loss_p,p,p,carepd_3DGait_loso,loso,3DGait,3DGait,43,0.3756153807044029,0.39825640122095746,0.3857436180114746,0.4523431062698364,0.176633445675983,0.2251753432806148,0.9476744186046512,0.14320936899922768,0.19744300653679034,0.11647270698695131,3e-6,carepd_BMCLab_6fold_1,macro_f1_012,false,pretrain_v1_stats_train_clean.pt,runs/pretrain/amass_clean/medium_100ep_simmim/seed2/in_p__loss_p/lightning_logs/version_0/checkpoints/epoch=99-step=11500.ckpt
amass_clean,medium_100ep_simmim,seed42,in_p__loss_p,p,p,carepd_3DGait_loso,loso,3DGait,3DGait,43,0.25294360518455505,0.3372581402460734,0.33869507908821106,0.3713670074939728,0.1531007764644401,0.20413436861925346,0.9244186046511628,0.16257907382661702,0.21677209843548934,0.1394598820207616,1e-6,carepd_BMCLab_6fold_1,macro_f1_012,false,pretrain_v1_stats_train_clean.pt,runs/pretrain/amass_clean/medium_100ep_simmim/seed42/in_p__loss_p/lightning_logs/version_0/checkpoints/epoch=99-step=11500.ckpt
amass_clean,medium_100ep_simmim,seed1,in_p__loss_pk,p,pk,carepd_3DGait_loso,loso,3DGait,3DGait,43,0.3223240524530411,0.3464320699373881,0.31821414828300476,0.3558708429336548,0.13410852832156558,0.16847545347472492,0.9534883720930233,0.13490901764697996,0.18352051139166745,0.11254382682675505,1e-6,carepd_BMCLab_6fold_1,macro_f1_012,false,pretrain_v1_stats_train_clean.pt,runs/pretrain/amass_clean/medium_100ep_simmim/seed1/in_p__loss_pk/lightning_logs/version_0/checkpoints/epoch=99-step=11500.ckpt
amass_clean,medium_100ep_simmim,seed2,in_p__loss_pk,p,pk,carepd_3DGait_loso,loso,3DGait,3DGait,43,0.3215149790048599,0.3870199720064799,0.35728922486305237,0.4021618962287903,0.15143964768842208,0.19675157144088154,0.9302325581395349,0.12348109654167559,0.1674526887674374,0.1372083638310904,1e-6,carepd_BMCLab_6fold_1,macro_f1_012,false,pretrain_v1_stats_train_clean.pt,runs/pretrain/amass_clean/medium_100ep_simmim/seed2/in_p__loss_pk/lightning_logs/version_0/checkpoints/epoch=99-step=11500.ckpt
amass_clean,medium_100ep_simmim,seed42,in_p__loss_pk,p,pk,carepd_3DGait_loso,loso,3DGait,3DGait,43,0.3186600264161825,0.3772609854737918,0.39198893308639526,0.4359995126724243,0.1492248077032178,0.19121447228646093,0.9593023255813954,0.14151268440289244,0.18987539094565675,0.09338592095470355,3e-6,carepd_BMCLab_6fold_1,macro_f1_012,false,pretrain_v1_stats_train_clean.pt,runs/pretrain/amass_clean/medium_100ep_simmim/seed42/in_p__loss_pk/lightning_logs/version_0/checkpoints/epoch=99-step=11500.ckpt
amass_clean,medium_100ep_simmim,seed1,in_p__loss_pkd,p,pkd,carepd_3DGait_loso,loso,3DGait,3DGait,43,0.26059654727578163,0.3474620630343755,0.2796347141265869,0.3180449306964874,0.12635659079912098,0.16847545439882797,0.9302325581395349,0.1411982249581794,0.1882642999442392,0.15741193111573792,3e-6,carepd_BMCLab_6fold_1,macro_f1_012,false,pretrain_v1_stats_train_clean.pt,runs/pretrain/amass_clean/medium_100ep_simmim/seed1/in_p__loss_pkd/lightning_logs/version_0/checkpoints/epoch=99-step=11500.ckpt
amass_clean,medium_100ep_simmim,seed2,in_p__loss_pkd,p,pkd,carepd_3DGait_loso,loso,3DGait,3DGait,43,0.21328672021627426,0.28438229362169903,0.3010891079902649,0.35415783524513245,0.12430786428063414,0.16574381904084554,0.936046511627907,0.1196216982334787,0.15949559764463825,0.13466253296726813,0.0001,carepd_BMCLab_6fold_1,macro_f1_012,false,pretrain_v1_stats_train_clean.pt,runs/pretrain/amass_clean/medium_100ep_simmim/seed2/in_p__loss_pkd/lightning_logs/version_0/checkpoints/epoch=99-step=11500.ckpt
amass_clean,medium_100ep_simmim,seed42,in_p__loss_pkd,p,pkd,carepd_3DGait_loso,loso,3DGait,3DGait,43,0.3008856736123562,0.40118089814980823,0.33898529410362244,0.37416940927505493,0.14490587056376214,0.1932078274183495,0.9418604651162791,0.1330319131034699,0.17737588413795988,0.13180533651226664,1e-6,carepd_BMCLab_6fold_1,macro_f1_012,false,pretrain_v1_stats_train_clean.pt,runs/pretrain/amass_clean/medium_100ep_simmim/seed42/in_p__loss_pkd/lightning_logs/version_0/checkpoints/epoch=94-step=10925.ckpt
amass_clean,medium_100ep_simmim,seed1,in_pk__loss_p,pk,p,carepd_3DGait_loso,loso,3DGait,3DGait,43,0.24648906663060188,0.27737003564834595,0.30809396505355835,0.3680257797241211,0.12707641374233158,0.16426725951276083,0.9302325581395349,0.12962429388960128,0.17453045086285818,0.12589656321367315,3e-6,carepd_BMCLab_6fold_1,macro_f1_012,false,pretrain_v1_stats_train_clean.pt,runs/pretrain/amass_clean/medium_100ep_simmim/seed1/in_pk__loss_p/lightning_logs/version_0/checkpoints/epoch=94-step=10925.ckpt
amass_clean,medium_100ep_simmim,seed2,in_pk__loss_p,pk,p,carepd_3DGait_loso,loso,3DGait,3DGait,43,0.33021801710128784,0.3986240228017171,0.37914445996284485,0.4400094747543335,0.15919158486432808,0.20708748767542284,0.9476744186046512,0.14162410182236276,0.1915738557913124,0.10290627287331779,1e-6,carepd_BMCLab_6fold_1,macro_f1_012,false,pretrain_v1_stats_train_clean.pt,runs/pretrain/amass_clean/medium_100ep_simmim/seed2/in_pk__loss_p/lightning_logs/version_0/checkpoints/epoch=99-step=11500.ckpt
amass_clean,medium_100ep_simmim,seed42,in_pk__loss_p,pk,p,carepd_3DGait_loso,loso,3DGait,3DGait,43,0.14566929638385773,0.1942257285118103,0.28076547384262085,0.34508925676345825,0.12015504060789596,0.16020672081052795,0.9186046511627907,0.10335369441245569,0.13780492588327425,0.14143114419844088,0.0001,carepd_BMCLab_6fold_1,macro_f1_012,false,pretrain_v1_stats_train_clean.pt,runs/pretrain/amass_clean/medium_100ep_simmim/seed42/in_pk__loss_p/lightning_logs/version_0/checkpoints/epoch=99-step=11500.ckpt
amass_clean,medium_100ep_simmim,seed1,in_pk__loss_pk,pk,pk,carepd_3DGait_loso,loso,3DGait,3DGait,43,0.3107446599751711,0.3751105268796285,0.3321271538734436,0.3410740792751312,0.13643410975156828,0.17416020835092824,0.9534883720930233,0.15409987051317464,0.2059051932014033,0.11254382682675505,1e-6,carepd_BMCLab_6fold_1,macro_f1_012,false,pretrain_v1_stats_train_clean.pt,runs/pretrain/amass_clean/medium_100ep_simmim/seed1/in_pk__loss_pk/lightning_logs/version_0/checkpoints/epoch=99-step=11500.ckpt
amass_clean,medium_100ep_simmim,seed2,in_pk__loss_pk,pk,pk,carepd_3DGait_loso,loso,3DGait,3DGait,43,0.35124798119068146,0.46833064158757526,0.3477846384048462,0.3988912105560303,0.16317829610996468,0.2175710614799529,0.9476744186046512,0.1370300115820069,0.18270668210934252,0.10290627287331779,3e-6,carepd_BMCLab_6fold_1,macro_f1_012,false,pretrain_v1_stats_train_clean.pt,runs/pretrain/amass_clean/medium_100ep_simmim/seed2/in_pk__loss_pk/lightning_logs/version_0/checkpoints/epoch=99-step=11500.ckpt
amass_clean,medium_100ep_simmim,seed42,in_pk__loss_pk,pk,pk,carepd_3DGait_loso,loso,3DGait,3DGait,43,0.3794757016003132,0.4275362292925517,0.4051510989665985,0.4422993063926697,0.14684385563745056,0.18752307346624922,0.9418604651162791,0.11395184746458853,0.1572590875430452,0.1199852334952988,1e-6,carepd_BMCLab_6fold_1,macro_f1_012,false,pretrain_v1_stats_train_clean.pt,runs/pretrain/amass_clean/medium_100ep_simmim/seed42/in_pk__loss_pk/lightning_logs/version_0/checkpoints/epoch=99-step=11500.ckpt
amass_clean,medium_100ep_simmim,seed1,in_pk__loss_pkd,pk,pkd,carepd_3DGait_loso,loso,3DGait,3DGait,43,0.29534104466438293,0.39378805955251056,0.3136052191257477,0.32730215787887573,0.13410852866810422,0.1788113715574723,0.9476744186046512,0.14207241128981626,0.189429881719755,0.12861602524203075,3e-6,carepd_BMCLab_6fold_1,macro_f1_012,false,pretrain_v1_stats_train_clean.pt,runs/pretrain/amass_clean/medium_100ep_simmim/seed1/in_pk__loss_pkd/lightning_logs/version_0/checkpoints/epoch=99-step=11500.ckpt
amass_clean,medium_100ep_simmim,seed2,in_pk__loss_pkd,pk,pkd,carepd_3DGait_loso,loso,3DGait,3DGait,43,0.33501554280519485,0.4050207237402598,0.36365124583244324,0.3816298842430115,0.13676633599192597,0.17718715584555336,0.9302325581395349,0.14248752514201452,0.1918860098354427,0.14765610580465457,1e-6,carepd_BMCLab_6fold_1,macro_f1_012,false,pretrain_v1_stats_train_clean.pt,runs/pretrain/amass_clean/medium_100ep_simmim/seed2/in_pk__loss_pkd/lightning_logs/version_0/checkpoints/epoch=94-step=10925.ckpt
amass_clean,medium_100ep_simmim,seed42,in_pk__loss_pkd,pk,pkd,carepd_3DGait_loso,loso,3DGait,3DGait,43,0.30970625579357147,0.41294167439142865,0.30305832624435425,0.34029364585876465,0.14341085386830707,0.19121447182440943,0.9418604651162791,0.14584816428178835,0.19446421904238445,0.1199852334952988,3e-6,carepd_BMCLab_6fold_1,macro_f1_012,false,pretrain_v1_stats_train_clean.pt,runs/pretrain/amass_clean/medium_100ep_simmim/seed42/in_pk__loss_pkd/lightning_logs/version_0/checkpoints/epoch=99-step=11500.ckpt
amass_clean,medium_100ep_simmim,seed1,in_pkd__loss_p,pkd,p,carepd_3DGait_loso,loso,3DGait,3DGait,43,0.18697479739785194,0.24929972986380258,0.31220924854278564,0.3624139726161957,0.1317829468915629,0.17571059585541718,0.9186046511627907,0.1363650349162105,0.18182004655494732,0.11853433087886069,3e-6,carepd_BMCLab_6fold_1,macro_f1_012,false,pretrain_v1_stats_train_clean.pt,runs/pretrain/amass_clean/medium_100ep_simmim/seed1/in_pkd__loss_p/lightning_logs/version_0/checkpoints/epoch=94-step=10925.ckpt
amass_clean,medium_100ep_simmim,seed2,in_pkd__loss_p,pkd,p,carepd_3DGait_loso,loso,3DGait,3DGait,43,0.3461688347160816,0.4139393965403239,0.360867977142334,0.41206079721450806,0.16196013467256412,0.21077888741973758,0.9244186046511628,0.14615292017393816,0.1976273371861799,0.1394598820207616,1e-6,carepd_BMCLab_6fold_1,macro_f1_012,false,pretrain_v1_stats_train_clean.pt,runs/pretrain/amass_clean/medium_100ep_simmim/seed2/in_pkd__loss_p/lightning_logs/version_0/checkpoints/epoch=94-step=10925.ckpt
amass_clean,medium_100ep_simmim,seed42,in_pkd__loss_p,pkd,p,carepd_3DGait_loso,loso,3DGait,3DGait,43,0.308367345482111,0.3635374108950297,0.39355069398880005,0.4009992182254791,0.1577519393244455,0.20516796028891274,0.9244186046511628,0.14983892755518702,0.20232843370498702,0.11617520277952514,1e-6,carepd_BMCLab_6fold_1,macro_f1_012,false,pretrain_v1_stats_train_clean.pt,runs/pretrain/amass_clean/medium_100ep_simmim/seed42/in_pkd__loss_p/lightning_logs/version_0/checkpoints/epoch=99-step=11500.ckpt
amass_clean,medium_100ep_simmim,seed1,in_pkd__loss_pk,pkd,pk,carepd_3DGait_loso,loso,3DGait,3DGait,43,0.31637324020266533,0.37738654017448425,0.40091967582702637,0.42701441049575806,0.14684385529091193,0.1906238482442013,0.9418604651162791,0.13020475219737937,0.17609062526076658,0.14264935053936392,3e-6,carepd_BMCLab_6fold_1,macro_f1_012,false,pretrain_v1_stats_train_clean.pt,runs/pretrain/amass_clean/medium_100ep_simmim/seed1/in_pkd__loss_pk/lightning_logs/version_0/checkpoints/epoch=99-step=11500.ckpt
amass_clean,medium_100ep_simmim,seed2,in_pkd__loss_pk,pkd,pk,carepd_3DGait_loso,loso,3DGait,3DGait,43,0.4204346723854542,0.44293250143527985,0.40291815996170044,0.4059898853302002,0.16306755397208902,0.20191952932712642,0.9244186046511628,0.12831120487701808,0.17502613476292067,0.1394598820207616,1e-6,carepd_BMCLab_6fold_1,macro_f1_012,false,pretrain_v1_stats_train_clean.pt,runs/pretrain/amass_clean/medium_100ep_simmim/seed2/in_pkd__loss_pk/lightning_logs/version_0/checkpoints/epoch=99-step=11500.ckpt
amass_clean,medium_100ep_simmim,seed42,in_pkd__loss_pk,pkd,pk,carepd_3DGait_loso,loso,3DGait,3DGait,43,0.27659574151039124,0.368794322013855,0.33425429463386536,0.3810654878616333,0.13953488510708476,0.186046513476113,0.9244186046511628,0.13328487520399881,0.1777131669386651,0.1394598820207616,1e-6,carepd_BMCLab_6fold_1,macro_f1_012,false,pretrain_v1_stats_train_clean.pt,runs/pretrain/amass_clean/medium_100ep_simmim/seed42/in_pkd__loss_pk/lightning_logs/version_0/checkpoints/epoch=94-step=10925.ckpt
amass_clean,medium_100ep_simmim,seed1,in_pkd__loss_pkd,pkd,pkd,carepd_3DGait_loso,loso,3DGait,3DGait,43,0.37727412953972816,0.4554131229718526,0.39280757308006287,0.41712653636932373,0.16899224925179815,0.21757106101790138,0.936046511627907,0.1491856817960365,0.20108805385786654,0.15519786962952015,0.00001,carepd_BMCLab_6fold_1,macro_f1_012,false,pretrain_v1_stats_train_clean.pt,runs/pretrain/amass_clean/medium_100ep_simmim/seed1/in_pkd__loss_pkd/lightning_logs/version_0/checkpoints/epoch=99-step=11500.ckpt
amass_clean,medium_100ep_simmim,seed2,in_pkd__loss_pkd,pkd,pkd,carepd_3DGait_loso,loso,3DGait,3DGait,43,0.3545371927320957,0.3838273634513219,0.3458620309829712,0.36032214760780334,0.1503322273492813,0.1875230730041977,0.9244186046511628,0.1309272101052423,0.17828374660462598,0.1497506232689374,3e-6,carepd_BMCLab_6fold_1,macro_f1_012,false,pretrain_v1_stats_train_clean.pt,runs/pretrain/amass_clean/medium_100ep_simmim/seed2/in_pkd__loss_pkd/lightning_logs/version_0/checkpoints/epoch=99-step=11500.ckpt
amass_clean,medium_100ep_simmim,seed42,in_pkd__loss_pkd,pkd,pkd,carepd_3DGait_loso,loso,3DGait,3DGait,43,0.26600684225559235,0.3546757896741231,0.29899075627326965,0.354383647441864,0.13992248215647632,0.1865633095419684,0.9302325581395349,0.14156810487749003,0.1887574731699867,0.15741193111573792,1e-6,carepd_BMCLab_6fold_1,macro_f1_012,false,pretrain_v1_stats_train_clean.pt,runs/pretrain/amass_clean/medium_100ep_simmim/seed42/in_pkd__loss_pkd/lightning_logs/version_0/checkpoints/epoch=99-step=11500.ckpt
amass_clean,medium_100ep_simmim,seed1,in_p__loss_p,p,p,carepd_BMCLab_loso,loso,BMCLab,BMCLab,23,0.40422678738832474,0.5389690498510996,0.5261403322219849,0.5405029654502869,0.19203243437020676,0.2560432458269423,0.8964177046133124,0.11222745137383897,0.1496366018317853,0.19142707023419128,0.00001,carepd_BMCLab_6fold_1,macro_f1_012,false,pretrain_v1_stats_train_clean.pt,runs/pretrain/amass_clean/medium_100ep_simmim/seed1/in_p__loss_p/lightning_logs/version_0/checkpoints/epoch=94-step=10925.ckpt
amass_clean,medium_100ep_simmim,seed2,in_p__loss_p,p,p,carepd_BMCLab_loso,loso,BMCLab,BMCLab,23,0.3736067898571491,0.49814238647619885,0.4966622591018677,0.5435530543327332,0.18396983400959036,0.24529311201278714,0.9361387283905692,0.12189748250014873,0.16252997666686497,0.14082599344373767,3e-6,carepd_BMCLab_6fold_1,macro_f1_012,false,pretrain_v1_stats_train_clean.pt,runs/pretrain/amass_clean/medium_100ep_simmim/seed2/in_p__loss_p/lightning_logs/version_0/checkpoints/epoch=99-step=11500.ckpt
amass_clean,medium_100ep_simmim,seed42,in_p__loss_p,p,p,carepd_BMCLab_loso,loso,BMCLab,BMCLab,23,0.3839125260710716,0.5118833680947622,0.47510871291160583,0.4983399510383606,0.1879872468340656,0.2506496624454208,0.9346479138602382,0.11848120676730026,0.15797494235640033,0.1338636631351737,1e-6,carepd_BMCLab_6fold_1,macro_f1_012,false,pretrain_v1_stats_train_clean.pt,runs/pretrain/amass_clean/medium_100ep_simmim/seed42/in_p__loss_p/lightning_logs/version_0/checkpoints/epoch=99-step=11500.ckpt
amass_clean,medium_100ep_simmim,seed1,in_p__loss_pk,p,pk,carepd_BMCLab_loso,loso,BMCLab,BMCLab,23,0.4649033844470978,0.619871179262797,0.6206847429275513,0.6480528116226196,0.21524982745556728,0.2869997699407564,0.9221776438796002,0.08601337289847283,0.11468449719796377,0.15048333201443237,1e-6,carepd_BMCLab_6fold_1,macro_f1_012,false,pretrain_v1_stats_train_clean.pt,runs/pretrain/amass_clean/medium_100ep_simmim/seed1/in_p__loss_pk/lightning_logs/version_0/checkpoints/epoch=99-step=11500.ckpt
amass_clean,medium_100ep_simmim,seed2,in_p__loss_pk,p,pk,carepd_BMCLab_loso,loso,BMCLab,BMCLab,23,0.46974869072437286,0.6263315876324972,0.5766273140907288,0.5885586142539978,0.21115200334916945,0.28153600446555926,0.887520238109257,0.0836445942622035,0.11152612568293799,0.17631388872666184,1e-6,carepd_BMCLab_6fold_1,macro_f1_012,false,pretrain_v1_stats_train_clean.pt,runs/pretrain/amass_clean/medium_100ep_simmim/seed2/in_p__loss_pk/lightning_logs/version_0/checkpoints/epoch=99-step=11500.ckpt
amass_clean,medium_100ep_simmim,seed42,in_p__loss_pk,p,pk,carepd_BMCLab_loso,loso,BMCLab,BMCLab,23,0.4459145963191986,0.5945527950922648,0.5535523295402527,0.5832557678222656,0.21420321095248926,0.28560428126998566,0.932405051977738,0.0935328192838697,0.12471042571182625,0.135740999977378,3e-6,carepd_BMCLab_6fold_1,macro_f1_012,false,pretrain_v1_stats_train_clean.pt,runs/pretrain/amass_clean/medium_100ep_simmim/seed42/in_p__loss_pk/lightning_logs/version_0/checkpoints/epoch=99-step=11500.ckpt
amass_clean,medium_100ep_simmim,seed1,in_p__loss_pkd,p,pkd,carepd_BMCLab_loso,loso,BMCLab,BMCLab,23,0.4332094043493271,0.5776125391324362,0.5048121213912964,0.5391951203346252,0.20044740159874377,0.2672632021316584,0.914809639039247,0.10350422978662002,0.13800563971549334,0.15024928145119537,3e-6,carepd_BMCLab_6fold_1,macro_f1_012,false,pretrain_v1_stats_train_clean.pt,runs/pretrain/amass_clean/medium_100ep_simmim/seed1/in_p__loss_pkd/lightning_logs/version_0/checkpoints/epoch=99-step=11500.ckpt
amass_clean,medium_100ep_simmim,seed2,in_p__loss_pkd,p,pkd,carepd_BMCLab_loso,loso,BMCLab,BMCLab,23,0.41344165802001953,0.5512555440266927,0.5308080315589905,0.5525798797607422,0.1959535036559986,0.26127133820799814,0.917729826077171,0.10853217597571543,0.14470956796762058,0.16047717064650058,0.0001,carepd_BMCLab_6fold_1,macro_f1_012,false,pretrain_v1_stats_train_clean.pt,runs/pretrain/amass_clean/medium_100ep_simmim/seed2/in_p__loss_pkd/lightning_logs/version_0/checkpoints/epoch=99-step=11500.ckpt
amass_clean,medium_100ep_simmim,seed42,in_p__loss_pkd,p,pkd,carepd_BMCLab_loso,loso,BMCLab,BMCLab,23,0.4335727393627167,0.5780969858169556,0.5354899168014526,0.5307204127311707,0.20018935685410447,0.26691914247213927,0.919633150100708,0.09987348942367656,0.1331646525649021,0.1381647077883789,1e-6,carepd_BMCLab_6fold_1,macro_f1_012,false,pretrain_v1_stats_train_clean.pt,runs/pretrain/amass_clean/medium_100ep_simmim/seed42/in_p__loss_pkd/lightning_logs/version_0/checkpoints/epoch=94-step=10925.ckpt
amass_clean,medium_100ep_simmim,seed1,in_pk__loss_p,pk,p,carepd_BMCLab_loso,loso,BMCLab,BMCLab,23,0.3087692088447511,0.41169227845966816,0.45552000403404236,0.4669249653816223,0.17506784451720508,0.23342379268960675,0.92850312979325,0.1257883759556623,0.16771783460754977,0.14903367807740206,3e-6,carepd_BMCLab_6fold_1,macro_f1_012,false,pretrain_v1_stats_train_clean.pt,runs/pretrain/amass_clean/medium_100ep_simmim/seed1/in_pk__loss_p/lightning_logs/version_0/checkpoints/epoch=94-step=10925.ckpt
amass_clean,medium_100ep_simmim,seed2,in_pk__loss_p,pk,p,carepd_BMCLab_loso,loso,BMCLab,BMCLab,23,0.37596848607063293,0.5012913147608439,0.47045430541038513,0.48684588074684143,0.1902533068281153,0.2536710757708204,0.9085027912388677,0.10384493259284107,0.13845991012378808,0.15961145673837762,1e-6,carepd_BMCLab_6fold_1,macro_f1_012,false,pretrain_v1_stats_train_clean.pt,runs/pretrain/amass_clean/medium_100ep_simmim/seed2/in_pk__loss_p/lightning_logs/version_0/checkpoints/epoch=99-step=11500.ckpt
amass_clean,medium_100ep_simmim,seed42,in_pk__loss_p,pk,p,carepd_BMCLab_loso,loso,BMCLab,BMCLab,23,0.33782581239938736,0.4504344165325165,0.46788451075553894,0.4895036518573761,0.17646606898178224,0.23528809197570966,0.9341357272604237,0.11715696997202979,0.15620929329603972,0.1290111582538727,0.0001,carepd_BMCLab_6fold_1,macro_f1_012,false,pretrain_v1_stats_train_clean.pt,runs/pretrain/amass_clean/medium_100ep_simmim/seed42/in_pk__loss_p/lightning_logs/version_0/checkpoints/epoch=99-step=11500.ckpt
amass_clean,medium_100ep_simmim,seed1,in_pk__loss_pk,pk,pk,carepd_BMCLab_loso,loso,BMCLab,BMCLab,23,0.43906886875629425,0.5854251583417257,0.562552273273468,0.5525810122489929,0.20405552325689275,0.2720740310091903,0.9151765626409779,0.08724607874872385,0.11632810499829847,0.15487848818994596,1e-6,carepd_BMCLab_6fold_1,macro_f1_012,false,pretrain_v1_stats_train_clean.pt,runs/pretrain/amass_clean/medium_100ep_simmim/seed1/in_pk__loss_pk/lightning_logs/version_0/checkpoints/epoch=99-step=11500.ckpt
amass_clean,medium_100ep_simmim,seed2,in_pk__loss_pk,pk,pk,carepd_BMCLab_loso,loso,BMCLab,BMCLab,23,0.4004543572664261,0.5339391430219015,0.5184292793273926,0.5162889361381531,0.19247728416129298,0.25663637888172397,0.9111305501150049,0.0851412503781248,0.11352166717083306,0.1567441033165121,3e-6,carepd_BMCLab_6fold_1,macro_f1_012,false,pretrain_v1_stats_train_clean.pt,runs/pretrain/amass_clean/medium_100ep_simmim/seed2/in_pk__loss_pk/lightning_logs/version_0/checkpoints/epoch=99-step=11500.ckpt
amass_clean,medium_100ep_simmim,seed42,in_pk__loss_pk,pk,pk,carepd_BMCLab_loso,loso,BMCLab,BMCLab,23,0.4480689913034439,0.5974253217379252,0.5832160115242004,0.5819827318191528,0.21522096252959708,0.2869612833727961,0.9026751259098882,0.0842497243199954,0.11233296575999385,0.15813678560391567,1e-6,carepd_BMCLab_6fold_1,macro_f1_012,false,pretrain_v1_stats_train_clean.pt,runs/pretrain/amass_clean/medium_100ep_simmim/seed42/in_pk__loss_pk/lightning_logs/version_0/checkpoints/epoch=99-step=11500.ckpt
amass_clean,medium_100ep_simmim,seed1,in_pk__loss_pkd,pk,pkd,carepd_BMCLab_loso,loso,BMCLab,BMCLab,23,0.44367989897727966,0.5915731986363729,0.5622972846031189,0.561523973941803,0.20085966894808022,0.2678128919307736,0.9226447991702867,0.0945851434945099,0.12611352465934653,0.14844757873936035,3e-6,carepd_BMCLab_6fold_1,macro_f1_012,false,pretrain_v1_stats_train_clean.pt,runs/pretrain/amass_clean/medium_100ep_simmim/seed1/in_pk__loss_pkd/lightning_logs/version_0/checkpoints/epoch=99-step=11500.ckpt
amass_clean,medium_100ep_simmim,seed2,in_pk__loss_pkd,pk,pkd,carepd_BMCLab_loso,loso,BMCLab,BMCLab,23,0.4216299429535866,0.5621732572714487,0.5386292338371277,0.5429866909980774,0.20022098396135413,0.26696131194847217,0.91321766635646,0.09221811174233796,0.12295748232311728,0.15193925504434874,1e-6,carepd_BMCLab_6fold_1,macro_f1_012,false,pretrain_v1_stats_train_clean.pt,runs/pretrain/amass_clean/medium_100ep_simmim/seed2/in_pk__loss_pkd/lightning_logs/version_0/checkpoints/epoch=94-step=10925.ckpt
amass_clean,medium_100ep_simmim,seed42,in_pk__loss_pkd,pk,pkd,carepd_BMCLab_loso,loso,BMCLab,BMCLab,23,0.43752412497997284,0.5833654999732971,0.5288288593292236,0.5468201041221619,0.19761674575831578,0.263488994344421,0.9242297307304714,0.10420235928364656,0.1389364790448621,0.13224265217348172,3e-6,carepd_BMCLab_6fold_1,macro_f1_012,false,pretrain_v1_stats_train_clean.pt,runs/pretrain/amass_clean/medium_100ep_simmim/seed42/in_pk__loss_pkd/lightning_logs/version_0/checkpoints/epoch=99-step=11500.ckpt
amass_clean,medium_100ep_simmim,seed1,in_pkd__loss_p,pkd,p,carepd_BMCLab_loso,loso,BMCLab,BMCLab,23,0.36341841518878937,0.4845578869183858,0.4125427305698395,0.4413423240184784,0.18509738900415276,0.24679651867220367,0.931250027988268,0.11608885897537248,0.15478514530049664,0.13196524317952033,3e-6,carepd_BMCLab_6fold_1,macro_f1_012,false,pretrain_v1_stats_train_clean.pt,runs/pretrain/amass_clean/medium_100ep_simmim/seed1/in_pkd__loss_p/lightning_logs/version_0/checkpoints/epoch=94-step=10925.ckpt
amass_clean,medium_100ep_simmim,seed2,in_pkd__loss_p,pkd,p,carepd_BMCLab_loso,loso,BMCLab,BMCLab,23,0.43739593774080276,0.5831945836544037,0.48874378204345703,0.5034211277961731,0.1955981599571912,0.26079754660958826,0.9215459512627643,0.11038910946874557,0.14718547929166076,0.13898113057463818,1e-6,carepd_BMCLab_6fold_1,macro_f1_012,false,pretrain_v1_stats_train_clean.pt,runs/pretrain/amass_clean/medium_100ep_simmim/seed2/in_pkd__loss_p/lightning_logs/version_0/checkpoints/epoch=94-step=10925.ckpt
amass_clean,medium_100ep_simmim,seed42,in_pkd__loss_p,pkd,p,carepd_BMCLab_loso,loso,BMCLab,BMCLab,23,0.32985953614115715,0.4398127148548762,0.4296353757381439,0.45301467180252075,0.1673435950246842,0.2231247933662456,0.9165125696555428,0.11440162805424259,0.15253550407232344,0.16167547619941375,1e-6,carepd_BMCLab_6fold_1,macro_f1_012,false,pretrain_v1_stats_train_clean.pt,runs/pretrain/amass_clean/medium_100ep_simmim/seed42/in_pkd__loss_p/lightning_logs/version_0/checkpoints/epoch=99-step=11500.ckpt
amass_clean,medium_100ep_simmim,seed1,in_pkd__loss_pk,pkd,pk,carepd_BMCLab_loso,loso,BMCLab,BMCLab,23,0.4456220790743828,0.594162772099177,0.5677043199539185,0.5818123817443848,0.2150619434111792,0.2867492578815723,0.9179453124170718,0.08665675755751731,0.11554234341002308,0.1491601364678018,3e-6,carepd_BMCLab_6fold_1,macro_f1_012,false,pretrain_v1_stats_train_clean.pt,runs/pretrain/amass_clean/medium_100ep_simmim/seed1/in_pkd__loss_pk/lightning_logs/version_0/checkpoints/epoch=99-step=11500.ckpt
amass_clean,medium_100ep_simmim,seed2,in_pkd__loss_pk,pkd,pk,carepd_BMCLab_loso,loso,BMCLab,BMCLab,23,0.4207601621747017,0.5610135495662689,0.5781922936439514,0.5899328589439392,0.20599052803995815,0.27465403738661087,0.925645024880119,0.09899912941671317,0.13199883922228423,0.1394245421492521,1e-6,carepd_BMCLab_6fold_1,macro_f1_012,false,pretrain_v1_stats_train_clean.pt,runs/pretrain/amass_clean/medium_100ep_simmim/seed2/in_pkd__loss_pk/lightning_logs/version_0/checkpoints/epoch=99-step=11500.ckpt
amass_clean,medium_100ep_simmim,seed42,in_pkd__loss_pk,pkd,pk,carepd_BMCLab_loso,loso,BMCLab,BMCLab,23,0.4483884871006012,0.5978513161341349,0.6045132875442505,0.5981409549713135,0.21294046679268713,0.2839206223902495,0.920969299648119,0.09361786688178897,0.12482382250905195,0.14771155812504644,1e-6,carepd_BMCLab_6fold_1,macro_f1_012,false,pretrain_v1_stats_train_clean.pt,runs/pretrain/amass_clean/medium_100ep_simmim/seed42/in_pkd__loss_pk/lightning_logs/version_0/checkpoints/epoch=94-step=10925.ckpt
amass_clean,medium_100ep_simmim,seed1,in_pkd__loss_pkd,pkd,pkd,carepd_BMCLab_loso,loso,BMCLab,BMCLab,23,0.4438409358263016,0.5917879144350687,0.57004714012146,0.5816605687141418,0.21311976768724297,0.28415969024965726,0.9270155611245529,0.11090460415671927,0.14787280554229237,0.1309137477306396,0.00001,carepd_BMCLab_6fold_1,macro_f1_012,false,pretrain_v1_stats_train_clean.pt,runs/pretrain/amass_clean/medium_100ep_simmim/seed1/in_pkd__loss_pkd/lightning_logs/version_0/checkpoints/epoch=99-step=11500.ckpt
amass_clean,medium_100ep_simmim,seed2,in_pkd__loss_pkd,pkd,pkd,carepd_BMCLab_loso,loso,BMCLab,BMCLab,23,0.42428813874721527,0.5657175183296204,0.540804922580719,0.5604540705680847,0.20349993848282358,0.27133325131043146,0.9215427170629087,0.09390632444917738,0.12520843259890319,0.13870267460926083,3e-6,carepd_BMCLab_6fold_1,macro_f1_012,false,pretrain_v1_stats_train_clean.pt,runs/pretrain/amass_clean/medium_100ep_simmim/seed2/in_pkd__loss_pkd/lightning_logs/version_0/checkpoints/epoch=99-step=11500.ckpt
amass_clean,medium_100ep_simmim,seed42,in_pkd__loss_pkd,pkd,pkd,carepd_BMCLab_loso,loso,BMCLab,BMCLab,23,0.43423332273960114,0.5789777636528015,0.562960684299469,0.5807188153266907,0.2005053807211959,0.26734050762826117,0.9343605507975039,0.09910624105712161,0.13214165474282882,0.12163142341822436,1e-6,carepd_BMCLab_6fold_1,macro_f1_012,false,pretrain_v1_stats_train_clean.pt,runs/pretrain/amass_clean/medium_100ep_simmim/seed42/in_pkd__loss_pkd/lightning_logs/version_0/checkpoints/epoch=99-step=11500.ckpt
amass_clean,medium_100ep_simmim,seed1,in_p__loss_p,p,p,carepd_PD-GaM_loso,loso,PD-GaM,PD-GaM,30,0.4690403714776039,0.6253871619701385,0.5057738423347473,0.6714322566986084,0.3554780477657914,0.4739707303543886,0.7237735509872436,0.11909986477561368,0.15879981970081825,0.1519598849072236,0.00001,carepd_BMCLab_6fold_1,macro_f1_012,false,pretrain_v1_stats_train_clean.pt,runs/pretrain/amass_clean/medium_100ep_simmim/seed1/in_p__loss_p/lightning_logs/version_0/checkpoints/epoch=94-step=10925.ckpt
amass_clean,medium_100ep_simmim,seed2,in_p__loss_p,p,p,carepd_PD-GaM_loso,loso,PD-GaM,PD-GaM,30,0.4541248306632042,0.6054997742176056,0.5447487831115723,0.6763787269592285,0.3434555821120739,0.45794077614943185,0.7301836907863617,0.119275908919621,0.15903454522616134,0.15131254363739235,3e-6,carepd_BMCLab_6fold_1,macro_f1_012,false,pretrain_v1_stats_train_clean.pt,runs/pretrain/amass_clean/medium_100ep_simmim/seed2/in_p__loss_p/lightning_logs/version_0/checkpoints/epoch=99-step=11500.ckpt
amass_clean,medium_100ep_simmim,seed42,in_p__loss_p,p,p,carepd_PD-GaM_loso,loso,PD-GaM,PD-GaM,30,0.45260272920131683,0.6034703056017557,0.5024430155754089,0.6706328988075256,0.355417149917533,0.47388953322337735,0.7342985987663269,0.11396919241315906,0.15195892321754542,0.15026564576748408,1e-6,carepd_BMCLab_6fold_1,macro_f1_012,false,pretrain_v1_stats_train_clean.pt,runs/pretrain/amass_clean/medium_100ep_simmim/seed42/in_p__loss_p/lightning_logs/version_0/checkpoints/epoch=99-step=11500.ckpt
amass_clean,medium_100ep_simmim,seed1,in_p__loss_pk,p,pk,carepd_PD-GaM_loso,loso,PD-GaM,PD-GaM,30,0.6650218963623047,0.647702157497406,0.666347861289978,0.7215763330459595,0.38397863085071243,0.4955435246229172,0.7633923361698787,0.14685864358455283,0.1678858706276939,0.14353765192982096,1e-6,carepd_BMCLab_6fold_1,macro_f1_012,false,pretrain_v1_stats_train_clean.pt,runs/pretrain/amass_clean/medium_100ep_simmim/seed1/in_p__loss_pk/lightning_logs/version_0/checkpoints/epoch=99-step=11500.ckpt
amass_clean,medium_100ep_simmim,seed2,in_p__loss_pk,p,pk,carepd_PD-GaM_loso,loso,PD-GaM,PD-GaM,30,0.5821514278650284,0.6537529230117798,0.5842428207397461,0.7147620916366577,0.38093229830265046,0.4986148592498567,0.7604100406169891,0.11775435130060165,0.15027421768180046,0.14621567894179724,1e-6,carepd_BMCLab_6fold_1,macro_f1_012,false,pretrain_v1_stats_train_clean.pt,runs/pretrain/amass_clean/medium_100ep_simmim/seed2/in_p__loss_pk/lightning_logs/version_0/checkpoints/epoch=99-step=11500.ckpt
amass_clean,medium_100ep_simmim,seed42,in_p__loss_pk,p,pk,carepd_PD-GaM_loso,loso,PD-GaM,PD-GaM,30,0.6617788821458817,0.6516026059786478,0.6645117402076721,0.7157083749771118,0.38663033905128635,0.49971224715312323,0.7689202100038528,0.15151065741069403,0.1742885023458517,0.1487904413530357,3e-6,carepd_BMCLab_6fold_1,macro_f1_012,false,pretrain_v1_stats_train_clean.pt,runs/pretrain/amass_clean/medium_100ep_simmim/seed42/in_p__loss_pk/lightning_logs/version_0/checkpoints/epoch=99-step=11500.ckpt
amass_clean,medium_100ep_simmim,seed1,in_p__loss_pkd,p,pkd,carepd_PD-GaM_loso,loso,PD-GaM,PD-GaM,30,0.5966751649975777,0.641720732053121,0.6006762385368347,0.7051989436149597,0.37342102428277335,0.4859605424933963,0.74842349588871,0.11859203407458747,0.14548964563127648,0.14228460857264522,3e-6,carepd_BMCLab_6fold_1,macro_f1_012,false,pretrain_v1_stats_train_clean.pt,runs/pretrain/amass_clean/medium_100ep_simmim/seed1/in_p__loss_pkd/lightning_logs/version_0/checkpoints/epoch=99-step=11500.ckpt
amass_clean,medium_100ep_simmim,seed2,in_p__loss_pkd,p,pkd,carepd_PD-GaM_loso,loso,PD-GaM,PD-GaM,30,0.5258689746260643,0.6361179848512014,0.5952795743942261,0.699510931968689,0.3742535190656781,0.4954491366114881,0.7377602924903234,0.11090696850774974,0.1490385391752267,0.14778638460255789,0.0001,carepd_BMCLab_6fold_1,macro_f1_012,false,pretrain_v1_stats_train_clean.pt,runs/pretrain/amass_clean/medium_100ep_simmim/seed2/in_p__loss_pkd/lightning_logs/version_0/checkpoints/epoch=99-step=11500.ckpt
amass_clean,medium_100ep_simmim,seed42,in_p__loss_pkd,p,pkd,carepd_PD-GaM_loso,loso,PD-GaM,PD-GaM,30,0.5281153693795204,0.6339783867200216,0.5532018542289734,0.6955528259277344,0.36626082931955656,0.48386192007197276,0.7446551690498988,0.11687397788710695,0.15342378501354412,0.13097222433514663,1e-6,carepd_BMCLab_6fold_1,macro_f1_012,false,pretrain_v1_stats_train_clean.pt,runs/pretrain/amass_clean/medium_100ep_simmim/seed42/in_p__loss_pkd/lightning_logs/version_0/checkpoints/epoch=94-step=10925.ckpt
amass_clean,medium_100ep_simmim,seed1,in_pk__loss_p,pk,p,carepd_PD-GaM_loso,loso,PD-GaM,PD-GaM,30,0.44159112870693207,0.5887881716092428,0.4845432937145233,0.6652778387069702,0.34756439259896676,0.46341919013195565,0.737351980805397,0.09873413309604596,0.13164551079472794,0.1506045543396728,3e-6,carepd_BMCLab_6fold_1,macro_f1_012,false,pretrain_v1_stats_train_clean.pt,runs/pretrain/amass_clean/medium_100ep_simmim/seed1/in_pk__loss_p/lightning_logs/version_0/checkpoints/epoch=94-step=10925.ckpt
amass_clean,medium_100ep_simmim,seed2,in_pk__loss_p,pk,p,carepd_PD-GaM_loso,loso,PD-GaM,PD-GaM,30,0.6349999010562897,0.6323808232943217,0.6169242262840271,0.6924507021903992,0.3809897024805347,0.4924307143522633,0.7330818464358647,0.13881394496022087,0.1623243416268265,0.14207732186567434,1e-6,carepd_BMCLab_6fold_1,macro_f1_012,false,pretrain_v1_stats_train_clean.pt,runs/pretrain/amass_clean/medium_100ep_simmim/seed2/in_pk__loss_p/lightning_logs/version_0/checkpoints/epoch=99-step=11500.ckpt
amass_clean,medium_100ep_simmim,seed42,in_pk__loss_p,pk,p,carepd_PD-GaM_loso,loso,PD-GaM,PD-GaM,30,0.4302944615483284,0.5737259487311045,0.46336328983306885,0.6649280190467834,0.34358964699010053,0.45811952932013406,0.7177740563948949,0.10376067875851945,0.13834757167802592,0.15091205267135924,0.0001,carepd_BMCLab_6fold_1,macro_f1_012,false,pretrain_v1_stats_train_clean.pt,runs/pretrain/amass_clean/medium_100ep_simmim/seed42/in_pk__loss_p/lightning_logs/version_0/checkpoints/epoch=99-step=11500.ckpt
amass_clean,medium_100ep_simmim,seed1,in_pk__loss_pk,pk,pk,carepd_PD-GaM_loso,loso,PD-GaM,PD-GaM,30,0.6524930894374847,0.6477685570716858,0.6423081159591675,0.7046946883201599,0.3819988755509257,0.49377627844611804,0.7533509612083436,0.13402546874294563,0.14697435611115703,0.14387434837309274,1e-6,carepd_BMCLab_6fold_1,macro_f1_012,false,pretrain_v1_stats_train_clean.pt,runs/pretrain/amass_clean/medium_100ep_simmim/seed1/in_pk__loss_pk/lightning_logs/version_0/checkpoints/epoch=99-step=11500.ckpt
amass_clean,medium_100ep_simmim,seed2,in_pk__loss_pk,pk,pk,carepd_PD-GaM_loso,loso,PD-GaM,PD-GaM,30,0.6504032760858536,0.6490225593249003,0.5986390113830566,0.6844028234481812,0.3835334847370783,0.49582242402765486,0.7446058402458827,0.1445270830791472,0.1648171723401238,0.15359235779044764,3e-6,carepd_BMCLab_6fold_1,macro_f1_012,false,pretrain_v1_stats_train_clean.pt,runs/pretrain/amass_clean/medium_100ep_simmim/seed2/in_pk__loss_pk/lightning_logs/version_0/checkpoints/epoch=99-step=11500.ckpt
amass_clean,medium_100ep_simmim,seed42,in_pk__loss_pk,pk,pk,carepd_PD-GaM_loso,loso,PD-GaM,PD-GaM,30,0.644844263792038,0.6499158143997192,0.6151074767112732,0.696588933467865,0.386035363872846,0.4994004279375076,0.7425123453140259,0.1346161243857597,0.15894925618865696,0.14408590173773306,1e-6,carepd_BMCLab_6fold_1,macro_f1_012,false,pretrain_v1_stats_train_clean.pt,runs/pretrain/amass_clean/medium_100ep_simmim/seed42/in_pk__loss_pk/lightning_logs/version_0/checkpoints/epoch=99-step=11500.ckpt
amass_clean,medium_100ep_simmim,seed1,in_pk__loss_pkd,pk,pkd,carepd_PD-GaM_loso,loso,PD-GaM,PD-GaM,30,0.6135567873716354,0.6412049730618795,0.6131510734558105,0.6896882653236389,0.3752146843199929,0.4873802629609903,0.7527779966592789,0.12255738555812323,0.14659231491895225,0.13586705651277495,3e-6,carepd_BMCLab_6fold_1,macro_f1_012,false,pretrain_v1_stats_train_clean.pt,runs/pretrain/amass_clean/medium_100ep_simmim/seed1/in_pk__loss_pkd/lightning_logs/version_0/checkpoints/epoch=99-step=11500.ckpt
amass_clean,medium_100ep_simmim,seed2,in_pk__loss_pkd,pk,pkd,carepd_PD-GaM_loso,loso,PD-GaM,PD-GaM,30,0.5110088437795639,0.6287135481834412,0.5533952713012695,0.6672986745834351,0.3620768924243748,0.4791616861604982,0.7298851678768794,0.11623112843672163,0.15342254926846058,0.14033322606229637,1e-6,carepd_BMCLab_6fold_1,macro_f1_012,false,pretrain_v1_stats_train_clean.pt,runs/pretrain/amass_clean/medium_100ep_simmim/seed2/in_pk__loss_pkd/lightning_logs/version_0/checkpoints/epoch=94-step=10925.ckpt
amass_clean,medium_100ep_simmim,seed42,in_pk__loss_pkd,pk,pkd,carepd_PD-GaM_loso,loso,PD-GaM,PD-GaM,30,0.609962522983551,0.6466166973114014,0.5941056609153748,0.6767033934593201,0.38900493644177914,0.5065274998545647,0.7581576853990555,0.12517782167300942,0.1527488141727365,0.139351538156469,3e-6,carepd_BMCLab_6fold_1,macro_f1_012,false,pretrain_v1_stats_train_clean.pt,runs/pretrain/amass_clean/medium_100ep_simmim/seed42/in_pk__loss_pkd/lightning_logs/version_0/checkpoints/epoch=99-step=11500.ckpt
amass_clean,medium_100ep_simmim,seed1,in_pkd__loss_p,pkd,p,carepd_PD-GaM_loso,loso,PD-GaM,PD-GaM,30,0.44978178292512894,0.5997090439001719,0.5202849507331848,0.7013964653015137,0.34123266491418086,0.4549768865522411,0.7256339281797409,0.10422608459207988,0.13896811278943982,0.14642761398412646,3e-6,carepd_BMCLab_6fold_1,macro_f1_012,false,pretrain_v1_stats_train_clean.pt,runs/pretrain/amass_clean/medium_100ep_simmim/seed1/in_pkd__loss_p/lightning_logs/version_0/checkpoints/epoch=94-step=10925.ckpt
amass_clean,medium_100ep_simmim,seed2,in_pkd__loss_p,pkd,p,carepd_PD-GaM_loso,loso,PD-GaM,PD-GaM,30,0.5481108650565147,0.6003797054290771,0.593941330909729,0.707181990146637,0.3658150179932515,0.47795537759860357,0.738202636440595,0.10959747241431156,0.1376403891824845,0.147019747707862,1e-6,carepd_BMCLab_6fold_1,macro_f1_012,false,pretrain_v1_stats_train_clean.pt,runs/pretrain/amass_clean/medium_100ep_simmim/seed2/in_pkd__loss_p/lightning_logs/version_0/checkpoints/epoch=94-step=10925.ckpt
amass_clean,medium_100ep_simmim,seed42,in_pkd__loss_p,pkd,p,carepd_PD-GaM_loso,loso,PD-GaM,PD-GaM,30,0.46593544259667397,0.5736282070477804,0.5211911201477051,0.694903552532196,0.34199614378934107,0.4530963076899449,0.7190084010362625,0.09694177119864014,0.1297803369416732,0.1469948251620646,1e-6,carepd_BMCLab_6fold_1,macro_f1_012,false,pretrain_v1_stats_train_clean.pt,runs/pretrain/amass_clean/medium_100ep_simmim/seed42/in_pkd__loss_p/lightning_logs/version_0/checkpoints/epoch=99-step=11500.ckpt
amass_clean,medium_100ep_simmim,seed1,in_pkd__loss_pk,pkd,pk,carepd_PD-GaM_loso,loso,PD-GaM,PD-GaM,30,0.608310654759407,0.6550525029500326,0.6060266494750977,0.7118248343467712,0.38425412320842345,0.5008573494851589,0.7565198997656505,0.11618895601898256,0.1398560946179191,0.14902875387372527,3e-6,carepd_BMCLab_6fold_1,macro_f1_012,false,pretrain_v1_stats_train_clean.pt,runs/pretrain/amass_clean/medium_100ep_simmim/seed1/in_pkd__loss_pk/lightning_logs/version_0/checkpoints/epoch=99-step=11500.ckpt
amass_clean,medium_100ep_simmim,seed2,in_pkd__loss_pk,pkd,pk,carepd_PD-GaM_loso,loso,PD-GaM,PD-GaM,30,0.5831283703446388,0.6640293200810751,0.6086834669113159,0.714543342590332,0.38601589715108275,0.5057554008646143,0.757404770453771,0.12398269690676415,0.15680939021429985,0.14341080602164816,1e-6,carepd_BMCLab_6fold_1,macro_f1_012,false,pretrain_v1_stats_train_clean.pt,runs/pretrain/amass_clean/medium_100ep_simmim/seed2/in_pkd__loss_pk/lightning_logs/version_0/checkpoints/epoch=99-step=11500.ckpt
amass_clean,medium_100ep_simmim,seed42,in_pkd__loss_pk,pkd,pk,carepd_PD-GaM_loso,loso,PD-GaM,PD-GaM,30,0.591498114168644,0.6497752666473389,0.6025568842887878,0.7178942561149597,0.38101147959629694,0.4973980218172073,0.7537840396165848,0.1141615109759999,0.1437748158223092,0.1373981146567848,1e-6,carepd_BMCLab_6fold_1,macro_f1_012,false,pretrain_v1_stats_train_clean.pt,runs/pretrain/amass_clean/medium_100ep_simmim/seed42/in_pkd__loss_pk/lightning_logs/version_0/checkpoints/epoch=94-step=10925.ckpt
amass_clean,medium_100ep_simmim,seed1,in_pkd__loss_pkd,pkd,pkd,carepd_PD-GaM_loso,loso,PD-GaM,PD-GaM,30,0.634197473526001,0.6650410691897074,0.6909778118133545,0.7287390232086182,0.387729428956906,0.5040665891435411,0.7585017373164494,0.13053172752916786,0.1591131982653827,0.14394789035672156,0.00001,carepd_BMCLab_6fold_1,macro_f1_012,false,pretrain_v1_stats_train_clean.pt,runs/pretrain/amass_clean/medium_100ep_simmim/seed1/in_pkd__loss_pkd/lightning_logs/version_0/checkpoints/epoch=99-step=11500.ckpt
amass_clean,medium_100ep_simmim,seed2,in_pkd__loss_pkd,pkd,pkd,carepd_PD-GaM_loso,loso,PD-GaM,PD-GaM,30,0.632299154996872,0.6763988733291626,0.66260826587677,0.7210361957550049,0.39608349626262984,0.5159420159127978,0.7550870587428411,0.13254892670999732,0.16053148835974998,0.14037292447755031,3e-6,carepd_BMCLab_6fold_1,macro_f1_012,false,pretrain_v1_stats_train_clean.pt,runs/pretrain/amass_clean/medium_100ep_simmim/seed2/in_pkd__loss_pkd/lightning_logs/version_0/checkpoints/epoch=99-step=11500.ckpt
amass_clean,medium_100ep_simmim,seed42,in_pkd__loss_pkd,pkd,pkd,carepd_PD-GaM_loso,loso,PD-GaM,PD-GaM,30,0.609857939183712,0.6649957696596781,0.618135392665863,0.7147541642189026,0.38888046946376564,0.5077860452234745,0.7610468556483586,0.12117520143701013,0.14974462126225804,0.14927149348402646,1e-6,carepd_BMCLab_6fold_1,macro_f1_012,false,pretrain_v1_stats_train_clean.pt,runs/pretrain/amass_clean/medium_100ep_simmim/seed42/in_pkd__loss_pkd/lightning_logs/version_0/checkpoints/epoch=99-step=11500.ckpt
amass_clean,medium_100ep_simmim,seed1,in_p__loss_p,p,p,carepd_T-SDU-PD_loso,loso,T-SDU-PD,T-SDU-PD,14,0.24196093156933784,0.3226145754257838,0.3896486461162567,0.4106714129447937,0.15220164421147533,0.20293552561530045,0.7288729931627002,0.08685751248703345,0.11581001664937793,0.2199407909063365,0.00001,carepd_BMCLab_6fold_1,macro_f1_012,false,pretrain_v1_stats_train_clean.pt,runs/pretrain/amass_clean/medium_100ep_simmim/seed1/in_p__loss_p/lightning_logs/version_0/checkpoints/epoch=94-step=10925.ckpt
amass_clean,medium_100ep_simmim,seed2,in_p__loss_p,p,p,carepd_T-SDU-PD_loso,loso,T-SDU-PD,T-SDU-PD,14,0.2303809840232134,0.3071746453642845,0.36907681822776794,0.38807040452957153,0.1458930310660175,0.19452404142135665,0.7398043828351157,0.1012906034128163,0.1350541378837551,0.2065726911973343,3e-6,carepd_BMCLab_6fold_1,macro_f1_012,false,pretrain_v1_stats_train_clean.pt,runs/pretrain/amass_clean/medium_100ep_simmim/seed2/in_p__loss_p/lightning_logs/version_0/checkpoints/epoch=99-step=11500.ckpt
amass_clean,medium_100ep_simmim,seed42,in_p__loss_p,p,p,carepd_T-SDU-PD_loso,loso,T-SDU-PD,T-SDU-PD,14,0.2246649321168661,0.29955324282248813,0.3533354699611664,0.3871985077857971,0.14055506392781222,0.18740675190374964,0.7161527105740139,0.07531218155644867,0.1004162420752649,0.22501805530365804,1e-6,carepd_BMCLab_6fold_1,macro_f1_012,false,pretrain_v1_stats_train_clean.pt,runs/pretrain/amass_clean/medium_100ep_simmim/seed42/in_p__loss_p/lightning_logs/version_0/checkpoints/epoch=99-step=11500.ckpt
amass_clean,medium_100ep_simmim,seed1,in_p__loss_pk,p,pk,carepd_T-SDU-PD_loso,loso,T-SDU-PD,T-SDU-PD,14,0.24674303829669952,0.3289907177289327,0.3887411653995514,0.38009610772132874,0.16377032242183173,0.21836042989577567,0.7124743568045753,0.061286001298171584,0.08171466839756211,0.23369607255880967,1e-6,carepd_BMCLab_6fold_1,macro_f1_012,false,pretrain_v1_stats_train_clean.pt,runs/pretrain/amass_clean/medium_100ep_simmim/seed1/in_p__loss_pk/lightning_logs/version_0/checkpoints/epoch=99-step=11500.ckpt
amass_clean,medium_100ep_simmim,seed2,in_p__loss_pk,p,pk,carepd_T-SDU-PD_loso,loso,T-SDU-PD,T-SDU-PD,14,0.330221988260746,0.4402959843476613,0.4425756633281708,0.4485698342323303,0.19151508169514792,0.25535344226019724,0.7593387918812888,0.08675205037729287,0.11566940050305717,0.19788464853339155,1e-6,carepd_BMCLab_6fold_1,macro_f1_012,false,pretrain_v1_stats_train_clean.pt,runs/pretrain/amass_clean/medium_100ep_simmim/seed2/in_p__loss_pk/lightning_logs/version_0/checkpoints/epoch=99-step=11500.ckpt
amass_clean,medium_100ep_simmim,seed42,in_p__loss_pk,p,pk,carepd_T-SDU-PD_loso,loso,T-SDU-PD,T-SDU-PD,14,0.30112409964203835,0.4014987995227178,0.44973769783973694,0.4300011396408081,0.16551773196884564,0.2206903092917942,0.7182639730828149,0.08313167338307033,0.1108422311774271,0.22827796068758274,3e-6,carepd_BMCLab_6fold_1,macro_f1_012,false,pretrain_v1_stats_train_clean.pt,runs/pretrain/amass_clean/medium_100ep_simmim/seed42/in_p__loss_pk/lightning_logs/version_0/checkpoints/epoch=99-step=11500.ckpt
amass_clean,medium_100ep_simmim,seed1,in_p__loss_pkd,p,pkd,carepd_T-SDU-PD_loso,loso,T-SDU-PD,T-SDU-PD,14,0.22960501536726952,0.3061400204896927,0.36331772804260254,0.3457008898258209,0.13522662315517664,0.18030216420690218,0.7211864739656448,0.09351350378578464,0.12468467171437952,0.222663238512882,3e-6,carepd_BMCLab_6fold_1,macro_f1_012,false,pretrain_v1_stats_train_clean.pt,runs/pretrain/amass_clean/medium_100ep_simmim/seed1/in_p__loss_pkd/lightning_logs/version_0/checkpoints/epoch=99-step=11500.ckpt
amass_clean,medium_100ep_simmim,seed2,in_p__loss_pkd,p,pkd,carepd_T-SDU-PD_loso,loso,T-SDU-PD,T-SDU-PD,14,0.26299578323960304,0.3506610443194707,0.4237706661224365,0.43193700909614563,0.15332647705716745,0.20443530274288996,0.7154840507677623,0.0918668646833131,0.12248915291108411,0.2318350259511,0.0001,carepd_BMCLab_6fold_1,macro_f1_012,false,pretrain_v1_stats_train_clean.pt,runs/pretrain/amass_clean/medium_100ep_simmim/seed2/in_p__loss_pkd/lightning_logs/version_0/checkpoints/epoch=99-step=11500.ckpt
amass_clean,medium_100ep_simmim,seed42,in_p__loss_pkd,p,pkd,carepd_T-SDU-PD_loso,loso,T-SDU-PD,T-SDU-PD,14,0.27452434226870537,0.3660324563582738,0.4205056130886078,0.43266329169273376,0.16491351476205246,0.21988468634940328,0.7550202693258014,0.0779838125823345,0.10397841677644601,0.20341587281914425,1e-6,carepd_BMCLab_6fold_1,macro_f1_012,false,pretrain_v1_stats_train_clean.pt,runs/pretrain/amass_clean/medium_100ep_simmim/seed42/in_p__loss_pkd/lightning_logs/version_0/checkpoints/epoch=94-step=10925.ckpt
amass_clean,medium_100ep_simmim,seed1,in_pk__loss_p,pk,p,carepd_T-SDU-PD_loso,loso,T-SDU-PD,T-SDU-PD,14,0.18950075469911098,0.252667672932148,0.2765113413333893,0.3111260235309601,0.13277156065617288,0.17702874754156384,0.7093765501465116,0.08549807168674285,0.11399742891565713,0.22921255521230663,3e-6,carepd_BMCLab_6fold_1,macro_f1_012,false,pretrain_v1_stats_train_clean.pt,runs/pretrain/amass_clean/medium_100ep_simmim/seed1/in_pk__loss_p/lightning_logs/version_0/checkpoints/epoch=94-step=10925.ckpt
amass_clean,medium_100ep_simmim,seed2,in_pk__loss_p,pk,p,carepd_T-SDU-PD_loso,loso,T-SDU-PD,T-SDU-PD,14,0.23799262195825577,0.317323495944341,0.3531002998352051,0.3751161992549896,0.1521391843312553,0.20285224577500707,0.7196616892303739,0.08500015314091293,0.11333353752121723,0.22111432833411304,1e-6,carepd_BMCLab_6fold_1,macro_f1_012,false,pretrain_v1_stats_train_clean.pt,runs/pretrain/amass_clean/medium_100ep_simmim/seed2/in_pk__loss_p/lightning_logs/version_0/checkpoints/epoch=99-step=11500.ckpt
amass_clean,medium_100ep_simmim,seed42,in_pk__loss_p,pk,p,carepd_T-SDU-PD_loso,loso,T-SDU-PD,T-SDU-PD,14,0.22371727600693703,0.2982897013425827,0.3278067409992218,0.39136654138565063,0.1351212094804006,0.18016161264053412,0.732989809342793,0.08688469375088376,0.11584625833451168,0.20994410634072463,0.0001,carepd_BMCLab_6fold_1,macro_f1_012,false,pretrain_v1_stats_train_clean.pt,runs/pretrain/amass_clean/medium_100ep_simmim/seed42/in_pk__loss_p/lightning_logs/version_0/checkpoints/epoch=99-step=11500.ckpt
amass_clean,medium_100ep_simmim,seed1,in_pk__loss_pk,pk,pk,carepd_T-SDU-PD_loso,loso,T-SDU-PD,T-SDU-PD,14,0.2711513340473175,0.36153511206309,0.4062625467777252,0.41582974791526794,0.1480957137952958,0.19746095172706105,0.7319766389472144,0.08248573057922148,0.10998097410562865,0.22922342441955892,1e-6,carepd_BMCLab_6fold_1,macro_f1_012,false,pretrain_v1_stats_train_clean.pt,runs/pretrain/amass_clean/medium_100ep_simmim/seed1/in_pk__loss_pk/lightning_logs/version_0/checkpoints/epoch=99-step=11500.ckpt
amass_clean,medium_100ep_simmim,seed2,in_pk__loss_pk,pk,pk,carepd_T-SDU-PD_loso,loso,T-SDU-PD,T-SDU-PD,14,0.24621460773050785,0.32828614364067715,0.39365753531455994,0.3957098126411438,0.14181404560804367,0.18908539414405823,0.7549594598157066,0.08501401633508715,0.11335202178011619,0.23136514442483122,3e-6,carepd_BMCLab_6fold_1,macro_f1_012,false,pretrain_v1_stats_train_clean.pt,runs/pretrain/amass_clean/medium_100ep_simmim/seed2/in_pk__loss_pk/lightning_logs/version_0/checkpoints/epoch=99-step=11500.ckpt
amass_clean,medium_100ep_simmim,seed42,in_pk__loss_pk,pk,pk,carepd_T-SDU-PD_loso,loso,T-SDU-PD,T-SDU-PD,14,0.25198156014084816,0.33597541352113086,0.3916188180446625,0.4076979458332062,0.14073027404291288,0.1876403653905505,0.7123833362545285,0.0814591760799923,0.10861223477332306,0.23600006543957922,1e-6,carepd_BMCLab_6fold_1,macro_f1_012,false,pretrain_v1_stats_train_clean.pt,runs/pretrain/amass_clean/medium_100ep_simmim/seed42/in_pk__loss_pk/lightning_logs/version_0/checkpoints/epoch=99-step=11500.ckpt
amass_clean,medium_100ep_simmim,seed1,in_pk__loss_pkd,pk,pkd,carepd_T-SDU-PD_loso,loso,T-SDU-PD,T-SDU-PD,14,0.3006954938173294,0.4009273250897725,0.44723638892173767,0.4487760663032532,0.18147219132099832,0.2419629217613311,0.7248045142207827,0.08125407826736672,0.10833877102315562,0.22007361636803743,3e-6,carepd_BMCLab_6fold_1,macro_f1_012,false,pretrain_v1_stats_train_clean.pt,runs/pretrain/amass_clean/medium_100ep_simmim/seed1/in_pk__loss_pkd/lightning_logs/version_0/checkpoints/epoch=99-step=11500.ckpt
amass_clean,medium_100ep_simmim,seed2,in_pk__loss_pkd,pk,pkd,carepd_T-SDU-PD_loso,loso,T-SDU-PD,T-SDU-PD,14,0.2442354392260313,0.3256472523013751,0.39593854546546936,0.3727373778820038,0.1440612609897341,0.19208168131964548,0.7081600363765445,0.08808154383226849,0.11744205844302465,0.23247139754725266,1e-6,carepd_BMCLab_6fold_1,macro_f1_012,false,pretrain_v1_stats_train_clean.pt,runs/pretrain/amass_clean/medium_100ep_simmim/seed2/in_pk__loss_pkd/lightning_logs/version_0/checkpoints/epoch=94-step=10925.ckpt
amass_clean,medium_100ep_simmim,seed42,in_pk__loss_pkd,pk,pkd,carepd_T-SDU-PD_loso,loso,T-SDU-PD,T-SDU-PD,14,0.28069065883755684,0.3742542117834091,0.43309733271598816,0.4247775375843048,0.15335980709642172,0.20447974279522896,0.7114347900663104,0.0797138353011929,0.10628511373492386,0.22888083483397342,3e-6,carepd_BMCLab_6fold_1,macro_f1_012,false,pretrain_v1_stats_train_clean.pt,runs/pretrain/amass_clean/medium_100ep_simmim/seed42/in_pk__loss_pkd/lightning_logs/version_0/checkpoints/epoch=99-step=11500.ckpt
amass_clean,medium_100ep_simmim,seed1,in_pkd__loss_p,pkd,p,carepd_T-SDU-PD_loso,loso,T-SDU-PD,T-SDU-PD,14,0.2581605026498437,0.3442140035331249,0.4111576974391937,0.4465315043926239,0.1546427489125303,0.2061903318833737,0.7018076372998101,0.07461421195491313,0.09948561593988417,0.23295791475219854,3e-6,carepd_BMCLab_6fold_1,macro_f1_012,false,pretrain_v1_stats_train_clean.pt,runs/pretrain/amass_clean/medium_100ep_simmim/seed1/in_pkd__loss_p/lightning_logs/version_0/checkpoints/epoch=94-step=10925.ckpt
amass_clean,medium_100ep_simmim,seed2,in_pkd__loss_p,pkd,p,carepd_T-SDU-PD_loso,loso,T-SDU-PD,T-SDU-PD,14,0.2558581307530403,0.3411441743373871,0.35321569442749023,0.38725873827934265,0.16279959505689995,0.21706612674253328,0.735605640070779,0.0945305150711685,0.126040686761558,0.21551048474929901,1e-6,carepd_BMCLab_6fold_1,macro_f1_012,false,pretrain_v1_stats_train_clean.pt,runs/pretrain/amass_clean/medium_100ep_simmim/seed2/in_pkd__loss_p/lightning_logs/version_0/checkpoints/epoch=94-step=10925.ckpt
amass_clean,medium_100ep_simmim,seed42,in_pkd__loss_p,pkd,p,carepd_T-SDU-PD_loso,loso,T-SDU-PD,T-SDU-PD,14,0.2063308386132121,0.27510778481761616,0.3206978142261505,0.350445419549942,0.13303586960371053,0.177381159471614,0.7220894396305084,0.06758359543168202,0.09011146057557604,0.2226896868351411,1e-6,carepd_BMCLab_6fold_1,macro_f1_012,false,pretrain_v1_stats_train_clean.pt,runs/pretrain/amass_clean/medium_100ep_simmim/seed42/in_pkd__loss_p/lightning_logs/version_0/checkpoints/epoch=99-step=11500.ckpt
amass_clean,medium_100ep_simmim,seed1,in_pkd__loss_pk,pkd,pk,carepd_T-SDU-PD_loso,loso,T-SDU-PD,T-SDU-PD,14,0.2674606330692768,0.3566141774257024,0.40892183780670166,0.41366928815841675,0.15946748972471272,0.21262331963295028,0.7199325795684542,0.09285612066103947,0.12380816088138595,0.22389110406967072,3e-6,carepd_BMCLab_6fold_1,macro_f1_012,false,pretrain_v1_stats_train_clean.pt,runs/pretrain/amass_clean/medium_100ep_simmim/seed1/in_pkd__loss_pk/lightning_logs/version_0/checkpoints/epoch=99-step=11500.ckpt
amass_clean,medium_100ep_simmim,seed2,in_pkd__loss_pk,pkd,pk,carepd_T-SDU-PD_loso,loso,T-SDU-PD,T-SDU-PD,14,0.2794267497956753,0.372568999727567,0.41183605790138245,0.4130534827709198,0.16191229743084737,0.21588306324112982,0.7309134304523468,0.0846941464583854,0.11292552861118052,0.2207744149194861,1e-6,carepd_BMCLab_6fold_1,macro_f1_012,false,pretrain_v1_stats_train_clean.pt,runs/pretrain/amass_clean/medium_100ep_simmim/seed2/in_pkd__loss_pk/lightning_logs/version_0/checkpoints/epoch=99-step=11500.ckpt
amass_clean,medium_100ep_simmim,seed42,in_pkd__loss_pk,pkd,pk,carepd_T-SDU-PD_loso,loso,T-SDU-PD,T-SDU-PD,14,0.2547572646290064,0.3396763528386752,0.377679705619812,0.3856419324874878,0.15041400944547995,0.20055201259397323,0.7210932693311146,0.0765723144780381,0.10209641930405079,0.2268009109177599,1e-6,carepd_BMCLab_6fold_1,macro_f1_012,false,pretrain_v1_stats_train_clean.pt,runs/pretrain/amass_clean/medium_100ep_simmim/seed42/in_pkd__loss_pk/lightning_logs/version_0/checkpoints/epoch=94-step=10925.ckpt
amass_clean,medium_100ep_simmim,seed1,in_pkd__loss_pkd,pkd,pkd,carepd_T-SDU-PD_loso,loso,T-SDU-PD,T-SDU-PD,14,0.26256551779806614,0.35008735706408817,0.39787784218788147,0.4079654812812805,0.1511625245745693,0.2015500327660924,0.7122749877827508,0.07960437109000935,0.1061391614533458,0.2314802188675348,0.00001,carepd_BMCLab_6fold_1,macro_f1_012,false,pretrain_v1_stats_train_clean.pt,runs/pretrain/amass_clean/medium_100ep_simmim/seed1/in_pkd__loss_pkd/lightning_logs/version_0/checkpoints/epoch=99-step=11500.ckpt
amass_clean,medium_100ep_simmim,seed2,in_pkd__loss_pkd,pkd,pkd,carepd_T-SDU-PD_loso,loso,T-SDU-PD,T-SDU-PD,14,0.2677374966442585,0.35698332885901135,0.3861716687679291,0.384941041469574,0.158985925439213,0.21198123391895068,0.724681128348623,0.09042664036359267,0.12056885381812357,0.2503496343178882,3e-6,carepd_BMCLab_6fold_1,macro_f1_012,false,pretrain_v1_stats_train_clean.pt,runs/pretrain/amass_clean/medium_100ep_simmim/seed2/in_pkd__loss_pkd/lightning_logs/version_0/checkpoints/epoch=99-step=11500.ckpt
amass_clean,medium_100ep_simmim,seed42,in_pkd__loss_pkd,pkd,pkd,carepd_T-SDU-PD_loso,loso,T-SDU-PD,T-SDU-PD,14,0.2663520574569702,0.35513607660929364,0.38779592514038086,0.40089553594589233,0.15541453287005424,0.20721937716007233,0.7245034575462341,0.07580025139035429,0.10106700185380572,0.2205229899969243,1e-6,carepd_BMCLab_6fold_1,macro_f1_012,false,pretrain_v1_stats_train_clean.pt,runs/pretrain/amass_clean/medium_100ep_simmim/seed42/in_pkd__loss_pkd/lightning_logs/version_0/checkpoints/epoch=99-step=11500.ckpt
amass_clean,medium_thindec_100ep,seed1,in_p__loss_p,p,p,carepd_cross_BMCLab_to_3DGait,cross,BMCLab,3DGait,1,0.2653638832271099,0.25858041147391003,0.38359972834587097,0.39785319566726685,0.2653638832271099,0.25858041147391003,0.38359972834587097,,,,0.0001,carepd_BMCLab_6fold_1,macro_f1_012,false,pretrain_v1_stats_train_clean.pt,runs/pretrain/amass_clean/medium_thindec_100ep/seed1/in_p__loss_p/lightning_logs/version_0/checkpoints/epoch=94-step=10925.ckpt
amass_clean,medium_thindec_100ep,seed1,in_p__loss_p,p,p,carepd_cross_PD-GaM_to_3DGait,cross,PD-GaM,3DGait,1,0.21666666492819786,0.16388888657093048,0.4450820982456207,0.32221901416778564,0.21666666492819786,0.16388888657093048,0.4450820982456207,,,,0.0001,carepd_BMCLab_6fold_1,macro_f1_012,false,pretrain_v1_stats_train_clean.pt,runs/pretrain/amass_clean/medium_thindec_100ep/seed1/in_p__loss_p/lightning_logs/version_0/checkpoints/epoch=94-step=10925.ckpt
amass_clean,medium_thindec_100ep,seed1,in_p__loss_p,p,p,carepd_cross_T-SDU-PD_to_3DGait,cross,T-SDU-PD,3DGait,1,0.35767462849617004,0.47689950466156006,0.44101136922836304,0.39519357681274414,0.35767462849617004,0.47689950466156006,0.44101136922836304,,,,0.0001,carepd_BMCLab_6fold_1,macro_f1_012,false,pretrain_v1_stats_train_clean.pt,runs/pretrain/amass_clean/medium_thindec_100ep/seed1/in_p__loss_p/lightning_logs/version_0/checkpoints/epoch=94-step=10925.ckpt
amass_clean,medium_thindec_100ep,seed2,in_p__loss_p,p,p,carepd_cross_PD-GaM_to_3DGait,cross,PD-GaM,3DGait,1,0.20539676398038864,0.1849734584490458,0.40116849541664124,0.2946610450744629,0.20539676398038864,0.1849734584490458,0.40116849541664124,,,,0.00003,carepd_BMCLab_6fold_1,macro_f1_012,false,pretrain_v1_stats_train_clean.pt,runs/pretrain/amass_clean/medium_thindec_100ep/seed2/in_p__loss_p/lightning_logs/version_0/checkpoints/epoch=99-step=11500.ckpt
amass_clean,medium_thindec_100ep,seed2,in_p__loss_p,p,p,carepd_cross_BMCLab_to_3DGait,cross,BMCLab,3DGait,1,0.219594594091177,0.29279279212156933,0.3490370213985443,0.39834925532341003,0.219594594091177,0.29279279212156933,0.3490370213985443,,,,0.00003,carepd_BMCLab_6fold_1,macro_f1_012,false,pretrain_v1_stats_train_clean.pt,runs/pretrain/amass_clean/medium_thindec_100ep/seed2/in_p__loss_p/lightning_logs/version_0/checkpoints/epoch=99-step=11500.ckpt
amass_clean,medium_thindec_100ep,seed2,in_p__loss_p,p,p,carepd_cross_T-SDU-PD_to_3DGait,cross,T-SDU-PD,3DGait,1,0.27992407605051994,0.37323210140069324,0.36456847190856934,0.3630433678627014,0.27992407605051994,0.37323210140069324,0.36456847190856934,,,,0.00003,carepd_BMCLab_6fold_1,macro_f1_012,false,pretrain_v1_stats_train_clean.pt,runs/pretrain/amass_clean/medium_thindec_100ep/seed2/in_p__loss_p/lightning_logs/version_0/checkpoints/epoch=99-step=11500.ckpt
amass_clean,medium_thindec_100ep,seed42,in_p__loss_p,p,p,carepd_cross_PD-GaM_to_3DGait,cross,PD-GaM,3DGait,1,0.21682435646653175,0.15576580663522085,0.40045350790023804,0.289128839969635,0.21682435646653175,0.15576580663522085,0.40045350790023804,,,,0.00003,carepd_BMCLab_6fold_1,macro_f1_012,false,pretrain_v1_stats_train_clean.pt,runs/pretrain/amass_clean/medium_thindec_100ep/seed42/in_p__loss_p/lightning_logs/version_0/checkpoints/epoch=94-step=10925.ckpt
amass_clean,medium_thindec_100ep,seed42,in_p__loss_p,p,p,carepd_cross_BMCLab_to_3DGait,cross,BMCLab,3DGait,1,0.263235405087471,0.350980540116628,0.35614171624183655,0.3858030438423157,0.263235405087471,0.350980540116628,0.35614171624183655,,,,0.00003,carepd_BMCLab_6fold_1,macro_f1_012,false,pretrain_v1_stats_train_clean.pt,runs/pretrain/amass_clean/medium_thindec_100ep/seed42/in_p__loss_p/lightning_logs/version_0/checkpoints/epoch=94-step=10925.ckpt
amass_clean,medium_thindec_100ep,seed42,in_p__loss_p,p,p,carepd_cross_T-SDU-PD_to_3DGait,cross,T-SDU-PD,3DGait,1,0.3753881901502609,0.5005175868670145,0.45457106828689575,0.37856411933898926,0.3753881901502609,0.5005175868670145,0.45457106828689575,,,,0.00003,carepd_BMCLab_6fold_1,macro_f1_012,false,pretrain_v1_stats_train_clean.pt,runs/pretrain/amass_clean/medium_thindec_100ep/seed42/in_p__loss_p/lightning_logs/version_0/checkpoints/epoch=94-step=10925.ckpt
amass_clean,medium_thindec_100ep,seed1,in_p__loss_pk,p,pk,carepd_cross_T-SDU-PD_to_3DGait,cross,T-SDU-PD,3DGait,1,0.3274470865726471,0.4365961154301961,0.3940984904766083,0.40499147772789,0.3274470865726471,0.4365961154301961,0.3940984904766083,,,,1e-6,carepd_BMCLab_6fold_1,macro_f1_012,false,pretrain_v1_stats_train_clean.pt,runs/pretrain/amass_clean/medium_thindec_100ep/seed1/in_p__loss_pk/lightning_logs/version_0/checkpoints/epoch=99-step=11500.ckpt
amass_clean,medium_thindec_100ep,seed1,in_p__loss_pk,p,pk,carepd_cross_PD-GaM_to_3DGait,cross,PD-GaM,3DGait,1,0.21254179812967777,0.18815096467733383,0.4078333377838135,0.28609511256217957,0.21254179812967777,0.18815096467733383,0.4078333377838135,,,,1e-6,carepd_BMCLab_6fold_1,macro_f1_012,false,pretrain_v1_stats_train_clean.pt,runs/pretrain/amass_clean/medium_thindec_100ep/seed1/in_p__loss_pk/lightning_logs/version_0/checkpoints/epoch=99-step=11500.ckpt
amass_clean,medium_thindec_100ep,seed1,in_p__loss_pk,p,pk,carepd_cross_BMCLab_to_3DGait,cross,BMCLab,3DGait,1,0.25341101735830307,0.3378813564777374,0.34658047556877136,0.3787125051021576,0.25341101735830307,0.3378813564777374,0.34658047556877136,,,,1e-6,carepd_BMCLab_6fold_1,macro_f1_012,false,pretrain_v1_stats_train_clean.pt,runs/pretrain/amass_clean/medium_thindec_100ep/seed1/in_p__loss_pk/lightning_logs/version_0/checkpoints/epoch=99-step=11500.ckpt
amass_clean,medium_thindec_100ep,seed2,in_p__loss_pk,p,pk,carepd_cross_BMCLab_to_3DGait,cross,BMCLab,3DGait,1,0.24419047869741917,0.32558730492989224,0.4591786563396454,0.4511558413505554,0.24419047869741917,0.32558730492989224,0.4591786563396454,,,,0.00003,carepd_BMCLab_6fold_1,macro_f1_012,false,pretrain_v1_stats_train_clean.pt,runs/pretrain/amass_clean/medium_thindec_100ep/seed2/in_p__loss_pk/lightning_logs/version_0/checkpoints/epoch=99-step=11500.ckpt
amass_clean,medium_thindec_100ep,seed2,in_p__loss_pk,p,pk,carepd_cross_PD-GaM_to_3DGait,cross,PD-GaM,3DGait,1,0.17109581921249628,0.11048069720466931,0.34387660026550293,0.27013611793518066,0.17109581921249628,0.11048069720466931,0.34387660026550293,,,,0.00003,carepd_BMCLab_6fold_1,macro_f1_012,false,pretrain_v1_stats_train_clean.pt,runs/pretrain/amass_clean/medium_thindec_100ep/seed2/in_p__loss_pk/lightning_logs/version_0/checkpoints/epoch=99-step=11500.ckpt
amass_clean,medium_thindec_100ep,seed2,in_p__loss_pk,p,pk,carepd_cross_T-SDU-PD_to_3DGait,cross,T-SDU-PD,3DGait,1,0.36971187591552734,0.4929491678873698,0.4295526444911957,0.38205257058143616,0.36971187591552734,0.4929491678873698,0.4295526444911957,,,,0.00003,carepd_BMCLab_6fold_1,macro_f1_012,false,pretrain_v1_stats_train_clean.pt,runs/pretrain/amass_clean/medium_thindec_100ep/seed2/in_p__loss_pk/lightning_logs/version_0/checkpoints/epoch=99-step=11500.ckpt
amass_clean,medium_thindec_100ep,seed42,in_p__loss_pk,p,pk,carepd_cross_BMCLab_to_3DGait,cross,BMCLab,3DGait,1,0.25108878687024117,0.33478504916032154,0.3848439157009125,0.43235284090042114,0.25108878687024117,0.33478504916032154,0.3848439157009125,,,,1e-6,carepd_BMCLab_6fold_1,macro_f1_012,false,pretrain_v1_stats_train_clean.pt,runs/pretrain/amass_clean/medium_thindec_100ep/seed42/in_p__loss_pk/lightning_logs/version_0/checkpoints/epoch=99-step=11500.ckpt
amass_clean,medium_thindec_100ep,seed42,in_p__loss_pk,p,pk,carepd_cross_T-SDU-PD_to_3DGait,cross,T-SDU-PD,3DGait,1,0.23346561193466187,0.31128748257954914,0.37363603711128235,0.34008967876434326,0.23346561193466187,0.31128748257954914,0.37363603711128235,,,,1e-6,carepd_BMCLab_6fold_1,macro_f1_012,false,pretrain_v1_stats_train_clean.pt,runs/pretrain/amass_clean/medium_thindec_100ep/seed42/in_p__loss_pk/lightning_logs/version_0/checkpoints/epoch=99-step=11500.ckpt
amass_clean,medium_thindec_100ep,seed42,in_p__loss_pk,p,pk,carepd_cross_PD-GaM_to_3DGait,cross,PD-GaM,3DGait,1,0.2502680942416191,0.2086907923221588,0.35297828912734985,0.2827286720275879,0.2502680942416191,0.2086907923221588,0.35297828912734985,,,,1e-6,carepd_BMCLab_6fold_1,macro_f1_012,false,pretrain_v1_stats_train_clean.pt,runs/pretrain/amass_clean/medium_thindec_100ep/seed42/in_p__loss_pk/lightning_logs/version_0/checkpoints/epoch=99-step=11500.ckpt
amass_clean,medium_thindec_100ep,seed1,in_p__loss_pkd,p,pkd,carepd_cross_PD-GaM_to_3DGait,cross,PD-GaM,3DGait,1,0.25108108296990395,0.24588588376839957,0.4020647406578064,0.30440741777420044,0.25108108296990395,0.24588588376839957,0.4020647406578064,,,,0.001,carepd_BMCLab_6fold_1,macro_f1_012,false,pretrain_v1_stats_train_clean.pt,runs/pretrain/amass_clean/medium_thindec_100ep/seed1/in_p__loss_pkd/lightning_logs/version_0/checkpoints/epoch=99-step=11500.ckpt
amass_clean,medium_thindec_100ep,seed1,in_p__loss_pkd,p,pkd,carepd_cross_T-SDU-PD_to_3DGait,cross,T-SDU-PD,3DGait,1,0.3629077970981598,0.4838770627975464,0.43433594703674316,0.3853040337562561,0.3629077970981598,0.4838770627975464,0.43433594703674316,,,,0.001,carepd_BMCLab_6fold_1,macro_f1_012,false,pretrain_v1_stats_train_clean.pt,runs/pretrain/amass_clean/medium_thindec_100ep/seed1/in_p__loss_pkd/lightning_logs/version_0/checkpoints/epoch=99-step=11500.ckpt
amass_clean,medium_thindec_100ep,seed1,in_p__loss_pkd,p,pkd,carepd_cross_BMCLab_to_3DGait,cross,BMCLab,3DGait,1,0.29033543914556503,0.38711391886075336,0.43985939025878906,0.370944619178772,0.29033543914556503,0.38711391886075336,0.43985939025878906,,,,0.001,carepd_BMCLab_6fold_1,macro_f1_012,false,pretrain_v1_stats_train_clean.pt,runs/pretrain/amass_clean/medium_thindec_100ep/seed1/in_p__loss_pkd/lightning_logs/version_0/checkpoints/epoch=99-step=11500.ckpt
amass_clean,medium_thindec_100ep,seed2,in_p__loss_pkd,p,pkd,carepd_cross_BMCLab_to_3DGait,cross,BMCLab,3DGait,1,0.3547470048069954,0.4729960064093272,0.4437045454978943,0.42479437589645386,0.3547470048069954,0.4729960064093272,0.4437045454978943,,,,0.0003,carepd_BMCLab_6fold_1,macro_f1_012,false,pretrain_v1_stats_train_clean.pt,runs/pretrain/amass_clean/medium_thindec_100ep/seed2/in_p__loss_pkd/lightning_logs/version_0/checkpoints/epoch=99-step=11500.ckpt
amass_clean,medium_thindec_100ep,seed2,in_p__loss_pkd,p,pkd,carepd_cross_PD-GaM_to_3DGait,cross,PD-GaM,3DGait,1,0.23627417907118797,0.18169890344142914,0.4526516795158386,0.2972949743270874,0.23627417907118797,0.18169890344142914,0.4526516795158386,,,,0.0003,carepd_BMCLab_6fold_1,macro_f1_012,false,pretrain_v1_stats_train_clean.pt,runs/pretrain/amass_clean/medium_thindec_100ep/seed2/in_p__loss_pkd/lightning_logs/version_0/checkpoints/epoch=99-step=11500.ckpt
amass_clean,medium_thindec_100ep,seed2,in_p__loss_pkd,p,pkd,carepd_cross_T-SDU-PD_to_3DGait,cross,T-SDU-PD,3DGait,1,0.2933065667748451,0.39107542236646015,0.3902609348297119,0.34189581871032715,0.2933065667748451,0.39107542236646015,0.3902609348297119,,,,0.0003,carepd_BMCLab_6fold_1,macro_f1_012,false,pretrain_v1_stats_train_clean.pt,runs/pretrain/amass_clean/medium_thindec_100ep/seed2/in_p__loss_pkd/lightning_logs/version_0/checkpoints/epoch=99-step=11500.ckpt
amass_clean,medium_thindec_100ep,seed42,in_p__loss_pkd,p,pkd,carepd_cross_BMCLab_to_3DGait,cross,BMCLab,3DGait,1,0.32142484933137894,0.42856646577517193,0.42209237813949585,0.3804195523262024,0.32142484933137894,0.42856646577517193,0.42209237813949585,,,,0.00001,carepd_BMCLab_6fold_1,macro_f1_012,false,pretrain_v1_stats_train_clean.pt,runs/pretrain/amass_clean/medium_thindec_100ep/seed42/in_p__loss_pkd/lightning_logs/version_0/checkpoints/epoch=99-step=11500.ckpt
amass_clean,medium_thindec_100ep,seed42,in_p__loss_pkd,p,pkd,carepd_cross_PD-GaM_to_3DGait,cross,PD-GaM,3DGait,1,0.20785954408347607,0.17458195239305496,0.3854650855064392,0.2840467691421509,0.20785954408347607,0.17458195239305496,0.3854650855064392,,,,0.00001,carepd_BMCLab_6fold_1,macro_f1_012,false,pretrain_v1_stats_train_clean.pt,runs/pretrain/amass_clean/medium_thindec_100ep/seed42/in_p__loss_pkd/lightning_logs/version_0/checkpoints/epoch=99-step=11500.ckpt
amass_clean,medium_thindec_100ep,seed42,in_p__loss_pkd,p,pkd,carepd_cross_T-SDU-PD_to_3DGait,cross,T-SDU-PD,3DGait,1,0.28457900509238243,0.3794386734565099,0.4247075021266937,0.3675982356071472,0.28457900509238243,0.3794386734565099,0.4247075021266937,,,,0.00001,carepd_BMCLab_6fold_1,macro_f1_012,false,pretrain_v1_stats_train_clean.pt,runs/pretrain/amass_clean/medium_thindec_100ep/seed42/in_p__loss_pkd/lightning_logs/version_0/checkpoints/epoch=99-step=11500.ckpt
amass_clean,medium_thindec_100ep,seed1,in_pk__loss_p,pk,p,carepd_cross_T-SDU-PD_to_3DGait,cross,T-SDU-PD,3DGait,1,0.25309838354587555,0.33746451139450073,0.369223952293396,0.31675001978874207,0.25309838354587555,0.33746451139450073,0.369223952293396,,,,0.03,carepd_BMCLab_6fold_1,macro_f1_012,false,pretrain_v1_stats_train_clean.pt,runs/pretrain/amass_clean/medium_thindec_100ep/seed1/in_pk__loss_p/lightning_logs/version_0/checkpoints/epoch=94-step=10925.ckpt
amass_clean,medium_thindec_100ep,seed1,in_pk__loss_p,pk,p,carepd_cross_BMCLab_to_3DGait,cross,BMCLab,3DGait,1,0.31627317517995834,0.42169756690661114,0.41656965017318726,0.35493946075439453,0.31627317517995834,0.42169756690661114,0.41656965017318726,,,,0.03,carepd_BMCLab_6fold_1,macro_f1_012,false,pretrain_v1_stats_train_clean.pt,runs/pretrain/amass_clean/medium_thindec_100ep/seed1/in_pk__loss_p/lightning_logs/version_0/checkpoints/epoch=94-step=10925.ckpt
amass_clean,medium_thindec_100ep,seed1,in_pk__loss_p,pk,p,carepd_cross_PD-GaM_to_3DGait,cross,PD-GaM,3DGait,1,0.24764693528413773,0.24130702018737793,0.4679044187068939,0.3562626838684082,0.24764693528413773,0.24130702018737793,0.4679044187068939,,,,0.03,carepd_BMCLab_6fold_1,macro_f1_012,false,pretrain_v1_stats_train_clean.pt,runs/pretrain/amass_clean/medium_thindec_100ep/seed1/in_pk__loss_p/lightning_logs/version_0/checkpoints/epoch=94-step=10925.ckpt
amass_clean,medium_thindec_100ep,seed2,in_pk__loss_p,pk,p,carepd_cross_T-SDU-PD_to_3DGait,cross,T-SDU-PD,3DGait,1,0.33624113351106644,0.44832151134808856,0.4315967857837677,0.39335647225379944,0.33624113351106644,0.44832151134808856,0.4315967857837677,,,,0.0003,carepd_BMCLab_6fold_1,macro_f1_012,false,pretrain_v1_stats_train_clean.pt,runs/pretrain/amass_clean/medium_thindec_100ep/seed2/in_pk__loss_p/lightning_logs/version_0/checkpoints/epoch=99-step=11500.ckpt
amass_clean,medium_thindec_100ep,seed2,in_pk__loss_p,pk,p,carepd_cross_BMCLab_to_3DGait,cross,BMCLab,3DGait,1,0.20407568290829659,0.27210091054439545,0.3750132918357849,0.32632890343666077,0.20407568290829659,0.27210091054439545,0.3750132918357849,,,,0.0003,carepd_BMCLab_6fold_1,macro_f1_012,false,pretrain_v1_stats_train_clean.pt,runs/pretrain/amass_clean/medium_thindec_100ep/seed2/in_pk__loss_p/lightning_logs/version_0/checkpoints/epoch=99-step=11500.ckpt
amass_clean,medium_thindec_100ep,seed2,in_pk__loss_p,pk,p,carepd_cross_PD-GaM_to_3DGait,cross,PD-GaM,3DGait,1,0.1655145287513733,0.13735270500183105,0.3872261047363281,0.27671292424201965,0.1655145287513733,0.13735270500183105,0.3872261047363281,,,,0.0003,carepd_BMCLab_6fold_1,macro_f1_012,false,pretrain_v1_stats_train_clean.pt,runs/pretrain/amass_clean/medium_thindec_100ep/seed2/in_pk__loss_p/lightning_logs/version_0/checkpoints/epoch=99-step=11500.ckpt
amass_clean,medium_thindec_100ep,seed42,in_pk__loss_p,pk,p,carepd_cross_T-SDU-PD_to_3DGait,cross,T-SDU-PD,3DGait,1,0.35818953812122345,0.4775860508282979,0.4084985554218292,0.36453357338905334,0.35818953812122345,0.4775860508282979,0.4084985554218292,,,,3e-6,carepd_BMCLab_6fold_1,macro_f1_012,false,pretrain_v1_stats_train_clean.pt,runs/pretrain/amass_clean/medium_thindec_100ep/seed42/in_pk__loss_p/lightning_logs/version_0/checkpoints/epoch=94-step=10925.ckpt
amass_clean,medium_thindec_100ep,seed42,in_pk__loss_p,pk,p,carepd_cross_PD-GaM_to_3DGait,cross,PD-GaM,3DGait,1,0.18139633908867836,0.15297289192676544,0.3523416817188263,0.27432727813720703,0.18139633908867836,0.15297289192676544,0.3523416817188263,,,,3e-6,carepd_BMCLab_6fold_1,macro_f1_012,false,pretrain_v1_stats_train_clean.pt,runs/pretrain/amass_clean/medium_thindec_100ep/seed42/in_pk__loss_p/lightning_logs/version_0/checkpoints/epoch=94-step=10925.ckpt
amass_clean,medium_thindec_100ep,seed42,in_pk__loss_p,pk,p,carepd_cross_BMCLab_to_3DGait,cross,BMCLab,3DGait,1,0.23668331280350685,0.3155777504046758,0.34268221259117126,0.34214189648628235,0.23668331280350685,0.3155777504046758,0.34268221259117126,,,,3e-6,carepd_BMCLab_6fold_1,macro_f1_012,false,pretrain_v1_stats_train_clean.pt,runs/pretrain/amass_clean/medium_thindec_100ep/seed42/in_pk__loss_p/lightning_logs/version_0/checkpoints/epoch=94-step=10925.ckpt
amass_clean,medium_thindec_100ep,seed1,in_pk__loss_pk,pk,pk,carepd_cross_T-SDU-PD_to_3DGait,cross,T-SDU-PD,3DGait,1,0.2586713247001171,0.34489509960015613,0.39954113960266113,0.34152287244796753,0.2586713247001171,0.34489509960015613,0.39954113960266113,,,,0.0003,carepd_BMCLab_6fold_1,macro_f1_012,false,pretrain_v1_stats_train_clean.pt,runs/pretrain/amass_clean/medium_thindec_100ep/seed1/in_pk__loss_pk/lightning_logs/version_0/checkpoints/epoch=99-step=11500.ckpt
amass_clean,medium_thindec_100ep,seed1,in_pk__loss_pk,pk,pk,carepd_cross_PD-GaM_to_3DGait,cross,PD-GaM,3DGait,1,0.20386722311377525,0.1541759024063746,0.38246873021125793,0.28115224838256836,0.20386722311377525,0.1541759024063746,0.38246873021125793,,,,0.0003,carepd_BMCLab_6fold_1,macro_f1_012,false,pretrain_v1_stats_train_clean.pt,runs/pretrain/amass_clean/medium_thindec_100ep/seed1/in_pk__loss_pk/lightning_logs/version_0/checkpoints/epoch=99-step=11500.ckpt
amass_clean,medium_thindec_100ep,seed1,in_pk__loss_pk,pk,pk,carepd_cross_BMCLab_to_3DGait,cross,BMCLab,3DGait,1,0.2853405065834522,0.3804540087779363,0.46616071462631226,0.4141952395439148,0.2853405065834522,0.3804540087779363,0.46616071462631226,,,,0.0003,carepd_BMCLab_6fold_1,macro_f1_012,false,pretrain_v1_stats_train_clean.pt,runs/pretrain/amass_clean/medium_thindec_100ep/seed1/in_pk__loss_pk/lightning_logs/version_0/checkpoints/epoch=99-step=11500.ckpt
amass_clean,medium_thindec_100ep,seed2,in_pk__loss_pk,pk,pk,carepd_cross_BMCLab_to_3DGait,cross,BMCLab,3DGait,1,0.3776284530758858,0.503504604101181,0.4382864534854889,0.3794214725494385,0.3776284530758858,0.503504604101181,0.4382864534854889,,,,0.00001,carepd_BMCLab_6fold_1,macro_f1_012,false,pretrain_v1_stats_train_clean.pt,runs/pretrain/amass_clean/medium_thindec_100ep/seed2/in_pk__loss_pk/lightning_logs/version_0/checkpoints/epoch=99-step=11500.ckpt
amass_clean,medium_thindec_100ep,seed2,in_pk__loss_pk,pk,pk,carepd_cross_PD-GaM_to_3DGait,cross,PD-GaM,3DGait,1,0.2000676430761814,0.17786796391010284,0.39895686507225037,0.28913751244544983,0.2000676430761814,0.17786796391010284,0.39895686507225037,,,,0.00001,carepd_BMCLab_6fold_1,macro_f1_012,false,pretrain_v1_stats_train_clean.pt,runs/pretrain/amass_clean/medium_thindec_100ep/seed2/in_pk__loss_pk/lightning_logs/version_0/checkpoints/epoch=99-step=11500.ckpt
amass_clean,medium_thindec_100ep,seed2,in_pk__loss_pk,pk,pk,carepd_cross_T-SDU-PD_to_3DGait,cross,T-SDU-PD,3DGait,1,0.3441855236887932,0.45891403158505756,0.43236953020095825,0.3816709518432617,0.3441855236887932,0.45891403158505756,0.43236953020095825,,,,0.00001,carepd_BMCLab_6fold_1,macro_f1_012,false,pretrain_v1_stats_train_clean.pt,runs/pretrain/amass_clean/medium_thindec_100ep/seed2/in_pk__loss_pk/lightning_logs/version_0/checkpoints/epoch=99-step=11500.ckpt
amass_clean,medium_thindec_100ep,seed42,in_pk__loss_pk,pk,pk,carepd_cross_T-SDU-PD_to_3DGait,cross,T-SDU-PD,3DGait,1,0.29129891842603683,0.38839855790138245,0.4148322641849518,0.3723466396331787,0.29129891842603683,0.38839855790138245,0.4148322641849518,,,,0.00001,carepd_BMCLab_6fold_1,macro_f1_012,false,pretrain_v1_stats_train_clean.pt,runs/pretrain/amass_clean/medium_thindec_100ep/seed42/in_pk__loss_pk/lightning_logs/version_0/checkpoints/epoch=99-step=11500.ckpt
amass_clean,medium_thindec_100ep,seed42,in_pk__loss_pk,pk,pk,carepd_cross_BMCLab_to_3DGait,cross,BMCLab,3DGait,1,0.3162505701184273,0.4216674268245697,0.45155516266822815,0.48656943440437317,0.3162505701184273,0.4216674268245697,0.45155516266822815,,,,0.00001,carepd_BMCLab_6fold_1,macro_f1_012,false,pretrain_v1_stats_train_clean.pt,runs/pretrain/amass_clean/medium_thindec_100ep/seed42/in_pk__loss_pk/lightning_logs/version_0/checkpoints/epoch=99-step=11500.ckpt
amass_clean,medium_thindec_100ep,seed42,in_pk__loss_pk,pk,pk,carepd_cross_PD-GaM_to_3DGait,cross,PD-GaM,3DGait,1,0.2028154730796814,0.18153173724810281,0.32979458570480347,0.2649019956588745,0.2028154730796814,0.18153173724810281,0.32979458570480347,,,,0.00001,carepd_BMCLab_6fold_1,macro_f1_012,false,pretrain_v1_stats_train_clean.pt,runs/pretrain/amass_clean/medium_thindec_100ep/seed42/in_pk__loss_pk/lightning_logs/version_0/checkpoints/epoch=99-step=11500.ckpt
amass_clean,medium_thindec_100ep,seed1,in_pk__loss_pkd,pk,pkd,carepd_cross_BMCLab_to_3DGait,cross,BMCLab,3DGait,1,0.26400620862841606,0.35200827817122143,0.4394659996032715,0.37712979316711426,0.26400620862841606,0.35200827817122143,0.4394659996032715,,,,0.0001,carepd_BMCLab_6fold_1,macro_f1_012,false,pretrain_v1_stats_train_clean.pt,runs/pretrain/amass_clean/medium_thindec_100ep/seed1/in_pk__loss_pkd/lightning_logs/version_0/checkpoints/epoch=99-step=11500.ckpt
amass_clean,medium_thindec_100ep,seed1,in_pk__loss_pkd,pk,pkd,carepd_cross_PD-GaM_to_3DGait,cross,PD-GaM,3DGait,1,0.19126900099217892,0.13737827291091284,0.3955976963043213,0.2875172793865204,0.19126900099217892,0.13737827291091284,0.3955976963043213,,,,0.0001,carepd_BMCLab_6fold_1,macro_f1_012,false,pretrain_v1_stats_train_clean.pt,runs/pretrain/amass_clean/medium_thindec_100ep/seed1/in_pk__loss_pkd/lightning_logs/version_0/checkpoints/epoch=99-step=11500.ckpt
amass_clean,medium_thindec_100ep,seed1,in_pk__loss_pkd,pk,pkd,carepd_cross_T-SDU-PD_to_3DGait,cross,T-SDU-PD,3DGait,1,0.30162888020277023,0.4021718402703603,0.4177826941013336,0.33646759390830994,0.30162888020277023,0.4021718402703603,0.4177826941013336,,,,0.0001,carepd_BMCLab_6fold_1,macro_f1_012,false,pretrain_v1_stats_train_clean.pt,runs/pretrain/amass_clean/medium_thindec_100ep/seed1/in_pk__loss_pkd/lightning_logs/version_0/checkpoints/epoch=99-step=11500.ckpt
amass_clean,medium_thindec_100ep,seed2,in_pk__loss_pkd,pk,pkd,carepd_cross_T-SDU-PD_to_3DGait,cross,T-SDU-PD,3DGait,1,0.29834283888339996,0.39779045184453327,0.39432400465011597,0.33053678274154663,0.29834283888339996,0.39779045184453327,0.39432400465011597,,,,1e-6,carepd_BMCLab_6fold_1,macro_f1_012,false,pretrain_v1_stats_train_clean.pt,runs/pretrain/amass_clean/medium_thindec_100ep/seed2/in_pk__loss_pkd/lightning_logs/version_0/checkpoints/epoch=99-step=11500.ckpt
amass_clean,medium_thindec_100ep,seed2,in_pk__loss_pkd,pk,pkd,carepd_cross_PD-GaM_to_3DGait,cross,PD-GaM,3DGait,1,0.17007530108094215,0.1754850149154663,0.3650818169116974,0.2819433808326721,0.17007530108094215,0.1754850149154663,0.3650818169116974,,,,1e-6,carepd_BMCLab_6fold_1,macro_f1_012,false,pretrain_v1_stats_train_clean.pt,runs/pretrain/amass_clean/medium_thindec_100ep/seed2/in_pk__loss_pkd/lightning_logs/version_0/checkpoints/epoch=99-step=11500.ckpt
amass_clean,medium_thindec_100ep,seed2,in_pk__loss_pkd,pk,pkd,carepd_cross_BMCLab_to_3DGait,cross,BMCLab,3DGait,1,0.27057790383696556,0.3607705384492874,0.33968159556388855,0.3805462121963501,0.27057790383696556,0.3607705384492874,0.33968159556388855,,,,1e-6,carepd_BMCLab_6fold_1,macro_f1_012,false,pretrain_v1_stats_train_clean.pt,runs/pretrain/amass_clean/medium_thindec_100ep/seed2/in_pk__loss_pkd/lightning_logs/version_0/checkpoints/epoch=99-step=11500.ckpt
amass_clean,medium_thindec_100ep,seed42,in_pk__loss_pkd,pk,pkd,carepd_cross_T-SDU-PD_to_3DGait,cross,T-SDU-PD,3DGait,1,0.3187500014901161,0.4250000019868215,0.4098176658153534,0.37230581045150757,0.3187500014901161,0.4250000019868215,0.4098176658153534,,,,3e-6,carepd_BMCLab_6fold_1,macro_f1_012,false,pretrain_v1_stats_train_clean.pt,runs/pretrain/amass_clean/medium_thindec_100ep/seed42/in_pk__loss_pkd/lightning_logs/version_0/checkpoints/epoch=99-step=11500.ckpt
amass_clean,medium_thindec_100ep,seed42,in_pk__loss_pkd,pk,pkd,carepd_cross_PD-GaM_to_3DGait,cross,PD-GaM,3DGait,1,0.22667548805475235,0.20699588457743326,0.3664278984069824,0.2874647080898285,0.22667548805475235,0.20699588457743326,0.3664278984069824,,,,3e-6,carepd_BMCLab_6fold_1,macro_f1_012,false,pretrain_v1_stats_train_clean.pt,runs/pretrain/amass_clean/medium_thindec_100ep/seed42/in_pk__loss_pkd/lightning_logs/version_0/checkpoints/epoch=99-step=11500.ckpt
amass_clean,medium_thindec_100ep,seed42,in_pk__loss_pkd,pk,pkd,carepd_cross_BMCLab_to_3DGait,cross,BMCLab,3DGait,1,0.2944292575120926,0.3925723433494568,0.3772677481174469,0.32866087555885315,0.2944292575120926,0.3925723433494568,0.3772677481174469,,,,3e-6,carepd_BMCLab_6fold_1,macro_f1_012,false,pretrain_v1_stats_train_clean.pt,runs/pretrain/amass_clean/medium_thindec_100ep/seed42/in_pk__loss_pkd/lightning_logs/version_0/checkpoints/epoch=99-step=11500.ckpt
amass_clean,medium_thindec_100ep,seed1,in_pkd__loss_p,pkd,p,carepd_cross_T-SDU-PD_to_3DGait,cross,T-SDU-PD,3DGait,1,0.305242657661438,0.40699021021525067,0.4046153724193573,0.36408841609954834,0.305242657661438,0.40699021021525067,0.4046153724193573,,,,1e-6,carepd_BMCLab_6fold_1,macro_f1_012,false,pretrain_v1_stats_train_clean.pt,runs/pretrain/amass_clean/medium_thindec_100ep/seed1/in_pkd__loss_p/lightning_logs/version_0/checkpoints/epoch=99-step=11500.ckpt
amass_clean,medium_thindec_100ep,seed1,in_pkd__loss_p,pkd,p,carepd_cross_PD-GaM_to_3DGait,cross,PD-GaM,3DGait,1,0.09173913113772869,0.12231884151697159,0.40946781635284424,0.28723058104515076,0.09173913113772869,0.12231884151697159,0.40946781635284424,,,,1e-6,carepd_BMCLab_6fold_1,macro_f1_012,false,pretrain_v1_stats_train_clean.pt,runs/pretrain/amass_clean/medium_thindec_100ep/seed1/in_pkd__loss_p/lightning_logs/version_0/checkpoints/epoch=99-step=11500.ckpt
amass_clean,medium_thindec_100ep,seed1,in_pkd__loss_p,pkd,p,carepd_cross_BMCLab_to_3DGait,cross,BMCLab,3DGait,1,0.24334107898175716,0.32445477197567624,0.36194902658462524,0.40434297919273376,0.24334107898175716,0.32445477197567624,0.36194902658462524,,,,1e-6,carepd_BMCLab_6fold_1,macro_f1_012,false,pretrain_v1_stats_train_clean.pt,runs/pretrain/amass_clean/medium_thindec_100ep/seed1/in_pkd__loss_p/lightning_logs/version_0/checkpoints/epoch=99-step=11500.ckpt
amass_clean,medium_thindec_100ep,seed2,in_pkd__loss_p,pkd,p,carepd_cross_T-SDU-PD_to_3DGait,cross,T-SDU-PD,3DGait,1,0.33788691461086273,0.45051588614781696,0.38508862257003784,0.3568494915962219,0.33788691461086273,0.45051588614781696,0.38508862257003784,,,,1e-6,carepd_BMCLab_6fold_1,macro_f1_012,false,pretrain_v1_stats_train_clean.pt,runs/pretrain/amass_clean/medium_thindec_100ep/seed2/in_pkd__loss_p/lightning_logs/version_0/checkpoints/epoch=94-step=10925.ckpt
amass_clean,medium_thindec_100ep,seed2,in_pkd__loss_p,pkd,p,carepd_cross_PD-GaM_to_3DGait,cross,PD-GaM,3DGait,1,0.14368420839309692,0.19157894452412924,0.44527509808540344,0.28919127583503723,0.14368420839309692,0.19157894452412924,0.44527509808540344,,,,1e-6,carepd_BMCLab_6fold_1,macro_f1_012,false,pretrain_v1_stats_train_clean.pt,runs/pretrain/amass_clean/medium_thindec_100ep/seed2/in_pkd__loss_p/lightning_logs/version_0/checkpoints/epoch=94-step=10925.ckpt
amass_clean,medium_thindec_100ep,seed2,in_pkd__loss_p,pkd,p,carepd_cross_BMCLab_to_3DGait,cross,BMCLab,3DGait,1,0.2621890567243099,0.3495854089657466,0.2824062705039978,0.32659658789634705,0.2621890567243099,0.3495854089657466,0.2824062705039978,,,,1e-6,carepd_BMCLab_6fold_1,macro_f1_012,false,pretrain_v1_stats_train_clean.pt,runs/pretrain/amass_clean/medium_thindec_100ep/seed2/in_pkd__loss_p/lightning_logs/version_0/checkpoints/epoch=94-step=10925.ckpt
amass_clean,medium_thindec_100ep,seed42,in_pkd__loss_p,pkd,p,carepd_cross_BMCLab_to_3DGait,cross,BMCLab,3DGait,1,0.2704874388873577,0.36064991851647693,0.3034675419330597,0.3719545602798462,0.2704874388873577,0.36064991851647693,0.3034675419330597,,,,1e-6,carepd_BMCLab_6fold_1,macro_f1_012,false,pretrain_v1_stats_train_clean.pt,runs/pretrain/amass_clean/medium_thindec_100ep/seed42/in_pkd__loss_p/lightning_logs/version_0/checkpoints/epoch=99-step=11500.ckpt
amass_clean,medium_thindec_100ep,seed42,in_pkd__loss_p,pkd,p,carepd_cross_PD-GaM_to_3DGait,cross,PD-GaM,3DGait,1,0.24794349074363708,0.1972579856713613,0.4097718894481659,0.30584678053855896,0.24794349074363708,0.1972579856713613,0.4097718894481659,,,,1e-6,carepd_BMCLab_6fold_1,macro_f1_012,false,pretrain_v1_stats_train_clean.pt,runs/pretrain/amass_clean/medium_thindec_100ep/seed42/in_pkd__loss_p/lightning_logs/version_0/checkpoints/epoch=99-step=11500.ckpt
amass_clean,medium_thindec_100ep,seed42,in_pkd__loss_p,pkd,p,carepd_cross_T-SDU-PD_to_3DGait,cross,T-SDU-PD,3DGait,1,0.37592247128486633,0.5012299617131551,0.41861236095428467,0.3749313950538635,0.37592247128486633,0.5012299617131551,0.41861236095428467,,,,1e-6,carepd_BMCLab_6fold_1,macro_f1_012,false,pretrain_v1_stats_train_clean.pt,runs/pretrain/amass_clean/medium_thindec_100ep/seed42/in_pkd__loss_p/lightning_logs/version_0/checkpoints/epoch=99-step=11500.ckpt
amass_clean,medium_thindec_100ep,seed1,in_pkd__loss_pk,pkd,pk,carepd_cross_T-SDU-PD_to_3DGait,cross,T-SDU-PD,3DGait,1,0.2644505724310875,0.35260076324145,0.42213883996009827,0.3400280773639679,0.2644505724310875,0.35260076324145,0.42213883996009827,,,,0.00003,carepd_BMCLab_6fold_1,macro_f1_012,false,pretrain_v1_stats_train_clean.pt,runs/pretrain/amass_clean/medium_thindec_100ep/seed1/in_pkd__loss_pk/lightning_logs/version_0/checkpoints/epoch=99-step=11500.ckpt
amass_clean,medium_thindec_100ep,seed1,in_pkd__loss_pk,pkd,pk,carepd_cross_PD-GaM_to_3DGait,cross,PD-GaM,3DGait,1,0.06796116381883621,0.09061488509178162,0.32801586389541626,0.26456308364868164,0.06796116381883621,0.09061488509178162,0.32801586389541626,,,,0.00003,carepd_BMCLab_6fold_1,macro_f1_012,false,pretrain_v1_stats_train_clean.pt,runs/pretrain/amass_clean/medium_thindec_100ep/seed1/in_pkd__loss_pk/lightning_logs/version_0/checkpoints/epoch=99-step=11500.ckpt
amass_clean,medium_thindec_100ep,seed1,in_pkd__loss_pk,pkd,pk,carepd_cross_BMCLab_to_3DGait,cross,BMCLab,3DGait,1,0.22477440536022186,0.29969920714696247,0.43263059854507446,0.3656637966632843,0.22477440536022186,0.29969920714696247,0.43263059854507446,,,,0.00003,carepd_BMCLab_6fold_1,macro_f1_012,false,pretrain_v1_stats_train_clean.pt,runs/pretrain/amass_clean/medium_thindec_100ep/seed1/in_pkd__loss_pk/lightning_logs/version_0/checkpoints/epoch=99-step=11500.ckpt
amass_clean,medium_thindec_100ep,seed2,in_pkd__loss_pk,pkd,pk,carepd_cross_T-SDU-PD_to_3DGait,cross,T-SDU-PD,3DGait,1,0.35488829761743546,0.47318439682324726,0.37335991859436035,0.37120702862739563,0.35488829761743546,0.47318439682324726,0.37335991859436035,,,,1e-6,carepd_BMCLab_6fold_1,macro_f1_012,false,pretrain_v1_stats_train_clean.pt,runs/pretrain/amass_clean/medium_thindec_100ep/seed2/in_pkd__loss_pk/lightning_logs/version_0/checkpoints/epoch=99-step=11500.ckpt
amass_clean,medium_thindec_100ep,seed2,in_pkd__loss_pk,pkd,pk,carepd_cross_PD-GaM_to_3DGait,cross,PD-GaM,3DGait,1,0.06862745434045792,0.09150327245394389,0.32370489835739136,0.2674211263656616,0.06862745434045792,0.09150327245394389,0.32370489835739136,,,,1e-6,carepd_BMCLab_6fold_1,macro_f1_012,false,pretrain_v1_stats_train_clean.pt,runs/pretrain/amass_clean/medium_thindec_100ep/seed2/in_pkd__loss_pk/lightning_logs/version_0/checkpoints/epoch=99-step=11500.ckpt
amass_clean,medium_thindec_100ep,seed2,in_pkd__loss_pk,pkd,pk,carepd_cross_BMCLab_to_3DGait,cross,BMCLab,3DGait,1,0.29608970880508423,0.394786278406779,0.3881709575653076,0.38990479707717896,0.29608970880508423,0.394786278406779,0.3881709575653076,,,,1e-6,carepd_BMCLab_6fold_1,macro_f1_012,false,pretrain_v1_stats_train_clean.pt,runs/pretrain/amass_clean/medium_thindec_100ep/seed2/in_pkd__loss_pk/lightning_logs/version_0/checkpoints/epoch=99-step=11500.ckpt
amass_clean,medium_thindec_100ep,seed42,in_pkd__loss_pk,pkd,pk,carepd_cross_T-SDU-PD_to_3DGait,cross,T-SDU-PD,3DGait,1,0.27528253197669983,0.3670433759689331,0.3980715274810791,0.3364640474319458,0.27528253197669983,0.3670433759689331,0.3980715274810791,,,,0.00001,carepd_BMCLab_6fold_1,macro_f1_012,false,pretrain_v1_stats_train_clean.pt,runs/pretrain/amass_clean/medium_thindec_100ep/seed42/in_pkd__loss_pk/lightning_logs/version_0/checkpoints/epoch=99-step=11500.ckpt
amass_clean,medium_thindec_100ep,seed42,in_pkd__loss_pk,pkd,pk,carepd_cross_PD-GaM_to_3DGait,cross,PD-GaM,3DGait,1,0.12570990808308125,0.1070071483651797,0.40869152545928955,0.27204927802085876,0.12570990808308125,0.1070071483651797,0.40869152545928955,,,,0.00001,carepd_BMCLab_6fold_1,macro_f1_012,false,pretrain_v1_stats_train_clean.pt,runs/pretrain/amass_clean/medium_thindec_100ep/seed42/in_pkd__loss_pk/lightning_logs/version_0/checkpoints/epoch=99-step=11500.ckpt
amass_clean,medium_thindec_100ep,seed42,in_pkd__loss_pk,pkd,pk,carepd_cross_BMCLab_to_3DGait,cross,BMCLab,3DGait,1,0.20703747868537903,0.27604997158050537,0.4158286452293396,0.3543556034564972,0.20703747868537903,0.27604997158050537,0.4158286452293396,,,,0.00001,carepd_BMCLab_6fold_1,macro_f1_012,false,pretrain_v1_stats_train_clean.pt,runs/pretrain/amass_clean/medium_thindec_100ep/seed42/in_pkd__loss_pk/lightning_logs/version_0/checkpoints/epoch=99-step=11500.ckpt
amass_clean,medium_thindec_100ep,seed1,in_pkd__loss_pkd,pkd,pkd,carepd_cross_BMCLab_to_3DGait,cross,BMCLab,3DGait,1,0.24572386592626572,0.32763182123502094,0.42284613847732544,0.3213544487953186,0.24572386592626572,0.32763182123502094,0.42284613847732544,,,,0.00001,carepd_BMCLab_6fold_1,macro_f1_012,false,pretrain_v1_stats_train_clean.pt,runs/pretrain/amass_clean/medium_thindec_100ep/seed1/in_pkd__loss_pkd/lightning_logs/version_0/checkpoints/epoch=99-step=11500.ckpt
amass_clean,medium_thindec_100ep,seed1,in_pkd__loss_pkd,pkd,pkd,carepd_cross_T-SDU-PD_to_3DGait,cross,T-SDU-PD,3DGait,1,0.2546079643070698,0.3394772857427597,0.4023098945617676,0.3161569833755493,0.2546079643070698,0.3394772857427597,0.4023098945617676,,,,0.00001,carepd_BMCLab_6fold_1,macro_f1_012,false,pretrain_v1_stats_train_clean.pt,runs/pretrain/amass_clean/medium_thindec_100ep/seed1/in_pkd__loss_pkd/lightning_logs/version_0/checkpoints/epoch=99-step=11500.ckpt
amass_clean,medium_thindec_100ep,seed1,in_pkd__loss_pkd,pkd,pkd,carepd_cross_PD-GaM_to_3DGait,cross,PD-GaM,3DGait,1,0.09135472774505615,0.12180630366007487,0.3552704453468323,0.2788892090320587,0.09135472774505615,0.12180630366007487,0.3552704453468323,,,,0.00001,carepd_BMCLab_6fold_1,macro_f1_012,false,pretrain_v1_stats_train_clean.pt,runs/pretrain/amass_clean/medium_thindec_100ep/seed1/in_pkd__loss_pkd/lightning_logs/version_0/checkpoints/epoch=99-step=11500.ckpt
amass_clean,medium_thindec_100ep,seed2,in_pkd__loss_pkd,pkd,pkd,carepd_cross_T-SDU-PD_to_3DGait,cross,T-SDU-PD,3DGait,1,0.3633309677243233,0.4844412902990977,0.35986945033073425,0.3337375521659851,0.3633309677243233,0.4844412902990977,0.35986945033073425,,,,1e-6,carepd_BMCLab_6fold_1,macro_f1_012,false,pretrain_v1_stats_train_clean.pt,runs/pretrain/amass_clean/medium_thindec_100ep/seed2/in_pkd__loss_pkd/lightning_logs/version_0/checkpoints/epoch=99-step=11500.ckpt
amass_clean,medium_thindec_100ep,seed2,in_pkd__loss_pkd,pkd,pkd,carepd_cross_BMCLab_to_3DGait,cross,BMCLab,3DGait,1,0.15062406845390797,0.2008320912718773,0.3714561462402344,0.2878834307193756,0.15062406845390797,0.2008320912718773,0.3714561462402344,,,,1e-6,carepd_BMCLab_6fold_1,macro_f1_012,false,pretrain_v1_stats_train_clean.pt,runs/pretrain/amass_clean/medium_thindec_100ep/seed2/in_pkd__loss_pkd/lightning_logs/version_0/checkpoints/epoch=99-step=11500.ckpt
amass_clean,medium_thindec_100ep,seed2,in_pkd__loss_pkd,pkd,pkd,carepd_cross_PD-GaM_to_3DGait,cross,PD-GaM,3DGait,1,0.09135472774505615,0.12180630366007487,0.36843422055244446,0.27957355976104736,0.09135472774505615,0.12180630366007487,0.36843422055244446,,,,1e-6,carepd_BMCLab_6fold_1,macro_f1_012,false,pretrain_v1_stats_train_clean.pt,runs/pretrain/amass_clean/medium_thindec_100ep/seed2/in_pkd__loss_pkd/lightning_logs/version_0/checkpoints/epoch=99-step=11500.ckpt
amass_clean,medium_thindec_100ep,seed42,in_pkd__loss_pkd,pkd,pkd,carepd_cross_BMCLab_to_3DGait,cross,BMCLab,3DGait,1,0.24742776528000832,0.3299036870400111,0.45666778087615967,0.36096101999282837,0.24742776528000832,0.3299036870400111,0.45666778087615967,,,,0.00003,carepd_BMCLab_6fold_1,macro_f1_012,false,pretrain_v1_stats_train_clean.pt,runs/pretrain/amass_clean/medium_thindec_100ep/seed42/in_pkd__loss_pkd/lightning_logs/version_0/checkpoints/epoch=99-step=11500.ckpt
amass_clean,medium_thindec_100ep,seed42,in_pkd__loss_pkd,pkd,pkd,carepd_cross_T-SDU-PD_to_3DGait,cross,T-SDU-PD,3DGait,1,0.21417122334241867,0.2855616311232249,0.3758518695831299,0.3027942478656769,0.21417122334241867,0.2855616311232249,0.3758518695831299,,,,0.00003,carepd_BMCLab_6fold_1,macro_f1_012,false,pretrain_v1_stats_train_clean.pt,runs/pretrain/amass_clean/medium_thindec_100ep/seed42/in_pkd__loss_pkd/lightning_logs/version_0/checkpoints/epoch=99-step=11500.ckpt
amass_clean,medium_thindec_100ep,seed42,in_pkd__loss_pkd,pkd,pkd,carepd_cross_PD-GaM_to_3DGait,cross,PD-GaM,3DGait,1,0.06930693238973618,0.0924092431863149,0.38458263874053955,0.284184068441391,0.06930693238973618,0.0924092431863149,0.38458263874053955,,,,0.00003,carepd_BMCLab_6fold_1,macro_f1_012,false,pretrain_v1_stats_train_clean.pt,runs/pretrain/amass_clean/medium_thindec_100ep/seed42/in_pkd__loss_pkd/lightning_logs/version_0/checkpoints/epoch=99-step=11500.ckpt
amass_clean,medium_thindec_100ep,seed1,in_p__loss_p,p,p,carepd_cross_3DGait_to_BMCLab,cross,3DGait,BMCLab,1,0.2842835634946823,0.3790447513262431,0.5345260500907898,0.5249794721603394,0.2842835634946823,0.3790447513262431,0.5345260500907898,,,,0.0001,carepd_BMCLab_6fold_1,macro_f1_012,false,pretrain_v1_stats_train_clean.pt,runs/pretrain/amass_clean/medium_thindec_100ep/seed1/in_p__loss_p/lightning_logs/version_0/checkpoints/epoch=94-step=10925.ckpt
amass_clean,medium_thindec_100ep,seed1,in_p__loss_p,p,p,carepd_cross_T-SDU-PD_to_BMCLab,cross,T-SDU-PD,BMCLab,1,0.2914429053198546,0.38859054042647284,0.5571253895759583,0.556264340877533,0.2914429053198546,0.38859054042647284,0.5571253895759583,,,,0.0001,carepd_BMCLab_6fold_1,macro_f1_012,false,pretrain_v1_stats_train_clean.pt,runs/pretrain/amass_clean/medium_thindec_100ep/seed1/in_p__loss_p/lightning_logs/version_0/checkpoints/epoch=94-step=10925.ckpt
amass_clean,medium_thindec_100ep,seed1,in_p__loss_p,p,p,carepd_cross_PD-GaM_to_BMCLab,cross,PD-GaM,BMCLab,1,0.21179550141096115,0.28239400188128155,0.4688164293766022,0.3574398458003998,0.21179550141096115,0.28239400188128155,0.4688164293766022,,,,0.0001,carepd_BMCLab_6fold_1,macro_f1_012,false,pretrain_v1_stats_train_clean.pt,runs/pretrain/amass_clean/medium_thindec_100ep/seed1/in_p__loss_p/lightning_logs/version_0/checkpoints/epoch=94-step=10925.ckpt
amass_clean,medium_thindec_100ep,seed2,in_p__loss_p,p,p,carepd_cross_3DGait_to_BMCLab,cross,3DGait,BMCLab,1,0.2721408512443304,0.3628544683257739,0.5152950882911682,0.5068941116333008,0.2721408512443304,0.3628544683257739,0.5152950882911682,,,,0.00003,carepd_BMCLab_6fold_1,macro_f1_012,false,pretrain_v1_stats_train_clean.pt,runs/pretrain/amass_clean/medium_thindec_100ep/seed2/in_p__loss_p/lightning_logs/version_0/checkpoints/epoch=99-step=11500.ckpt
amass_clean,medium_thindec_100ep,seed2,in_p__loss_p,p,p,carepd_cross_PD-GaM_to_BMCLab,cross,PD-GaM,BMCLab,1,0.12082559987902641,0.16110079983870187,0.5492432117462158,0.38611161708831787,0.12082559987902641,0.16110079983870187,0.5492432117462158,,,,0.00003,carepd_BMCLab_6fold_1,macro_f1_012,false,pretrain_v1_stats_train_clean.pt,runs/pretrain/amass_clean/medium_thindec_100ep/seed2/in_p__loss_p/lightning_logs/version_0/checkpoints/epoch=99-step=11500.ckpt
amass_clean,medium_thindec_100ep,seed2,in_p__loss_p,p,p,carepd_cross_T-SDU-PD_to_BMCLab,cross,T-SDU-PD,BMCLab,1,0.21982296742498875,0.293097289899985,0.3692909777164459,0.3178761303424835,0.21982296742498875,0.293097289899985,0.3692909777164459,,,,0.00003,carepd_BMCLab_6fold_1,macro_f1_012,false,pretrain_v1_stats_train_clean.pt,runs/pretrain/amass_clean/medium_thindec_100ep/seed2/in_p__loss_p/lightning_logs/version_0/checkpoints/epoch=99-step=11500.ckpt
amass_clean,medium_thindec_100ep,seed42,in_p__loss_p,p,p,carepd_cross_T-SDU-PD_to_BMCLab,cross,T-SDU-PD,BMCLab,1,0.2178845815360546,0.29051277538140613,0.5397873520851135,0.39435797929763794,0.2178845815360546,0.29051277538140613,0.5397873520851135,,,,0.00003,carepd_BMCLab_6fold_1,macro_f1_012,false,pretrain_v1_stats_train_clean.pt,runs/pretrain/amass_clean/medium_thindec_100ep/seed42/in_p__loss_p/lightning_logs/version_0/checkpoints/epoch=94-step=10925.ckpt
amass_clean,medium_thindec_100ep,seed42,in_p__loss_p,p,p,carepd_cross_PD-GaM_to_BMCLab,cross,PD-GaM,BMCLab,1,0.151983215007931,0.20264428667724133,0.5611873269081116,0.378527969121933,0.151983215007931,0.20264428667724133,0.5611873269081116,,,,0.00003,carepd_BMCLab_6fold_1,macro_f1_012,false,pretrain_v1_stats_train_clean.pt,runs/pretrain/amass_clean/medium_thindec_100ep/seed42/in_p__loss_p/lightning_logs/version_0/checkpoints/epoch=94-step=10925.ckpt
amass_clean,medium_thindec_100ep,seed42,in_p__loss_p,p,p,carepd_cross_3DGait_to_BMCLab,cross,3DGait,BMCLab,1,0.3161069080233574,0.4214758773644765,0.520183801651001,0.5296682119369507,0.3161069080233574,0.4214758773644765,0.520183801651001,,,,0.00003,carepd_BMCLab_6fold_1,macro_f1_012,false,pretrain_v1_stats_train_clean.pt,runs/pretrain/amass_clean/medium_thindec_100ep/seed42/in_p__loss_p/lightning_logs/version_0/checkpoints/epoch=94-step=10925.ckpt
amass_clean,medium_thindec_100ep,seed1,in_p__loss_pk,p,pk,carepd_cross_T-SDU-PD_to_BMCLab,cross,T-SDU-PD,BMCLab,1,0.10553767916280776,0.14071690555041036,0.4013099670410156,0.30587074160575867,0.10553767916280776,0.14071690555041036,0.4013099670410156,,,,1e-6,carepd_BMCLab_6fold_1,macro_f1_012,false,pretrain_v1_stats_train_clean.pt,runs/pretrain/amass_clean/medium_thindec_100ep/seed1/in_p__loss_pk/lightning_logs/version_0/checkpoints/epoch=99-step=11500.ckpt
amass_clean,medium_thindec_100ep,seed1,in_p__loss_pk,p,pk,carepd_cross_PD-GaM_to_BMCLab,cross,PD-GaM,BMCLab,1,0.11611455259844661,0.15481940346459547,0.46081188321113586,0.3397512435913086,0.11611455259844661,0.15481940346459547,0.46081188321113586,,,,1e-6,carepd_BMCLab_6fold_1,macro_f1_012,false,pretrain_v1_stats_train_clean.pt,runs/pretrain/amass_clean/medium_thindec_100ep/seed1/in_p__loss_pk/lightning_logs/version_0/checkpoints/epoch=99-step=11500.ckpt
amass_clean,medium_thindec_100ep,seed1,in_p__loss_pk,p,pk,carepd_cross_3DGait_to_BMCLab,cross,3DGait,BMCLab,1,0.18160710763186216,0.2421428101758162,0.42948079109191895,0.42678308486938477,0.18160710763186216,0.2421428101758162,0.42948079109191895,,,,1e-6,carepd_BMCLab_6fold_1,macro_f1_012,false,pretrain_v1_stats_train_clean.pt,runs/pretrain/amass_clean/medium_thindec_100ep/seed1/in_p__loss_pk/lightning_logs/version_0/checkpoints/epoch=99-step=11500.ckpt
amass_clean,medium_thindec_100ep,seed2,in_p__loss_pk,p,pk,carepd_cross_T-SDU-PD_to_BMCLab,cross,T-SDU-PD,BMCLab,1,0.21810008399188519,0.29080011198918027,0.4647868871688843,0.39195501804351807,0.21810008399188519,0.29080011198918027,0.4647868871688843,,,,0.00003,carepd_BMCLab_6fold_1,macro_f1_012,false,pretrain_v1_stats_train_clean.pt,runs/pretrain/amass_clean/medium_thindec_100ep/seed2/in_p__loss_pk/lightning_logs/version_0/checkpoints/epoch=99-step=11500.ckpt
amass_clean,medium_thindec_100ep,seed2,in_p__loss_pk,p,pk,carepd_cross_PD-GaM_to_BMCLab,cross,PD-GaM,BMCLab,1,0.14122346602380276,0.18829795469840369,0.4824850261211395,0.35106751322746277,0.14122346602380276,0.18829795469840369,0.4824850261211395,,,,0.00003,carepd_BMCLab_6fold_1,macro_f1_012,false,pretrain_v1_stats_train_clean.pt,runs/pretrain/amass_clean/medium_thindec_100ep/seed2/in_p__loss_pk/lightning_logs/version_0/checkpoints/epoch=99-step=11500.ckpt
amass_clean,medium_thindec_100ep,seed2,in_p__loss_pk,p,pk,carepd_cross_3DGait_to_BMCLab,cross,3DGait,BMCLab,1,0.22333587426692247,0.29778116568922997,0.47990134358406067,0.42950883507728577,0.22333587426692247,0.29778116568922997,0.47990134358406067,,,,0.00003,carepd_BMCLab_6fold_1,macro_f1_012,false,pretrain_v1_stats_train_clean.pt,runs/pretrain/amass_clean/medium_thindec_100ep/seed2/in_p__loss_pk/lightning_logs/version_0/checkpoints/epoch=99-step=11500.ckpt
amass_clean,medium_thindec_100ep,seed42,in_p__loss_pk,p,pk,carepd_cross_T-SDU-PD_to_BMCLab,cross,T-SDU-PD,BMCLab,1,0.27830640226602554,0.3710752030213674,0.40537914633750916,0.32726776599884033,0.27830640226602554,0.3710752030213674,0.40537914633750916,,,,1e-6,carepd_BMCLab_6fold_1,macro_f1_012,false,pretrain_v1_stats_train_clean.pt,runs/pretrain/amass_clean/medium_thindec_100ep/seed42/in_p__loss_pk/lightning_logs/version_0/checkpoints/epoch=99-step=11500.ckpt
amass_clean,medium_thindec_100ep,seed42,in_p__loss_pk,p,pk,carepd_cross_PD-GaM_to_BMCLab,cross,PD-GaM,BMCLab,1,0.10459283320233226,0.139457110936443,0.4644469916820526,0.3305526077747345,0.10459283320233226,0.139457110936443,0.4644469916820526,,,,1e-6,carepd_BMCLab_6fold_1,macro_f1_012,false,pretrain_v1_stats_train_clean.pt,runs/pretrain/amass_clean/medium_thindec_100ep/seed42/in_p__loss_pk/lightning_logs/version_0/checkpoints/epoch=99-step=11500.ckpt
amass_clean,medium_thindec_100ep,seed42,in_p__loss_pk,p,pk,carepd_cross_3DGait_to_BMCLab,cross,3DGait,BMCLab,1,0.22412214800715446,0.29882953067620593,0.549492597579956,0.3122934103012085,0.22412214800715446,0.29882953067620593,0.549492597579956,,,,1e-6,carepd_BMCLab_6fold_1,macro_f1_012,false,pretrain_v1_stats_train_clean.pt,runs/pretrain/amass_clean/medium_thindec_100ep/seed42/in_p__loss_pk/lightning_logs/version_0/checkpoints/epoch=99-step=11500.ckpt
amass_clean,medium_thindec_100ep,seed1,in_p__loss_pkd,p,pkd,carepd_cross_T-SDU-PD_to_BMCLab,cross,T-SDU-PD,BMCLab,1,0.293249249458313,0.39099899927775067,0.5180628299713135,0.47457677125930786,0.293249249458313,0.39099899927775067,0.5180628299713135,,,,0.001,carepd_BMCLab_6fold_1,macro_f1_012,false,pretrain_v1_stats_train_clean.pt,runs/pretrain/amass_clean/medium_thindec_100ep/seed1/in_p__loss_pkd/lightning_logs/version_0/checkpoints/epoch=99-step=11500.ckpt
amass_clean,medium_thindec_100ep,seed1,in_p__loss_pkd,p,pkd,carepd_cross_3DGait_to_BMCLab,cross,3DGait,BMCLab,1,0.1910979487001896,0.2547972649335861,0.5314942002296448,0.45448678731918335,0.1910979487001896,0.2547972649335861,0.5314942002296448,,,,0.001,carepd_BMCLab_6fold_1,macro_f1_012,false,pretrain_v1_stats_train_clean.pt,runs/pretrain/amass_clean/medium_thindec_100ep/seed1/in_p__loss_pkd/lightning_logs/version_0/checkpoints/epoch=99-step=11500.ckpt
amass_clean,medium_thindec_100ep,seed1,in_p__loss_pkd,p,pkd,carepd_cross_PD-GaM_to_BMCLab,cross,PD-GaM,BMCLab,1,0.1530909244902432,0.20412123265365759,0.5119514465332031,0.3484058082103729,0.1530909244902432,0.20412123265365759,0.5119514465332031,,,,0.001,carepd_BMCLab_6fold_1,macro_f1_012,false,pretrain_v1_stats_train_clean.pt,runs/pretrain/amass_clean/medium_thindec_100ep/seed1/in_p__loss_pkd/lightning_logs/version_0/checkpoints/epoch=99-step=11500.ckpt
amass_clean,medium_thindec_100ep,seed2,in_p__loss_pkd,p,pkd,carepd_cross_PD-GaM_to_BMCLab,cross,PD-GaM,BMCLab,1,0.11210238561034203,0.14946984748045603,0.5165594220161438,0.35643118619918823,0.11210238561034203,0.14946984748045603,0.5165594220161438,,,,0.0003,carepd_BMCLab_6fold_1,macro_f1_012,false,pretrain_v1_stats_train_clean.pt,runs/pretrain/amass_clean/medium_thindec_100ep/seed2/in_p__loss_pkd/lightning_logs/version_0/checkpoints/epoch=99-step=11500.ckpt
amass_clean,medium_thindec_100ep,seed2,in_p__loss_pkd,p,pkd,carepd_cross_3DGait_to_BMCLab,cross,3DGait,BMCLab,1,0.17933269869536161,0.23911026492714882,0.5250195860862732,0.47501492500305176,0.17933269869536161,0.23911026492714882,0.5250195860862732,,,,0.0003,carepd_BMCLab_6fold_1,macro_f1_012,false,pretrain_v1_stats_train_clean.pt,runs/pretrain/amass_clean/medium_thindec_100ep/seed2/in_p__loss_pkd/lightning_logs/version_0/checkpoints/epoch=99-step=11500.ckpt
amass_clean,medium_thindec_100ep,seed2,in_p__loss_pkd,p,pkd,carepd_cross_T-SDU-PD_to_BMCLab,cross,T-SDU-PD,BMCLab,1,0.2983960881829262,0.39786145091056824,0.4939533770084381,0.45017504692077637,0.2983960881829262,0.39786145091056824,0.4939533770084381,,,,0.0003,carepd_BMCLab_6fold_1,macro_f1_012,false,pretrain_v1_stats_train_clean.pt,runs/pretrain/amass_clean/medium_thindec_100ep/seed2/in_p__loss_pkd/lightning_logs/version_0/checkpoints/epoch=99-step=11500.ckpt
amass_clean,medium_thindec_100ep,seed42,in_p__loss_pkd,p,pkd,carepd_cross_T-SDU-PD_to_BMCLab,cross,T-SDU-PD,BMCLab,1,0.3049904927611351,0.4066539903481801,0.5035662651062012,0.505868136882782,0.3049904927611351,0.4066539903481801,0.5035662651062012,,,,0.00001,carepd_BMCLab_6fold_1,macro_f1_012,false,pretrain_v1_stats_train_clean.pt,runs/pretrain/amass_clean/medium_thindec_100ep/seed42/in_p__loss_pkd/lightning_logs/version_0/checkpoints/epoch=99-step=11500.ckpt
amass_clean,medium_thindec_100ep,seed42,in_p__loss_pkd,p,pkd,carepd_cross_3DGait_to_BMCLab,cross,3DGait,BMCLab,1,0.32607413828372955,0.4347655177116394,0.44883379340171814,0.39923256635665894,0.32607413828372955,0.4347655177116394,0.44883379340171814,,,,0.00001,carepd_BMCLab_6fold_1,macro_f1_012,false,pretrain_v1_stats_train_clean.pt,runs/pretrain/amass_clean/medium_thindec_100ep/seed42/in_p__loss_pkd/lightning_logs/version_0/checkpoints/epoch=99-step=11500.ckpt
amass_clean,medium_thindec_100ep,seed42,in_p__loss_pkd,p,pkd,carepd_cross_PD-GaM_to_BMCLab,cross,PD-GaM,BMCLab,1,0.12585464399307966,0.16780619199077287,0.5418122410774231,0.36380061507225037,0.12585464399307966,0.16780619199077287,0.5418122410774231,,,,0.00001,carepd_BMCLab_6fold_1,macro_f1_012,false,pretrain_v1_stats_train_clean.pt,runs/pretrain/amass_clean/medium_thindec_100ep/seed42/in_p__loss_pkd/lightning_logs/version_0/checkpoints/epoch=99-step=11500.ckpt
amass_clean,medium_thindec_100ep,seed1,in_pk__loss_p,pk,p,carepd_cross_3DGait_to_BMCLab,cross,3DGait,BMCLab,1,0.343335535377264,0.45778071383635205,0.5748083591461182,0.5834442973136902,0.343335535377264,0.45778071383635205,0.5748083591461182,,,,0.03,carepd_BMCLab_6fold_1,macro_f1_012,false,pretrain_v1_stats_train_clean.pt,runs/pretrain/amass_clean/medium_thindec_100ep/seed1/in_pk__loss_p/lightning_logs/version_0/checkpoints/epoch=94-step=10925.ckpt
amass_clean,medium_thindec_100ep,seed1,in_pk__loss_p,pk,p,carepd_cross_T-SDU-PD_to_BMCLab,cross,T-SDU-PD,BMCLab,1,0.3762800991535187,0.5017067988713583,0.5854799747467041,0.5184172987937927,0.3762800991535187,0.5017067988713583,0.5854799747467041,,,,0.03,carepd_BMCLab_6fold_1,macro_f1_012,false,pretrain_v1_stats_train_clean.pt,runs/pretrain/amass_clean/medium_thindec_100ep/seed1/in_pk__loss_p/lightning_logs/version_0/checkpoints/epoch=94-step=10925.ckpt
amass_clean,medium_thindec_100ep,seed1,in_pk__loss_p,pk,p,carepd_cross_PD-GaM_to_BMCLab,cross,PD-GaM,BMCLab,1,0.26963417744264007,0.3595122365901868,0.5480363368988037,0.4371837377548218,0.26963417744264007,0.3595122365901868,0.5480363368988037,,,,0.03,carepd_BMCLab_6fold_1,macro_f1_012,false,pretrain_v1_stats_train_clean.pt,runs/pretrain/amass_clean/medium_thindec_100ep/seed1/in_pk__loss_p/lightning_logs/version_0/checkpoints/epoch=94-step=10925.ckpt
amass_clean,medium_thindec_100ep,seed2,in_pk__loss_p,pk,p,carepd_cross_T-SDU-PD_to_BMCLab,cross,T-SDU-PD,BMCLab,1,0.2824374698102474,0.3765832930803299,0.5133755207061768,0.49207791686058044,0.2824374698102474,0.3765832930803299,0.5133755207061768,,,,0.0003,carepd_BMCLab_6fold_1,macro_f1_012,false,pretrain_v1_stats_train_clean.pt,runs/pretrain/amass_clean/medium_thindec_100ep/seed2/in_pk__loss_p/lightning_logs/version_0/checkpoints/epoch=99-step=11500.ckpt
amass_clean,medium_thindec_100ep,seed2,in_pk__loss_p,pk,p,carepd_cross_3DGait_to_BMCLab,cross,3DGait,BMCLab,1,0.3254731819033623,0.43396424253781635,0.4823661744594574,0.5137922763824463,0.3254731819033623,0.43396424253781635,0.4823661744594574,,,,0.0003,carepd_BMCLab_6fold_1,macro_f1_012,false,pretrain_v1_stats_train_clean.pt,runs/pretrain/amass_clean/medium_thindec_100ep/seed2/in_pk__loss_p/lightning_logs/version_0/checkpoints/epoch=99-step=11500.ckpt
amass_clean,medium_thindec_100ep,seed2,in_pk__loss_p,pk,p,carepd_cross_PD-GaM_to_BMCLab,cross,PD-GaM,BMCLab,1,0.21089638769626617,0.28119518359502155,0.5311321020126343,0.41005608439445496,0.21089638769626617,0.28119518359502155,0.5311321020126343,,,,0.0003,carepd_BMCLab_6fold_1,macro_f1_012,false,pretrain_v1_stats_train_clean.pt,runs/pretrain/amass_clean/medium_thindec_100ep/seed2/in_pk__loss_p/lightning_logs/version_0/checkpoints/epoch=99-step=11500.ckpt
amass_clean,medium_thindec_100ep,seed42,in_pk__loss_p,pk,p,carepd_cross_3DGait_to_BMCLab,cross,3DGait,BMCLab,1,0.30096497014164925,0.40128662685553235,0.4681131839752197,0.4533168375492096,0.30096497014164925,0.40128662685553235,0.4681131839752197,,,,3e-6,carepd_BMCLab_6fold_1,macro_f1_012,false,pretrain_v1_stats_train_clean.pt,runs/pretrain/amass_clean/medium_thindec_100ep/seed42/in_pk__loss_p/lightning_logs/version_0/checkpoints/epoch=94-step=10925.ckpt
amass_clean,medium_thindec_100ep,seed42,in_pk__loss_p,pk,p,carepd_cross_PD-GaM_to_BMCLab,cross,PD-GaM,BMCLab,1,0.10067222465295345,0.1342296328706046,0.4612095057964325,0.32419338822364807,0.10067222465295345,0.1342296328706046,0.4612095057964325,,,,3e-6,carepd_BMCLab_6fold_1,macro_f1_012,false,pretrain_v1_stats_train_clean.pt,runs/pretrain/amass_clean/medium_thindec_100ep/seed42/in_pk__loss_p/lightning_logs/version_0/checkpoints/epoch=94-step=10925.ckpt
amass_clean,medium_thindec_100ep,seed42,in_pk__loss_p,pk,p,carepd_cross_T-SDU-PD_to_BMCLab,cross,T-SDU-PD,BMCLab,1,0.27822789549827576,0.37097052733103436,0.4926982820034027,0.44530022144317627,0.27822789549827576,0.37097052733103436,0.4926982820034027,,,,3e-6,carepd_BMCLab_6fold_1,macro_f1_012,false,pretrain_v1_stats_train_clean.pt,runs/pretrain/amass_clean/medium_thindec_100ep/seed42/in_pk__loss_p/lightning_logs/version_0/checkpoints/epoch=94-step=10925.ckpt
amass_clean,medium_thindec_100ep,seed1,in_pk__loss_pk,pk,pk,carepd_cross_3DGait_to_BMCLab,cross,3DGait,BMCLab,1,0.19141155760735273,0.255215410143137,0.6170523762702942,0.5342435836791992,0.19141155760735273,0.255215410143137,0.6170523762702942,,,,0.0003,carepd_BMCLab_6fold_1,macro_f1_012,false,pretrain_v1_stats_train_clean.pt,runs/pretrain/amass_clean/medium_thindec_100ep/seed1/in_pk__loss_pk/lightning_logs/version_0/checkpoints/epoch=99-step=11500.ckpt
amass_clean,medium_thindec_100ep,seed1,in_pk__loss_pk,pk,pk,carepd_cross_T-SDU-PD_to_BMCLab,cross,T-SDU-PD,BMCLab,1,0.15002085827291012,0.20002781103054681,0.5127323269844055,0.3594706654548645,0.15002085827291012,0.20002781103054681,0.5127323269844055,,,,0.0003,carepd_BMCLab_6fold_1,macro_f1_012,false,pretrain_v1_stats_train_clean.pt,runs/pretrain/amass_clean/medium_thindec_100ep/seed1/in_pk__loss_pk/lightning_logs/version_0/checkpoints/epoch=99-step=11500.ckpt
amass_clean,medium_thindec_100ep,seed1,in_pk__loss_pk,pk,pk,carepd_cross_PD-GaM_to_BMCLab,cross,PD-GaM,BMCLab,1,0.16425549983978271,0.2190073331197103,0.5150100588798523,0.3419750928878784,0.16425549983978271,0.2190073331197103,0.5150100588798523,,,,0.0003,carepd_BMCLab_6fold_1,macro_f1_012,false,pretrain_v1_stats_train_clean.pt,runs/pretrain/amass_clean/medium_thindec_100ep/seed1/in_pk__loss_pk/lightning_logs/version_0/checkpoints/epoch=99-step=11500.ckpt
amass_clean,medium_thindec_100ep,seed2,in_pk__loss_pk,pk,pk,carepd_cross_3DGait_to_BMCLab,cross,3DGait,BMCLab,1,0.22208504006266594,0.29611338675022125,0.5514987111091614,0.5154081583023071,0.22208504006266594,0.29611338675022125,0.5514987111091614,,,,0.00001,carepd_BMCLab_6fold_1,macro_f1_012,false,pretrain_v1_stats_train_clean.pt,runs/pretrain/amass_clean/medium_thindec_100ep/seed2/in_pk__loss_pk/lightning_logs/version_0/checkpoints/epoch=99-step=11500.ckpt
amass_clean,medium_thindec_100ep,seed2,in_pk__loss_pk,pk,pk,carepd_cross_PD-GaM_to_BMCLab,cross,PD-GaM,BMCLab,1,0.17682264279574156,0.2357635237276554,0.5498351454734802,0.3649868667125702,0.17682264279574156,0.2357635237276554,0.5498351454734802,,,,0.00001,carepd_BMCLab_6fold_1,macro_f1_012,false,pretrain_v1_stats_train_clean.pt,runs/pretrain/amass_clean/medium_thindec_100ep/seed2/in_pk__loss_pk/lightning_logs/version_0/checkpoints/epoch=99-step=11500.ckpt
amass_clean,medium_thindec_100ep,seed2,in_pk__loss_pk,pk,pk,carepd_cross_T-SDU-PD_to_BMCLab,cross,T-SDU-PD,BMCLab,1,0.22881850972771645,0.30509134630362195,0.4678667485713959,0.37438830733299255,0.22881850972771645,0.30509134630362195,0.4678667485713959,,,,0.00001,carepd_BMCLab_6fold_1,macro_f1_012,false,pretrain_v1_stats_train_clean.pt,runs/pretrain/amass_clean/medium_thindec_100ep/seed2/in_pk__loss_pk/lightning_logs/version_0/checkpoints/epoch=99-step=11500.ckpt
amass_clean,medium_thindec_100ep,seed42,in_pk__loss_pk,pk,pk,carepd_cross_3DGait_to_BMCLab,cross,3DGait,BMCLab,1,0.29796333611011505,0.39728444814682007,0.5156177282333374,0.43275874853134155,0.29796333611011505,0.39728444814682007,0.5156177282333374,,,,0.00001,carepd_BMCLab_6fold_1,macro_f1_012,false,pretrain_v1_stats_train_clean.pt,runs/pretrain/amass_clean/medium_thindec_100ep/seed42/in_pk__loss_pk/lightning_logs/version_0/checkpoints/epoch=99-step=11500.ckpt
amass_clean,medium_thindec_100ep,seed42,in_pk__loss_pk,pk,pk,carepd_cross_T-SDU-PD_to_BMCLab,cross,T-SDU-PD,BMCLab,1,0.19509292673319578,0.2601239023109277,0.4363824129104614,0.35706961154937744,0.19509292673319578,0.2601239023109277,0.4363824129104614,,,,0.00001,carepd_BMCLab_6fold_1,macro_f1_012,false,pretrain_v1_stats_train_clean.pt,runs/pretrain/amass_clean/medium_thindec_100ep/seed42/in_pk__loss_pk/lightning_logs/version_0/checkpoints/epoch=99-step=11500.ckpt
amass_clean,medium_thindec_100ep,seed42,in_pk__loss_pk,pk,pk,carepd_cross_PD-GaM_to_BMCLab,cross,PD-GaM,BMCLab,1,0.2240743786096573,0.2987658381462097,0.43759456276893616,0.3519032895565033,0.2240743786096573,0.2987658381462097,0.43759456276893616,,,,0.00001,carepd_BMCLab_6fold_1,macro_f1_012,false,pretrain_v1_stats_train_clean.pt,runs/pretrain/amass_clean/medium_thindec_100ep/seed42/in_pk__loss_pk/lightning_logs/version_0/checkpoints/epoch=99-step=11500.ckpt
amass_clean,medium_thindec_100ep,seed1,in_pk__loss_pkd,pk,pkd,carepd_cross_PD-GaM_to_BMCLab,cross,PD-GaM,BMCLab,1,0.12875676155090332,0.1716756820678711,0.43148159980773926,0.3248681426048279,0.12875676155090332,0.1716756820678711,0.43148159980773926,,,,0.0001,carepd_BMCLab_6fold_1,macro_f1_012,false,pretrain_v1_stats_train_clean.pt,runs/pretrain/amass_clean/medium_thindec_100ep/seed1/in_pk__loss_pkd/lightning_logs/version_0/checkpoints/epoch=99-step=11500.ckpt
amass_clean,medium_thindec_100ep,seed1,in_pk__loss_pkd,pk,pkd,carepd_cross_T-SDU-PD_to_BMCLab,cross,T-SDU-PD,BMCLab,1,0.24011533381417394,0.3201537784188986,0.47553011775016785,0.39301130175590515,0.24011533381417394,0.3201537784188986,0.47553011775016785,,,,0.0001,carepd_BMCLab_6fold_1,macro_f1_012,false,pretrain_v1_stats_train_clean.pt,runs/pretrain/amass_clean/medium_thindec_100ep/seed1/in_pk__loss_pkd/lightning_logs/version_0/checkpoints/epoch=99-step=11500.ckpt
amass_clean,medium_thindec_100ep,seed1,in_pk__loss_pkd,pk,pkd,carepd_cross_3DGait_to_BMCLab,cross,3DGait,BMCLab,1,0.1956992093473673,0.26093227912982303,0.5248660445213318,0.4869970679283142,0.1956992093473673,0.26093227912982303,0.5248660445213318,,,,0.0001,carepd_BMCLab_6fold_1,macro_f1_012,false,pretrain_v1_stats_train_clean.pt,runs/pretrain/amass_clean/medium_thindec_100ep/seed1/in_pk__loss_pkd/lightning_logs/version_0/checkpoints/epoch=99-step=11500.ckpt
amass_clean,medium_thindec_100ep,seed2,in_pk__loss_pkd,pk,pkd,carepd_cross_PD-GaM_to_BMCLab,cross,PD-GaM,BMCLab,1,0.11637352593243122,0.15516470124324164,0.4285658299922943,0.3299604654312134,0.11637352593243122,0.15516470124324164,0.4285658299922943,,,,1e-6,carepd_BMCLab_6fold_1,macro_f1_012,false,pretrain_v1_stats_train_clean.pt,runs/pretrain/amass_clean/medium_thindec_100ep/seed2/in_pk__loss_pkd/lightning_logs/version_0/checkpoints/epoch=99-step=11500.ckpt
amass_clean,medium_thindec_100ep,seed2,in_pk__loss_pkd,pk,pkd,carepd_cross_3DGait_to_BMCLab,cross,3DGait,BMCLab,1,0.27260372415184975,0.3634716322024663,0.45367705821990967,0.38939374685287476,0.27260372415184975,0.3634716322024663,0.45367705821990967,,,,1e-6,carepd_BMCLab_6fold_1,macro_f1_012,false,pretrain_v1_stats_train_clean.pt,runs/pretrain/amass_clean/medium_thindec_100ep/seed2/in_pk__loss_pkd/lightning_logs/version_0/checkpoints/epoch=99-step=11500.ckpt
amass_clean,medium_thindec_100ep,seed2,in_pk__loss_pkd,pk,pkd,carepd_cross_T-SDU-PD_to_BMCLab,cross,T-SDU-PD,BMCLab,1,0.1793138652574271,0.23908515367656946,0.47393012046813965,0.35628703236579895,0.1793138652574271,0.23908515367656946,0.47393012046813965,,,,1e-6,carepd_BMCLab_6fold_1,macro_f1_012,false,pretrain_v1_stats_train_clean.pt,runs/pretrain/amass_clean/medium_thindec_100ep/seed2/in_pk__loss_pkd/lightning_logs/version_0/checkpoints/epoch=99-step=11500.ckpt
amass_clean,medium_thindec_100ep,seed42,in_pk__loss_pkd,pk,pkd,carepd_cross_3DGait_to_BMCLab,cross,3DGait,BMCLab,1,0.243744146078825,0.32499219477176666,0.5067882537841797,0.44175398349761963,0.243744146078825,0.32499219477176666,0.5067882537841797,,,,3e-6,carepd_BMCLab_6fold_1,macro_f1_012,false,pretrain_v1_stats_train_clean.pt,runs/pretrain/amass_clean/medium_thindec_100ep/seed42/in_pk__loss_pkd/lightning_logs/version_0/checkpoints/epoch=99-step=11500.ckpt
amass_clean,medium_thindec_100ep,seed42,in_pk__loss_pkd,pk,pkd,carepd_cross_T-SDU-PD_to_BMCLab,cross,T-SDU-PD,BMCLab,1,0.3216245714575052,0.4288327619433403,0.5124229788780212,0.5360233187675476,0.3216245714575052,0.4288327619433403,0.5124229788780212,,,,3e-6,carepd_BMCLab_6fold_1,macro_f1_012,false,pretrain_v1_stats_train_clean.pt,runs/pretrain/amass_clean/medium_thindec_100ep/seed42/in_pk__loss_pkd/lightning_logs/version_0/checkpoints/epoch=99-step=11500.ckpt
amass_clean,medium_thindec_100ep,seed42,in_pk__loss_pkd,pk,pkd,carepd_cross_PD-GaM_to_BMCLab,cross,PD-GaM,BMCLab,1,0.13079147413372993,0.17438863217830658,0.48155853152275085,0.32348331809043884,0.13079147413372993,0.17438863217830658,0.48155853152275085,,,,3e-6,carepd_BMCLab_6fold_1,macro_f1_012,false,pretrain_v1_stats_train_clean.pt,runs/pretrain/amass_clean/medium_thindec_100ep/seed42/in_pk__loss_pkd/lightning_logs/version_0/checkpoints/epoch=99-step=11500.ckpt
amass_clean,medium_thindec_100ep,seed1,in_pkd__loss_p,pkd,p,carepd_cross_PD-GaM_to_BMCLab,cross,PD-GaM,BMCLab,1,0.09497007261961699,0.12662676349282265,0.44902658462524414,0.3197805881500244,0.09497007261961699,0.12662676349282265,0.44902658462524414,,,,1e-6,carepd_BMCLab_6fold_1,macro_f1_012,false,pretrain_v1_stats_train_clean.pt,runs/pretrain/amass_clean/medium_thindec_100ep/seed1/in_pkd__loss_p/lightning_logs/version_0/checkpoints/epoch=99-step=11500.ckpt
amass_clean,medium_thindec_100ep,seed1,in_pkd__loss_p,pkd,p,carepd_cross_T-SDU-PD_to_BMCLab,cross,T-SDU-PD,BMCLab,1,0.2157284878194332,0.28763798375924426,0.5208088755607605,0.3794402778148651,0.2157284878194332,0.28763798375924426,0.5208088755607605,,,,1e-6,carepd_BMCLab_6fold_1,macro_f1_012,false,pretrain_v1_stats_train_clean.pt,runs/pretrain/amass_clean/medium_thindec_100ep/seed1/in_pkd__loss_p/lightning_logs/version_0/checkpoints/epoch=99-step=11500.ckpt
amass_clean,medium_thindec_100ep,seed1,in_pkd__loss_p,pkd,p,carepd_cross_3DGait_to_BMCLab,cross,3DGait,BMCLab,1,0.23979768808931112,0.3197302507857482,0.44032883644104004,0.4755726456642151,0.23979768808931112,0.3197302507857482,0.44032883644104004,,,,1e-6,carepd_BMCLab_6fold_1,macro_f1_012,false,pretrain_v1_stats_train_clean.pt,runs/pretrain/amass_clean/medium_thindec_100ep/seed1/in_pkd__loss_p/lightning_logs/version_0/checkpoints/epoch=99-step=11500.ckpt
amass_clean,medium_thindec_100ep,seed2,in_pkd__loss_p,pkd,p,carepd_cross_T-SDU-PD_to_BMCLab,cross,T-SDU-PD,BMCLab,1,0.34112484753131866,0.45483313004175824,0.511289119720459,0.47964879870414734,0.34112484753131866,0.45483313004175824,0.511289119720459,,,,1e-6,carepd_BMCLab_6fold_1,macro_f1_012,false,pretrain_v1_stats_train_clean.pt,runs/pretrain/amass_clean/medium_thindec_100ep/seed2/in_pkd__loss_p/lightning_logs/version_0/checkpoints/epoch=94-step=10925.ckpt
amass_clean,medium_thindec_100ep,seed2,in_pkd__loss_p,pkd,p,carepd_cross_PD-GaM_to_BMCLab,cross,PD-GaM,BMCLab,1,0.0885588526725769,0.11807847023010254,0.3499634265899658,0.28724661469459534,0.0885588526725769,0.11807847023010254,0.3499634265899658,,,,1e-6,carepd_BMCLab_6fold_1,macro_f1_012,false,pretrain_v1_stats_train_clean.pt,runs/pretrain/amass_clean/medium_thindec_100ep/seed2/in_pkd__loss_p/lightning_logs/version_0/checkpoints/epoch=94-step=10925.ckpt
amass_clean,medium_thindec_100ep,seed2,in_pkd__loss_p,pkd,p,carepd_cross_3DGait_to_BMCLab,cross,3DGait,BMCLab,1,0.2537054009735584,0.33827386796474457,0.40111979842185974,0.4263603389263153,0.2537054009735584,0.33827386796474457,0.40111979842185974,,,,1e-6,carepd_BMCLab_6fold_1,macro_f1_012,false,pretrain_v1_stats_train_clean.pt,runs/pretrain/amass_clean/medium_thindec_100ep/seed2/in_pkd__loss_p/lightning_logs/version_0/checkpoints/epoch=94-step=10925.ckpt
amass_clean,medium_thindec_100ep,seed42,in_pkd__loss_p,pkd,p,carepd_cross_3DGait_to_BMCLab,cross,3DGait,BMCLab,1,0.23894036561250687,0.31858715415000916,0.4374113976955414,0.47747403383255005,0.23894036561250687,0.31858715415000916,0.4374113976955414,,,,1e-6,carepd_BMCLab_6fold_1,macro_f1_012,false,pretrain_v1_stats_train_clean.pt,runs/pretrain/amass_clean/medium_thindec_100ep/seed42/in_pkd__loss_p/lightning_logs/version_0/checkpoints/epoch=99-step=11500.ckpt
amass_clean,medium_thindec_100ep,seed42,in_pkd__loss_p,pkd,p,carepd_cross_T-SDU-PD_to_BMCLab,cross,T-SDU-PD,BMCLab,1,0.25053255492821336,0.33404340657095116,0.4233913719654083,0.4054574966430664,0.25053255492821336,0.33404340657095116,0.4233913719654083,,,,1e-6,carepd_BMCLab_6fold_1,macro_f1_012,false,pretrain_v1_stats_train_clean.pt,runs/pretrain/amass_clean/medium_thindec_100ep/seed42/in_pkd__loss_p/lightning_logs/version_0/checkpoints/epoch=99-step=11500.ckpt
amass_clean,medium_thindec_100ep,seed42,in_pkd__loss_p,pkd,p,carepd_cross_PD-GaM_to_BMCLab,cross,PD-GaM,BMCLab,1,0.09305271063931286,0.12407028085241716,0.4086000919342041,0.31665733456611633,0.09305271063931286,0.12407028085241716,0.4086000919342041,,,,1e-6,carepd_BMCLab_6fold_1,macro_f1_012,false,pretrain_v1_stats_train_clean.pt,runs/pretrain/amass_clean/medium_thindec_100ep/seed42/in_pkd__loss_p/lightning_logs/version_0/checkpoints/epoch=99-step=11500.ckpt
amass_clean,medium_thindec_100ep,seed1,in_pkd__loss_pk,pkd,pk,carepd_cross_3DGait_to_BMCLab,cross,3DGait,BMCLab,1,0.3098779767751694,0.41317063570022583,0.6594157218933105,0.5889472365379333,0.3098779767751694,0.41317063570022583,0.6594157218933105,,,,0.00003,carepd_BMCLab_6fold_1,macro_f1_012,false,pretrain_v1_stats_train_clean.pt,runs/pretrain/amass_clean/medium_thindec_100ep/seed1/in_pkd__loss_pk/lightning_logs/version_0/checkpoints/epoch=99-step=11500.ckpt
amass_clean,medium_thindec_100ep,seed1,in_pkd__loss_pk,pkd,pk,carepd_cross_PD-GaM_to_BMCLab,cross,PD-GaM,BMCLab,1,0.09488840494304895,0.1265178732573986,0.3593428134918213,0.30213481187820435,0.09488840494304895,0.1265178732573986,0.3593428134918213,,,,0.00003,carepd_BMCLab_6fold_1,macro_f1_012,false,pretrain_v1_stats_train_clean.pt,runs/pretrain/amass_clean/medium_thindec_100ep/seed1/in_pkd__loss_pk/lightning_logs/version_0/checkpoints/epoch=99-step=11500.ckpt
amass_clean,medium_thindec_100ep,seed1,in_pkd__loss_pk,pkd,pk,carepd_cross_T-SDU-PD_to_BMCLab,cross,T-SDU-PD,BMCLab,1,0.09361400501802564,0.12481867335736752,0.4381001889705658,0.32281145453453064,0.09361400501802564,0.12481867335736752,0.4381001889705658,,,,0.00003,carepd_BMCLab_6fold_1,macro_f1_012,false,pretrain_v1_stats_train_clean.pt,runs/pretrain/amass_clean/medium_thindec_100ep/seed1/in_pkd__loss_pk/lightning_logs/version_0/checkpoints/epoch=99-step=11500.ckpt
amass_clean,medium_thindec_100ep,seed2,in_pkd__loss_pk,pkd,pk,carepd_cross_PD-GaM_to_BMCLab,cross,PD-GaM,BMCLab,1,0.08885210007429123,0.11846946676572163,0.33865463733673096,0.2794974148273468,0.08885210007429123,0.11846946676572163,0.33865463733673096,,,,1e-6,carepd_BMCLab_6fold_1,macro_f1_012,false,pretrain_v1_stats_train_clean.pt,runs/pretrain/amass_clean/medium_thindec_100ep/seed2/in_pkd__loss_pk/lightning_logs/version_0/checkpoints/epoch=99-step=11500.ckpt
amass_clean,medium_thindec_100ep,seed2,in_pkd__loss_pk,pkd,pk,carepd_cross_T-SDU-PD_to_BMCLab,cross,T-SDU-PD,BMCLab,1,0.23355672508478165,0.31140896677970886,0.5137032866477966,0.35633349418640137,0.23355672508478165,0.31140896677970886,0.5137032866477966,,,,1e-6,carepd_BMCLab_6fold_1,macro_f1_012,false,pretrain_v1_stats_train_clean.pt,runs/pretrain/amass_clean/medium_thindec_100ep/seed2/in_pkd__loss_pk/lightning_logs/version_0/checkpoints/epoch=99-step=11500.ckpt
amass_clean,medium_thindec_100ep,seed2,in_pkd__loss_pk,pkd,pk,carepd_cross_3DGait_to_BMCLab,cross,3DGait,BMCLab,1,0.26069913897663355,0.3475988519688447,0.5725271105766296,0.3982105255126953,0.26069913897663355,0.3475988519688447,0.5725271105766296,,,,1e-6,carepd_BMCLab_6fold_1,macro_f1_012,false,pretrain_v1_stats_train_clean.pt,runs/pretrain/amass_clean/medium_thindec_100ep/seed2/in_pkd__loss_pk/lightning_logs/version_0/checkpoints/epoch=99-step=11500.ckpt
amass_clean,medium_thindec_100ep,seed42,in_pkd__loss_pk,pkd,pk,carepd_cross_3DGait_to_BMCLab,cross,3DGait,BMCLab,1,0.2624057959765196,0.34987439463535946,0.600475549697876,0.4670462906360626,0.2624057959765196,0.34987439463535946,0.600475549697876,,,,0.00001,carepd_BMCLab_6fold_1,macro_f1_012,false,pretrain_v1_stats_train_clean.pt,runs/pretrain/amass_clean/medium_thindec_100ep/seed42/in_pkd__loss_pk/lightning_logs/version_0/checkpoints/epoch=99-step=11500.ckpt
amass_clean,medium_thindec_100ep,seed42,in_pkd__loss_pk,pkd,pk,carepd_cross_T-SDU-PD_to_BMCLab,cross,T-SDU-PD,BMCLab,1,0.2075221799314022,0.27669623990853626,0.5312396883964539,0.3769952356815338,0.2075221799314022,0.27669623990853626,0.5312396883964539,,,,0.00001,carepd_BMCLab_6fold_1,macro_f1_012,false,pretrain_v1_stats_train_clean.pt,runs/pretrain/amass_clean/medium_thindec_100ep/seed42/in_pkd__loss_pk/lightning_logs/version_0/checkpoints/epoch=99-step=11500.ckpt
amass_clean,medium_thindec_100ep,seed42,in_pkd__loss_pk,pkd,pk,carepd_cross_PD-GaM_to_BMCLab,cross,PD-GaM,BMCLab,1,0.09270600345917046,0.12360800461222728,0.5111419558525085,0.34382593631744385,0.09270600345917046,0.12360800461222728,0.5111419558525085,,,,0.00001,carepd_BMCLab_6fold_1,macro_f1_012,false,pretrain_v1_stats_train_clean.pt,runs/pretrain/amass_clean/medium_thindec_100ep/seed42/in_pkd__loss_pk/lightning_logs/version_0/checkpoints/epoch=99-step=11500.ckpt
amass_clean,medium_thindec_100ep,seed1,in_pkd__loss_pkd,pkd,pkd,carepd_cross_PD-GaM_to_BMCLab,cross,PD-GaM,BMCLab,1,0.08885210007429123,0.11846946676572163,0.44545212388038635,0.3500865697860718,0.08885210007429123,0.11846946676572163,0.44545212388038635,,,,0.00001,carepd_BMCLab_6fold_1,macro_f1_012,false,pretrain_v1_stats_train_clean.pt,runs/pretrain/amass_clean/medium_thindec_100ep/seed1/in_pkd__loss_pkd/lightning_logs/version_0/checkpoints/epoch=99-step=11500.ckpt
amass_clean,medium_thindec_100ep,seed1,in_pkd__loss_pkd,pkd,pkd,carepd_cross_T-SDU-PD_to_BMCLab,cross,T-SDU-PD,BMCLab,1,0.09551570890471339,0.12735427853961787,0.484414666891098,0.3516328036785126,0.09551570890471339,0.12735427853961787,0.484414666891098,,,,0.00001,carepd_BMCLab_6fold_1,macro_f1_012,false,pretrain_v1_stats_train_clean.pt,runs/pretrain/amass_clean/medium_thindec_100ep/seed1/in_pkd__loss_pkd/lightning_logs/version_0/checkpoints/epoch=99-step=11500.ckpt
amass_clean,medium_thindec_100ep,seed1,in_pkd__loss_pkd,pkd,pkd,carepd_cross_3DGait_to_BMCLab,cross,3DGait,BMCLab,1,0.21209781989455223,0.2827970931927363,0.5200164914131165,0.4956015944480896,0.21209781989455223,0.2827970931927363,0.5200164914131165,,,,0.00001,carepd_BMCLab_6fold_1,macro_f1_012,false,pretrain_v1_stats_train_clean.pt,runs/pretrain/amass_clean/medium_thindec_100ep/seed1/in_pkd__loss_pkd/lightning_logs/version_0/checkpoints/epoch=99-step=11500.ckpt
amass_clean,medium_thindec_100ep,seed2,in_pkd__loss_pkd,pkd,pkd,carepd_cross_3DGait_to_BMCLab,cross,3DGait,BMCLab,1,0.21752801351249218,0.2900373513499896,0.5379067063331604,0.47703978419303894,0.21752801351249218,0.2900373513499896,0.5379067063331604,,,,1e-6,carepd_BMCLab_6fold_1,macro_f1_012,false,pretrain_v1_stats_train_clean.pt,runs/pretrain/amass_clean/medium_thindec_100ep/seed2/in_pkd__loss_pkd/lightning_logs/version_0/checkpoints/epoch=99-step=11500.ckpt
amass_clean,medium_thindec_100ep,seed2,in_pkd__loss_pkd,pkd,pkd,carepd_cross_T-SDU-PD_to_BMCLab,cross,T-SDU-PD,BMCLab,1,0.10360557679086924,0.13814076905449232,0.4335881471633911,0.3173291087150574,0.10360557679086924,0.13814076905449232,0.4335881471633911,,,,1e-6,carepd_BMCLab_6fold_1,macro_f1_012,false,pretrain_v1_stats_train_clean.pt,runs/pretrain/amass_clean/medium_thindec_100ep/seed2/in_pkd__loss_pkd/lightning_logs/version_0/checkpoints/epoch=99-step=11500.ckpt
amass_clean,medium_thindec_100ep,seed2,in_pkd__loss_pkd,pkd,pkd,carepd_cross_PD-GaM_to_BMCLab,cross,PD-GaM,BMCLab,1,0.10805107932537794,0.14406810576717058,0.38184046745300293,0.3161501884460449,0.10805107932537794,0.14406810576717058,0.38184046745300293,,,,1e-6,carepd_BMCLab_6fold_1,macro_f1_012,false,pretrain_v1_stats_train_clean.pt,runs/pretrain/amass_clean/medium_thindec_100ep/seed2/in_pkd__loss_pkd/lightning_logs/version_0/checkpoints/epoch=99-step=11500.ckpt
amass_clean,medium_thindec_100ep,seed42,in_pkd__loss_pkd,pkd,pkd,carepd_cross_T-SDU-PD_to_BMCLab,cross,T-SDU-PD,BMCLab,1,0.18669118185061961,0.24892157580082616,0.48653316497802734,0.36825188994407654,0.18669118185061961,0.24892157580082616,0.48653316497802734,,,,0.00003,carepd_BMCLab_6fold_1,macro_f1_012,false,pretrain_v1_stats_train_clean.pt,runs/pretrain/amass_clean/medium_thindec_100ep/seed42/in_pkd__loss_pkd/lightning_logs/version_0/checkpoints/epoch=99-step=11500.ckpt
amass_clean,medium_thindec_100ep,seed42,in_pkd__loss_pkd,pkd,pkd,carepd_cross_PD-GaM_to_BMCLab,cross,PD-GaM,BMCLab,1,0.11009553261101246,0.14679404348134995,0.44333890080451965,0.3508560359477997,0.11009553261101246,0.14679404348134995,0.44333890080451965,,,,0.00003,carepd_BMCLab_6fold_1,macro_f1_012,false,pretrain_v1_stats_train_clean.pt,runs/pretrain/amass_clean/medium_thindec_100ep/seed42/in_pkd__loss_pkd/lightning_logs/version_0/checkpoints/epoch=99-step=11500.ckpt
amass_clean,medium_thindec_100ep,seed42,in_pkd__loss_pkd,pkd,pkd,carepd_cross_3DGait_to_BMCLab,cross,3DGait,BMCLab,1,0.22983679547905922,0.3064490606387456,0.6156558990478516,0.5618773698806763,0.22983679547905922,0.3064490606387456,0.6156558990478516,,,,0.00003,carepd_BMCLab_6fold_1,macro_f1_012,false,pretrain_v1_stats_train_clean.pt,runs/pretrain/amass_clean/medium_thindec_100ep/seed42/in_pkd__loss_pkd/lightning_logs/version_0/checkpoints/epoch=99-step=11500.ckpt
amass_clean,medium_thindec_100ep,seed1,in_p__loss_p,p,p,carepd_cross_BMCLab_to_PD-GaM,cross,BMCLab,PD-GaM,1,0.27346749417483807,0.3646233255664508,0.540605366230011,0.5412923097610474,0.27346749417483807,0.3646233255664508,0.540605366230011,,,,0.0001,carepd_BMCLab_6fold_1,macro_f1_012,false,pretrain_v1_stats_train_clean.pt,runs/pretrain/amass_clean/medium_thindec_100ep/seed1/in_p__loss_p/lightning_logs/version_0/checkpoints/epoch=94-step=10925.ckpt
amass_clean,medium_thindec_100ep,seed1,in_p__loss_p,p,p,carepd_cross_3DGait_to_PD-GaM,cross,3DGait,PD-GaM,1,0.42044420167803764,0.3795223186413447,0.5289664268493652,0.5248498320579529,0.42044420167803764,0.3795223186413447,0.5289664268493652,,,,0.0001,carepd_BMCLab_6fold_1,macro_f1_012,false,pretrain_v1_stats_train_clean.pt,runs/pretrain/amass_clean/medium_thindec_100ep/seed1/in_p__loss_p/lightning_logs/version_0/checkpoints/epoch=94-step=10925.ckpt
amass_clean,medium_thindec_100ep,seed1,in_p__loss_p,p,p,carepd_cross_T-SDU-PD_to_PD-GaM,cross,T-SDU-PD,PD-GaM,1,0.35925401002168655,0.4790053466955821,0.46227896213531494,0.6157451868057251,0.35925401002168655,0.4790053466955821,0.46227896213531494,,,,0.0001,carepd_BMCLab_6fold_1,macro_f1_012,false,pretrain_v1_stats_train_clean.pt,runs/pretrain/amass_clean/medium_thindec_100ep/seed1/in_p__loss_p/lightning_logs/version_0/checkpoints/epoch=94-step=10925.ckpt
amass_clean,medium_thindec_100ep,seed2,in_p__loss_p,p,p,carepd_cross_3DGait_to_PD-GaM,cross,3DGait,PD-GaM,1,0.42101722210645676,0.38543036580085754,0.5476273894309998,0.47758784890174866,0.42101722210645676,0.38543036580085754,0.5476273894309998,,,,0.00003,carepd_BMCLab_6fold_1,macro_f1_012,false,pretrain_v1_stats_train_clean.pt,runs/pretrain/amass_clean/medium_thindec_100ep/seed2/in_p__loss_p/lightning_logs/version_0/checkpoints/epoch=99-step=11500.ckpt
amass_clean,medium_thindec_100ep,seed2,in_p__loss_p,p,p,carepd_cross_BMCLab_to_PD-GaM,cross,BMCLab,PD-GaM,1,0.31661683693528175,0.36660022536913556,0.5116485357284546,0.5888445973396301,0.31661683693528175,0.36660022536913556,0.5116485357284546,,,,0.00003,carepd_BMCLab_6fold_1,macro_f1_012,false,pretrain_v1_stats_train_clean.pt,runs/pretrain/amass_clean/medium_thindec_100ep/seed2/in_p__loss_p/lightning_logs/version_0/checkpoints/epoch=99-step=11500.ckpt
amass_clean,medium_thindec_100ep,seed2,in_p__loss_p,p,p,carepd_cross_T-SDU-PD_to_PD-GaM,cross,T-SDU-PD,PD-GaM,1,0.3079674243927002,0.4106232325236003,0.3828478157520294,0.5662524700164795,0.3079674243927002,0.4106232325236003,0.3828478157520294,,,,0.00003,carepd_BMCLab_6fold_1,macro_f1_012,false,pretrain_v1_stats_train_clean.pt,runs/pretrain/amass_clean/medium_thindec_100ep/seed2/in_p__loss_p/lightning_logs/version_0/checkpoints/epoch=99-step=11500.ckpt
amass_clean,medium_thindec_100ep,seed42,in_p__loss_p,p,p,carepd_cross_3DGait_to_PD-GaM,cross,3DGait,PD-GaM,1,0.42573344334959984,0.41438788672288257,0.5659691095352173,0.604873776435852,0.42573344334959984,0.41438788672288257,0.5659691095352173,,,,0.00003,carepd_BMCLab_6fold_1,macro_f1_012,false,pretrain_v1_stats_train_clean.pt,runs/pretrain/amass_clean/medium_thindec_100ep/seed42/in_p__loss_p/lightning_logs/version_0/checkpoints/epoch=94-step=10925.ckpt
amass_clean,medium_thindec_100ep,seed42,in_p__loss_p,p,p,carepd_cross_BMCLab_to_PD-GaM,cross,BMCLab,PD-GaM,1,0.2282767854630947,0.3043690472841263,0.4888901710510254,0.44682440161705017,0.2282767854630947,0.3043690472841263,0.4888901710510254,,,,0.00003,carepd_BMCLab_6fold_1,macro_f1_012,false,pretrain_v1_stats_train_clean.pt,runs/pretrain/amass_clean/medium_thindec_100ep/seed42/in_p__loss_p/lightning_logs/version_0/checkpoints/epoch=94-step=10925.ckpt
amass_clean,medium_thindec_100ep,seed42,in_p__loss_p,p,p,carepd_cross_T-SDU-PD_to_PD-GaM,cross,T-SDU-PD,PD-GaM,1,0.3632217198610306,0.4842956264813741,0.592065691947937,0.6032341122627258,0.3632217198610306,0.4842956264813741,0.592065691947937,,,,0.00003,carepd_BMCLab_6fold_1,macro_f1_012,false,pretrain_v1_stats_train_clean.pt,runs/pretrain/amass_clean/medium_thindec_100ep/seed42/in_p__loss_p/lightning_logs/version_0/checkpoints/epoch=94-step=10925.ckpt
amass_clean,medium_thindec_100ep,seed1,in_p__loss_pk,p,pk,carepd_cross_3DGait_to_PD-GaM,cross,3DGait,PD-GaM,1,0.26459906063973904,0.24635616689920425,0.39179253578186035,0.3478587567806244,0.26459906063973904,0.24635616689920425,0.39179253578186035,,,,1e-6,carepd_BMCLab_6fold_1,macro_f1_012,false,pretrain_v1_stats_train_clean.pt,runs/pretrain/amass_clean/medium_thindec_100ep/seed1/in_p__loss_pk/lightning_logs/version_0/checkpoints/epoch=99-step=11500.ckpt
amass_clean,medium_thindec_100ep,seed1,in_p__loss_pk,p,pk,carepd_cross_T-SDU-PD_to_PD-GaM,cross,T-SDU-PD,PD-GaM,1,0.3386776074767113,0.4515701433022817,0.3672082722187042,0.5321053862571716,0.3386776074767113,0.4515701433022817,0.3672082722187042,,,,1e-6,carepd_BMCLab_6fold_1,macro_f1_012,false,pretrain_v1_stats_train_clean.pt,runs/pretrain/amass_clean/medium_thindec_100ep/seed1/in_p__loss_pk/lightning_logs/version_0/checkpoints/epoch=99-step=11500.ckpt
amass_clean,medium_thindec_100ep,seed1,in_p__loss_pk,p,pk,carepd_cross_BMCLab_to_PD-GaM,cross,BMCLab,PD-GaM,1,0.2252563927322626,0.30034185697635013,0.359624445438385,0.5147836804389954,0.2252563927322626,0.30034185697635013,0.359624445438385,,,,1e-6,carepd_BMCLab_6fold_1,macro_f1_012,false,pretrain_v1_stats_train_clean.pt,runs/pretrain/amass_clean/medium_thindec_100ep/seed1/in_p__loss_pk/lightning_logs/version_0/checkpoints/epoch=99-step=11500.ckpt
amass_clean,medium_thindec_100ep,seed2,in_p__loss_pk,p,pk,carepd_cross_3DGait_to_PD-GaM,cross,3DGait,PD-GaM,1,0.3590266788378358,0.3163090758025646,0.4482405185699463,0.42436158657073975,0.3590266788378358,0.3163090758025646,0.4482405185699463,,,,0.00003,carepd_BMCLab_6fold_1,macro_f1_012,false,pretrain_v1_stats_train_clean.pt,runs/pretrain/amass_clean/medium_thindec_100ep/seed2/in_p__loss_pk/lightning_logs/version_0/checkpoints/epoch=99-step=11500.ckpt
amass_clean,medium_thindec_100ep,seed2,in_p__loss_pk,p,pk,carepd_cross_T-SDU-PD_to_PD-GaM,cross,T-SDU-PD,PD-GaM,1,0.3214391730725765,0.4285855640967687,0.39289629459381104,0.566937267780304,0.3214391730725765,0.4285855640967687,0.39289629459381104,,,,0.00003,carepd_BMCLab_6fold_1,macro_f1_012,false,pretrain_v1_stats_train_clean.pt,runs/pretrain/amass_clean/medium_thindec_100ep/seed2/in_p__loss_pk/lightning_logs/version_0/checkpoints/epoch=99-step=11500.ckpt
amass_clean,medium_thindec_100ep,seed2,in_p__loss_pk,p,pk,carepd_cross_BMCLab_to_PD-GaM,cross,BMCLab,PD-GaM,1,0.34107348322868347,0.4547646443049113,0.453128457069397,0.48802274465560913,0.34107348322868347,0.4547646443049113,0.453128457069397,,,,0.00003,carepd_BMCLab_6fold_1,macro_f1_012,false,pretrain_v1_stats_train_clean.pt,runs/pretrain/amass_clean/medium_thindec_100ep/seed2/in_p__loss_pk/lightning_logs/version_0/checkpoints/epoch=99-step=11500.ckpt
amass_clean,medium_thindec_100ep,seed42,in_p__loss_pk,p,pk,carepd_cross_T-SDU-PD_to_PD-GaM,cross,T-SDU-PD,PD-GaM,1,0.33602768555283546,0.44803691407044727,0.5139794945716858,0.5704239010810852,0.33602768555283546,0.44803691407044727,0.5139794945716858,,,,1e-6,carepd_BMCLab_6fold_1,macro_f1_012,false,pretrain_v1_stats_train_clean.pt,runs/pretrain/amass_clean/medium_thindec_100ep/seed42/in_p__loss_pk/lightning_logs/version_0/checkpoints/epoch=99-step=11500.ckpt
amass_clean,medium_thindec_100ep,seed42,in_p__loss_pk,p,pk,carepd_cross_3DGait_to_PD-GaM,cross,3DGait,PD-GaM,1,0.2830712394788861,0.32069073244929314,0.3441915512084961,0.3826690912246704,0.2830712394788861,0.32069073244929314,0.3441915512084961,,,,1e-6,carepd_BMCLab_6fold_1,macro_f1_012,false,pretrain_v1_stats_train_clean.pt,runs/pretrain/amass_clean/medium_thindec_100ep/seed42/in_p__loss_pk/lightning_logs/version_0/checkpoints/epoch=99-step=11500.ckpt
amass_clean,medium_thindec_100ep,seed42,in_p__loss_pk,p,pk,carepd_cross_BMCLab_to_PD-GaM,cross,BMCLab,PD-GaM,1,0.2672632038593292,0.35635093847910565,0.4442134499549866,0.5103071331977844,0.2672632038593292,0.35635093847910565,0.4442134499549866,,,,1e-6,carepd_BMCLab_6fold_1,macro_f1_012,false,pretrain_v1_stats_train_clean.pt,runs/pretrain/amass_clean/medium_thindec_100ep/seed42/in_p__loss_pk/lightning_logs/version_0/checkpoints/epoch=99-step=11500.ckpt
amass_clean,medium_thindec_100ep,seed1,in_p__loss_pkd,p,pkd,carepd_cross_T-SDU-PD_to_PD-GaM,cross,T-SDU-PD,PD-GaM,1,0.3423817828297615,0.4565090437730153,0.516803503036499,0.6112377643585205,0.3423817828297615,0.4565090437730153,0.516803503036499,,,,0.001,carepd_BMCLab_6fold_1,macro_f1_012,false,pretrain_v1_stats_train_clean.pt,runs/pretrain/amass_clean/medium_thindec_100ep/seed1/in_p__loss_pkd/lightning_logs/version_0/checkpoints/epoch=99-step=11500.ckpt
amass_clean,medium_thindec_100ep,seed1,in_p__loss_pkd,p,pkd,carepd_cross_3DGait_to_PD-GaM,cross,3DGait,PD-GaM,1,0.4306336650624871,0.4120160552362601,0.5270787477493286,0.5525950193405151,0.4306336650624871,0.4120160552362601,0.5270787477493286,,,,0.001,carepd_BMCLab_6fold_1,macro_f1_012,false,pretrain_v1_stats_train_clean.pt,runs/pretrain/amass_clean/medium_thindec_100ep/seed1/in_p__loss_pkd/lightning_logs/version_0/checkpoints/epoch=99-step=11500.ckpt
amass_clean,medium_thindec_100ep,seed1,in_p__loss_pkd,p,pkd,carepd_cross_BMCLab_to_PD-GaM,cross,BMCLab,PD-GaM,1,0.30266305431723595,0.40355073908964795,0.5751419067382812,0.5748023986816406,0.30266305431723595,0.40355073908964795,0.5751419067382812,,,,0.001,carepd_BMCLab_6fold_1,macro_f1_012,false,pretrain_v1_stats_train_clean.pt,runs/pretrain/amass_clean/medium_thindec_100ep/seed1/in_p__loss_pkd/lightning_logs/version_0/checkpoints/epoch=99-step=11500.ckpt
amass_clean,medium_thindec_100ep,seed2,in_p__loss_pkd,p,pkd,carepd_cross_BMCLab_to_PD-GaM,cross,BMCLab,PD-GaM,1,0.27901389449834824,0.37201852599779767,0.5416334867477417,0.49381279945373535,0.27901389449834824,0.37201852599779767,0.5416334867477417,,,,0.0003,carepd_BMCLab_6fold_1,macro_f1_012,false,pretrain_v1_stats_train_clean.pt,runs/pretrain/amass_clean/medium_thindec_100ep/seed2/in_p__loss_pkd/lightning_logs/version_0/checkpoints/epoch=99-step=11500.ckpt
amass_clean,medium_thindec_100ep,seed2,in_p__loss_pkd,p,pkd,carepd_cross_3DGait_to_PD-GaM,cross,3DGait,PD-GaM,1,0.42393974401056767,0.38816965868075687,0.5013299584388733,0.48898226022720337,0.42393974401056767,0.38816965868075687,0.5013299584388733,,,,0.0003,carepd_BMCLab_6fold_1,macro_f1_012,false,pretrain_v1_stats_train_clean.pt,runs/pretrain/amass_clean/medium_thindec_100ep/seed2/in_p__loss_pkd/lightning_logs/version_0/checkpoints/epoch=99-step=11500.ckpt
amass_clean,medium_thindec_100ep,seed2,in_p__loss_pkd,p,pkd,carepd_cross_T-SDU-PD_to_PD-GaM,cross,T-SDU-PD,PD-GaM,1,0.33317485079169273,0.44423313438892365,0.53812575340271,0.5864241123199463,0.33317485079169273,0.44423313438892365,0.53812575340271,,,,0.0003,carepd_BMCLab_6fold_1,macro_f1_012,false,pretrain_v1_stats_train_clean.pt,runs/pretrain/amass_clean/medium_thindec_100ep/seed2/in_p__loss_pkd/lightning_logs/version_0/checkpoints/epoch=99-step=11500.ckpt
amass_clean,medium_thindec_100ep,seed42,in_p__loss_pkd,p,pkd,carepd_cross_BMCLab_to_PD-GaM,cross,BMCLab,PD-GaM,1,0.2701977677643299,0.3602636903524399,0.5180258750915527,0.46892017126083374,0.2701977677643299,0.3602636903524399,0.5180258750915527,,,,0.00001,carepd_BMCLab_6fold_1,macro_f1_012,false,pretrain_v1_stats_train_clean.pt,runs/pretrain/amass_clean/medium_thindec_100ep/seed42/in_p__loss_pkd/lightning_logs/version_0/checkpoints/epoch=99-step=11500.ckpt
amass_clean,medium_thindec_100ep,seed42,in_p__loss_pkd,p,pkd,carepd_cross_3DGait_to_PD-GaM,cross,3DGait,PD-GaM,1,0.3535227309912443,0.3944405640165011,0.44322818517684937,0.516259491443634,0.3535227309912443,0.3944405640165011,0.44322818517684937,,,,0.00001,carepd_BMCLab_6fold_1,macro_f1_012,false,pretrain_v1_stats_train_clean.pt,runs/pretrain/amass_clean/medium_thindec_100ep/seed42/in_p__loss_pkd/lightning_logs/version_0/checkpoints/epoch=99-step=11500.ckpt
amass_clean,medium_thindec_100ep,seed42,in_p__loss_pkd,p,pkd,carepd_cross_T-SDU-PD_to_PD-GaM,cross,T-SDU-PD,PD-GaM,1,0.30273473262786865,0.4036463101704915,0.47432810068130493,0.5047842264175415,0.30273473262786865,0.4036463101704915,0.47432810068130493,,,,0.00001,carepd_BMCLab_6fold_1,macro_f1_012,false,pretrain_v1_stats_train_clean.pt,runs/pretrain/amass_clean/medium_thindec_100ep/seed42/in_p__loss_pkd/lightning_logs/version_0/checkpoints/epoch=99-step=11500.ckpt
amass_clean,medium_thindec_100ep,seed1,in_pk__loss_p,pk,p,carepd_cross_3DGait_to_PD-GaM,cross,3DGait,PD-GaM,1,0.3762988238595426,0.2531441965450843,0.5934939384460449,0.6010369658470154,0.3762988238595426,0.2531441965450843,0.5934939384460449,,,,0.03,carepd_BMCLab_6fold_1,macro_f1_012,false,pretrain_v1_stats_train_clean.pt,runs/pretrain/amass_clean/medium_thindec_100ep/seed1/in_pk__loss_p/lightning_logs/version_0/checkpoints/epoch=94-step=10925.ckpt
amass_clean,medium_thindec_100ep,seed1,in_pk__loss_p,pk,p,carepd_cross_BMCLab_to_PD-GaM,cross,BMCLab,PD-GaM,1,0.25473054498434067,0.33964072664578754,0.5612877607345581,0.5724366903305054,0.25473054498434067,0.33964072664578754,0.5612877607345581,,,,0.03,carepd_BMCLab_6fold_1,macro_f1_012,false,pretrain_v1_stats_train_clean.pt,runs/pretrain/amass_clean/medium_thindec_100ep/seed1/in_pk__loss_p/lightning_logs/version_0/checkpoints/epoch=94-step=10925.ckpt
amass_clean,medium_thindec_100ep,seed1,in_pk__loss_p,pk,p,carepd_cross_T-SDU-PD_to_PD-GaM,cross,T-SDU-PD,PD-GaM,1,0.32352529373019934,0.43136705830693245,0.5684413313865662,0.6225747466087341,0.32352529373019934,0.43136705830693245,0.5684413313865662,,,,0.03,carepd_BMCLab_6fold_1,macro_f1_012,false,pretrain_v1_stats_train_clean.pt,runs/pretrain/amass_clean/medium_thindec_100ep/seed1/in_pk__loss_p/lightning_logs/version_0/checkpoints/epoch=94-step=10925.ckpt
amass_clean,medium_thindec_100ep,seed2,in_pk__loss_p,pk,p,carepd_cross_3DGait_to_PD-GaM,cross,3DGait,PD-GaM,1,0.43700638599693775,0.38755323737859726,0.575040340423584,0.6264408826828003,0.43700638599693775,0.38755323737859726,0.575040340423584,,,,0.0003,carepd_BMCLab_6fold_1,macro_f1_012,false,pretrain_v1_stats_train_clean.pt,runs/pretrain/amass_clean/medium_thindec_100ep/seed2/in_pk__loss_p/lightning_logs/version_0/checkpoints/epoch=99-step=11500.ckpt
amass_clean,medium_thindec_100ep,seed2,in_pk__loss_p,pk,p,carepd_cross_T-SDU-PD_to_PD-GaM,cross,T-SDU-PD,PD-GaM,1,0.3315420225262642,0.4420560300350189,0.4252787232398987,0.6048101186752319,0.3315420225262642,0.4420560300350189,0.4252787232398987,,,,0.0003,carepd_BMCLab_6fold_1,macro_f1_012,false,pretrain_v1_stats_train_clean.pt,runs/pretrain/amass_clean/medium_thindec_100ep/seed2/in_pk__loss_p/lightning_logs/version_0/checkpoints/epoch=99-step=11500.ckpt
amass_clean,medium_thindec_100ep,seed2,in_pk__loss_p,pk,p,carepd_cross_BMCLab_to_PD-GaM,cross,BMCLab,PD-GaM,1,0.3316930755972862,0.44225743412971497,0.39771538972854614,0.4950471818447113,0.3316930755972862,0.44225743412971497,0.39771538972854614,,,,0.0003,carepd_BMCLab_6fold_1,macro_f1_012,false,pretrain_v1_stats_train_clean.pt,runs/pretrain/amass_clean/medium_thindec_100ep/seed2/in_pk__loss_p/lightning_logs/version_0/checkpoints/epoch=99-step=11500.ckpt
amass_clean,medium_thindec_100ep,seed42,in_pk__loss_p,pk,p,carepd_cross_3DGait_to_PD-GaM,cross,3DGait,PD-GaM,1,0.4621586725115776,0.5081034600734711,0.4779513478279114,0.6079749464988708,0.4621586725115776,0.5081034600734711,0.4779513478279114,,,,3e-6,carepd_BMCLab_6fold_1,macro_f1_012,false,pretrain_v1_stats_train_clean.pt,runs/pretrain/amass_clean/medium_thindec_100ep/seed42/in_pk__loss_p/lightning_logs/version_0/checkpoints/epoch=94-step=10925.ckpt
amass_clean,medium_thindec_100ep,seed42,in_pk__loss_p,pk,p,carepd_cross_BMCLab_to_PD-GaM,cross,BMCLab,PD-GaM,1,0.21744685247540474,0.289929136633873,0.3916381597518921,0.3826845586299896,0.21744685247540474,0.289929136633873,0.3916381597518921,,,,3e-6,carepd_BMCLab_6fold_1,macro_f1_012,false,pretrain_v1_stats_train_clean.pt,runs/pretrain/amass_clean/medium_thindec_100ep/seed42/in_pk__loss_p/lightning_logs/version_0/checkpoints/epoch=94-step=10925.ckpt
amass_clean,medium_thindec_100ep,seed42,in_pk__loss_p,pk,p,carepd_cross_T-SDU-PD_to_PD-GaM,cross,T-SDU-PD,PD-GaM,1,0.3748033866286278,0.49973784883817035,0.4959440231323242,0.6290234327316284,0.3748033866286278,0.49973784883817035,0.4959440231323242,,,,3e-6,carepd_BMCLab_6fold_1,macro_f1_012,false,pretrain_v1_stats_train_clean.pt,runs/pretrain/amass_clean/medium_thindec_100ep/seed42/in_pk__loss_p/lightning_logs/version_0/checkpoints/epoch=94-step=10925.ckpt
amass_clean,medium_thindec_100ep,seed1,in_pk__loss_pk,pk,pk,carepd_cross_3DGait_to_PD-GaM,cross,3DGait,PD-GaM,1,0.35335921589285135,0.34249065443873405,0.505094051361084,0.6018269062042236,0.35335921589285135,0.34249065443873405,0.505094051361084,,,,0.0003,carepd_BMCLab_6fold_1,macro_f1_012,false,pretrain_v1_stats_train_clean.pt,runs/pretrain/amass_clean/medium_thindec_100ep/seed1/in_pk__loss_pk/lightning_logs/version_0/checkpoints/epoch=99-step=11500.ckpt
amass_clean,medium_thindec_100ep,seed1,in_pk__loss_pk,pk,pk,carepd_cross_BMCLab_to_PD-GaM,cross,BMCLab,PD-GaM,1,0.342700719833374,0.45693429311116535,0.48963242769241333,0.5383430123329163,0.342700719833374,0.45693429311116535,0.48963242769241333,,,,0.0003,carepd_BMCLab_6fold_1,macro_f1_012,false,pretrain_v1_stats_train_clean.pt,runs/pretrain/amass_clean/medium_thindec_100ep/seed1/in_pk__loss_pk/lightning_logs/version_0/checkpoints/epoch=99-step=11500.ckpt
amass_clean,medium_thindec_100ep,seed1,in_pk__loss_pk,pk,pk,carepd_cross_T-SDU-PD_to_PD-GaM,cross,T-SDU-PD,PD-GaM,1,0.3385188356041908,0.45135844747225445,0.48845499753952026,0.6528539657592773,0.3385188356041908,0.45135844747225445,0.48845499753952026,,,,0.0003,carepd_BMCLab_6fold_1,macro_f1_012,false,pretrain_v1_stats_train_clean.pt,runs/pretrain/amass_clean/medium_thindec_100ep/seed1/in_pk__loss_pk/lightning_logs/version_0/checkpoints/epoch=99-step=11500.ckpt
amass_clean,medium_thindec_100ep,seed2,in_pk__loss_pk,pk,pk,carepd_cross_BMCLab_to_PD-GaM,cross,BMCLab,PD-GaM,1,0.3353384956717491,0.44711799422899884,0.4171294867992401,0.521188497543335,0.3353384956717491,0.44711799422899884,0.4171294867992401,,,,0.00001,carepd_BMCLab_6fold_1,macro_f1_012,false,pretrain_v1_stats_train_clean.pt,runs/pretrain/amass_clean/medium_thindec_100ep/seed2/in_pk__loss_pk/lightning_logs/version_0/checkpoints/epoch=99-step=11500.ckpt
amass_clean,medium_thindec_100ep,seed2,in_pk__loss_pk,pk,pk,carepd_cross_3DGait_to_PD-GaM,cross,3DGait,PD-GaM,1,0.3873014599084854,0.4623478949069977,0.43141746520996094,0.6207443475723267,0.3873014599084854,0.4623478949069977,0.43141746520996094,,,,0.00001,carepd_BMCLab_6fold_1,macro_f1_012,false,pretrain_v1_stats_train_clean.pt,runs/pretrain/amass_clean/medium_thindec_100ep/seed2/in_pk__loss_pk/lightning_logs/version_0/checkpoints/epoch=99-step=11500.ckpt
amass_clean,medium_thindec_100ep,seed2,in_pk__loss_pk,pk,pk,carepd_cross_T-SDU-PD_to_PD-GaM,cross,T-SDU-PD,PD-GaM,1,0.3176792860031128,0.4235723813374837,0.3746201694011688,0.5200921297073364,0.3176792860031128,0.4235723813374837,0.3746201694011688,,,,0.00001,carepd_BMCLab_6fold_1,macro_f1_012,false,pretrain_v1_stats_train_clean.pt,runs/pretrain/amass_clean/medium_thindec_100ep/seed2/in_pk__loss_pk/lightning_logs/version_0/checkpoints/epoch=99-step=11500.ckpt
amass_clean,medium_thindec_100ep,seed42,in_pk__loss_pk,pk,pk,carepd_cross_3DGait_to_PD-GaM,cross,3DGait,PD-GaM,1,0.42934419214725494,0.45481186111768085,0.4378967881202698,0.5778148770332336,0.42934419214725494,0.45481186111768085,0.4378967881202698,,,,0.00001,carepd_BMCLab_6fold_1,macro_f1_012,false,pretrain_v1_stats_train_clean.pt,runs/pretrain/amass_clean/medium_thindec_100ep/seed42/in_pk__loss_pk/lightning_logs/version_0/checkpoints/epoch=99-step=11500.ckpt
amass_clean,medium_thindec_100ep,seed42,in_pk__loss_pk,pk,pk,carepd_cross_BMCLab_to_PD-GaM,cross,BMCLab,PD-GaM,1,0.26490090787410736,0.3532012104988098,0.4099087715148926,0.4916546046733856,0.26490090787410736,0.3532012104988098,0.4099087715148926,,,,0.00001,carepd_BMCLab_6fold_1,macro_f1_012,false,pretrain_v1_stats_train_clean.pt,runs/pretrain/amass_clean/medium_thindec_100ep/seed42/in_pk__loss_pk/lightning_logs/version_0/checkpoints/epoch=99-step=11500.ckpt
amass_clean,medium_thindec_100ep,seed42,in_pk__loss_pk,pk,pk,carepd_cross_T-SDU-PD_to_PD-GaM,cross,T-SDU-PD,PD-GaM,1,0.30979273095726967,0.4130569746096929,0.3543861508369446,0.4837106168270111,0.30979273095726967,0.4130569746096929,0.3543861508369446,,,,0.00001,carepd_BMCLab_6fold_1,macro_f1_012,false,pretrain_v1_stats_train_clean.pt,runs/pretrain/amass_clean/medium_thindec_100ep/seed42/in_pk__loss_pk/lightning_logs/version_0/checkpoints/epoch=99-step=11500.ckpt
amass_clean,medium_thindec_100ep,seed1,in_pk__loss_pkd,pk,pkd,carepd_cross_3DGait_to_PD-GaM,cross,3DGait,PD-GaM,1,0.3937002383172512,0.4080951660871506,0.49184900522232056,0.5017070770263672,0.3937002383172512,0.4080951660871506,0.49184900522232056,,,,0.0001,carepd_BMCLab_6fold_1,macro_f1_012,false,pretrain_v1_stats_train_clean.pt,runs/pretrain/amass_clean/medium_thindec_100ep/seed1/in_pk__loss_pkd/lightning_logs/version_0/checkpoints/epoch=99-step=11500.ckpt
amass_clean,medium_thindec_100ep,seed1,in_pk__loss_pkd,pk,pkd,carepd_cross_T-SDU-PD_to_PD-GaM,cross,T-SDU-PD,PD-GaM,1,0.3071881905198097,0.40958425402641296,0.4535425901412964,0.5376111268997192,0.3071881905198097,0.40958425402641296,0.4535425901412964,,,,0.0001,carepd_BMCLab_6fold_1,macro_f1_012,false,pretrain_v1_stats_train_clean.pt,runs/pretrain/amass_clean/medium_thindec_100ep/seed1/in_pk__loss_pkd/lightning_logs/version_0/checkpoints/epoch=99-step=11500.ckpt
amass_clean,medium_thindec_100ep,seed1,in_pk__loss_pkd,pk,pkd,carepd_cross_BMCLab_to_PD-GaM,cross,BMCLab,PD-GaM,1,0.37658513337373734,0.5021135111649832,0.6042460799217224,0.5778188109397888,0.37658513337373734,0.5021135111649832,0.6042460799217224,,,,0.0001,carepd_BMCLab_6fold_1,macro_f1_012,false,pretrain_v1_stats_train_clean.pt,runs/pretrain/amass_clean/medium_thindec_100ep/seed1/in_pk__loss_pkd/lightning_logs/version_0/checkpoints/epoch=99-step=11500.ckpt
amass_clean,medium_thindec_100ep,seed2,in_pk__loss_pkd,pk,pkd,carepd_cross_BMCLab_to_PD-GaM,cross,BMCLab,PD-GaM,1,0.3380388095974922,0.4507184127966563,0.4617817997932434,0.5540942549705505,0.3380388095974922,0.4507184127966563,0.4617817997932434,,,,1e-6,carepd_BMCLab_6fold_1,macro_f1_012,false,pretrain_v1_stats_train_clean.pt,runs/pretrain/amass_clean/medium_thindec_100ep/seed2/in_pk__loss_pkd/lightning_logs/version_0/checkpoints/epoch=99-step=11500.ckpt
amass_clean,medium_thindec_100ep,seed2,in_pk__loss_pkd,pk,pkd,carepd_cross_T-SDU-PD_to_PD-GaM,cross,T-SDU-PD,PD-GaM,1,0.32487089559435844,0.4331611941258113,0.4255460500717163,0.5707933306694031,0.32487089559435844,0.4331611941258113,0.4255460500717163,,,,1e-6,carepd_BMCLab_6fold_1,macro_f1_012,false,pretrain_v1_stats_train_clean.pt,runs/pretrain/amass_clean/medium_thindec_100ep/seed2/in_pk__loss_pkd/lightning_logs/version_0/checkpoints/epoch=99-step=11500.ckpt
amass_clean,medium_thindec_100ep,seed2,in_pk__loss_pkd,pk,pkd,carepd_cross_3DGait_to_PD-GaM,cross,3DGait,PD-GaM,1,0.37644053250551224,0.4031552771727244,0.3992644250392914,0.45140933990478516,0.37644053250551224,0.4031552771727244,0.3992644250392914,,,,1e-6,carepd_BMCLab_6fold_1,macro_f1_012,false,pretrain_v1_stats_train_clean.pt,runs/pretrain/amass_clean/medium_thindec_100ep/seed2/in_pk__loss_pkd/lightning_logs/version_0/checkpoints/epoch=99-step=11500.ckpt
amass_clean,medium_thindec_100ep,seed42,in_pk__loss_pkd,pk,pkd,carepd_cross_3DGait_to_PD-GaM,cross,3DGait,PD-GaM,1,0.34177543222904205,0.42903391023476917,0.4140329658985138,0.46649840474128723,0.34177543222904205,0.42903391023476917,0.4140329658985138,,,,3e-6,carepd_BMCLab_6fold_1,macro_f1_012,false,pretrain_v1_stats_train_clean.pt,runs/pretrain/amass_clean/medium_thindec_100ep/seed42/in_pk__loss_pkd/lightning_logs/version_0/checkpoints/epoch=99-step=11500.ckpt
amass_clean,medium_thindec_100ep,seed42,in_pk__loss_pkd,pk,pkd,carepd_cross_BMCLab_to_PD-GaM,cross,BMCLab,PD-GaM,1,0.2563467286527157,0.3417956382036209,0.4890331029891968,0.4627349376678467,0.2563467286527157,0.3417956382036209,0.4890331029891968,,,,3e-6,carepd_BMCLab_6fold_1,macro_f1_012,false,pretrain_v1_stats_train_clean.pt,runs/pretrain/amass_clean/medium_thindec_100ep/seed42/in_pk__loss_pkd/lightning_logs/version_0/checkpoints/epoch=99-step=11500.ckpt
amass_clean,medium_thindec_100ep,seed42,in_pk__loss_pkd,pk,pkd,carepd_cross_T-SDU-PD_to_PD-GaM,cross,T-SDU-PD,PD-GaM,1,0.3555256575345993,0.4740342100461324,0.4501045048236847,0.5935451984405518,0.3555256575345993,0.4740342100461324,0.4501045048236847,,,,3e-6,carepd_BMCLab_6fold_1,macro_f1_012,false,pretrain_v1_stats_train_clean.pt,runs/pretrain/amass_clean/medium_thindec_100ep/seed42/in_pk__loss_pkd/lightning_logs/version_0/checkpoints/epoch=99-step=11500.ckpt
amass_clean,medium_thindec_100ep,seed1,in_pkd__loss_p,pkd,p,carepd_cross_T-SDU-PD_to_PD-GaM,cross,T-SDU-PD,PD-GaM,1,0.2901698723435402,0.3868931631247203,0.41837820410728455,0.45913147926330566,0.2901698723435402,0.3868931631247203,0.41837820410728455,,,,1e-6,carepd_BMCLab_6fold_1,macro_f1_012,false,pretrain_v1_stats_train_clean.pt,runs/pretrain/amass_clean/medium_thindec_100ep/seed1/in_pkd__loss_p/lightning_logs/version_0/checkpoints/epoch=99-step=11500.ckpt
amass_clean,medium_thindec_100ep,seed1,in_pkd__loss_p,pkd,p,carepd_cross_BMCLab_to_PD-GaM,cross,BMCLab,PD-GaM,1,0.2144222278147936,0.28589630375305813,0.39211487770080566,0.4210795760154724,0.2144222278147936,0.28589630375305813,0.39211487770080566,,,,1e-6,carepd_BMCLab_6fold_1,macro_f1_012,false,pretrain_v1_stats_train_clean.pt,runs/pretrain/amass_clean/medium_thindec_100ep/seed1/in_pkd__loss_p/lightning_logs/version_0/checkpoints/epoch=99-step=11500.ckpt
amass_clean,medium_thindec_100ep,seed1,in_pkd__loss_p,pkd,p,carepd_cross_3DGait_to_PD-GaM,cross,3DGait,PD-GaM,1,0.27084438130259514,0.2870517671108246,0.44513049721717834,0.37946975231170654,0.27084438130259514,0.2870517671108246,0.44513049721717834,,,,1e-6,carepd_BMCLab_6fold_1,macro_f1_012,false,pretrain_v1_stats_train_clean.pt,runs/pretrain/amass_clean/medium_thindec_100ep/seed1/in_pkd__loss_p/lightning_logs/version_0/checkpoints/epoch=99-step=11500.ckpt
amass_clean,medium_thindec_100ep,seed2,in_pkd__loss_p,pkd,p,carepd_cross_BMCLab_to_PD-GaM,cross,BMCLab,PD-GaM,1,0.3486921787261963,0.4649229049682617,0.3745993375778198,0.5589339733123779,0.3486921787261963,0.4649229049682617,0.3745993375778198,,,,1e-6,carepd_BMCLab_6fold_1,macro_f1_012,false,pretrain_v1_stats_train_clean.pt,runs/pretrain/amass_clean/medium_thindec_100ep/seed2/in_pkd__loss_p/lightning_logs/version_0/checkpoints/epoch=94-step=10925.ckpt
amass_clean,medium_thindec_100ep,seed2,in_pkd__loss_p,pkd,p,carepd_cross_T-SDU-PD_to_PD-GaM,cross,T-SDU-PD,PD-GaM,1,0.3375168964266777,0.4500225285689036,0.40899455547332764,0.6013778448104858,0.3375168964266777,0.4500225285689036,0.40899455547332764,,,,1e-6,carepd_BMCLab_6fold_1,macro_f1_012,false,pretrain_v1_stats_train_clean.pt,runs/pretrain/amass_clean/medium_thindec_100ep/seed2/in_pkd__loss_p/lightning_logs/version_0/checkpoints/epoch=94-step=10925.ckpt
amass_clean,medium_thindec_100ep,seed2,in_pkd__loss_p,pkd,p,carepd_cross_3DGait_to_PD-GaM,cross,3DGait,PD-GaM,1,0.2737087570130825,0.275459552804629,0.46460703015327454,0.3400697112083435,0.2737087570130825,0.275459552804629,0.46460703015327454,,,,1e-6,carepd_BMCLab_6fold_1,macro_f1_012,false,pretrain_v1_stats_train_clean.pt,runs/pretrain/amass_clean/medium_thindec_100ep/seed2/in_pkd__loss_p/lightning_logs/version_0/checkpoints/epoch=94-step=10925.ckpt
amass_clean,medium_thindec_100ep,seed42,in_pkd__loss_p,pkd,p,carepd_cross_BMCLab_to_PD-GaM,cross,BMCLab,PD-GaM,1,0.35217422991991043,0.4695656398932139,0.4177309274673462,0.6260998845100403,0.35217422991991043,0.4695656398932139,0.4177309274673462,,,,1e-6,carepd_BMCLab_6fold_1,macro_f1_012,false,pretrain_v1_stats_train_clean.pt,runs/pretrain/amass_clean/medium_thindec_100ep/seed42/in_pkd__loss_p/lightning_logs/version_0/checkpoints/epoch=99-step=11500.ckpt
amass_clean,medium_thindec_100ep,seed42,in_pkd__loss_p,pkd,p,carepd_cross_T-SDU-PD_to_PD-GaM,cross,T-SDU-PD,PD-GaM,1,0.36498600989580154,0.48664801319440204,0.39268019795417786,0.5438353419303894,0.36498600989580154,0.48664801319440204,0.39268019795417786,,,,1e-6,carepd_BMCLab_6fold_1,macro_f1_012,false,pretrain_v1_stats_train_clean.pt,runs/pretrain/amass_clean/medium_thindec_100ep/seed42/in_pkd__loss_p/lightning_logs/version_0/checkpoints/epoch=99-step=11500.ckpt
amass_clean,medium_thindec_100ep,seed42,in_pkd__loss_p,pkd,p,carepd_cross_3DGait_to_PD-GaM,cross,3DGait,PD-GaM,1,0.4190412648022175,0.35989128053188324,0.5657418966293335,0.4180445373058319,0.4190412648022175,0.35989128053188324,0.5657418966293335,,,,1e-6,carepd_BMCLab_6fold_1,macro_f1_012,false,pretrain_v1_stats_train_clean.pt,runs/pretrain/amass_clean/medium_thindec_100ep/seed42/in_pkd__loss_p/lightning_logs/version_0/checkpoints/epoch=99-step=11500.ckpt
amass_clean,medium_thindec_100ep,seed1,in_pkd__loss_pk,pkd,pk,carepd_cross_BMCLab_to_PD-GaM,cross,BMCLab,PD-GaM,1,0.2707879338413477,0.3610505784551303,0.3942035734653473,0.5575969815254211,0.2707879338413477,0.3610505784551303,0.3942035734653473,,,,0.00003,carepd_BMCLab_6fold_1,macro_f1_012,false,pretrain_v1_stats_train_clean.pt,runs/pretrain/amass_clean/medium_thindec_100ep/seed1/in_pkd__loss_pk/lightning_logs/version_0/checkpoints/epoch=99-step=11500.ckpt
amass_clean,medium_thindec_100ep,seed1,in_pkd__loss_pk,pkd,pk,carepd_cross_T-SDU-PD_to_PD-GaM,cross,T-SDU-PD,PD-GaM,1,0.3705284595489502,0.4940379460652669,0.46674251556396484,0.6698458194732666,0.3705284595489502,0.4940379460652669,0.46674251556396484,,,,0.00003,carepd_BMCLab_6fold_1,macro_f1_012,false,pretrain_v1_stats_train_clean.pt,runs/pretrain/amass_clean/medium_thindec_100ep/seed1/in_pkd__loss_pk/lightning_logs/version_0/checkpoints/epoch=99-step=11500.ckpt
amass_clean,medium_thindec_100ep,seed1,in_pkd__loss_pk,pkd,pk,carepd_cross_3DGait_to_PD-GaM,cross,3DGait,PD-GaM,1,0.22146840207278728,0.2106351132194201,0.39015674591064453,0.37328046560287476,0.22146840207278728,0.2106351132194201,0.39015674591064453,,,,0.00003,carepd_BMCLab_6fold_1,macro_f1_012,false,pretrain_v1_stats_train_clean.pt,runs/pretrain/amass_clean/medium_thindec_100ep/seed1/in_pkd__loss_pk/lightning_logs/version_0/checkpoints/epoch=99-step=11500.ckpt
amass_clean,medium_thindec_100ep,seed2,in_pkd__loss_pk,pkd,pk,carepd_cross_T-SDU-PD_to_PD-GaM,cross,T-SDU-PD,PD-GaM,1,0.30611350759863853,0.4081513434648514,0.35181471705436707,0.4771842658519745,0.30611350759863853,0.4081513434648514,0.35181471705436707,,,,1e-6,carepd_BMCLab_6fold_1,macro_f1_012,false,pretrain_v1_stats_train_clean.pt,runs/pretrain/amass_clean/medium_thindec_100ep/seed2/in_pkd__loss_pk/lightning_logs/version_0/checkpoints/epoch=99-step=11500.ckpt
amass_clean,medium_thindec_100ep,seed2,in_pkd__loss_pk,pkd,pk,carepd_cross_BMCLab_to_PD-GaM,cross,BMCLab,PD-GaM,1,0.2509758211672306,0.3346344282229741,0.38363969326019287,0.5420306921005249,0.2509758211672306,0.3346344282229741,0.38363969326019287,,,,1e-6,carepd_BMCLab_6fold_1,macro_f1_012,false,pretrain_v1_stats_train_clean.pt,runs/pretrain/amass_clean/medium_thindec_100ep/seed2/in_pkd__loss_pk/lightning_logs/version_0/checkpoints/epoch=99-step=11500.ckpt
amass_clean,medium_thindec_100ep,seed2,in_pkd__loss_pk,pkd,pk,carepd_cross_3DGait_to_PD-GaM,cross,3DGait,PD-GaM,1,0.36075377091765404,0.41946656505266827,0.4707869589328766,0.4551149010658264,0.36075377091765404,0.41946656505266827,0.4707869589328766,,,,1e-6,carepd_BMCLab_6fold_1,macro_f1_012,false,pretrain_v1_stats_train_clean.pt,runs/pretrain/amass_clean/medium_thindec_100ep/seed2/in_pkd__loss_pk/lightning_logs/version_0/checkpoints/epoch=99-step=11500.ckpt
amass_clean,medium_thindec_100ep,seed42,in_pkd__loss_pk,pkd,pk,carepd_cross_BMCLab_to_PD-GaM,cross,BMCLab,PD-GaM,1,0.32937266677618027,0.43916355570157367,0.43864649534225464,0.47632893919944763,0.32937266677618027,0.43916355570157367,0.43864649534225464,,,,0.00001,carepd_BMCLab_6fold_1,macro_f1_012,false,pretrain_v1_stats_train_clean.pt,runs/pretrain/amass_clean/medium_thindec_100ep/seed42/in_pkd__loss_pk/lightning_logs/version_0/checkpoints/epoch=99-step=11500.ckpt
amass_clean,medium_thindec_100ep,seed42,in_pkd__loss_pk,pkd,pk,carepd_cross_3DGait_to_PD-GaM,cross,3DGait,PD-GaM,1,0.2306719273328781,0.23209087053934732,0.3777758479118347,0.32486361265182495,0.2306719273328781,0.23209087053934732,0.3777758479118347,,,,0.00001,carepd_BMCLab_6fold_1,macro_f1_012,false,pretrain_v1_stats_train_clean.pt,runs/pretrain/amass_clean/medium_thindec_100ep/seed42/in_pkd__loss_pk/lightning_logs/version_0/checkpoints/epoch=99-step=11500.ckpt
amass_clean,medium_thindec_100ep,seed42,in_pkd__loss_pk,pkd,pk,carepd_cross_T-SDU-PD_to_PD-GaM,cross,T-SDU-PD,PD-GaM,1,0.30387337505817413,0.4051645000775655,0.4529109597206116,0.6411697864532471,0.30387337505817413,0.4051645000775655,0.4529109597206116,,,,0.00001,carepd_BMCLab_6fold_1,macro_f1_012,false,pretrain_v1_stats_train_clean.pt,runs/pretrain/amass_clean/medium_thindec_100ep/seed42/in_pkd__loss_pk/lightning_logs/version_0/checkpoints/epoch=99-step=11500.ckpt
amass_clean,medium_thindec_100ep,seed1,in_pkd__loss_pkd,pkd,pkd,carepd_cross_BMCLab_to_PD-GaM,cross,BMCLab,PD-GaM,1,0.39908456057310104,0.5321127474308014,0.41266483068466187,0.4590781331062317,0.39908456057310104,0.5321127474308014,0.41266483068466187,,,,0.00001,carepd_BMCLab_6fold_1,macro_f1_012,false,pretrain_v1_stats_train_clean.pt,runs/pretrain/amass_clean/medium_thindec_100ep/seed1/in_pkd__loss_pkd/lightning_logs/version_0/checkpoints/epoch=99-step=11500.ckpt
amass_clean,medium_thindec_100ep,seed1,in_pkd__loss_pkd,pkd,pkd,carepd_cross_T-SDU-PD_to_PD-GaM,cross,T-SDU-PD,PD-GaM,1,0.29954417888075113,0.3993922385076682,0.4898582100868225,0.5896198153495789,0.29954417888075113,0.3993922385076682,0.4898582100868225,,,,0.00001,carepd_BMCLab_6fold_1,macro_f1_012,false,pretrain_v1_stats_train_clean.pt,runs/pretrain/amass_clean/medium_thindec_100ep/seed1/in_pkd__loss_pkd/lightning_logs/version_0/checkpoints/epoch=99-step=11500.ckpt
amass_clean,medium_thindec_100ep,seed1,in_pkd__loss_pkd,pkd,pkd,carepd_cross_3DGait_to_PD-GaM,cross,3DGait,PD-GaM,1,0.22119760478381068,0.20103342287863293,0.3671450614929199,0.3750574290752411,0.22119760478381068,0.20103342287863293,0.3671450614929199,,,,0.00001,carepd_BMCLab_6fold_1,macro_f1_012,false,pretrain_v1_stats_train_clean.pt,runs/pretrain/amass_clean/medium_thindec_100ep/seed1/in_pkd__loss_pkd/lightning_logs/version_0/checkpoints/epoch=99-step=11500.ckpt
amass_clean,medium_thindec_100ep,seed2,in_pkd__loss_pkd,pkd,pkd,carepd_cross_3DGait_to_PD-GaM,cross,3DGait,PD-GaM,1,0.23952836729586124,0.222401462495327,0.3353853225708008,0.3130891025066376,0.23952836729586124,0.222401462495327,0.3353853225708008,,,,1e-6,carepd_BMCLab_6fold_1,macro_f1_012,false,pretrain_v1_stats_train_clean.pt,runs/pretrain/amass_clean/medium_thindec_100ep/seed2/in_pkd__loss_pkd/lightning_logs/version_0/checkpoints/epoch=99-step=11500.ckpt
amass_clean,medium_thindec_100ep,seed2,in_pkd__loss_pkd,pkd,pkd,carepd_cross_T-SDU-PD_to_PD-GaM,cross,T-SDU-PD,PD-GaM,1,0.3147819712758064,0.41970929503440857,0.39686205983161926,0.596942126750946,0.3147819712758064,0.41970929503440857,0.39686205983161926,,,,1e-6,carepd_BMCLab_6fold_1,macro_f1_012,false,pretrain_v1_stats_train_clean.pt,runs/pretrain/amass_clean/medium_thindec_100ep/seed2/in_pkd__loss_pkd/lightning_logs/version_0/checkpoints/epoch=99-step=11500.ckpt
amass_clean,medium_thindec_100ep,seed2,in_pkd__loss_pkd,pkd,pkd,carepd_cross_BMCLab_to_PD-GaM,cross,BMCLab,PD-GaM,1,0.28296109288930893,0.37728145718574524,0.32589003443717957,0.38160577416419983,0.28296109288930893,0.37728145718574524,0.32589003443717957,,,,1e-6,carepd_BMCLab_6fold_1,macro_f1_012,false,pretrain_v1_stats_train_clean.pt,runs/pretrain/amass_clean/medium_thindec_100ep/seed2/in_pkd__loss_pkd/lightning_logs/version_0/checkpoints/epoch=99-step=11500.ckpt
amass_clean,medium_thindec_100ep,seed42,in_pkd__loss_pkd,pkd,pkd,carepd_cross_BMCLab_to_PD-GaM,cross,BMCLab,PD-GaM,1,0.2724017035216093,0.3632022713621457,0.40551939606666565,0.5061734914779663,0.2724017035216093,0.3632022713621457,0.40551939606666565,,,,0.00003,carepd_BMCLab_6fold_1,macro_f1_012,false,pretrain_v1_stats_train_clean.pt,runs/pretrain/amass_clean/medium_thindec_100ep/seed42/in_pkd__loss_pkd/lightning_logs/version_0/checkpoints/epoch=99-step=11500.ckpt
amass_clean,medium_thindec_100ep,seed42,in_pkd__loss_pkd,pkd,pkd,carepd_cross_3DGait_to_PD-GaM,cross,3DGait,PD-GaM,1,0.2609510365873575,0.21067981173594794,0.5104458332061768,0.3799690902233124,0.2609510365873575,0.21067981173594794,0.5104458332061768,,,,0.00003,carepd_BMCLab_6fold_1,macro_f1_012,false,pretrain_v1_stats_train_clean.pt,runs/pretrain/amass_clean/medium_thindec_100ep/seed42/in_pkd__loss_pkd/lightning_logs/version_0/checkpoints/epoch=99-step=11500.ckpt
amass_clean,medium_thindec_100ep,seed42,in_pkd__loss_pkd,pkd,pkd,carepd_cross_T-SDU-PD_to_PD-GaM,cross,T-SDU-PD,PD-GaM,1,0.30356112122535706,0.4047481616338094,0.41183793544769287,0.579200804233551,0.30356112122535706,0.4047481616338094,0.41183793544769287,,,,0.00003,carepd_BMCLab_6fold_1,macro_f1_012,false,pretrain_v1_stats_train_clean.pt,runs/pretrain/amass_clean/medium_thindec_100ep/seed42/in_pkd__loss_pkd/lightning_logs/version_0/checkpoints/epoch=99-step=11500.ckpt
amass_clean,medium_thindec_100ep,seed1,in_p__loss_p,p,p,carepd_cross_3DGait_to_T-SDU-PD,cross,3DGait,T-SDU-PD,1,0.23271181993186474,0.31028242657581967,0.43574056029319763,0.317054808139801,0.23271181993186474,0.31028242657581967,0.43574056029319763,,,,0.0001,carepd_BMCLab_6fold_1,macro_f1_012,false,pretrain_v1_stats_train_clean.pt,runs/pretrain/amass_clean/medium_thindec_100ep/seed1/in_p__loss_p/lightning_logs/version_0/checkpoints/epoch=94-step=10925.ckpt
amass_clean,medium_thindec_100ep,seed1,in_p__loss_p,p,p,carepd_cross_BMCLab_to_T-SDU-PD,cross,BMCLab,T-SDU-PD,1,0.2561734262853861,0.3415645683805148,0.4446418285369873,0.3864377737045288,0.2561734262853861,0.3415645683805148,0.4446418285369873,,,,0.0001,carepd_BMCLab_6fold_1,macro_f1_012,false,pretrain_v1_stats_train_clean.pt,runs/pretrain/amass_clean/medium_thindec_100ep/seed1/in_p__loss_p/lightning_logs/version_0/checkpoints/epoch=94-step=10925.ckpt
amass_clean,medium_thindec_100ep,seed1,in_p__loss_p,p,p,carepd_cross_PD-GaM_to_T-SDU-PD,cross,PD-GaM,T-SDU-PD,1,0.25438214279711246,0.33917619039614993,0.4452125132083893,0.4478647708892822,0.25438214279711246,0.33917619039614993,0.4452125132083893,,,,0.0001,carepd_BMCLab_6fold_1,macro_f1_012,false,pretrain_v1_stats_train_clean.pt,runs/pretrain/amass_clean/medium_thindec_100ep/seed1/in_p__loss_p/lightning_logs/version_0/checkpoints/epoch=94-step=10925.ckpt
amass_clean,medium_thindec_100ep,seed2,in_p__loss_p,p,p,carepd_cross_PD-GaM_to_T-SDU-PD,cross,PD-GaM,T-SDU-PD,1,0.21196561213582754,0.2826208161811034,0.438475102186203,0.428119033575058,0.21196561213582754,0.2826208161811034,0.438475102186203,,,,0.00003,carepd_BMCLab_6fold_1,macro_f1_012,false,pretrain_v1_stats_train_clean.pt,runs/pretrain/amass_clean/medium_thindec_100ep/seed2/in_p__loss_p/lightning_logs/version_0/checkpoints/epoch=99-step=11500.ckpt
amass_clean,medium_thindec_100ep,seed2,in_p__loss_p,p,p,carepd_cross_BMCLab_to_T-SDU-PD,cross,BMCLab,T-SDU-PD,1,0.24313697032630444,0.32418262710173923,0.3936796486377716,0.356384813785553,0.24313697032630444,0.32418262710173923,0.3936796486377716,,,,0.00003,carepd_BMCLab_6fold_1,macro_f1_012,false,pretrain_v1_stats_train_clean.pt,runs/pretrain/amass_clean/medium_thindec_100ep/seed2/in_p__loss_p/lightning_logs/version_0/checkpoints/epoch=99-step=11500.ckpt
amass_clean,medium_thindec_100ep,seed2,in_p__loss_p,p,p,carepd_cross_3DGait_to_T-SDU-PD,cross,3DGait,T-SDU-PD,1,0.24299077317118645,0.3239876975615819,0.4097176492214203,0.3094065189361572,0.24299077317118645,0.3239876975615819,0.4097176492214203,,,,0.00003,carepd_BMCLab_6fold_1,macro_f1_012,false,pretrain_v1_stats_train_clean.pt,runs/pretrain/amass_clean/medium_thindec_100ep/seed2/in_p__loss_p/lightning_logs/version_0/checkpoints/epoch=99-step=11500.ckpt
amass_clean,medium_thindec_100ep,seed42,in_p__loss_p,p,p,carepd_cross_PD-GaM_to_T-SDU-PD,cross,PD-GaM,T-SDU-PD,1,0.2170243952423334,0.28936586032311123,0.4412781894207001,0.4306749701499939,0.2170243952423334,0.28936586032311123,0.4412781894207001,,,,0.00003,carepd_BMCLab_6fold_1,macro_f1_012,false,pretrain_v1_stats_train_clean.pt,runs/pretrain/amass_clean/medium_thindec_100ep/seed42/in_p__loss_p/lightning_logs/version_0/checkpoints/epoch=94-step=10925.ckpt
amass_clean,medium_thindec_100ep,seed42,in_p__loss_p,p,p,carepd_cross_BMCLab_to_T-SDU-PD,cross,BMCLab,T-SDU-PD,1,0.23315531760454178,0.3108737568060557,0.43023648858070374,0.36165183782577515,0.23315531760454178,0.3108737568060557,0.43023648858070374,,,,0.00003,carepd_BMCLab_6fold_1,macro_f1_012,false,pretrain_v1_stats_train_clean.pt,runs/pretrain/amass_clean/medium_thindec_100ep/seed42/in_p__loss_p/lightning_logs/version_0/checkpoints/epoch=94-step=10925.ckpt
amass_clean,medium_thindec_100ep,seed42,in_p__loss_p,p,p,carepd_cross_3DGait_to_T-SDU-PD,cross,3DGait,T-SDU-PD,1,0.22611871967092156,0.30149162622789544,0.460103839635849,0.327239990234375,0.22611871967092156,0.30149162622789544,0.460103839635849,,,,0.00003,carepd_BMCLab_6fold_1,macro_f1_012,false,pretrain_v1_stats_train_clean.pt,runs/pretrain/amass_clean/medium_thindec_100ep/seed42/in_p__loss_p/lightning_logs/version_0/checkpoints/epoch=94-step=10925.ckpt
amass_clean,medium_thindec_100ep,seed1,in_p__loss_pk,p,pk,carepd_cross_BMCLab_to_T-SDU-PD,cross,BMCLab,T-SDU-PD,1,0.23491128534078598,0.313215047121048,0.39707860350608826,0.33261582255363464,0.23491128534078598,0.313215047121048,0.39707860350608826,,,,1e-6,carepd_BMCLab_6fold_1,macro_f1_012,false,pretrain_v1_stats_train_clean.pt,runs/pretrain/amass_clean/medium_thindec_100ep/seed1/in_p__loss_pk/lightning_logs/version_0/checkpoints/epoch=99-step=11500.ckpt
amass_clean,medium_thindec_100ep,seed1,in_p__loss_pk,p,pk,carepd_cross_PD-GaM_to_T-SDU-PD,cross,PD-GaM,T-SDU-PD,1,0.255280171521008,0.34037356202801067,0.4383094310760498,0.4441010653972626,0.255280171521008,0.34037356202801067,0.4383094310760498,,,,1e-6,carepd_BMCLab_6fold_1,macro_f1_012,false,pretrain_v1_stats_train_clean.pt,runs/pretrain/amass_clean/medium_thindec_100ep/seed1/in_p__loss_pk/lightning_logs/version_0/checkpoints/epoch=99-step=11500.ckpt
amass_clean,medium_thindec_100ep,seed1,in_p__loss_pk,p,pk,carepd_cross_3DGait_to_T-SDU-PD,cross,3DGait,T-SDU-PD,1,0.25427743792533875,0.33903658390045166,0.42304298281669617,0.342404305934906,0.25427743792533875,0.33903658390045166,0.42304298281669617,,,,1e-6,carepd_BMCLab_6fold_1,macro_f1_012,false,pretrain_v1_stats_train_clean.pt,runs/pretrain/amass_clean/medium_thindec_100ep/seed1/in_p__loss_pk/lightning_logs/version_0/checkpoints/epoch=99-step=11500.ckpt
amass_clean,medium_thindec_100ep,seed2,in_p__loss_pk,p,pk,carepd_cross_3DGait_to_T-SDU-PD,cross,3DGait,T-SDU-PD,1,0.23064392432570457,0.30752523243427277,0.4309878349304199,0.3354182839393616,0.23064392432570457,0.30752523243427277,0.4309878349304199,,,,0.00003,carepd_BMCLab_6fold_1,macro_f1_012,false,pretrain_v1_stats_train_clean.pt,runs/pretrain/amass_clean/medium_thindec_100ep/seed2/in_p__loss_pk/lightning_logs/version_0/checkpoints/epoch=99-step=11500.ckpt
amass_clean,medium_thindec_100ep,seed2,in_p__loss_pk,p,pk,carepd_cross_BMCLab_to_T-SDU-PD,cross,BMCLab,T-SDU-PD,1,0.32516373693943024,0.43355164925257367,0.5249641537666321,0.44613611698150635,0.32516373693943024,0.43355164925257367,0.5249641537666321,,,,0.00003,carepd_BMCLab_6fold_1,macro_f1_012,false,pretrain_v1_stats_train_clean.pt,runs/pretrain/amass_clean/medium_thindec_100ep/seed2/in_p__loss_pk/lightning_logs/version_0/checkpoints/epoch=99-step=11500.ckpt
amass_clean,medium_thindec_100ep,seed2,in_p__loss_pk,p,pk,carepd_cross_PD-GaM_to_T-SDU-PD,cross,PD-GaM,T-SDU-PD,1,0.1924084983766079,0.25654466450214386,0.3962177038192749,0.40641433000564575,0.1924084983766079,0.25654466450214386,0.3962177038192749,,,,0.00003,carepd_BMCLab_6fold_1,macro_f1_012,false,pretrain_v1_stats_train_clean.pt,runs/pretrain/amass_clean/medium_thindec_100ep/seed2/in_p__loss_pk/lightning_logs/version_0/checkpoints/epoch=99-step=11500.ckpt
amass_clean,medium_thindec_100ep,seed42,in_p__loss_pk,p,pk,carepd_cross_3DGait_to_T-SDU-PD,cross,3DGait,T-SDU-PD,1,0.21656964346766472,0.288759524623553,0.3794509470462799,0.2986539304256439,0.21656964346766472,0.288759524623553,0.3794509470462799,,,,1e-6,carepd_BMCLab_6fold_1,macro_f1_012,false,pretrain_v1_stats_train_clean.pt,runs/pretrain/amass_clean/medium_thindec_100ep/seed42/in_p__loss_pk/lightning_logs/version_0/checkpoints/epoch=99-step=11500.ckpt
amass_clean,medium_thindec_100ep,seed42,in_p__loss_pk,p,pk,carepd_cross_BMCLab_to_T-SDU-PD,cross,BMCLab,T-SDU-PD,1,0.2797013521194458,0.37293513615926105,0.40210166573524475,0.3678267002105713,0.2797013521194458,0.37293513615926105,0.40210166573524475,,,,1e-6,carepd_BMCLab_6fold_1,macro_f1_012,false,pretrain_v1_stats_train_clean.pt,runs/pretrain/amass_clean/medium_thindec_100ep/seed42/in_p__loss_pk/lightning_logs/version_0/checkpoints/epoch=99-step=11500.ckpt
amass_clean,medium_thindec_100ep,seed42,in_p__loss_pk,p,pk,carepd_cross_PD-GaM_to_T-SDU-PD,cross,PD-GaM,T-SDU-PD,1,0.21393464598804712,0.2852461946507295,0.4634438753128052,0.482105553150177,0.21393464598804712,0.2852461946507295,0.4634438753128052,,,,1e-6,carepd_BMCLab_6fold_1,macro_f1_012,false,pretrain_v1_stats_train_clean.pt,runs/pretrain/amass_clean/medium_thindec_100ep/seed42/in_p__loss_pk/lightning_logs/version_0/checkpoints/epoch=99-step=11500.ckpt
amass_clean,medium_thindec_100ep,seed1,in_p__loss_pkd,p,pkd,carepd_cross_PD-GaM_to_T-SDU-PD,cross,PD-GaM,T-SDU-PD,1,0.2279525501653552,0.30393673355380696,0.4792647361755371,0.45668676495552063,0.2279525501653552,0.30393673355380696,0.4792647361755371,,,,0.001,carepd_BMCLab_6fold_1,macro_f1_012,false,pretrain_v1_stats_train_clean.pt,runs/pretrain/amass_clean/medium_thindec_100ep/seed1/in_p__loss_pkd/lightning_logs/version_0/checkpoints/epoch=99-step=11500.ckpt
amass_clean,medium_thindec_100ep,seed1,in_p__loss_pkd,p,pkd,carepd_cross_BMCLab_to_T-SDU-PD,cross,BMCLab,T-SDU-PD,1,0.34075304865837097,0.4543373982111613,0.45053574442863464,0.45391982793807983,0.34075304865837097,0.4543373982111613,0.45053574442863464,,,,0.001,carepd_BMCLab_6fold_1,macro_f1_012,false,pretrain_v1_stats_train_clean.pt,runs/pretrain/amass_clean/medium_thindec_100ep/seed1/in_p__loss_pkd/lightning_logs/version_0/checkpoints/epoch=99-step=11500.ckpt
amass_clean,medium_thindec_100ep,seed1,in_p__loss_pkd,p,pkd,carepd_cross_3DGait_to_T-SDU-PD,cross,3DGait,T-SDU-PD,1,0.22813532873988152,0.30418043831984204,0.4767172634601593,0.3264320194721222,0.22813532873988152,0.30418043831984204,0.4767172634601593,,,,0.001,carepd_BMCLab_6fold_1,macro_f1_012,false,pretrain_v1_stats_train_clean.pt,runs/pretrain/amass_clean/medium_thindec_100ep/seed1/in_p__loss_pkd/lightning_logs/version_0/checkpoints/epoch=99-step=11500.ckpt
amass_clean,medium_thindec_100ep,seed2,in_p__loss_pkd,p,pkd,carepd_cross_PD-GaM_to_T-SDU-PD,cross,PD-GaM,T-SDU-PD,1,0.22224048897624016,0.2963206519683202,0.4690121114253998,0.4520118534564972,0.22224048897624016,0.2963206519683202,0.4690121114253998,,,,0.0003,carepd_BMCLab_6fold_1,macro_f1_012,false,pretrain_v1_stats_train_clean.pt,runs/pretrain/amass_clean/medium_thindec_100ep/seed2/in_p__loss_pkd/lightning_logs/version_0/checkpoints/epoch=99-step=11500.ckpt
amass_clean,medium_thindec_100ep,seed2,in_p__loss_pkd,p,pkd,carepd_cross_BMCLab_to_T-SDU-PD,cross,BMCLab,T-SDU-PD,1,0.351190485060215,0.4682539800802867,0.509531557559967,0.4909566640853882,0.351190485060215,0.4682539800802867,0.509531557559967,,,,0.0003,carepd_BMCLab_6fold_1,macro_f1_012,false,pretrain_v1_stats_train_clean.pt,runs/pretrain/amass_clean/medium_thindec_100ep/seed2/in_p__loss_pkd/lightning_logs/version_0/checkpoints/epoch=99-step=11500.ckpt
amass_clean,medium_thindec_100ep,seed2,in_p__loss_pkd,p,pkd,carepd_cross_3DGait_to_T-SDU-PD,cross,3DGait,T-SDU-PD,1,0.22455935552716255,0.29941247403621674,0.4443548917770386,0.31488487124443054,0.22455935552716255,0.29941247403621674,0.4443548917770386,,,,0.0003,carepd_BMCLab_6fold_1,macro_f1_012,false,pretrain_v1_stats_train_clean.pt,runs/pretrain/amass_clean/medium_thindec_100ep/seed2/in_p__loss_pkd/lightning_logs/version_0/checkpoints/epoch=99-step=11500.ckpt
amass_clean,medium_thindec_100ep,seed42,in_p__loss_pkd,p,pkd,carepd_cross_BMCLab_to_T-SDU-PD,cross,BMCLab,T-SDU-PD,1,0.3487398624420166,0.46498648325602215,0.5249271988868713,0.5217034816741943,0.3487398624420166,0.46498648325602215,0.5249271988868713,,,,0.00001,carepd_BMCLab_6fold_1,macro_f1_012,false,pretrain_v1_stats_train_clean.pt,runs/pretrain/amass_clean/medium_thindec_100ep/seed42/in_p__loss_pkd/lightning_logs/version_0/checkpoints/epoch=99-step=11500.ckpt
amass_clean,medium_thindec_100ep,seed42,in_p__loss_pkd,p,pkd,carepd_cross_3DGait_to_T-SDU-PD,cross,3DGait,T-SDU-PD,1,0.20212211273610592,0.2694961503148079,0.4099545478820801,0.2897125482559204,0.20212211273610592,0.2694961503148079,0.4099545478820801,,,,0.00001,carepd_BMCLab_6fold_1,macro_f1_012,false,pretrain_v1_stats_train_clean.pt,runs/pretrain/amass_clean/medium_thindec_100ep/seed42/in_p__loss_pkd/lightning_logs/version_0/checkpoints/epoch=99-step=11500.ckpt
amass_clean,medium_thindec_100ep,seed42,in_p__loss_pkd,p,pkd,carepd_cross_PD-GaM_to_T-SDU-PD,cross,PD-GaM,T-SDU-PD,1,0.2097177254036069,0.2796236338714759,0.3842978775501251,0.39738407731056213,0.2097177254036069,0.2796236338714759,0.3842978775501251,,,,0.00001,carepd_BMCLab_6fold_1,macro_f1_012,false,pretrain_v1_stats_train_clean.pt,runs/pretrain/amass_clean/medium_thindec_100ep/seed42/in_p__loss_pkd/lightning_logs/version_0/checkpoints/epoch=99-step=11500.ckpt
amass_clean,medium_thindec_100ep,seed1,in_pk__loss_p,pk,p,carepd_cross_3DGait_to_T-SDU-PD,cross,3DGait,T-SDU-PD,1,0.21376723051071167,0.2850229740142822,0.46515318751335144,0.34525415301322937,0.21376723051071167,0.2850229740142822,0.46515318751335144,,,,0.03,carepd_BMCLab_6fold_1,macro_f1_012,false,pretrain_v1_stats_train_clean.pt,runs/pretrain/amass_clean/medium_thindec_100ep/seed1/in_pk__loss_p/lightning_logs/version_0/checkpoints/epoch=94-step=10925.ckpt
amass_clean,medium_thindec_100ep,seed1,in_pk__loss_p,pk,p,carepd_cross_PD-GaM_to_T-SDU-PD,cross,PD-GaM,T-SDU-PD,1,0.2506467690691352,0.33419569209218025,0.5360307693481445,0.46098560094833374,0.2506467690691352,0.33419569209218025,0.5360307693481445,,,,0.03,carepd_BMCLab_6fold_1,macro_f1_012,false,pretrain_v1_stats_train_clean.pt,runs/pretrain/amass_clean/medium_thindec_100ep/seed1/in_pk__loss_p/lightning_logs/version_0/checkpoints/epoch=94-step=10925.ckpt
amass_clean,medium_thindec_100ep,seed1,in_pk__loss_p,pk,p,carepd_cross_BMCLab_to_T-SDU-PD,cross,BMCLab,T-SDU-PD,1,0.3452792689204216,0.46037235856056213,0.46170496940612793,0.4712570607662201,0.3452792689204216,0.46037235856056213,0.46170496940612793,,,,0.03,carepd_BMCLab_6fold_1,macro_f1_012,false,pretrain_v1_stats_train_clean.pt,runs/pretrain/amass_clean/medium_thindec_100ep/seed1/in_pk__loss_p/lightning_logs/version_0/checkpoints/epoch=94-step=10925.ckpt
amass_clean,medium_thindec_100ep,seed2,in_pk__loss_p,pk,p,carepd_cross_BMCLab_to_T-SDU-PD,cross,BMCLab,T-SDU-PD,1,0.29206157848238945,0.3894154379765193,0.42997482419013977,0.4613014757633209,0.29206157848238945,0.3894154379765193,0.42997482419013977,,,,0.0003,carepd_BMCLab_6fold_1,macro_f1_012,false,pretrain_v1_stats_train_clean.pt,runs/pretrain/amass_clean/medium_thindec_100ep/seed2/in_pk__loss_p/lightning_logs/version_0/checkpoints/epoch=99-step=11500.ckpt
amass_clean,medium_thindec_100ep,seed2,in_pk__loss_p,pk,p,carepd_cross_PD-GaM_to_T-SDU-PD,cross,PD-GaM,T-SDU-PD,1,0.20654180413112044,0.2753890721748273,0.49021705985069275,0.43072187900543213,0.20654180413112044,0.2753890721748273,0.49021705985069275,,,,0.0003,carepd_BMCLab_6fold_1,macro_f1_012,false,pretrain_v1_stats_train_clean.pt,runs/pretrain/amass_clean/medium_thindec_100ep/seed2/in_pk__loss_p/lightning_logs/version_0/checkpoints/epoch=99-step=11500.ckpt
amass_clean,medium_thindec_100ep,seed2,in_pk__loss_p,pk,p,carepd_cross_3DGait_to_T-SDU-PD,cross,3DGait,T-SDU-PD,1,0.25606338679790497,0.3414178490638733,0.49382638931274414,0.37633320689201355,0.25606338679790497,0.3414178490638733,0.49382638931274414,,,,0.0003,carepd_BMCLab_6fold_1,macro_f1_012,false,pretrain_v1_stats_train_clean.pt,runs/pretrain/amass_clean/medium_thindec_100ep/seed2/in_pk__loss_p/lightning_logs/version_0/checkpoints/epoch=99-step=11500.ckpt
amass_clean,medium_thindec_100ep,seed42,in_pk__loss_p,pk,p,carepd_cross_BMCLab_to_T-SDU-PD,cross,BMCLab,T-SDU-PD,1,0.3095007538795471,0.4126676718393962,0.4271816313266754,0.4037536680698395,0.3095007538795471,0.4126676718393962,0.4271816313266754,,,,3e-6,carepd_BMCLab_6fold_1,macro_f1_012,false,pretrain_v1_stats_train_clean.pt,runs/pretrain/amass_clean/medium_thindec_100ep/seed42/in_pk__loss_p/lightning_logs/version_0/checkpoints/epoch=94-step=10925.ckpt
amass_clean,medium_thindec_100ep,seed42,in_pk__loss_p,pk,p,carepd_cross_PD-GaM_to_T-SDU-PD,cross,PD-GaM,T-SDU-PD,1,0.23558151628822088,0.3141086883842945,0.4190450608730316,0.42804956436157227,0.23558151628822088,0.3141086883842945,0.4190450608730316,,,,3e-6,carepd_BMCLab_6fold_1,macro_f1_012,false,pretrain_v1_stats_train_clean.pt,runs/pretrain/amass_clean/medium_thindec_100ep/seed42/in_pk__loss_p/lightning_logs/version_0/checkpoints/epoch=94-step=10925.ckpt
amass_clean,medium_thindec_100ep,seed42,in_pk__loss_p,pk,p,carepd_cross_3DGait_to_T-SDU-PD,cross,3DGait,T-SDU-PD,1,0.28508447855710983,0.3801126380761464,0.47512897849082947,0.35512715578079224,0.28508447855710983,0.3801126380761464,0.47512897849082947,,,,3e-6,carepd_BMCLab_6fold_1,macro_f1_012,false,pretrain_v1_stats_train_clean.pt,runs/pretrain/amass_clean/medium_thindec_100ep/seed42/in_pk__loss_p/lightning_logs/version_0/checkpoints/epoch=94-step=10925.ckpt
amass_clean,medium_thindec_100ep,seed1,in_pk__loss_pk,pk,pk,carepd_cross_BMCLab_to_T-SDU-PD,cross,BMCLab,T-SDU-PD,1,0.2691809684038162,0.35890795787175495,0.42249393463134766,0.3777139186859131,0.2691809684038162,0.35890795787175495,0.42249393463134766,,,,0.0003,carepd_BMCLab_6fold_1,macro_f1_012,false,pretrain_v1_stats_train_clean.pt,runs/pretrain/amass_clean/medium_thindec_100ep/seed1/in_pk__loss_pk/lightning_logs/version_0/checkpoints/epoch=99-step=11500.ckpt
amass_clean,medium_thindec_100ep,seed1,in_pk__loss_pk,pk,pk,carepd_cross_PD-GaM_to_T-SDU-PD,cross,PD-GaM,T-SDU-PD,1,0.20870601385831833,0.27827468514442444,0.5175220370292664,0.4926353693008423,0.20870601385831833,0.27827468514442444,0.5175220370292664,,,,0.0003,carepd_BMCLab_6fold_1,macro_f1_012,false,pretrain_v1_stats_train_clean.pt,runs/pretrain/amass_clean/medium_thindec_100ep/seed1/in_pk__loss_pk/lightning_logs/version_0/checkpoints/epoch=99-step=11500.ckpt
amass_clean,medium_thindec_100ep,seed1,in_pk__loss_pk,pk,pk,carepd_cross_3DGait_to_T-SDU-PD,cross,3DGait,T-SDU-PD,1,0.2562127150595188,0.34161695341269177,0.4622260630130768,0.3724024295806885,0.2562127150595188,0.34161695341269177,0.4622260630130768,,,,0.0003,carepd_BMCLab_6fold_1,macro_f1_012,false,pretrain_v1_stats_train_clean.pt,runs/pretrain/amass_clean/medium_thindec_100ep/seed1/in_pk__loss_pk/lightning_logs/version_0/checkpoints/epoch=99-step=11500.ckpt
amass_clean,medium_thindec_100ep,seed2,in_pk__loss_pk,pk,pk,carepd_cross_3DGait_to_T-SDU-PD,cross,3DGait,T-SDU-PD,1,0.3043169230222702,0.4057558973630269,0.46931782364845276,0.40645191073417664,0.3043169230222702,0.4057558973630269,0.46931782364845276,,,,0.00001,carepd_BMCLab_6fold_1,macro_f1_012,false,pretrain_v1_stats_train_clean.pt,runs/pretrain/amass_clean/medium_thindec_100ep/seed2/in_pk__loss_pk/lightning_logs/version_0/checkpoints/epoch=99-step=11500.ckpt
amass_clean,medium_thindec_100ep,seed2,in_pk__loss_pk,pk,pk,carepd_cross_PD-GaM_to_T-SDU-PD,cross,PD-GaM,T-SDU-PD,1,0.24869955331087112,0.3315994044144948,0.4344516694545746,0.45859086513519287,0.24869955331087112,0.3315994044144948,0.4344516694545746,,,,0.00001,carepd_BMCLab_6fold_1,macro_f1_012,false,pretrain_v1_stats_train_clean.pt,runs/pretrain/amass_clean/medium_thindec_100ep/seed2/in_pk__loss_pk/lightning_logs/version_0/checkpoints/epoch=99-step=11500.ckpt
amass_clean,medium_thindec_100ep,seed2,in_pk__loss_pk,pk,pk,carepd_cross_BMCLab_to_T-SDU-PD,cross,BMCLab,T-SDU-PD,1,0.2926725149154663,0.3902300198872884,0.4462592899799347,0.41988781094551086,0.2926725149154663,0.3902300198872884,0.4462592899799347,,,,0.00001,carepd_BMCLab_6fold_1,macro_f1_012,false,pretrain_v1_stats_train_clean.pt,runs/pretrain/amass_clean/medium_thindec_100ep/seed2/in_pk__loss_pk/lightning_logs/version_0/checkpoints/epoch=99-step=11500.ckpt
amass_clean,medium_thindec_100ep,seed42,in_pk__loss_pk,pk,pk,carepd_cross_PD-GaM_to_T-SDU-PD,cross,PD-GaM,T-SDU-PD,1,0.23148755356669426,0.30865007142225903,0.47765016555786133,0.45789799094200134,0.23148755356669426,0.30865007142225903,0.47765016555786133,,,,0.00001,carepd_BMCLab_6fold_1,macro_f1_012,false,pretrain_v1_stats_train_clean.pt,runs/pretrain/amass_clean/medium_thindec_100ep/seed42/in_pk__loss_pk/lightning_logs/version_0/checkpoints/epoch=99-step=11500.ckpt
amass_clean,medium_thindec_100ep,seed42,in_pk__loss_pk,pk,pk,carepd_cross_BMCLab_to_T-SDU-PD,cross,BMCLab,T-SDU-PD,1,0.2771230600774288,0.3694974134365718,0.46431055665016174,0.3834666609764099,0.2771230600774288,0.3694974134365718,0.46431055665016174,,,,0.00001,carepd_BMCLab_6fold_1,macro_f1_012,false,pretrain_v1_stats_train_clean.pt,runs/pretrain/amass_clean/medium_thindec_100ep/seed42/in_pk__loss_pk/lightning_logs/version_0/checkpoints/epoch=99-step=11500.ckpt
amass_clean,medium_thindec_100ep,seed42,in_pk__loss_pk,pk,pk,carepd_cross_3DGait_to_T-SDU-PD,cross,3DGait,T-SDU-PD,1,0.29134034365415573,0.3884537915388743,0.46026769280433655,0.4121888279914856,0.29134034365415573,0.3884537915388743,0.46026769280433655,,,,0.00001,carepd_BMCLab_6fold_1,macro_f1_012,false,pretrain_v1_stats_train_clean.pt,runs/pretrain/amass_clean/medium_thindec_100ep/seed42/in_pk__loss_pk/lightning_logs/version_0/checkpoints/epoch=99-step=11500.ckpt
amass_clean,medium_thindec_100ep,seed1,in_pk__loss_pkd,pk,pkd,carepd_cross_3DGait_to_T-SDU-PD,cross,3DGait,T-SDU-PD,1,0.27583758533000946,0.36778344710667926,0.4894188642501831,0.37651199102401733,0.27583758533000946,0.36778344710667926,0.4894188642501831,,,,0.0001,carepd_BMCLab_6fold_1,macro_f1_012,false,pretrain_v1_stats_train_clean.pt,runs/pretrain/amass_clean/medium_thindec_100ep/seed1/in_pk__loss_pkd/lightning_logs/version_0/checkpoints/epoch=99-step=11500.ckpt
amass_clean,medium_thindec_100ep,seed1,in_pk__loss_pkd,pk,pkd,carepd_cross_BMCLab_to_T-SDU-PD,cross,BMCLab,T-SDU-PD,1,0.35293126851320267,0.4705750246842702,0.4730569124221802,0.4878654479980469,0.35293126851320267,0.4705750246842702,0.4730569124221802,,,,0.0001,carepd_BMCLab_6fold_1,macro_f1_012,false,pretrain_v1_stats_train_clean.pt,runs/pretrain/amass_clean/medium_thindec_100ep/seed1/in_pk__loss_pkd/lightning_logs/version_0/checkpoints/epoch=99-step=11500.ckpt
amass_clean,medium_thindec_100ep,seed1,in_pk__loss_pkd,pk,pkd,carepd_cross_PD-GaM_to_T-SDU-PD,cross,PD-GaM,T-SDU-PD,1,0.1987641155719757,0.2650188207626343,0.39889368414878845,0.38954150676727295,0.1987641155719757,0.2650188207626343,0.39889368414878845,,,,0.0001,carepd_BMCLab_6fold_1,macro_f1_012,false,pretrain_v1_stats_train_clean.pt,runs/pretrain/amass_clean/medium_thindec_100ep/seed1/in_pk__loss_pkd/lightning_logs/version_0/checkpoints/epoch=99-step=11500.ckpt
amass_clean,medium_thindec_100ep,seed2,in_pk__loss_pkd,pk,pkd,carepd_cross_PD-GaM_to_T-SDU-PD,cross,PD-GaM,T-SDU-PD,1,0.20184248965233564,0.2691233195364475,0.3910451829433441,0.38558098673820496,0.20184248965233564,0.2691233195364475,0.3910451829433441,,,,1e-6,carepd_BMCLab_6fold_1,macro_f1_012,false,pretrain_v1_stats_train_clean.pt,runs/pretrain/amass_clean/medium_thindec_100ep/seed2/in_pk__loss_pkd/lightning_logs/version_0/checkpoints/epoch=99-step=11500.ckpt
amass_clean,medium_thindec_100ep,seed2,in_pk__loss_pkd,pk,pkd,carepd_cross_BMCLab_to_T-SDU-PD,cross,BMCLab,T-SDU-PD,1,0.3285173028707504,0.4380230704943339,0.45956334471702576,0.43608593940734863,0.3285173028707504,0.4380230704943339,0.45956334471702576,,,,1e-6,carepd_BMCLab_6fold_1,macro_f1_012,false,pretrain_v1_stats_train_clean.pt,runs/pretrain/amass_clean/medium_thindec_100ep/seed2/in_pk__loss_pkd/lightning_logs/version_0/checkpoints/epoch=99-step=11500.ckpt
amass_clean,medium_thindec_100ep,seed2,in_pk__loss_pkd,pk,pkd,carepd_cross_3DGait_to_T-SDU-PD,cross,3DGait,T-SDU-PD,1,0.2576155960559845,0.3434874614079793,0.42114806175231934,0.34305113554000854,0.2576155960559845,0.3434874614079793,0.42114806175231934,,,,1e-6,carepd_BMCLab_6fold_1,macro_f1_012,false,pretrain_v1_stats_train_clean.pt,runs/pretrain/amass_clean/medium_thindec_100ep/seed2/in_pk__loss_pkd/lightning_logs/version_0/checkpoints/epoch=99-step=11500.ckpt
amass_clean,medium_thindec_100ep,seed42,in_pk__loss_pkd,pk,pkd,carepd_cross_PD-GaM_to_T-SDU-PD,cross,PD-GaM,T-SDU-PD,1,0.22825589030981064,0.3043411870797475,0.3927587568759918,0.421055406332016,0.22825589030981064,0.3043411870797475,0.3927587568759918,,,,3e-6,carepd_BMCLab_6fold_1,macro_f1_012,false,pretrain_v1_stats_train_clean.pt,runs/pretrain/amass_clean/medium_thindec_100ep/seed42/in_pk__loss_pkd/lightning_logs/version_0/checkpoints/epoch=99-step=11500.ckpt
amass_clean,medium_thindec_100ep,seed42,in_pk__loss_pkd,pk,pkd,carepd_cross_BMCLab_to_T-SDU-PD,cross,BMCLab,T-SDU-PD,1,0.2818037159740925,0.37573828796545666,0.38810744881629944,0.3984195590019226,0.2818037159740925,0.37573828796545666,0.38810744881629944,,,,3e-6,carepd_BMCLab_6fold_1,macro_f1_012,false,pretrain_v1_stats_train_clean.pt,runs/pretrain/amass_clean/medium_thindec_100ep/seed42/in_pk__loss_pkd/lightning_logs/version_0/checkpoints/epoch=99-step=11500.ckpt
amass_clean,medium_thindec_100ep,seed42,in_pk__loss_pkd,pk,pkd,carepd_cross_3DGait_to_T-SDU-PD,cross,3DGait,T-SDU-PD,1,0.25950103998184204,0.34600138664245605,0.471256285905838,0.35162803530693054,0.25950103998184204,0.34600138664245605,0.471256285905838,,,,3e-6,carepd_BMCLab_6fold_1,macro_f1_012,false,pretrain_v1_stats_train_clean.pt,runs/pretrain/amass_clean/medium_thindec_100ep/seed42/in_pk__loss_pkd/lightning_logs/version_0/checkpoints/epoch=99-step=11500.ckpt
amass_clean,medium_thindec_100ep,seed1,in_pkd__loss_p,pkd,p,carepd_cross_3DGait_to_T-SDU-PD,cross,3DGait,T-SDU-PD,1,0.1926906229928136,0.25692083065708476,0.413875937461853,0.30169397592544556,0.1926906229928136,0.25692083065708476,0.413875937461853,,,,1e-6,carepd_BMCLab_6fold_1,macro_f1_012,false,pretrain_v1_stats_train_clean.pt,runs/pretrain/amass_clean/medium_thindec_100ep/seed1/in_pkd__loss_p/lightning_logs/version_0/checkpoints/epoch=99-step=11500.ckpt
amass_clean,medium_thindec_100ep,seed1,in_pkd__loss_p,pkd,p,carepd_cross_BMCLab_to_T-SDU-PD,cross,BMCLab,T-SDU-PD,1,0.1871470008045435,0.24952933440605798,0.45148980617523193,0.3421081304550171,0.1871470008045435,0.24952933440605798,0.45148980617523193,,,,1e-6,carepd_BMCLab_6fold_1,macro_f1_012,false,pretrain_v1_stats_train_clean.pt,runs/pretrain/amass_clean/medium_thindec_100ep/seed1/in_pkd__loss_p/lightning_logs/version_0/checkpoints/epoch=99-step=11500.ckpt
amass_clean,medium_thindec_100ep,seed1,in_pkd__loss_p,pkd,p,carepd_cross_PD-GaM_to_T-SDU-PD,cross,PD-GaM,T-SDU-PD,1,0.25788657553493977,0.3438487673799197,0.44241437315940857,0.46604424715042114,0.25788657553493977,0.3438487673799197,0.44241437315940857,,,,1e-6,carepd_BMCLab_6fold_1,macro_f1_012,false,pretrain_v1_stats_train_clean.pt,runs/pretrain/amass_clean/medium_thindec_100ep/seed1/in_pkd__loss_p/lightning_logs/version_0/checkpoints/epoch=99-step=11500.ckpt
amass_clean,medium_thindec_100ep,seed2,in_pkd__loss_p,pkd,p,carepd_cross_3DGait_to_T-SDU-PD,cross,3DGait,T-SDU-PD,1,0.2281486839056015,0.3041982452074687,0.3774828016757965,0.30172285437583923,0.2281486839056015,0.3041982452074687,0.3774828016757965,,,,1e-6,carepd_BMCLab_6fold_1,macro_f1_012,false,pretrain_v1_stats_train_clean.pt,runs/pretrain/amass_clean/medium_thindec_100ep/seed2/in_pkd__loss_p/lightning_logs/version_0/checkpoints/epoch=94-step=10925.ckpt
amass_clean,medium_thindec_100ep,seed2,in_pkd__loss_p,pkd,p,carepd_cross_BMCLab_to_T-SDU-PD,cross,BMCLab,T-SDU-PD,1,0.2754236236214638,0.3672314981619517,0.36670437455177307,0.36871716380119324,0.2754236236214638,0.3672314981619517,0.36670437455177307,,,,1e-6,carepd_BMCLab_6fold_1,macro_f1_012,false,pretrain_v1_stats_train_clean.pt,runs/pretrain/amass_clean/medium_thindec_100ep/seed2/in_pkd__loss_p/lightning_logs/version_0/checkpoints/epoch=94-step=10925.ckpt
amass_clean,medium_thindec_100ep,seed2,in_pkd__loss_p,pkd,p,carepd_cross_PD-GaM_to_T-SDU-PD,cross,PD-GaM,T-SDU-PD,1,0.2359179686754942,0.3145572915673256,0.46392321586608887,0.4776060879230499,0.2359179686754942,0.3145572915673256,0.46392321586608887,,,,1e-6,carepd_BMCLab_6fold_1,macro_f1_012,false,pretrain_v1_stats_train_clean.pt,runs/pretrain/amass_clean/medium_thindec_100ep/seed2/in_pkd__loss_p/lightning_logs/version_0/checkpoints/epoch=94-step=10925.ckpt
amass_clean,medium_thindec_100ep,seed42,in_pkd__loss_p,pkd,p,carepd_cross_BMCLab_to_T-SDU-PD,cross,BMCLab,T-SDU-PD,1,0.2804781422019005,0.3739708562692006,0.40712979435920715,0.38078999519348145,0.2804781422019005,0.3739708562692006,0.40712979435920715,,,,1e-6,carepd_BMCLab_6fold_1,macro_f1_012,false,pretrain_v1_stats_train_clean.pt,runs/pretrain/amass_clean/medium_thindec_100ep/seed42/in_pkd__loss_p/lightning_logs/version_0/checkpoints/epoch=99-step=11500.ckpt
amass_clean,medium_thindec_100ep,seed42,in_pkd__loss_p,pkd,p,carepd_cross_PD-GaM_to_T-SDU-PD,cross,PD-GaM,T-SDU-PD,1,0.24722736980766058,0.32963649307688075,0.4512280523777008,0.4506145715713501,0.24722736980766058,0.32963649307688075,0.4512280523777008,,,,1e-6,carepd_BMCLab_6fold_1,macro_f1_012,false,pretrain_v1_stats_train_clean.pt,runs/pretrain/amass_clean/medium_thindec_100ep/seed42/in_pkd__loss_p/lightning_logs/version_0/checkpoints/epoch=99-step=11500.ckpt
amass_clean,medium_thindec_100ep,seed42,in_pkd__loss_p,pkd,p,carepd_cross_3DGait_to_T-SDU-PD,cross,3DGait,T-SDU-PD,1,0.2171759195625782,0.28956789275010425,0.44519853591918945,0.3218826651573181,0.2171759195625782,0.28956789275010425,0.44519853591918945,,,,1e-6,carepd_BMCLab_6fold_1,macro_f1_012,false,pretrain_v1_stats_train_clean.pt,runs/pretrain/amass_clean/medium_thindec_100ep/seed42/in_pkd__loss_p/lightning_logs/version_0/checkpoints/epoch=99-step=11500.ckpt
amass_clean,medium_thindec_100ep,seed1,in_pkd__loss_pk,pkd,pk,carepd_cross_3DGait_to_T-SDU-PD,cross,3DGait,T-SDU-PD,1,0.1690524909645319,0.22540332128604254,0.43332430720329285,0.3092019557952881,0.1690524909645319,0.22540332128604254,0.43332430720329285,,,,0.00003,carepd_BMCLab_6fold_1,macro_f1_012,false,pretrain_v1_stats_train_clean.pt,runs/pretrain/amass_clean/medium_thindec_100ep/seed1/in_pkd__loss_pk/lightning_logs/version_0/checkpoints/epoch=99-step=11500.ckpt
amass_clean,medium_thindec_100ep,seed1,in_pkd__loss_pk,pkd,pk,carepd_cross_BMCLab_to_T-SDU-PD,cross,BMCLab,T-SDU-PD,1,0.3231080621480942,0.43081074953079224,0.5078015327453613,0.44779253005981445,0.3231080621480942,0.43081074953079224,0.5078015327453613,,,,0.00003,carepd_BMCLab_6fold_1,macro_f1_012,false,pretrain_v1_stats_train_clean.pt,runs/pretrain/amass_clean/medium_thindec_100ep/seed1/in_pkd__loss_pk/lightning_logs/version_0/checkpoints/epoch=99-step=11500.ckpt
amass_clean,medium_thindec_100ep,seed1,in_pkd__loss_pk,pkd,pk,carepd_cross_PD-GaM_to_T-SDU-PD,cross,PD-GaM,T-SDU-PD,1,0.21067036874592304,0.28089382499456406,0.4998702108860016,0.5013931393623352,0.21067036874592304,0.28089382499456406,0.4998702108860016,,,,0.00003,carepd_BMCLab_6fold_1,macro_f1_012,false,pretrain_v1_stats_train_clean.pt,runs/pretrain/amass_clean/medium_thindec_100ep/seed1/in_pkd__loss_pk/lightning_logs/version_0/checkpoints/epoch=99-step=11500.ckpt
amass_clean,medium_thindec_100ep,seed2,in_pkd__loss_pk,pkd,pk,carepd_cross_3DGait_to_T-SDU-PD,cross,3DGait,T-SDU-PD,1,0.26186545193195343,0.34915393590927124,0.4146724045276642,0.33966684341430664,0.26186545193195343,0.34915393590927124,0.4146724045276642,,,,1e-6,carepd_BMCLab_6fold_1,macro_f1_012,false,pretrain_v1_stats_train_clean.pt,runs/pretrain/amass_clean/medium_thindec_100ep/seed2/in_pkd__loss_pk/lightning_logs/version_0/checkpoints/epoch=99-step=11500.ckpt
amass_clean,medium_thindec_100ep,seed2,in_pkd__loss_pk,pkd,pk,carepd_cross_BMCLab_to_T-SDU-PD,cross,BMCLab,T-SDU-PD,1,0.3060423508286476,0.40805646777153015,0.499729722738266,0.4385402202606201,0.3060423508286476,0.40805646777153015,0.499729722738266,,,,1e-6,carepd_BMCLab_6fold_1,macro_f1_012,false,pretrain_v1_stats_train_clean.pt,runs/pretrain/amass_clean/medium_thindec_100ep/seed2/in_pkd__loss_pk/lightning_logs/version_0/checkpoints/epoch=99-step=11500.ckpt
amass_clean,medium_thindec_100ep,seed2,in_pkd__loss_pk,pkd,pk,carepd_cross_PD-GaM_to_T-SDU-PD,cross,PD-GaM,T-SDU-PD,1,0.18965005269274116,0.25286673692365486,0.4575375020503998,0.46881988644599915,0.18965005269274116,0.25286673692365486,0.4575375020503998,,,,1e-6,carepd_BMCLab_6fold_1,macro_f1_012,false,pretrain_v1_stats_train_clean.pt,runs/pretrain/amass_clean/medium_thindec_100ep/seed2/in_pkd__loss_pk/lightning_logs/version_0/checkpoints/epoch=99-step=11500.ckpt
amass_clean,medium_thindec_100ep,seed42,in_pkd__loss_pk,pkd,pk,carepd_cross_BMCLab_to_T-SDU-PD,cross,BMCLab,T-SDU-PD,1,0.28446608781814575,0.379288117090861,0.48750224709510803,0.38378334045410156,0.28446608781814575,0.379288117090861,0.48750224709510803,,,,0.00001,carepd_BMCLab_6fold_1,macro_f1_012,false,pretrain_v1_stats_train_clean.pt,runs/pretrain/amass_clean/medium_thindec_100ep/seed42/in_pkd__loss_pk/lightning_logs/version_0/checkpoints/epoch=99-step=11500.ckpt
amass_clean,medium_thindec_100ep,seed42,in_pkd__loss_pk,pkd,pk,carepd_cross_3DGait_to_T-SDU-PD,cross,3DGait,T-SDU-PD,1,0.16088969074189663,0.21451958765586218,0.3846789300441742,0.3050479590892792,0.16088969074189663,0.21451958765586218,0.3846789300441742,,,,0.00001,carepd_BMCLab_6fold_1,macro_f1_012,false,pretrain_v1_stats_train_clean.pt,runs/pretrain/amass_clean/medium_thindec_100ep/seed42/in_pkd__loss_pk/lightning_logs/version_0/checkpoints/epoch=99-step=11500.ckpt
amass_clean,medium_thindec_100ep,seed42,in_pkd__loss_pk,pkd,pk,carepd_cross_PD-GaM_to_T-SDU-PD,cross,PD-GaM,T-SDU-PD,1,0.3010398671030998,0.40138648947079975,0.5025604367256165,0.5256059765815735,0.3010398671030998,0.40138648947079975,0.5025604367256165,,,,0.00001,carepd_BMCLab_6fold_1,macro_f1_012,false,pretrain_v1_stats_train_clean.pt,runs/pretrain/amass_clean/medium_thindec_100ep/seed42/in_pkd__loss_pk/lightning_logs/version_0/checkpoints/epoch=99-step=11500.ckpt
amass_clean,medium_thindec_100ep,seed1,in_pkd__loss_pkd,pkd,pkd,carepd_cross_BMCLab_to_T-SDU-PD,cross,BMCLab,T-SDU-PD,1,0.2898983210325241,0.38653109471003216,0.46205249428749084,0.3541867733001709,0.2898983210325241,0.38653109471003216,0.46205249428749084,,,,0.00001,carepd_BMCLab_6fold_1,macro_f1_012,false,pretrain_v1_stats_train_clean.pt,runs/pretrain/amass_clean/medium_thindec_100ep/seed1/in_pkd__loss_pkd/lightning_logs/version_0/checkpoints/epoch=99-step=11500.ckpt
amass_clean,medium_thindec_100ep,seed1,in_pkd__loss_pkd,pkd,pkd,carepd_cross_PD-GaM_to_T-SDU-PD,cross,PD-GaM,T-SDU-PD,1,0.2971596233546734,0.3962128311395645,0.47157955169677734,0.4883422255516052,0.2971596233546734,0.3962128311395645,0.47157955169677734,,,,0.00001,carepd_BMCLab_6fold_1,macro_f1_012,false,pretrain_v1_stats_train_clean.pt,runs/pretrain/amass_clean/medium_thindec_100ep/seed1/in_pkd__loss_pkd/lightning_logs/version_0/checkpoints/epoch=99-step=11500.ckpt
amass_clean,medium_thindec_100ep,seed1,in_pkd__loss_pkd,pkd,pkd,carepd_cross_3DGait_to_T-SDU-PD,cross,3DGait,T-SDU-PD,1,0.1460751867853105,0.19476691571374735,0.4243651330471039,0.32307592034339905,0.1460751867853105,0.19476691571374735,0.4243651330471039,,,,0.00001,carepd_BMCLab_6fold_1,macro_f1_012,false,pretrain_v1_stats_train_clean.pt,runs/pretrain/amass_clean/medium_thindec_100ep/seed1/in_pkd__loss_pkd/lightning_logs/version_0/checkpoints/epoch=99-step=11500.ckpt
amass_clean,medium_thindec_100ep,seed2,in_pkd__loss_pkd,pkd,pkd,carepd_cross_3DGait_to_T-SDU-PD,cross,3DGait,T-SDU-PD,1,0.14649916114285588,0.19533221485714117,0.34735608100891113,0.3121083676815033,0.14649916114285588,0.19533221485714117,0.34735608100891113,,,,1e-6,carepd_BMCLab_6fold_1,macro_f1_012,false,pretrain_v1_stats_train_clean.pt,runs/pretrain/amass_clean/medium_thindec_100ep/seed2/in_pkd__loss_pkd/lightning_logs/version_0/checkpoints/epoch=99-step=11500.ckpt
amass_clean,medium_thindec_100ep,seed2,in_pkd__loss_pkd,pkd,pkd,carepd_cross_BMCLab_to_T-SDU-PD,cross,BMCLab,T-SDU-PD,1,0.29372588545084,0.3916345139344533,0.44707179069519043,0.4424106776714325,0.29372588545084,0.3916345139344533,0.44707179069519043,,,,1e-6,carepd_BMCLab_6fold_1,macro_f1_012,false,pretrain_v1_stats_train_clean.pt,runs/pretrain/amass_clean/medium_thindec_100ep/seed2/in_pkd__loss_pkd/lightning_logs/version_0/checkpoints/epoch=99-step=11500.ckpt
amass_clean,medium_thindec_100ep,seed2,in_pkd__loss_pkd,pkd,pkd,carepd_cross_PD-GaM_to_T-SDU-PD,cross,PD-GaM,T-SDU-PD,1,0.18509478773921728,0.24679305031895638,0.4904320240020752,0.49546587467193604,0.18509478773921728,0.24679305031895638,0.4904320240020752,,,,1e-6,carepd_BMCLab_6fold_1,macro_f1_012,false,pretrain_v1_stats_train_clean.pt,runs/pretrain/amass_clean/medium_thindec_100ep/seed2/in_pkd__loss_pkd/lightning_logs/version_0/checkpoints/epoch=99-step=11500.ckpt
amass_clean,medium_thindec_100ep,seed42,in_pkd__loss_pkd,pkd,pkd,carepd_cross_3DGait_to_T-SDU-PD,cross,3DGait,T-SDU-PD,1,0.1759228128939867,0.2345637505253156,0.4435478746891022,0.3058164715766907,0.1759228128939867,0.2345637505253156,0.4435478746891022,,,,0.00003,carepd_BMCLab_6fold_1,macro_f1_012,false,pretrain_v1_stats_train_clean.pt,runs/pretrain/amass_clean/medium_thindec_100ep/seed42/in_pkd__loss_pkd/lightning_logs/version_0/checkpoints/epoch=99-step=11500.ckpt
amass_clean,medium_thindec_100ep,seed42,in_pkd__loss_pkd,pkd,pkd,carepd_cross_BMCLab_to_T-SDU-PD,cross,BMCLab,T-SDU-PD,1,0.29678939282894135,0.39571919043858844,0.46322742104530334,0.41165614128112793,0.29678939282894135,0.39571919043858844,0.46322742104530334,,,,0.00003,carepd_BMCLab_6fold_1,macro_f1_012,false,pretrain_v1_stats_train_clean.pt,runs/pretrain/amass_clean/medium_thindec_100ep/seed42/in_pkd__loss_pkd/lightning_logs/version_0/checkpoints/epoch=99-step=11500.ckpt
amass_clean,medium_thindec_100ep,seed42,in_pkd__loss_pkd,pkd,pkd,carepd_cross_PD-GaM_to_T-SDU-PD,cross,PD-GaM,T-SDU-PD,1,0.3056356720626354,0.40751422941684723,0.4952712059020996,0.5280387997627258,0.3056356720626354,0.40751422941684723,0.4952712059020996,,,,0.00003,carepd_BMCLab_6fold_1,macro_f1_012,false,pretrain_v1_stats_train_clean.pt,runs/pretrain/amass_clean/medium_thindec_100ep/seed42/in_pkd__loss_pkd/lightning_logs/version_0/checkpoints/epoch=99-step=11500.ckpt
amass_clean,medium_thindec_100ep,seed1,in_p__loss_p,p,p,carepd_lodo_3DGait,lodo,the other three,3DGait,1,0.3410271182656288,0.3213694890340169,0.47560784220695496,0.3586576581001282,0.3410271182656288,0.3213694890340169,0.47560784220695496,,,,0.0001,carepd_BMCLab_6fold_1,macro_f1_012,false,pretrain_v1_stats_train_clean.pt,runs/pretrain/amass_clean/medium_thindec_100ep/seed1/in_p__loss_p/lightning_logs/version_0/checkpoints/epoch=94-step=10925.ckpt
amass_clean,medium_thindec_100ep,seed2,in_p__loss_p,p,p,carepd_lodo_3DGait,lodo,the other three,3DGait,1,0.28845246508717537,0.32399722437063855,0.41773608326911926,0.32332348823547363,0.28845246508717537,0.32399722437063855,0.41773608326911926,,,,0.00003,carepd_BMCLab_6fold_1,macro_f1_012,false,pretrain_v1_stats_train_clean.pt,runs/pretrain/amass_clean/medium_thindec_100ep/seed2/in_p__loss_p/lightning_logs/version_0/checkpoints/epoch=99-step=11500.ckpt
amass_clean,medium_thindec_100ep,seed42,in_p__loss_p,p,p,carepd_lodo_3DGait,lodo,the other three,3DGait,1,0.29903100058436394,0.29614389439423877,0.43897545337677,0.3347393274307251,0.29903100058436394,0.29614389439423877,0.43897545337677,,,,0.00003,carepd_BMCLab_6fold_1,macro_f1_012,false,pretrain_v1_stats_train_clean.pt,runs/pretrain/amass_clean/medium_thindec_100ep/seed42/in_p__loss_p/lightning_logs/version_0/checkpoints/epoch=94-step=10925.ckpt
amass_clean,medium_thindec_100ep,seed1,in_p__loss_pk,p,pk,carepd_lodo_3DGait,lodo,the other three,3DGait,1,0.2877233549952507,0.3836311399936676,0.44382786750793457,0.3388383984565735,0.2877233549952507,0.3836311399936676,0.44382786750793457,,,,1e-6,carepd_BMCLab_6fold_1,macro_f1_012,false,pretrain_v1_stats_train_clean.pt,runs/pretrain/amass_clean/medium_thindec_100ep/seed1/in_p__loss_pk/lightning_logs/version_0/checkpoints/epoch=99-step=11500.ckpt
amass_clean,medium_thindec_100ep,seed2,in_p__loss_pk,p,pk,carepd_lodo_3DGait,lodo,the other three,3DGait,1,0.27346592396497726,0.31700218220551807,0.4312642216682434,0.33578023314476013,0.27346592396497726,0.31700218220551807,0.4312642216682434,,,,0.00003,carepd_BMCLab_6fold_1,macro_f1_012,false,pretrain_v1_stats_train_clean.pt,runs/pretrain/amass_clean/medium_thindec_100ep/seed2/in_p__loss_pk/lightning_logs/version_0/checkpoints/epoch=99-step=11500.ckpt
amass_clean,medium_thindec_100ep,seed42,in_p__loss_pk,p,pk,carepd_lodo_3DGait,lodo,the other three,3DGait,1,0.28849680349230766,0.28942430516084033,0.43847012519836426,0.3374573588371277,0.28849680349230766,0.28942430516084033,0.43847012519836426,,,,1e-6,carepd_BMCLab_6fold_1,macro_f1_012,false,pretrain_v1_stats_train_clean.pt,runs/pretrain/amass_clean/medium_thindec_100ep/seed42/in_p__loss_pk/lightning_logs/version_0/checkpoints/epoch=99-step=11500.ckpt
amass_clean,medium_thindec_100ep,seed1,in_p__loss_pkd,p,pkd,carepd_lodo_3DGait,lodo,the other three,3DGait,1,0.29729560390114784,0.2938300321499507,0.4646950960159302,0.3429640531539917,0.29729560390114784,0.2938300321499507,0.4646950960159302,,,,0.001,carepd_BMCLab_6fold_1,macro_f1_012,false,pretrain_v1_stats_train_clean.pt,runs/pretrain/amass_clean/medium_thindec_100ep/seed1/in_p__loss_pkd/lightning_logs/version_0/checkpoints/epoch=99-step=11500.ckpt
amass_clean,medium_thindec_100ep,seed2,in_p__loss_pkd,p,pkd,carepd_lodo_3DGait,lodo,the other three,3DGait,1,0.371327206492424,0.39253883560498554,0.46958109736442566,0.37016409635543823,0.371327206492424,0.39253883560498554,0.46958109736442566,,,,0.0003,carepd_BMCLab_6fold_1,macro_f1_012,false,pretrain_v1_stats_train_clean.pt,runs/pretrain/amass_clean/medium_thindec_100ep/seed2/in_p__loss_pkd/lightning_logs/version_0/checkpoints/epoch=99-step=11500.ckpt
amass_clean,medium_thindec_100ep,seed42,in_p__loss_pkd,p,pkd,carepd_lodo_3DGait,lodo,the other three,3DGait,1,0.3542495630681515,0.41677719354629517,0.4738352298736572,0.3628217577934265,0.3542495630681515,0.41677719354629517,0.4738352298736572,,,,0.00001,carepd_BMCLab_6fold_1,macro_f1_012,false,pretrain_v1_stats_train_clean.pt,runs/pretrain/amass_clean/medium_thindec_100ep/seed42/in_p__loss_pkd/lightning_logs/version_0/checkpoints/epoch=99-step=11500.ckpt
amass_clean,medium_thindec_100ep,seed1,in_pk__loss_p,pk,p,carepd_lodo_3DGait,lodo,the other three,3DGait,1,0.20726666040718555,0.2763555472095807,0.468072772026062,0.3376377820968628,0.20726666040718555,0.2763555472095807,0.468072772026062,,,,0.03,carepd_BMCLab_6fold_1,macro_f1_012,false,pretrain_v1_stats_train_clean.pt,runs/pretrain/amass_clean/medium_thindec_100ep/seed1/in_pk__loss_p/lightning_logs/version_0/checkpoints/epoch=94-step=10925.ckpt
amass_clean,medium_thindec_100ep,seed2,in_pk__loss_p,pk,p,carepd_lodo_3DGait,lodo,the other three,3DGait,1,0.2976541183888912,0.3135388245185216,0.4172162115573883,0.3301541209220886,0.2976541183888912,0.3135388245185216,0.4172162115573883,,,,0.0003,carepd_BMCLab_6fold_1,macro_f1_012,false,pretrain_v1_stats_train_clean.pt,runs/pretrain/amass_clean/medium_thindec_100ep/seed2/in_pk__loss_p/lightning_logs/version_0/checkpoints/epoch=99-step=11500.ckpt
amass_clean,medium_thindec_100ep,seed42,in_pk__loss_p,pk,p,carepd_lodo_3DGait,lodo,the other three,3DGait,1,0.17432432621717453,0.2324324349562327,0.38929063081741333,0.32055288553237915,0.17432432621717453,0.2324324349562327,0.38929063081741333,,,,3e-6,carepd_BMCLab_6fold_1,macro_f1_012,false,pretrain_v1_stats_train_clean.pt,runs/pretrain/amass_clean/medium_thindec_100ep/seed42/in_pk__loss_p/lightning_logs/version_0/checkpoints/epoch=94-step=10925.ckpt
amass_clean,medium_thindec_100ep,seed1,in_pk__loss_pk,pk,pk,carepd_lodo_3DGait,lodo,the other three,3DGait,1,0.2965686358511448,0.33986929059028625,0.4336344301700592,0.33984291553497314,0.2965686358511448,0.33986929059028625,0.4336344301700592,,,,0.0003,carepd_BMCLab_6fold_1,macro_f1_012,false,pretrain_v1_stats_train_clean.pt,runs/pretrain/amass_clean/medium_thindec_100ep/seed1/in_pk__loss_pk/lightning_logs/version_0/checkpoints/epoch=99-step=11500.ckpt
amass_clean,medium_thindec_100ep,seed2,in_pk__loss_pk,pk,pk,carepd_lodo_3DGait,lodo,the other three,3DGait,1,0.3165489621460438,0.37444623311360675,0.4553300142288208,0.34676724672317505,0.3165489621460438,0.37444623311360675,0.4553300142288208,,,,0.00001,carepd_BMCLab_6fold_1,macro_f1_012,false,pretrain_v1_stats_train_clean.pt,runs/pretrain/amass_clean/medium_thindec_100ep/seed2/in_pk__loss_pk/lightning_logs/version_0/checkpoints/epoch=99-step=11500.ckpt
amass_clean,medium_thindec_100ep,seed42,in_pk__loss_pk,pk,pk,carepd_lodo_3DGait,lodo,the other three,3DGait,1,0.364896472543478,0.43097307284673053,0.4563791751861572,0.3415507674217224,0.364896472543478,0.43097307284673053,0.4563791751861572,,,,0.00001,carepd_BMCLab_6fold_1,macro_f1_012,false,pretrain_v1_stats_train_clean.pt,runs/pretrain/amass_clean/medium_thindec_100ep/seed42/in_pk__loss_pk/lightning_logs/version_0/checkpoints/epoch=99-step=11500.ckpt
amass_clean,medium_thindec_100ep,seed1,in_pk__loss_pkd,pk,pkd,carepd_lodo_3DGait,lodo,the other three,3DGait,1,0.2613295167684555,0.29715730249881744,0.4755513072013855,0.3338097929954529,0.2613295167684555,0.29715730249881744,0.4755513072013855,,,,0.0001,carepd_BMCLab_6fold_1,macro_f1_012,false,pretrain_v1_stats_train_clean.pt,runs/pretrain/amass_clean/medium_thindec_100ep/seed1/in_pk__loss_pkd/lightning_logs/version_0/checkpoints/epoch=99-step=11500.ckpt
amass_clean,medium_thindec_100ep,seed2,in_pk__loss_pkd,pk,pkd,carepd_lodo_3DGait,lodo,the other three,3DGait,1,0.21404616720974445,0.2853948896129926,0.4496905207633972,0.3387361764907837,0.21404616720974445,0.2853948896129926,0.4496905207633972,,,,1e-6,carepd_BMCLab_6fold_1,macro_f1_012,false,pretrain_v1_stats_train_clean.pt,runs/pretrain/amass_clean/medium_thindec_100ep/seed2/in_pk__loss_pkd/lightning_logs/version_0/checkpoints/epoch=99-step=11500.ckpt
amass_clean,medium_thindec_100ep,seed42,in_pk__loss_pkd,pk,pkd,carepd_lodo_3DGait,lodo,the other three,3DGait,1,0.36713531985878944,0.4339582026004791,0.4671032130718231,0.36764585971832275,0.36713531985878944,0.4339582026004791,0.4671032130718231,,,,3e-6,carepd_BMCLab_6fold_1,macro_f1_012,false,pretrain_v1_stats_train_clean.pt,runs/pretrain/amass_clean/medium_thindec_100ep/seed42/in_pk__loss_pkd/lightning_logs/version_0/checkpoints/epoch=99-step=11500.ckpt
amass_clean,medium_thindec_100ep,seed1,in_pkd__loss_p,pkd,p,carepd_lodo_3DGait,lodo,the other three,3DGait,1,0.29639872908592224,0.3951983054478963,0.46860432624816895,0.3471711277961731,0.29639872908592224,0.3951983054478963,0.46860432624816895,,,,1e-6,carepd_BMCLab_6fold_1,macro_f1_012,false,pretrain_v1_stats_train_clean.pt,runs/pretrain/amass_clean/medium_thindec_100ep/seed1/in_pkd__loss_p/lightning_logs/version_0/checkpoints/epoch=99-step=11500.ckpt
amass_clean,medium_thindec_100ep,seed2,in_pkd__loss_p,pkd,p,carepd_lodo_3DGait,lodo,the other three,3DGait,1,0.25974611937999725,0.34632815917332965,0.45544540882110596,0.34994882345199585,0.25974611937999725,0.34632815917332965,0.45544540882110596,,,,1e-6,carepd_BMCLab_6fold_1,macro_f1_012,false,pretrain_v1_stats_train_clean.pt,runs/pretrain/amass_clean/medium_thindec_100ep/seed2/in_pkd__loss_p/lightning_logs/version_0/checkpoints/epoch=94-step=10925.ckpt
amass_clean,medium_thindec_100ep,seed42,in_pkd__loss_p,pkd,p,carepd_lodo_3DGait,lodo,the other three,3DGait,1,0.20676700212061405,0.27568933616081875,0.4219745397567749,0.3324536085128784,0.20676700212061405,0.27568933616081875,0.4219745397567749,,,,1e-6,carepd_BMCLab_6fold_1,macro_f1_012,false,pretrain_v1_stats_train_clean.pt,runs/pretrain/amass_clean/medium_thindec_100ep/seed42/in_pkd__loss_p/lightning_logs/version_0/checkpoints/epoch=99-step=11500.ckpt
amass_clean,medium_thindec_100ep,seed1,in_pkd__loss_pk,pkd,pk,carepd_lodo_3DGait,lodo,the other three,3DGait,1,0.23989306390285492,0.3198574185371399,0.45245468616485596,0.3397284746170044,0.23989306390285492,0.3198574185371399,0.45245468616485596,,,,0.00003,carepd_BMCLab_6fold_1,macro_f1_012,false,pretrain_v1_stats_train_clean.pt,runs/pretrain/amass_clean/medium_thindec_100ep/seed1/in_pkd__loss_pk/lightning_logs/version_0/checkpoints/epoch=99-step=11500.ckpt
amass_clean,medium_thindec_100ep,seed2,in_pkd__loss_pk,pkd,pk,carepd_lodo_3DGait,lodo,the other three,3DGait,1,0.2803104594349861,0.37374727924664813,0.4623865783214569,0.3450999855995178,0.2803104594349861,0.37374727924664813,0.4623865783214569,,,,1e-6,carepd_BMCLab_6fold_1,macro_f1_012,false,pretrain_v1_stats_train_clean.pt,runs/pretrain/amass_clean/medium_thindec_100ep/seed2/in_pkd__loss_pk/lightning_logs/version_0/checkpoints/epoch=99-step=11500.ckpt
amass_clean,medium_thindec_100ep,seed42,in_pkd__loss_pk,pkd,pk,carepd_lodo_3DGait,lodo,the other three,3DGait,1,0.2607801482081413,0.3477068642775218,0.45798879861831665,0.31759747862815857,0.2607801482081413,0.3477068642775218,0.45798879861831665,,,,0.00001,carepd_BMCLab_6fold_1,macro_f1_012,false,pretrain_v1_stats_train_clean.pt,runs/pretrain/amass_clean/medium_thindec_100ep/seed42/in_pkd__loss_pk/lightning_logs/version_0/checkpoints/epoch=99-step=11500.ckpt
amass_clean,medium_thindec_100ep,seed1,in_pkd__loss_pkd,pkd,pkd,carepd_lodo_3DGait,lodo,the other three,3DGait,1,0.2040865384042263,0.2721153845389684,0.4805051386356354,0.3159864842891693,0.2040865384042263,0.2721153845389684,0.4805051386356354,,,,0.00001,carepd_BMCLab_6fold_1,macro_f1_012,false,pretrain_v1_stats_train_clean.pt,runs/pretrain/amass_clean/medium_thindec_100ep/seed1/in_pkd__loss_pkd/lightning_logs/version_0/checkpoints/epoch=99-step=11500.ckpt
amass_clean,medium_thindec_100ep,seed2,in_pkd__loss_pkd,pkd,pkd,carepd_lodo_3DGait,lodo,the other three,3DGait,1,0.24733775854110718,0.32978367805480957,0.4256533980369568,0.31649500131607056,0.24733775854110718,0.32978367805480957,0.4256533980369568,,,,1e-6,carepd_BMCLab_6fold_1,macro_f1_012,false,pretrain_v1_stats_train_clean.pt,runs/pretrain/amass_clean/medium_thindec_100ep/seed2/in_pkd__loss_pkd/lightning_logs/version_0/checkpoints/epoch=99-step=11500.ckpt
amass_clean,medium_thindec_100ep,seed42,in_pkd__loss_pkd,pkd,pkd,carepd_lodo_3DGait,lodo,the other three,3DGait,1,0.188041053712368,0.25072140494982403,0.47807326912879944,0.3248560130596161,0.188041053712368,0.25072140494982403,0.47807326912879944,,,,0.00003,carepd_BMCLab_6fold_1,macro_f1_012,false,pretrain_v1_stats_train_clean.pt,runs/pretrain/amass_clean/medium_thindec_100ep/seed42/in_pkd__loss_pkd/lightning_logs/version_0/checkpoints/epoch=99-step=11500.ckpt
amass_clean,medium_thindec_100ep,seed1,in_p__loss_p,p,p,carepd_lodo_BMCLab,lodo,the other three,BMCLab,1,0.36888133734464645,0.49184178312619525,0.48079919815063477,0.489291787147522,0.36888133734464645,0.49184178312619525,0.48079919815063477,,,,0.0001,carepd_BMCLab_6fold_1,macro_f1_012,false,pretrain_v1_stats_train_clean.pt,runs/pretrain/amass_clean/medium_thindec_100ep/seed1/in_p__loss_p/lightning_logs/version_0/checkpoints/epoch=94-step=10925.ckpt
amass_clean,medium_thindec_100ep,seed2,in_p__loss_p,p,p,carepd_lodo_BMCLab,lodo,the other three,BMCLab,1,0.3750576376914978,0.5000768502553304,0.5343460440635681,0.49621567130088806,0.3750576376914978,0.5000768502553304,0.5343460440635681,,,,0.00003,carepd_BMCLab_6fold_1,macro_f1_012,false,pretrain_v1_stats_train_clean.pt,runs/pretrain/amass_clean/medium_thindec_100ep/seed2/in_p__loss_p/lightning_logs/version_0/checkpoints/epoch=99-step=11500.ckpt
amass_clean,medium_thindec_100ep,seed42,in_p__loss_p,p,p,carepd_lodo_BMCLab,lodo,the other three,BMCLab,1,0.3559695929288864,0.4746261239051819,0.5815066695213318,0.499886691570282,0.3559695929288864,0.4746261239051819,0.5815066695213318,,,,0.00003,carepd_BMCLab_6fold_1,macro_f1_012,false,pretrain_v1_stats_train_clean.pt,runs/pretrain/amass_clean/medium_thindec_100ep/seed42/in_p__loss_p/lightning_logs/version_0/checkpoints/epoch=94-step=10925.ckpt
amass_clean,medium_thindec_100ep,seed1,in_p__loss_pk,p,pk,carepd_lodo_BMCLab,lodo,the other three,BMCLab,1,0.2803560346364975,0.37380804618199664,0.4319898188114166,0.38334745168685913,0.2803560346364975,0.37380804618199664,0.4319898188114166,,,,1e-6,carepd_BMCLab_6fold_1,macro_f1_012,false,pretrain_v1_stats_train_clean.pt,runs/pretrain/amass_clean/medium_thindec_100ep/seed1/in_p__loss_pk/lightning_logs/version_0/checkpoints/epoch=99-step=11500.ckpt
amass_clean,medium_thindec_100ep,seed2,in_p__loss_pk,p,pk,carepd_lodo_BMCLab,lodo,the other three,BMCLab,1,0.3850678727030754,0.5134238302707672,0.517745852470398,0.4353824257850647,0.3850678727030754,0.5134238302707672,0.517745852470398,,,,0.00003,carepd_BMCLab_6fold_1,macro_f1_012,false,pretrain_v1_stats_train_clean.pt,runs/pretrain/amass_clean/medium_thindec_100ep/seed2/in_p__loss_pk/lightning_logs/version_0/checkpoints/epoch=99-step=11500.ckpt
amass_clean,medium_thindec_100ep,seed42,in_p__loss_pk,p,pk,carepd_lodo_BMCLab,lodo,the other three,BMCLab,1,0.33603935688734055,0.4480524758497874,0.4478487968444824,0.43808987736701965,0.33603935688734055,0.4480524758497874,0.4478487968444824,,,,1e-6,carepd_BMCLab_6fold_1,macro_f1_012,false,pretrain_v1_stats_train_clean.pt,runs/pretrain/amass_clean/medium_thindec_100ep/seed42/in_p__loss_pk/lightning_logs/version_0/checkpoints/epoch=99-step=11500.ckpt
amass_clean,medium_thindec_100ep,seed1,in_p__loss_pkd,p,pkd,carepd_lodo_BMCLab,lodo,the other three,BMCLab,1,0.4108251482248306,0.5477668642997742,0.5637609958648682,0.5609819293022156,0.4108251482248306,0.5477668642997742,0.5637609958648682,,,,0.001,carepd_BMCLab_6fold_1,macro_f1_012,false,pretrain_v1_stats_train_clean.pt,runs/pretrain/amass_clean/medium_thindec_100ep/seed1/in_p__loss_pkd/lightning_logs/version_0/checkpoints/epoch=99-step=11500.ckpt
amass_clean,medium_thindec_100ep,seed2,in_p__loss_pkd,p,pkd,carepd_lodo_BMCLab,lodo,the other three,BMCLab,1,0.39489467442035675,0.5265262325604757,0.560695469379425,0.5025885105133057,0.39489467442035675,0.5265262325604757,0.560695469379425,,,,0.0003,carepd_BMCLab_6fold_1,macro_f1_012,false,pretrain_v1_stats_train_clean.pt,runs/pretrain/amass_clean/medium_thindec_100ep/seed2/in_p__loss_pkd/lightning_logs/version_0/checkpoints/epoch=99-step=11500.ckpt
amass_clean,medium_thindec_100ep,seed42,in_p__loss_pkd,p,pkd,carepd_lodo_BMCLab,lodo,the other three,BMCLab,1,0.36753135174512863,0.4900418023268382,0.5411164164543152,0.5455717444419861,0.36753135174512863,0.4900418023268382,0.5411164164543152,,,,0.00001,carepd_BMCLab_6fold_1,macro_f1_012,false,pretrain_v1_stats_train_clean.pt,runs/pretrain/amass_clean/medium_thindec_100ep/seed42/in_p__loss_pkd/lightning_logs/version_0/checkpoints/epoch=99-step=11500.ckpt
amass_clean,medium_thindec_100ep,seed1,in_pk__loss_p,pk,p,carepd_lodo_BMCLab,lodo,the other three,BMCLab,1,0.30130242742598057,0.4017365699013074,0.5524445176124573,0.46385589241981506,0.30130242742598057,0.4017365699013074,0.5524445176124573,,,,0.03,carepd_BMCLab_6fold_1,macro_f1_012,false,pretrain_v1_stats_train_clean.pt,runs/pretrain/amass_clean/medium_thindec_100ep/seed1/in_pk__loss_p/lightning_logs/version_0/checkpoints/epoch=94-step=10925.ckpt
amass_clean,medium_thindec_100ep,seed2,in_pk__loss_p,pk,p,carepd_lodo_BMCLab,lodo,the other three,BMCLab,1,0.37301410734653473,0.49735214312871295,0.5346925854682922,0.5234007239341736,0.37301410734653473,0.49735214312871295,0.5346925854682922,,,,0.0003,carepd_BMCLab_6fold_1,macro_f1_012,false,pretrain_v1_stats_train_clean.pt,runs/pretrain/amass_clean/medium_thindec_100ep/seed2/in_pk__loss_p/lightning_logs/version_0/checkpoints/epoch=99-step=11500.ckpt
amass_clean,medium_thindec_100ep,seed42,in_pk__loss_p,pk,p,carepd_lodo_BMCLab,lodo,the other three,BMCLab,1,0.283584700897336,0.37811293452978134,0.5212495923042297,0.45653074979782104,0.283584700897336,0.37811293452978134,0.5212495923042297,,,,3e-6,carepd_BMCLab_6fold_1,macro_f1_012,false,pretrain_v1_stats_train_clean.pt,runs/pretrain/amass_clean/medium_thindec_100ep/seed42/in_pk__loss_p/lightning_logs/version_0/checkpoints/epoch=94-step=10925.ckpt
amass_clean,medium_thindec_100ep,seed1,in_pk__loss_pk,pk,pk,carepd_lodo_BMCLab,lodo,the other three,BMCLab,1,0.267909724265337,0.35721296568711597,0.5780261754989624,0.4279100000858307,0.267909724265337,0.35721296568711597,0.5780261754989624,,,,0.0003,carepd_BMCLab_6fold_1,macro_f1_012,false,pretrain_v1_stats_train_clean.pt,runs/pretrain/amass_clean/medium_thindec_100ep/seed1/in_pk__loss_pk/lightning_logs/version_0/checkpoints/epoch=99-step=11500.ckpt
amass_clean,medium_thindec_100ep,seed2,in_pk__loss_pk,pk,pk,carepd_lodo_BMCLab,lodo,the other three,BMCLab,1,0.31974972784519196,0.4263329704602559,0.45820650458335876,0.3668014109134674,0.31974972784519196,0.4263329704602559,0.45820650458335876,,,,0.00001,carepd_BMCLab_6fold_1,macro_f1_012,false,pretrain_v1_stats_train_clean.pt,runs/pretrain/amass_clean/medium_thindec_100ep/seed2/in_pk__loss_pk/lightning_logs/version_0/checkpoints/epoch=99-step=11500.ckpt
amass_clean,medium_thindec_100ep,seed42,in_pk__loss_pk,pk,pk,carepd_lodo_BMCLab,lodo,the other three,BMCLab,1,0.27238574996590614,0.3631809999545415,0.4535636901855469,0.376595139503479,0.27238574996590614,0.3631809999545415,0.4535636901855469,,,,0.00001,carepd_BMCLab_6fold_1,macro_f1_012,false,pretrain_v1_stats_train_clean.pt,runs/pretrain/amass_clean/medium_thindec_100ep/seed42/in_pk__loss_pk/lightning_logs/version_0/checkpoints/epoch=99-step=11500.ckpt
amass_clean,medium_thindec_100ep,seed1,in_pk__loss_pkd,pk,pkd,carepd_lodo_BMCLab,lodo,the other three,BMCLab,1,0.295428104698658,0.39390413959821063,0.4692838191986084,0.395568311214447,0.295428104698658,0.39390413959821063,0.4692838191986084,,,,0.0001,carepd_BMCLab_6fold_1,macro_f1_012,false,pretrain_v1_stats_train_clean.pt,runs/pretrain/amass_clean/medium_thindec_100ep/seed1/in_pk__loss_pkd/lightning_logs/version_0/checkpoints/epoch=99-step=11500.ckpt
amass_clean,medium_thindec_100ep,seed2,in_pk__loss_pkd,pk,pkd,carepd_lodo_BMCLab,lodo,the other three,BMCLab,1,0.307337649166584,0.409783532222112,0.4648979604244232,0.36350110173225403,0.307337649166584,0.409783532222112,0.4648979604244232,,,,1e-6,carepd_BMCLab_6fold_1,macro_f1_012,false,pretrain_v1_stats_train_clean.pt,runs/pretrain/amass_clean/medium_thindec_100ep/seed2/in_pk__loss_pkd/lightning_logs/version_0/checkpoints/epoch=99-step=11500.ckpt
amass_clean,medium_thindec_100ep,seed42,in_pk__loss_pkd,pk,pkd,carepd_lodo_BMCLab,lodo,the other three,BMCLab,1,0.28104216046631336,0.37472288062175113,0.515451192855835,0.43146759271621704,0.28104216046631336,0.37472288062175113,0.515451192855835,,,,3e-6,carepd_BMCLab_6fold_1,macro_f1_012,false,pretrain_v1_stats_train_clean.pt,runs/pretrain/amass_clean/medium_thindec_100ep/seed42/in_pk__loss_pkd/lightning_logs/version_0/checkpoints/epoch=99-step=11500.ckpt
amass_clean,medium_thindec_100ep,seed1,in_pkd__loss_p,pkd,p,carepd_lodo_BMCLab,lodo,the other three,BMCLab,1,0.2857862263917923,0.3810483018557231,0.5202264785766602,0.4447278082370758,0.2857862263917923,0.3810483018557231,0.5202264785766602,,,,1e-6,carepd_BMCLab_6fold_1,macro_f1_012,false,pretrain_v1_stats_train_clean.pt,runs/pretrain/amass_clean/medium_thindec_100ep/seed1/in_pkd__loss_p/lightning_logs/version_0/checkpoints/epoch=99-step=11500.ckpt
amass_clean,medium_thindec_100ep,seed2,in_pkd__loss_p,pkd,p,carepd_lodo_BMCLab,lodo,the other three,BMCLab,1,0.29314766824245453,0.390863557656606,0.42239251732826233,0.36888745427131653,0.29314766824245453,0.390863557656606,0.42239251732826233,,,,1e-6,carepd_BMCLab_6fold_1,macro_f1_012,false,pretrain_v1_stats_train_clean.pt,runs/pretrain/amass_clean/medium_thindec_100ep/seed2/in_pkd__loss_p/lightning_logs/version_0/checkpoints/epoch=94-step=10925.ckpt
amass_clean,medium_thindec_100ep,seed42,in_pkd__loss_p,pkd,p,carepd_lodo_BMCLab,lodo,the other three,BMCLab,1,0.230516254901886,0.30735500653584796,0.43948158621788025,0.3312172591686249,0.230516254901886,0.30735500653584796,0.43948158621788025,,,,1e-6,carepd_BMCLab_6fold_1,macro_f1_012,false,pretrain_v1_stats_train_clean.pt,runs/pretrain/amass_clean/medium_thindec_100ep/seed42/in_pkd__loss_p/lightning_logs/version_0/checkpoints/epoch=99-step=11500.ckpt
amass_clean,medium_thindec_100ep,seed1,in_pkd__loss_pk,pkd,pk,carepd_lodo_BMCLab,lodo,the other three,BMCLab,1,0.20848087966442108,0.2779745062192281,0.4962066113948822,0.33754366636276245,0.20848087966442108,0.2779745062192281,0.4962066113948822,,,,0.00003,carepd_BMCLab_6fold_1,macro_f1_012,false,pretrain_v1_stats_train_clean.pt,runs/pretrain/amass_clean/medium_thindec_100ep/seed1/in_pkd__loss_pk/lightning_logs/version_0/checkpoints/epoch=99-step=11500.ckpt
amass_clean,medium_thindec_100ep,seed2,in_pkd__loss_pk,pkd,pk,carepd_lodo_BMCLab,lodo,the other three,BMCLab,1,0.20361896231770515,0.2714919497569402,0.469198614358902,0.31559959053993225,0.20361896231770515,0.2714919497569402,0.469198614358902,,,,1e-6,carepd_BMCLab_6fold_1,macro_f1_012,false,pretrain_v1_stats_train_clean.pt,runs/pretrain/amass_clean/medium_thindec_100ep/seed2/in_pkd__loss_pk/lightning_logs/version_0/checkpoints/epoch=99-step=11500.ckpt
amass_clean,medium_thindec_100ep,seed42,in_pkd__loss_pk,pkd,pk,carepd_lodo_BMCLab,lodo,the other three,BMCLab,1,0.3009766675531864,0.40130222340424854,0.553100049495697,0.4341190755367279,0.3009766675531864,0.40130222340424854,0.553100049495697,,,,0.00001,carepd_BMCLab_6fold_1,macro_f1_012,false,pretrain_v1_stats_train_clean.pt,runs/pretrain/amass_clean/medium_thindec_100ep/seed42/in_pkd__loss_pk/lightning_logs/version_0/checkpoints/epoch=99-step=11500.ckpt
amass_clean,medium_thindec_100ep,seed1,in_pkd__loss_pkd,pkd,pkd,carepd_lodo_BMCLab,lodo,the other three,BMCLab,1,0.09053757798392326,0.12071677064523101,0.473850816488266,0.32760950922966003,0.09053757798392326,0.12071677064523101,0.473850816488266,,,,0.00001,carepd_BMCLab_6fold_1,macro_f1_012,false,pretrain_v1_stats_train_clean.pt,runs/pretrain/amass_clean/medium_thindec_100ep/seed1/in_pkd__loss_pkd/lightning_logs/version_0/checkpoints/epoch=99-step=11500.ckpt
amass_clean,medium_thindec_100ep,seed2,in_pkd__loss_pkd,pkd,pkd,carepd_lodo_BMCLab,lodo,the other three,BMCLab,1,0.19246172532439232,0.25661563376585644,0.4795949161052704,0.32943761348724365,0.19246172532439232,0.25661563376585644,0.4795949161052704,,,,1e-6,carepd_BMCLab_6fold_1,macro_f1_012,false,pretrain_v1_stats_train_clean.pt,runs/pretrain/amass_clean/medium_thindec_100ep/seed2/in_pkd__loss_pkd/lightning_logs/version_0/checkpoints/epoch=99-step=11500.ckpt
amass_clean,medium_thindec_100ep,seed42,in_pkd__loss_pkd,pkd,pkd,carepd_lodo_BMCLab,lodo,the other three,BMCLab,1,0.22207177802920341,0.29609570403893787,0.49635401368141174,0.37257248163223267,0.22207177802920341,0.29609570403893787,0.49635401368141174,,,,0.00003,carepd_BMCLab_6fold_1,macro_f1_012,false,pretrain_v1_stats_train_clean.pt,runs/pretrain/amass_clean/medium_thindec_100ep/seed42/in_pkd__loss_pkd/lightning_logs/version_0/checkpoints/epoch=99-step=11500.ckpt
amass_clean,medium_thindec_100ep,seed1,in_p__loss_p,p,p,carepd_lodo_PD-GaM,lodo,the other three,PD-GaM,1,0.4614575430750847,0.4374989370505015,0.6150200366973877,0.6328519582748413,0.4614575430750847,0.4374989370505015,0.6150200366973877,,,,0.0001,carepd_BMCLab_6fold_1,macro_f1_012,false,pretrain_v1_stats_train_clean.pt,runs/pretrain/amass_clean/medium_thindec_100ep/seed1/in_p__loss_p/lightning_logs/version_0/checkpoints/epoch=94-step=10925.ckpt
amass_clean,medium_thindec_100ep,seed2,in_p__loss_p,p,p,carepd_lodo_PD-GaM,lodo,the other three,PD-GaM,1,0.43438438326120377,0.43425164620081586,0.4914800226688385,0.5885973572731018,0.43438438326120377,0.43425164620081586,0.4914800226688385,,,,0.00003,carepd_BMCLab_6fold_1,macro_f1_012,false,pretrain_v1_stats_train_clean.pt,runs/pretrain/amass_clean/medium_thindec_100ep/seed2/in_p__loss_p/lightning_logs/version_0/checkpoints/epoch=99-step=11500.ckpt
amass_clean,medium_thindec_100ep,seed42,in_p__loss_p,p,p,carepd_lodo_PD-GaM,lodo,the other three,PD-GaM,1,0.38922732323408127,0.3977576394875844,0.5483211278915405,0.546277642250061,0.38922732323408127,0.3977576394875844,0.5483211278915405,,,,0.00003,carepd_BMCLab_6fold_1,macro_f1_012,false,pretrain_v1_stats_train_clean.pt,runs/pretrain/amass_clean/medium_thindec_100ep/seed42/in_p__loss_p/lightning_logs/version_0/checkpoints/epoch=94-step=10925.ckpt
amass_clean,medium_thindec_100ep,seed1,in_p__loss_pk,p,pk,carepd_lodo_PD-GaM,lodo,the other three,PD-GaM,1,0.5056767538189888,0.5148153801759084,0.5654149055480957,0.6300042271614075,0.5056767538189888,0.5148153801759084,0.5654149055480957,,,,1e-6,carepd_BMCLab_6fold_1,macro_f1_012,false,pretrain_v1_stats_train_clean.pt,runs/pretrain/amass_clean/medium_thindec_100ep/seed1/in_p__loss_pk/lightning_logs/version_0/checkpoints/epoch=99-step=11500.ckpt
amass_clean,medium_thindec_100ep,seed2,in_p__loss_pk,p,pk,carepd_lodo_PD-GaM,lodo,the other three,PD-GaM,1,0.37608764320611954,0.47114715973536175,0.44598591327667236,0.5568815469741821,0.37608764320611954,0.47114715973536175,0.44598591327667236,,,,0.00003,carepd_BMCLab_6fold_1,macro_f1_012,false,pretrain_v1_stats_train_clean.pt,runs/pretrain/amass_clean/medium_thindec_100ep/seed2/in_p__loss_pk/lightning_logs/version_0/checkpoints/epoch=99-step=11500.ckpt
amass_clean,medium_thindec_100ep,seed42,in_p__loss_pk,p,pk,carepd_lodo_PD-GaM,lodo,the other three,PD-GaM,1,0.3081440646201372,0.37164306640625,0.3150786757469177,0.4172267019748688,0.3081440646201372,0.37164306640625,0.3150786757469177,,,,1e-6,carepd_BMCLab_6fold_1,macro_f1_012,false,pretrain_v1_stats_train_clean.pt,runs/pretrain/amass_clean/medium_thindec_100ep/seed42/in_p__loss_pk/lightning_logs/version_0/checkpoints/epoch=99-step=11500.ckpt
amass_clean,medium_thindec_100ep,seed1,in_p__loss_pkd,p,pkd,carepd_lodo_PD-GaM,lodo,the other three,PD-GaM,1,0.4849887192249298,0.4202365279197693,0.6372912526130676,0.6385104656219482,0.4849887192249298,0.4202365279197693,0.6372912526130676,,,,0.001,carepd_BMCLab_6fold_1,macro_f1_012,false,pretrain_v1_stats_train_clean.pt,runs/pretrain/amass_clean/medium_thindec_100ep/seed1/in_p__loss_pkd/lightning_logs/version_0/checkpoints/epoch=99-step=11500.ckpt
amass_clean,medium_thindec_100ep,seed2,in_p__loss_pkd,p,pkd,carepd_lodo_PD-GaM,lodo,the other three,PD-GaM,1,0.42270588874816895,0.4497867127259572,0.6050379276275635,0.6066852807998657,0.42270588874816895,0.4497867127259572,0.6050379276275635,,,,0.0003,carepd_BMCLab_6fold_1,macro_f1_012,false,pretrain_v1_stats_train_clean.pt,runs/pretrain/amass_clean/medium_thindec_100ep/seed2/in_p__loss_pkd/lightning_logs/version_0/checkpoints/epoch=99-step=11500.ckpt
amass_clean,medium_thindec_100ep,seed42,in_p__loss_pkd,p,pkd,carepd_lodo_PD-GaM,lodo,the other three,PD-GaM,1,0.37057051062583923,0.4473103880882263,0.4172609746456146,0.4962943196296692,0.37057051062583923,0.4473103880882263,0.4172609746456146,,,,0.00001,carepd_BMCLab_6fold_1,macro_f1_012,false,pretrain_v1_stats_train_clean.pt,runs/pretrain/amass_clean/medium_thindec_100ep/seed42/in_p__loss_pkd/lightning_logs/version_0/checkpoints/epoch=99-step=11500.ckpt
amass_clean,medium_thindec_100ep,seed1,in_pk__loss_p,pk,p,carepd_lodo_PD-GaM,lodo,the other three,PD-GaM,1,0.28065498545765877,0.37420664727687836,0.6667933464050293,0.6269941329956055,0.28065498545765877,0.37420664727687836,0.6667933464050293,,,,0.03,carepd_BMCLab_6fold_1,macro_f1_012,false,pretrain_v1_stats_train_clean.pt,runs/pretrain/amass_clean/medium_thindec_100ep/seed1/in_pk__loss_p/lightning_logs/version_0/checkpoints/epoch=94-step=10925.ckpt
amass_clean,medium_thindec_100ep,seed2,in_pk__loss_p,pk,p,carepd_lodo_PD-GaM,lodo,the other three,PD-GaM,1,0.34243230894207954,0.40394483506679535,0.5525768399238586,0.5954616069793701,0.34243230894207954,0.40394483506679535,0.5525768399238586,,,,0.0003,carepd_BMCLab_6fold_1,macro_f1_012,false,pretrain_v1_stats_train_clean.pt,runs/pretrain/amass_clean/medium_thindec_100ep/seed2/in_pk__loss_p/lightning_logs/version_0/checkpoints/epoch=99-step=11500.ckpt
amass_clean,medium_thindec_100ep,seed42,in_pk__loss_p,pk,p,carepd_lodo_PD-GaM,lodo,the other three,PD-GaM,1,0.4233814813196659,0.5052493810653687,0.46263059973716736,0.6135913133621216,0.4233814813196659,0.5052493810653687,0.46263059973716736,,,,3e-6,carepd_BMCLab_6fold_1,macro_f1_012,false,pretrain_v1_stats_train_clean.pt,runs/pretrain/amass_clean/medium_thindec_100ep/seed42/in_pk__loss_p/lightning_logs/version_0/checkpoints/epoch=94-step=10925.ckpt
amass_clean,medium_thindec_100ep,seed1,in_pk__loss_pk,pk,pk,carepd_lodo_PD-GaM,lodo,the other three,PD-GaM,1,0.3490031585097313,0.4653375446796417,0.6524367928504944,0.6749984622001648,0.3490031585097313,0.4653375446796417,0.6524367928504944,,,,0.0003,carepd_BMCLab_6fold_1,macro_f1_012,false,pretrain_v1_stats_train_clean.pt,runs/pretrain/amass_clean/medium_thindec_100ep/seed1/in_pk__loss_pk/lightning_logs/version_0/checkpoints/epoch=99-step=11500.ckpt
amass_clean,medium_thindec_100ep,seed2,in_pk__loss_pk,pk,pk,carepd_lodo_PD-GaM,lodo,the other three,PD-GaM,1,0.3622661754488945,0.4830215672651927,0.4486805200576782,0.5850074291229248,0.3622661754488945,0.4830215672651927,0.4486805200576782,,,,0.00001,carepd_BMCLab_6fold_1,macro_f1_012,false,pretrain_v1_stats_train_clean.pt,runs/pretrain/amass_clean/medium_thindec_100ep/seed2/in_pk__loss_pk/lightning_logs/version_0/checkpoints/epoch=99-step=11500.ckpt
amass_clean,medium_thindec_100ep,seed42,in_pk__loss_pk,pk,pk,carepd_lodo_PD-GaM,lodo,the other three,PD-GaM,1,0.3272099383175373,0.43627991775671643,0.4368150234222412,0.5619416832923889,0.3272099383175373,0.43627991775671643,0.4368150234222412,,,,0.00001,carepd_BMCLab_6fold_1,macro_f1_012,false,pretrain_v1_stats_train_clean.pt,runs/pretrain/amass_clean/medium_thindec_100ep/seed42/in_pk__loss_pk/lightning_logs/version_0/checkpoints/epoch=99-step=11500.ckpt
amass_clean,medium_thindec_100ep,seed1,in_pk__loss_pkd,pk,pkd,carepd_lodo_PD-GaM,lodo,the other three,PD-GaM,1,0.3487918060272932,0.43086770673592883,0.5235896110534668,0.6405565142631531,0.3487918060272932,0.43086770673592883,0.5235896110534668,,,,0.0001,carepd_BMCLab_6fold_1,macro_f1_012,false,pretrain_v1_stats_train_clean.pt,runs/pretrain/amass_clean/medium_thindec_100ep/seed1/in_pk__loss_pkd/lightning_logs/version_0/checkpoints/epoch=99-step=11500.ckpt
amass_clean,medium_thindec_100ep,seed2,in_pk__loss_pkd,pk,pkd,carepd_lodo_PD-GaM,lodo,the other three,PD-GaM,1,0.337726728990674,0.418556272983551,0.41642338037490845,0.5661762952804565,0.337726728990674,0.418556272983551,0.41642338037490845,,,,1e-6,carepd_BMCLab_6fold_1,macro_f1_012,false,pretrain_v1_stats_train_clean.pt,runs/pretrain/amass_clean/medium_thindec_100ep/seed2/in_pk__loss_pkd/lightning_logs/version_0/checkpoints/epoch=99-step=11500.ckpt
amass_clean,medium_thindec_100ep,seed42,in_pk__loss_pkd,pk,pkd,carepd_lodo_PD-GaM,lodo,the other three,PD-GaM,1,0.3966379910707474,0.46824459234873456,0.47490382194519043,0.6209375858306885,0.3966379910707474,0.46824459234873456,0.47490382194519043,,,,3e-6,carepd_BMCLab_6fold_1,macro_f1_012,false,pretrain_v1_stats_train_clean.pt,runs/pretrain/amass_clean/medium_thindec_100ep/seed42/in_pk__loss_pkd/lightning_logs/version_0/checkpoints/epoch=99-step=11500.ckpt
amass_clean,medium_thindec_100ep,seed1,in_pkd__loss_p,pkd,p,carepd_lodo_PD-GaM,lodo,the other three,PD-GaM,1,0.4102650657296181,0.4615499973297119,0.4657289683818817,0.6073933243751526,0.4102650657296181,0.4615499973297119,0.4657289683818817,,,,1e-6,carepd_BMCLab_6fold_1,macro_f1_012,false,pretrain_v1_stats_train_clean.pt,runs/pretrain/amass_clean/medium_thindec_100ep/seed1/in_pkd__loss_p/lightning_logs/version_0/checkpoints/epoch=99-step=11500.ckpt
amass_clean,medium_thindec_100ep,seed2,in_pkd__loss_p,pkd,p,carepd_lodo_PD-GaM,lodo,the other three,PD-GaM,1,0.4280182048678398,0.48735760649045307,0.5025750398635864,0.5101998448371887,0.4280182048678398,0.48735760649045307,0.5025750398635864,,,,1e-6,carepd_BMCLab_6fold_1,macro_f1_012,false,pretrain_v1_stats_train_clean.pt,runs/pretrain/amass_clean/medium_thindec_100ep/seed2/in_pkd__loss_p/lightning_logs/version_0/checkpoints/epoch=94-step=10925.ckpt
amass_clean,medium_thindec_100ep,seed42,in_pkd__loss_p,pkd,p,carepd_lodo_PD-GaM,lodo,the other three,PD-GaM,1,0.41236689779907465,0.5307749112447103,0.5330131649971008,0.6210737228393555,0.41236689779907465,0.5307749112447103,0.5330131649971008,,,,1e-6,carepd_BMCLab_6fold_1,macro_f1_012,false,pretrain_v1_stats_train_clean.pt,runs/pretrain/amass_clean/medium_thindec_100ep/seed42/in_pkd__loss_p/lightning_logs/version_0/checkpoints/epoch=99-step=11500.ckpt
amass_clean,medium_thindec_100ep,seed1,in_pkd__loss_pk,pkd,pk,carepd_lodo_PD-GaM,lodo,the other three,PD-GaM,1,0.3594531677663326,0.4266393134991328,0.5186687111854553,0.6517218351364136,0.3594531677663326,0.4266393134991328,0.5186687111854553,,,,0.00003,carepd_BMCLab_6fold_1,macro_f1_012,false,pretrain_v1_stats_train_clean.pt,runs/pretrain/amass_clean/medium_thindec_100ep/seed1/in_pkd__loss_pk/lightning_logs/version_0/checkpoints/epoch=99-step=11500.ckpt
amass_clean,medium_thindec_100ep,seed2,in_pkd__loss_pk,pkd,pk,carepd_lodo_PD-GaM,lodo,the other three,PD-GaM,1,0.3552936250343919,0.45467721422513324,0.45424196124076843,0.5554832816123962,0.3552936250343919,0.45467721422513324,0.45424196124076843,,,,1e-6,carepd_BMCLab_6fold_1,macro_f1_012,false,pretrain_v1_stats_train_clean.pt,runs/pretrain/amass_clean/medium_thindec_100ep/seed2/in_pkd__loss_pk/lightning_logs/version_0/checkpoints/epoch=99-step=11500.ckpt
amass_clean,medium_thindec_100ep,seed42,in_pkd__loss_pk,pkd,pk,carepd_lodo_PD-GaM,lodo,the other three,PD-GaM,1,0.3694541985169053,0.4729977548122406,0.557919979095459,0.6867990493774414,0.3694541985169053,0.4729977548122406,0.557919979095459,,,,0.00001,carepd_BMCLab_6fold_1,macro_f1_012,false,pretrain_v1_stats_train_clean.pt,runs/pretrain/amass_clean/medium_thindec_100ep/seed42/in_pkd__loss_pk/lightning_logs/version_0/checkpoints/epoch=99-step=11500.ckpt
amass_clean,medium_thindec_100ep,seed1,in_pkd__loss_pkd,pkd,pkd,carepd_lodo_PD-GaM,lodo,the other three,PD-GaM,1,0.35364775359630585,0.41597478091716766,0.4762828052043915,0.6206312775611877,0.35364775359630585,0.41597478091716766,0.4762828052043915,,,,0.00001,carepd_BMCLab_6fold_1,macro_f1_012,false,pretrain_v1_stats_train_clean.pt,runs/pretrain/amass_clean/medium_thindec_100ep/seed1/in_pkd__loss_pkd/lightning_logs/version_0/checkpoints/epoch=99-step=11500.ckpt
amass_clean,medium_thindec_100ep,seed2,in_pkd__loss_pkd,pkd,pkd,carepd_lodo_PD-GaM,lodo,the other three,PD-GaM,1,0.3524634577333927,0.46995127697785694,0.39172235131263733,0.515621542930603,0.3524634577333927,0.46995127697785694,0.39172235131263733,,,,1e-6,carepd_BMCLab_6fold_1,macro_f1_012,false,pretrain_v1_stats_train_clean.pt,runs/pretrain/amass_clean/medium_thindec_100ep/seed2/in_pkd__loss_pkd/lightning_logs/version_0/checkpoints/epoch=99-step=11500.ckpt
amass_clean,medium_thindec_100ep,seed42,in_pkd__loss_pkd,pkd,pkd,carepd_lodo_PD-GaM,lodo,the other three,PD-GaM,1,0.4328593425452709,0.4256306340297063,0.5745503902435303,0.6234061121940613,0.4328593425452709,0.4256306340297063,0.5745503902435303,,,,0.00003,carepd_BMCLab_6fold_1,macro_f1_012,false,pretrain_v1_stats_train_clean.pt,runs/pretrain/amass_clean/medium_thindec_100ep/seed42/in_pkd__loss_pkd/lightning_logs/version_0/checkpoints/epoch=99-step=11500.ckpt
amass_clean,medium_thindec_100ep,seed1,in_p__loss_p,p,p,carepd_lodo_T-SDU-PD,lodo,the other three,T-SDU-PD,1,0.33712639659643173,0.4495018621285756,0.4900728166103363,0.49506837129592896,0.33712639659643173,0.4495018621285756,0.4900728166103363,,,,0.0001,carepd_BMCLab_6fold_1,macro_f1_012,false,pretrain_v1_stats_train_clean.pt,runs/pretrain/amass_clean/medium_thindec_100ep/seed1/in_p__loss_p/lightning_logs/version_0/checkpoints/epoch=94-step=10925.ckpt
amass_clean,medium_thindec_100ep,seed2,in_p__loss_p,p,p,carepd_lodo_T-SDU-PD,lodo,the other three,T-SDU-PD,1,0.30851562321186066,0.4113541642824809,0.4262864589691162,0.40319034457206726,0.30851562321186066,0.4113541642824809,0.4262864589691162,,,,0.00003,carepd_BMCLab_6fold_1,macro_f1_012,false,pretrain_v1_stats_train_clean.pt,runs/pretrain/amass_clean/medium_thindec_100ep/seed2/in_p__loss_p/lightning_logs/version_0/checkpoints/epoch=99-step=11500.ckpt
amass_clean,medium_thindec_100ep,seed42,in_p__loss_p,p,p,carepd_lodo_T-SDU-PD,lodo,the other three,T-SDU-PD,1,0.3126659095287323,0.41688787937164307,0.4358724057674408,0.4186403751373291,0.3126659095287323,0.41688787937164307,0.4358724057674408,,,,0.00003,carepd_BMCLab_6fold_1,macro_f1_012,false,pretrain_v1_stats_train_clean.pt,runs/pretrain/amass_clean/medium_thindec_100ep/seed42/in_p__loss_p/lightning_logs/version_0/checkpoints/epoch=94-step=10925.ckpt
amass_clean,medium_thindec_100ep,seed1,in_p__loss_pk,p,pk,carepd_lodo_T-SDU-PD,lodo,the other three,T-SDU-PD,1,0.3708650469779968,0.4944867293039958,0.47541162371635437,0.45419445633888245,0.3708650469779968,0.4944867293039958,0.47541162371635437,,,,1e-6,carepd_BMCLab_6fold_1,macro_f1_012,false,pretrain_v1_stats_train_clean.pt,runs/pretrain/amass_clean/medium_thindec_100ep/seed1/in_p__loss_pk/lightning_logs/version_0/checkpoints/epoch=99-step=11500.ckpt
amass_clean,medium_thindec_100ep,seed2,in_p__loss_pk,p,pk,carepd_lodo_T-SDU-PD,lodo,the other three,T-SDU-PD,1,0.33534790575504303,0.44713054100672406,0.45781728625297546,0.4289255440235138,0.33534790575504303,0.44713054100672406,0.45781728625297546,,,,0.00003,carepd_BMCLab_6fold_1,macro_f1_012,false,pretrain_v1_stats_train_clean.pt,runs/pretrain/amass_clean/medium_thindec_100ep/seed2/in_p__loss_pk/lightning_logs/version_0/checkpoints/epoch=99-step=11500.ckpt
amass_clean,medium_thindec_100ep,seed42,in_p__loss_pk,p,pk,carepd_lodo_T-SDU-PD,lodo,the other three,T-SDU-PD,1,0.3443911299109459,0.45918817321459454,0.4452277719974518,0.460533082485199,0.3443911299109459,0.45918817321459454,0.4452277719974518,,,,1e-6,carepd_BMCLab_6fold_1,macro_f1_012,false,pretrain_v1_stats_train_clean.pt,runs/pretrain/amass_clean/medium_thindec_100ep/seed42/in_p__loss_pk/lightning_logs/version_0/checkpoints/epoch=99-step=11500.ckpt
amass_clean,medium_thindec_100ep,seed1,in_p__loss_pkd,p,pkd,carepd_lodo_T-SDU-PD,lodo,the other three,T-SDU-PD,1,0.3192550837993622,0.4256734450658162,0.49296578764915466,0.46316397190093994,0.3192550837993622,0.4256734450658162,0.49296578764915466,,,,0.001,carepd_BMCLab_6fold_1,macro_f1_012,false,pretrain_v1_stats_train_clean.pt,runs/pretrain/amass_clean/medium_thindec_100ep/seed1/in_p__loss_pkd/lightning_logs/version_0/checkpoints/epoch=99-step=11500.ckpt
amass_clean,medium_thindec_100ep,seed2,in_p__loss_pkd,p,pkd,carepd_lodo_T-SDU-PD,lodo,the other three,T-SDU-PD,1,0.34239713847637177,0.45652951796849567,0.4755915105342865,0.4796091318130493,0.34239713847637177,0.45652951796849567,0.4755915105342865,,,,0.0003,carepd_BMCLab_6fold_1,macro_f1_012,false,pretrain_v1_stats_train_clean.pt,runs/pretrain/amass_clean/medium_thindec_100ep/seed2/in_p__loss_pkd/lightning_logs/version_0/checkpoints/epoch=99-step=11500.ckpt
amass_clean,medium_thindec_100ep,seed42,in_p__loss_pkd,p,pkd,carepd_lodo_T-SDU-PD,lodo,the other three,T-SDU-PD,1,0.3064955919981003,0.40866078933080036,0.39694058895111084,0.40587157011032104,0.3064955919981003,0.40866078933080036,0.39694058895111084,,,,0.00001,carepd_BMCLab_6fold_1,macro_f1_012,false,pretrain_v1_stats_train_clean.pt,runs/pretrain/amass_clean/medium_thindec_100ep/seed42/in_p__loss_pkd/lightning_logs/version_0/checkpoints/epoch=99-step=11500.ckpt
amass_clean,medium_thindec_100ep,seed1,in_pk__loss_p,pk,p,carepd_lodo_T-SDU-PD,lodo,the other three,T-SDU-PD,1,0.31842586398124695,0.4245678186416626,0.546042799949646,0.46713507175445557,0.31842586398124695,0.4245678186416626,0.546042799949646,,,,0.03,carepd_BMCLab_6fold_1,macro_f1_012,false,pretrain_v1_stats_train_clean.pt,runs/pretrain/amass_clean/medium_thindec_100ep/seed1/in_pk__loss_p/lightning_logs/version_0/checkpoints/epoch=94-step=10925.ckpt
amass_clean,medium_thindec_100ep,seed2,in_pk__loss_p,pk,p,carepd_lodo_T-SDU-PD,lodo,the other three,T-SDU-PD,1,0.2959746941924095,0.39463292558987934,0.494020938873291,0.4557555913925171,0.2959746941924095,0.39463292558987934,0.494020938873291,,,,0.0003,carepd_BMCLab_6fold_1,macro_f1_012,false,pretrain_v1_stats_train_clean.pt,runs/pretrain/amass_clean/medium_thindec_100ep/seed2/in_pk__loss_p/lightning_logs/version_0/checkpoints/epoch=99-step=11500.ckpt
amass_clean,medium_thindec_100ep,seed42,in_pk__loss_p,pk,p,carepd_lodo_T-SDU-PD,lodo,the other three,T-SDU-PD,1,0.3558887913823128,0.47451838850975037,0.4324903190135956,0.458658367395401,0.3558887913823128,0.47451838850975037,0.4324903190135956,,,,3e-6,carepd_BMCLab_6fold_1,macro_f1_012,false,pretrain_v1_stats_train_clean.pt,runs/pretrain/amass_clean/medium_thindec_100ep/seed42/in_pk__loss_p/lightning_logs/version_0/checkpoints/epoch=94-step=10925.ckpt
amass_clean,medium_thindec_100ep,seed1,in_pk__loss_pk,pk,pk,carepd_lodo_T-SDU-PD,lodo,the other three,T-SDU-PD,1,0.349023275077343,0.46536436676979065,0.4981882870197296,0.48509857058525085,0.349023275077343,0.46536436676979065,0.4981882870197296,,,,0.0003,carepd_BMCLab_6fold_1,macro_f1_012,false,pretrain_v1_stats_train_clean.pt,runs/pretrain/amass_clean/medium_thindec_100ep/seed1/in_pk__loss_pk/lightning_logs/version_0/checkpoints/epoch=99-step=11500.ckpt
amass_clean,medium_thindec_100ep,seed2,in_pk__loss_pk,pk,pk,carepd_lodo_T-SDU-PD,lodo,the other three,T-SDU-PD,1,0.3329988196492195,0.44399842619895935,0.4530700147151947,0.42271876335144043,0.3329988196492195,0.44399842619895935,0.4530700147151947,,,,0.00001,carepd_BMCLab_6fold_1,macro_f1_012,false,pretrain_v1_stats_train_clean.pt,runs/pretrain/amass_clean/medium_thindec_100ep/seed2/in_pk__loss_pk/lightning_logs/version_0/checkpoints/epoch=99-step=11500.ckpt
amass_clean,medium_thindec_100ep,seed42,in_pk__loss_pk,pk,pk,carepd_lodo_T-SDU-PD,lodo,the other three,T-SDU-PD,1,0.31965237110853195,0.4262031614780426,0.4429960250854492,0.4416632056236267,0.31965237110853195,0.4262031614780426,0.4429960250854492,,,,0.00001,carepd_BMCLab_6fold_1,macro_f1_012,false,pretrain_v1_stats_train_clean.pt,runs/pretrain/amass_clean/medium_thindec_100ep/seed42/in_pk__loss_pk/lightning_logs/version_0/checkpoints/epoch=99-step=11500.ckpt
amass_clean,medium_thindec_100ep,seed1,in_pk__loss_pkd,pk,pkd,carepd_lodo_T-SDU-PD,lodo,the other three,T-SDU-PD,1,0.29894157126545906,0.39858876168727875,0.43800783157348633,0.4283444583415985,0.29894157126545906,0.39858876168727875,0.43800783157348633,,,,0.0001,carepd_BMCLab_6fold_1,macro_f1_012,false,pretrain_v1_stats_train_clean.pt,runs/pretrain/amass_clean/medium_thindec_100ep/seed1/in_pk__loss_pkd/lightning_logs/version_0/checkpoints/epoch=99-step=11500.ckpt
amass_clean,medium_thindec_100ep,seed2,in_pk__loss_pkd,pk,pkd,carepd_lodo_T-SDU-PD,lodo,the other three,T-SDU-PD,1,0.3003731369972229,0.4004975159962972,0.40085482597351074,0.39458829164505005,0.3003731369972229,0.4004975159962972,0.40085482597351074,,,,1e-6,carepd_BMCLab_6fold_1,macro_f1_012,false,pretrain_v1_stats_train_clean.pt,runs/pretrain/amass_clean/medium_thindec_100ep/seed2/in_pk__loss_pkd/lightning_logs/version_0/checkpoints/epoch=99-step=11500.ckpt
amass_clean,medium_thindec_100ep,seed42,in_pk__loss_pkd,pk,pkd,carepd_lodo_T-SDU-PD,lodo,the other three,T-SDU-PD,1,0.27269062027335167,0.36358749369780224,0.4296683371067047,0.42403554916381836,0.27269062027335167,0.36358749369780224,0.4296683371067047,,,,3e-6,carepd_BMCLab_6fold_1,macro_f1_012,false,pretrain_v1_stats_train_clean.pt,runs/pretrain/amass_clean/medium_thindec_100ep/seed42/in_pk__loss_pkd/lightning_logs/version_0/checkpoints/epoch=99-step=11500.ckpt
amass_clean,medium_thindec_100ep,seed1,in_pkd__loss_p,pkd,p,carepd_lodo_T-SDU-PD,lodo,the other three,T-SDU-PD,1,0.2841134164482355,0.37881788859764737,0.4829019606113434,0.4830581247806549,0.2841134164482355,0.37881788859764737,0.4829019606113434,,,,1e-6,carepd_BMCLab_6fold_1,macro_f1_012,false,pretrain_v1_stats_train_clean.pt,runs/pretrain/amass_clean/medium_thindec_100ep/seed1/in_pkd__loss_p/lightning_logs/version_0/checkpoints/epoch=99-step=11500.ckpt
amass_clean,medium_thindec_100ep,seed2,in_pkd__loss_p,pkd,p,carepd_lodo_T-SDU-PD,lodo,the other three,T-SDU-PD,1,0.27931665629148483,0.3724222083886464,0.40353837609291077,0.3981713652610779,0.27931665629148483,0.3724222083886464,0.40353837609291077,,,,1e-6,carepd_BMCLab_6fold_1,macro_f1_012,false,pretrain_v1_stats_train_clean.pt,runs/pretrain/amass_clean/medium_thindec_100ep/seed2/in_pkd__loss_p/lightning_logs/version_0/checkpoints/epoch=94-step=10925.ckpt
amass_clean,medium_thindec_100ep,seed42,in_pkd__loss_p,pkd,p,carepd_lodo_T-SDU-PD,lodo,the other three,T-SDU-PD,1,0.28235887736082077,0.37647850314776105,0.4053637683391571,0.41718801856040955,0.28235887736082077,0.37647850314776105,0.4053637683391571,,,,1e-6,carepd_BMCLab_6fold_1,macro_f1_012,false,pretrain_v1_stats_train_clean.pt,runs/pretrain/amass_clean/medium_thindec_100ep/seed42/in_pkd__loss_p/lightning_logs/version_0/checkpoints/epoch=99-step=11500.ckpt
amass_clean,medium_thindec_100ep,seed1,in_pkd__loss_pk,pkd,pk,carepd_lodo_T-SDU-PD,lodo,the other three,T-SDU-PD,1,0.3676019534468651,0.49013593792915344,0.5412900447845459,0.5013930201530457,0.3676019534468651,0.49013593792915344,0.5412900447845459,,,,0.00003,carepd_BMCLab_6fold_1,macro_f1_012,false,pretrain_v1_stats_train_clean.pt,runs/pretrain/amass_clean/medium_thindec_100ep/seed1/in_pkd__loss_pk/lightning_logs/version_0/checkpoints/epoch=99-step=11500.ckpt
amass_clean,medium_thindec_100ep,seed2,in_pkd__loss_pk,pkd,pk,carepd_lodo_T-SDU-PD,lodo,the other three,T-SDU-PD,1,0.2678823433816433,0.35717645784219104,0.36926403641700745,0.381670743227005,0.2678823433816433,0.35717645784219104,0.36926403641700745,,,,1e-6,carepd_BMCLab_6fold_1,macro_f1_012,false,pretrain_v1_stats_train_clean.pt,runs/pretrain/amass_clean/medium_thindec_100ep/seed2/in_pkd__loss_pk/lightning_logs/version_0/checkpoints/epoch=99-step=11500.ckpt
amass_clean,medium_thindec_100ep,seed42,in_pkd__loss_pk,pkd,pk,carepd_lodo_T-SDU-PD,lodo,the other three,T-SDU-PD,1,0.36876504123210907,0.4916867216428121,0.5296123027801514,0.5176219344139099,0.36876504123210907,0.4916867216428121,0.5296123027801514,,,,0.00001,carepd_BMCLab_6fold_1,macro_f1_012,false,pretrain_v1_stats_train_clean.pt,runs/pretrain/amass_clean/medium_thindec_100ep/seed42/in_pkd__loss_pk/lightning_logs/version_0/checkpoints/epoch=99-step=11500.ckpt
amass_clean,medium_thindec_100ep,seed1,in_pkd__loss_pkd,pkd,pkd,carepd_lodo_T-SDU-PD,lodo,the other three,T-SDU-PD,1,0.32961634546518326,0.4394884606202443,0.5013454556465149,0.5173882246017456,0.32961634546518326,0.4394884606202443,0.5013454556465149,,,,0.00001,carepd_BMCLab_6fold_1,macro_f1_012,false,pretrain_v1_stats_train_clean.pt,runs/pretrain/amass_clean/medium_thindec_100ep/seed1/in_pkd__loss_pkd/lightning_logs/version_0/checkpoints/epoch=99-step=11500.ckpt
amass_clean,medium_thindec_100ep,seed2,in_pkd__loss_pkd,pkd,pkd,carepd_lodo_T-SDU-PD,lodo,the other three,T-SDU-PD,1,0.24555706232786179,0.32740941643714905,0.4483569860458374,0.42291736602783203,0.24555706232786179,0.32740941643714905,0.4483569860458374,,,,1e-6,carepd_BMCLab_6fold_1,macro_f1_012,false,pretrain_v1_stats_train_clean.pt,runs/pretrain/amass_clean/medium_thindec_100ep/seed2/in_pkd__loss_pkd/lightning_logs/version_0/checkpoints/epoch=99-step=11500.ckpt
amass_clean,medium_thindec_100ep,seed42,in_pkd__loss_pkd,pkd,pkd,carepd_lodo_T-SDU-PD,lodo,the other three,T-SDU-PD,1,0.31525086611509323,0.42033448815345764,0.5001164078712463,0.5065909624099731,0.31525086611509323,0.42033448815345764,0.5001164078712463,,,,0.00003,carepd_BMCLab_6fold_1,macro_f1_012,false,pretrain_v1_stats_train_clean.pt,runs/pretrain/amass_clean/medium_thindec_100ep/seed42/in_pkd__loss_pkd/lightning_logs/version_0/checkpoints/epoch=99-step=11500.ckpt
amass_clean,medium_thindec_100ep,seed1,in_p__loss_p,p,p,carepd_3DGait_loso,loso,3DGait,3DGait,43,0.22478696703910828,0.29971595605214435,0.29276975989341736,0.30788654088974,0.10116279177194418,0.13488372236259225,0.9302325581395349,0.134291958621625,0.1790559448288333,0.15741193111573792,0.0001,carepd_BMCLab_6fold_1,macro_f1_012,false,pretrain_v1_stats_train_clean.pt,runs/pretrain/amass_clean/medium_thindec_100ep/seed1/in_p__loss_p/lightning_logs/version_0/checkpoints/epoch=94-step=10925.ckpt
amass_clean,medium_thindec_100ep,seed2,in_p__loss_p,p,p,carepd_3DGait_loso,loso,3DGait,3DGait,43,0.2089649774134159,0.27861996988455456,0.26840636134147644,0.2963331341743469,0.1007751954156299,0.13436692722083987,0.9302325581395349,0.11722956635765512,0.1563060884768735,0.14765610580465457,0.00003,carepd_BMCLab_6fold_1,macro_f1_012,false,pretrain_v1_stats_train_clean.pt,runs/pretrain/amass_clean/medium_thindec_100ep/seed2/in_p__loss_p/lightning_logs/version_0/checkpoints/epoch=99-step=11500.ckpt
amass_clean,medium_thindec_100ep,seed42,in_p__loss_p,p,p,carepd_3DGait_loso,loso,3DGait,3DGait,43,0.30989011749625206,0.31794872383276623,0.29478719830513,0.3233056962490082,0.13217054428749306,0.16330749558848004,0.9418604651162791,0.14101837460016586,0.1897976106436037,0.13180533651226664,0.00003,carepd_BMCLab_6fold_1,macro_f1_012,false,pretrain_v1_stats_train_clean.pt,runs/pretrain/amass_clean/medium_thindec_100ep/seed42/in_p__loss_p/lightning_logs/version_0/checkpoints/epoch=94-step=10925.ckpt
amass_clean,medium_thindec_100ep,seed1,in_p__loss_pk,p,pk,carepd_3DGait_loso,loso,3DGait,3DGait,43,0.2602517791092396,0.34700237214565277,0.2879132628440857,0.32547661662101746,0.12248062203789867,0.16330749605053155,0.9244186046511628,0.13881984316075568,0.18509312421434093,0.1497506232689374,1e-6,carepd_BMCLab_6fold_1,macro_f1_012,false,pretrain_v1_stats_train_clean.pt,runs/pretrain/amass_clean/medium_thindec_100ep/seed1/in_p__loss_pk/lightning_logs/version_0/checkpoints/epoch=99-step=11500.ckpt
amass_clean,medium_thindec_100ep,seed2,in_p__loss_pk,p,pk,carepd_3DGait_loso,loso,3DGait,3DGait,43,0.3182101882994175,0.3798358043034871,0.305674284696579,0.32979315519332886,0.14031007920586785,0.17932816762332768,0.9302325581395349,0.13907444260555915,0.18613904751369142,0.1372083638310904,0.00003,carepd_BMCLab_6fold_1,macro_f1_012,false,pretrain_v1_stats_train_clean.pt,runs/pretrain/amass_clean/medium_thindec_100ep/seed2/in_p__loss_pk/lightning_logs/version_0/checkpoints/epoch=99-step=11500.ckpt
amass_clean,medium_thindec_100ep,seed42,in_p__loss_pk,p,pk,carepd_3DGait_loso,loso,3DGait,3DGait,43,0.25429894030094147,0.3390652537345886,0.30352237820625305,0.3235650062561035,0.1151162805252297,0.1534883740336396,0.9244186046511628,0.13102233161102636,0.17469644214803512,0.1593782910111214,1e-6,carepd_BMCLab_6fold_1,macro_f1_012,false,pretrain_v1_stats_train_clean.pt,runs/pretrain/amass_clean/medium_thindec_100ep/seed42/in_p__loss_pk/lightning_logs/version_0/checkpoints/epoch=99-step=11500.ckpt
amass_clean,medium_thindec_100ep,seed1,in_p__loss_pkd,p,pkd,carepd_3DGait_loso,loso,3DGait,3DGait,43,0.32512056827545166,0.43349409103393555,0.33669906854629517,0.3738303780555725,0.14224806323994038,0.1896640843199205,0.9302325581395349,0.1435264867395533,0.19136864898607103,0.14765610580465457,0.001,carepd_BMCLab_6fold_1,macro_f1_012,false,pretrain_v1_stats_train_clean.pt,runs/pretrain/amass_clean/medium_thindec_100ep/seed1/in_p__loss_pkd/lightning_logs/version_0/checkpoints/epoch=99-step=11500.ckpt
amass_clean,medium_thindec_100ep,seed2,in_p__loss_pkd,p,pkd,carepd_3DGait_loso,loso,3DGait,3DGait,43,0.31999916955828667,0.3849988927443822,0.3245539367198944,0.35625725984573364,0.12403100936911828,0.16020672034847644,0.9186046511627907,0.1316009649342441,0.1770194242205278,0.16110601944577096,0.0003,carepd_BMCLab_6fold_1,macro_f1_012,false,pretrain_v1_stats_train_clean.pt,runs/pretrain/amass_clean/medium_thindec_100ep/seed2/in_p__loss_pkd/lightning_logs/version_0/checkpoints/epoch=99-step=11500.ckpt
amass_clean,medium_thindec_100ep,seed42,in_p__loss_pkd,p,pkd,carepd_3DGait_loso,loso,3DGait,3DGait,43,0.2889423109591007,0.3852564146121343,0.30269742012023926,0.3418947160243988,0.13604651270217674,0.181395350269569,0.9069767441860465,0.14651734088877805,0.19535645451837075,0.1727168737961326,0.00001,carepd_BMCLab_6fold_1,macro_f1_012,false,pretrain_v1_stats_train_clean.pt,runs/pretrain/amass_clean/medium_thindec_100ep/seed42/in_p__loss_pkd/lightning_logs/version_0/checkpoints/epoch=99-step=11500.ckpt
amass_clean,medium_thindec_100ep,seed1,in_pk__loss_p,pk,p,carepd_3DGait_loso,loso,3DGait,3DGait,43,0.22126436978578568,0.2950191597143809,0.3359268009662628,0.3792423903942108,0.1281838333883951,0.17091177785119344,0.936046511627907,0.11818957305097343,0.1575860974012979,0.11037036211220666,0.03,carepd_BMCLab_6fold_1,macro_f1_012,false,pretrain_v1_stats_train_clean.pt,runs/pretrain/amass_clean/medium_thindec_100ep/seed1/in_pk__loss_p/lightning_logs/version_0/checkpoints/epoch=94-step=10925.ckpt
amass_clean,medium_thindec_100ep,seed2,in_pk__loss_p,pk,p,carepd_3DGait_loso,loso,3DGait,3DGait,43,0.29483283311128616,0.39311044414838153,0.33496183156967163,0.3461688756942749,0.142248063586479,0.189664084781972,0.9476744186046512,0.1400278148121387,0.18670375308285156,0.12861602524203075,0.0003,carepd_BMCLab_6fold_1,macro_f1_012,false,pretrain_v1_stats_train_clean.pt,runs/pretrain/amass_clean/medium_thindec_100ep/seed2/in_pk__loss_p/lightning_logs/version_0/checkpoints/epoch=99-step=11500.ckpt
amass_clean,medium_thindec_100ep,seed42,in_pk__loss_p,pk,p,carepd_3DGait_loso,loso,3DGait,3DGait,43,0.21989674121141434,0.29319565494855243,0.28024235367774963,0.2778949737548828,0.10503876122624375,0.14005168163499165,0.9069767441860465,0.12994376571786448,0.17325835429048597,0.1727168737961326,3e-6,carepd_BMCLab_6fold_1,macro_f1_012,false,pretrain_v1_stats_train_clean.pt,runs/pretrain/amass_clean/medium_thindec_100ep/seed42/in_pk__loss_p/lightning_logs/version_0/checkpoints/epoch=94-step=10925.ckpt
amass_clean,medium_thindec_100ep,seed1,in_pk__loss_pk,pk,pk,carepd_3DGait_loso,loso,3DGait,3DGait,43,0.3238070011138916,0.34840933481852215,0.3696478605270386,0.39798039197921753,0.1321705435944158,0.16330749466437702,0.936046511627907,0.13745587813496282,0.18509312376262602,0.12311704719075299,0.0003,carepd_BMCLab_6fold_1,macro_f1_012,false,pretrain_v1_stats_train_clean.pt,runs/pretrain/amass_clean/medium_thindec_100ep/seed1/in_pk__loss_pk/lightning_logs/version_0/checkpoints/epoch=99-step=11500.ckpt
amass_clean,medium_thindec_100ep,seed2,in_pk__loss_pk,pk,pk,carepd_3DGait_loso,loso,3DGait,3DGait,43,0.34568294137716293,0.4192439218362172,0.3518962860107422,0.3617802560329437,0.1461240330407786,0.18966408524402353,0.9476744186046512,0.13465796446875686,0.18191927609709407,0.12861602524203075,0.00001,carepd_BMCLab_6fold_1,macro_f1_012,false,pretrain_v1_stats_train_clean.pt,runs/pretrain/amass_clean/medium_thindec_100ep/seed2/in_pk__loss_pk/lightning_logs/version_0/checkpoints/epoch=99-step=11500.ckpt
amass_clean,medium_thindec_100ep,seed42,in_pk__loss_pk,pk,pk,carepd_3DGait_loso,loso,3DGait,3DGait,43,0.38968832045793533,0.44115305443604785,0.36928823590278625,0.38926926255226135,0.16705426556426425,0.2098191239575083,0.936046511627907,0.14181777056428432,0.19405038394538018,0.12311704719075299,0.00001,carepd_BMCLab_6fold_1,macro_f1_012,false,pretrain_v1_stats_train_clean.pt,runs/pretrain/amass_clean/medium_thindec_100ep/seed42/in_pk__loss_pk/lightning_logs/version_0/checkpoints/epoch=99-step=11500.ckpt
amass_clean,medium_thindec_100ep,seed1,in_pk__loss_pkd,pk,pkd,carepd_3DGait_loso,loso,3DGait,3DGait,43,0.23747090995311737,0.3166278799374898,0.2605864107608795,0.296293705701828,0.10542635792909666,0.14056847723879556,0.9186046511627907,0.1311689882118438,0.17489198428245842,0.16110601944577096,0.0001,carepd_BMCLab_6fold_1,macro_f1_012,false,pretrain_v1_stats_train_clean.pt,runs/pretrain/amass_clean/medium_thindec_100ep/seed1/in_pk__loss_pkd/lightning_logs/version_0/checkpoints/epoch=99-step=11500.ckpt
amass_clean,medium_thindec_100ep,seed2,in_pk__loss_pkd,pk,pkd,carepd_3DGait_loso,loso,3DGait,3DGait,43,0.251596424728632,0.33546189963817596,0.30524808168411255,0.3266347646713257,0.11666666820298793,0.1555555576039839,0.9069767441860465,0.13123346514811585,0.1749779535308211,0.1727168737961326,1e-6,carepd_BMCLab_6fold_1,macro_f1_012,false,pretrain_v1_stats_train_clean.pt,runs/pretrain/amass_clean/medium_thindec_100ep/seed2/in_pk__loss_pkd/lightning_logs/version_0/checkpoints/epoch=99-step=11500.ckpt
amass_clean,medium_thindec_100ep,seed42,in_pk__loss_pkd,pk,pkd,carepd_3DGait_loso,loso,3DGait,3DGait,43,0.2823368087410927,0.3764490783214569,0.310416579246521,0.329962819814682,0.12286821839421294,0.16382429119228392,0.9244186046511628,0.1434192832086354,0.1912257109448472,0.1497506232689374,3e-6,carepd_BMCLab_6fold_1,macro_f1_012,false,pretrain_v1_stats_train_clean.pt,runs/pretrain/amass_clean/medium_thindec_100ep/seed42/in_pk__loss_pkd/lightning_logs/version_0/checkpoints/epoch=99-step=11500.ckpt
amass_clean,medium_thindec_100ep,seed1,in_pkd__loss_p,pkd,p,carepd_3DGait_loso,loso,3DGait,3DGait,43,0.24490566179156303,0.32654088238875073,0.2675415277481079,0.3033910393714905,0.11932447518027106,0.1590993002403614,0.9244186046511628,0.1462994284711074,0.1950659046281432,0.1497506232689374,1e-6,carepd_BMCLab_6fold_1,macro_f1_012,false,pretrain_v1_stats_train_clean.pt,runs/pretrain/amass_clean/medium_thindec_100ep/seed1/in_pkd__loss_p/lightning_logs/version_0/checkpoints/epoch=99-step=11500.ckpt
amass_clean,medium_thindec_100ep,seed2,in_pkd__loss_p,pkd,p,carepd_3DGait_loso,loso,3DGait,3DGait,43,0.28346338495612144,0.37795117994149524,0.2908731997013092,0.2957932949066162,0.13449612571749575,0.17932816762332768,0.9302325581395349,0.13960428563526858,0.18613904751369142,0.15741193111573792,1e-6,carepd_BMCLab_6fold_1,macro_f1_012,false,pretrain_v1_stats_train_clean.pt,runs/pretrain/amass_clean/medium_thindec_100ep/seed2/in_pkd__loss_p/lightning_logs/version_0/checkpoints/epoch=94-step=10925.ckpt
amass_clean,medium_thindec_100ep,seed42,in_pkd__loss_p,pkd,p,carepd_3DGait_loso,loso,3DGait,3DGait,43,0.22529200837016106,0.3003893444935481,0.26347407698631287,0.3023117184638977,0.11434108677298524,0.1524547823639803,0.9069767441860465,0.14321430123491719,0.19095240164655625,0.16387473270067815,1e-6,carepd_BMCLab_6fold_1,macro_f1_012,false,pretrain_v1_stats_train_clean.pt,runs/pretrain/amass_clean/medium_thindec_100ep/seed42/in_pkd__loss_p/lightning_logs/version_0/checkpoints/epoch=99-step=11500.ckpt
amass_clean,medium_thindec_100ep,seed1,in_pkd__loss_pk,pkd,pk,carepd_3DGait_loso,loso,3DGait,3DGait,43,0.36389345675706863,0.4150158365567525,0.37701722979545593,0.4254716634750366,0.14767442037199818,0.18397933036782022,0.9476744186046512,0.138136760323749,0.18745647903281007,0.11647270698695131,0.00003,carepd_BMCLab_6fold_1,macro_f1_012,false,pretrain_v1_stats_train_clean.pt,runs/pretrain/amass_clean/medium_thindec_100ep/seed1/in_pkd__loss_pk/lightning_logs/version_0/checkpoints/epoch=99-step=11500.ckpt
amass_clean,medium_thindec_100ep,seed2,in_pkd__loss_pk,pkd,pk,carepd_3DGait_loso,loso,3DGait,3DGait,43,0.3105590119957924,0.3664596329132716,0.3588821589946747,0.39170342683792114,0.12552602606457333,0.16220007594241653,0.9127906976744186,0.1174901821819798,0.158456021013316,0.17151045478886298,1e-6,carepd_BMCLab_6fold_1,macro_f1_012,false,pretrain_v1_stats_train_clean.pt,runs/pretrain/amass_clean/medium_thindec_100ep/seed2/in_pkd__loss_pk/lightning_logs/version_0/checkpoints/epoch=99-step=11500.ckpt
amass_clean,medium_thindec_100ep,seed42,in_pkd__loss_pk,pkd,pk,carepd_3DGait_loso,loso,3DGait,3DGait,43,0.3529202342033386,0.47056031227111816,0.33813875913619995,0.37098878622055054,0.16196013467256412,0.2159468462300855,0.9302325581395349,0.14615292017393816,0.19487056023191754,0.14765610580465457,0.00001,carepd_BMCLab_6fold_1,macro_f1_012,false,pretrain_v1_stats_train_clean.pt,runs/pretrain/amass_clean/medium_thindec_100ep/seed42/in_pkd__loss_pk/lightning_logs/version_0/checkpoints/epoch=99-step=11500.ckpt
amass_clean,medium_thindec_100ep,seed1,in_pkd__loss_pkd,pkd,pkd,carepd_3DGait_loso,loso,3DGait,3DGait,43,0.3111925274133682,0.3732567032178243,0.32261863350868225,0.36502230167388916,0.14767442037199818,0.19173126835231633,0.9418604651162791,0.14851920760942455,0.20023638360526239,0.15272533413122003,0.00001,carepd_BMCLab_6fold_1,macro_f1_012,false,pretrain_v1_stats_train_clean.pt,runs/pretrain/amass_clean/medium_thindec_100ep/seed1/in_pkd__loss_pkd/lightning_logs/version_0/checkpoints/epoch=99-step=11500.ckpt
amass_clean,medium_thindec_100ep,seed2,in_pkd__loss_pkd,pkd,pkd,carepd_3DGait_loso,loso,3DGait,3DGait,43,0.24280627071857452,0.3237416942914327,0.29616808891296387,0.3328045606613159,0.11899224963299064,0.1586563328439875,0.936046511627907,0.1299970190046587,0.17332935867287827,0.13466253296726813,1e-6,carepd_BMCLab_6fold_1,macro_f1_012,false,pretrain_v1_stats_train_clean.pt,runs/pretrain/amass_clean/medium_thindec_100ep/seed2/in_pkd__loss_pkd/lightning_logs/version_0/checkpoints/epoch=99-step=11500.ckpt
amass_clean,medium_thindec_100ep,seed42,in_pkd__loss_pkd,pkd,pkd,carepd_3DGait_loso,loso,3DGait,3DGait,43,0.31070380099117756,0.37723469734191895,0.3184923827648163,0.33263733983039856,0.1375969007264736,0.1757105963174687,0.9244186046511628,0.1531025277220633,0.20463839210891882,0.1497506232689374,0.00003,carepd_BMCLab_6fold_1,macro_f1_012,false,pretrain_v1_stats_train_clean.pt,runs/pretrain/amass_clean/medium_thindec_100ep/seed42/in_pkd__loss_pkd/lightning_logs/version_0/checkpoints/epoch=99-step=11500.ckpt
amass_clean,medium_thindec_100ep,seed1,in_p__loss_p,p,p,carepd_BMCLab_loso,loso,BMCLab,BMCLab,23,0.4426300898194313,0.5901734530925751,0.5782154202461243,0.5848657488822937,0.20564301214788272,0.2741906828638436,0.9196831635806871,0.10299287648012713,0.13732383530683617,0.16311439032547909,0.0001,carepd_BMCLab_6fold_1,macro_f1_012,false,pretrain_v1_stats_train_clean.pt,runs/pretrain/amass_clean/medium_thindec_100ep/seed1/in_p__loss_p/lightning_logs/version_0/checkpoints/epoch=94-step=10925.ckpt
amass_clean,medium_thindec_100ep,seed2,in_p__loss_p,p,p,carepd_BMCLab_loso,loso,BMCLab,BMCLab,23,0.42335139960050583,0.5644685328006744,0.5386584997177124,0.5512732863426208,0.19140737447077813,0.2552098326277042,0.9196920343067335,0.09064958415993761,0.12086611221325015,0.1484035718029549,0.00003,carepd_BMCLab_6fold_1,macro_f1_012,false,pretrain_v1_stats_train_clean.pt,runs/pretrain/amass_clean/medium_thindec_100ep/seed2/in_p__loss_p/lightning_logs/version_0/checkpoints/epoch=99-step=11500.ckpt
amass_clean,medium_thindec_100ep,seed42,in_p__loss_p,p,p,carepd_BMCLab_loso,loso,BMCLab,BMCLab,23,0.43147553503513336,0.5753007133801779,0.5327417254447937,0.5426115989685059,0.19337608705720175,0.2578347827429357,0.8892073164815488,0.10689564809529041,0.14252753079372055,0.19251828821905598,0.00003,carepd_BMCLab_6fold_1,macro_f1_012,false,pretrain_v1_stats_train_clean.pt,runs/pretrain/amass_clean/medium_thindec_100ep/seed42/in_p__loss_p/lightning_logs/version_0/checkpoints/epoch=94-step=10925.ckpt
amass_clean,medium_thindec_100ep,seed1,in_p__loss_pk,p,pk,carepd_BMCLab_loso,loso,BMCLab,BMCLab,23,0.43820441514253616,0.5842725535233816,0.5673415064811707,0.5856055021286011,0.19391294358217198,0.25855059144289594,0.9014119454052137,0.10397056800605327,0.13862742400807102,0.17152651107529102,1e-6,carepd_BMCLab_6fold_1,macro_f1_012,false,pretrain_v1_stats_train_clean.pt,runs/pretrain/amass_clean/medium_thindec_100ep/seed1/in_p__loss_pk/lightning_logs/version_0/checkpoints/epoch=99-step=11500.ckpt
amass_clean,medium_thindec_100ep,seed2,in_p__loss_pk,p,pk,carepd_BMCLab_loso,loso,BMCLab,BMCLab,23,0.43410441279411316,0.5788058837254842,0.5589292645454407,0.5834509134292603,0.20222376610921777,0.26963168814562366,0.9260740824367689,0.10403805317678753,0.1387174042357167,0.12557238966769882,0.00003,carepd_BMCLab_6fold_1,macro_f1_012,false,pretrain_v1_stats_train_clean.pt,runs/pretrain/amass_clean/medium_thindec_100ep/seed2/in_p__loss_pk/lightning_logs/version_0/checkpoints/epoch=99-step=11500.ckpt
amass_clean,medium_thindec_100ep,seed42,in_p__loss_pk,p,pk,carepd_BMCLab_loso,loso,BMCLab,BMCLab,23,0.4405027851462364,0.5873370468616486,0.5756245255470276,0.5758109092712402,0.19625992117368657,0.2616798948982487,0.8946768537811611,0.08128894162161714,0.10838525549548951,0.1860170871900056,1e-6,carepd_BMCLab_6fold_1,macro_f1_012,false,pretrain_v1_stats_train_clean.pt,runs/pretrain/amass_clean/medium_thindec_100ep/seed42/in_p__loss_pk/lightning_logs/version_0/checkpoints/epoch=99-step=11500.ckpt
amass_clean,medium_thindec_100ep,seed1,in_p__loss_pkd,p,pkd,carepd_BMCLab_loso,loso,BMCLab,BMCLab,23,0.4249068647623062,0.5665424863497416,0.5499275326728821,0.5921432971954346,0.203320502910925,0.27109400388123334,0.9278171425280364,0.10405606670808129,0.1387414222774417,0.13117027661536607,0.001,carepd_BMCLab_6fold_1,macro_f1_012,false,pretrain_v1_stats_train_clean.pt,runs/pretrain/amass_clean/medium_thindec_100ep/seed1/in_p__loss_pkd/lightning_logs/version_0/checkpoints/epoch=99-step=11500.ckpt
amass_clean,medium_thindec_100ep,seed2,in_p__loss_pkd,p,pkd,carepd_BMCLab_loso,loso,BMCLab,BMCLab,23,0.44134486466646194,0.5884598195552826,0.5842484831809998,0.6157156229019165,0.20047839957734812,0.2673045327697975,0.929210056429324,0.10125926853091935,0.1350123580412258,0.14048810736612707,0.0003,carepd_BMCLab_6fold_1,macro_f1_012,false,pretrain_v1_stats_train_clean.pt,runs/pretrain/amass_clean/medium_thindec_100ep/seed2/in_p__loss_pkd/lightning_logs/version_0/checkpoints/epoch=99-step=11500.ckpt
amass_clean,medium_thindec_100ep,seed42,in_p__loss_pkd,p,pkd,carepd_BMCLab_loso,loso,BMCLab,BMCLab,23,0.420452356338501,0.560603141784668,0.5302715301513672,0.5322507619857788,0.18965200237605884,0.25286933650141175,0.9135518151780834,0.07386141904350184,0.09848189205800245,0.16241622870164918,0.00001,carepd_BMCLab_6fold_1,macro_f1_012,false,pretrain_v1_stats_train_clean.pt,runs/pretrain/amass_clean/medium_thindec_100ep/seed42/in_p__loss_pkd/lightning_logs/version_0/checkpoints/epoch=99-step=11500.ckpt
amass_clean,medium_thindec_100ep,seed1,in_pk__loss_p,pk,p,carepd_BMCLab_loso,loso,BMCLab,BMCLab,23,0.3311843276023865,0.44157910346984863,0.4571042060852051,0.4652184844017029,0.16806394307185774,0.22408525742914365,0.9259495605593142,0.11322119021345016,0.15096158695126688,0.14522444368898108,0.03,carepd_BMCLab_6fold_1,macro_f1_012,false,pretrain_v1_stats_train_clean.pt,runs/pretrain/amass_clean/medium_thindec_100ep/seed1/in_pk__loss_p/lightning_logs/version_0/checkpoints/epoch=94-step=10925.ckpt
amass_clean,medium_thindec_100ep,seed2,in_pk__loss_p,pk,p,carepd_BMCLab_loso,loso,BMCLab,BMCLab,23,0.4053529277443886,0.5404705703258514,0.5228903889656067,0.528555691242218,0.19557418419129174,0.2607655789217223,0.9281565650649692,0.09762197922960301,0.13016263897280403,0.12684981611039778,0.0003,carepd_BMCLab_6fold_1,macro_f1_012,false,pretrain_v1_stats_train_clean.pt,runs/pretrain/amass_clean/medium_thindec_100ep/seed2/in_pk__loss_p/lightning_logs/version_0/checkpoints/epoch=99-step=11500.ckpt
amass_clean,medium_thindec_100ep,seed42,in_pk__loss_p,pk,p,carepd_BMCLab_loso,loso,BMCLab,BMCLab,23,0.4276113063097,0.5701484084129333,0.5689217448234558,0.5641028881072998,0.18935171373026527,0.25246895164035366,0.9155425299768862,0.09414898373155872,0.12553197830874496,0.1510250644017235,3e-6,carepd_BMCLab_6fold_1,macro_f1_012,false,pretrain_v1_stats_train_clean.pt,runs/pretrain/amass_clean/medium_thindec_100ep/seed42/in_pk__loss_p/lightning_logs/version_0/checkpoints/epoch=94-step=10925.ckpt
amass_clean,medium_thindec_100ep,seed1,in_pk__loss_pk,pk,pk,carepd_BMCLab_loso,loso,BMCLab,BMCLab,23,0.42564280331134796,0.567523737748464,0.5384241938591003,0.5690487623214722,0.20041554603401734,0.26722072804535646,0.9163075128327245,0.09916522910463621,0.13222030547284827,0.15579484402229002,0.0003,carepd_BMCLab_6fold_1,macro_f1_012,false,pretrain_v1_stats_train_clean.pt,runs/pretrain/amass_clean/medium_thindec_100ep/seed1/in_pk__loss_pk/lightning_logs/version_0/checkpoints/epoch=99-step=11500.ckpt
amass_clean,medium_thindec_100ep,seed2,in_pk__loss_pk,pk,pk,carepd_BMCLab_loso,loso,BMCLab,BMCLab,23,0.41084013134241104,0.5477868417898814,0.5145329833030701,0.5314793586730957,0.18849479965865612,0.25132639954487485,0.90678921730622,0.0975375243112692,0.1300500324150256,0.16132687945744195,0.00001,carepd_BMCLab_6fold_1,macro_f1_012,false,pretrain_v1_stats_train_clean.pt,runs/pretrain/amass_clean/medium_thindec_100ep/seed2/in_pk__loss_pk/lightning_logs/version_0/checkpoints/epoch=99-step=11500.ckpt
amass_clean,medium_thindec_100ep,seed42,in_pk__loss_pk,pk,pk,carepd_BMCLab_loso,loso,BMCLab,BMCLab,23,0.4310135915875435,0.5746847887833914,0.5417582988739014,0.5583127737045288,0.2000588529297839,0.2667451372397119,0.9100093997043112,0.094545829730722,0.12606110630762932,0.1491975113177691,0.00001,carepd_BMCLab_6fold_1,macro_f1_012,false,pretrain_v1_stats_train_clean.pt,runs/pretrain/amass_clean/medium_thindec_100ep/seed42/in_pk__loss_pk/lightning_logs/version_0/checkpoints/epoch=99-step=11500.ckpt
amass_clean,medium_thindec_100ep,seed1,in_pk__loss_pkd,pk,pkd,carepd_BMCLab_loso,loso,BMCLab,BMCLab,23,0.3969259634613991,0.5292346179485321,0.5138704776763916,0.5234020948410034,0.18084841828955256,0.24113122438607007,0.9104564319486204,0.10701044460825107,0.14268059281100143,0.15045777496678803,0.0001,carepd_BMCLab_6fold_1,macro_f1_012,false,pretrain_v1_stats_train_clean.pt,runs/pretrain/amass_clean/medium_thindec_100ep/seed1/in_pk__loss_pkd/lightning_logs/version_0/checkpoints/epoch=99-step=11500.ckpt
amass_clean,medium_thindec_100ep,seed2,in_pk__loss_pkd,pk,pkd,carepd_BMCLab_loso,loso,BMCLab,BMCLab,23,0.35747362673282623,0.476631502310435,0.483812540769577,0.4698496460914612,0.1645874013395413,0.21944986845272174,0.885377295639204,0.09413123599376685,0.1255083146583558,0.20404977403378055,1e-6,carepd_BMCLab_6fold_1,macro_f1_012,false,pretrain_v1_stats_train_clean.pt,runs/pretrain/amass_clean/medium_thindec_100ep/seed2/in_pk__loss_pkd/lightning_logs/version_0/checkpoints/epoch=99-step=11500.ckpt
amass_clean,medium_thindec_100ep,seed42,in_pk__loss_pkd,pk,pkd,carepd_BMCLab_loso,loso,BMCLab,BMCLab,23,0.42116160690784454,0.5615488092104594,0.49292993545532227,0.5003204941749573,0.19218998131058787,0.25625330841411714,0.898029511389525,0.09298991595264652,0.12398655460352868,0.18649201583626968,3e-6,carepd_BMCLab_6fold_1,macro_f1_012,false,pretrain_v1_stats_train_clean.pt,runs/pretrain/amass_clean/medium_thindec_100ep/seed42/in_pk__loss_pkd/lightning_logs/version_0/checkpoints/epoch=99-step=11500.ckpt
amass_clean,medium_thindec_100ep,seed1,in_pkd__loss_p,pkd,p,carepd_BMCLab_loso,loso,BMCLab,BMCLab,23,0.4289223402738571,0.5718964536984762,0.5032563805580139,0.5256810188293457,0.1925050191095342,0.25667335881271225,0.901161499645399,0.10388102672349986,0.13850803563133313,0.16608445130979416,1e-6,carepd_BMCLab_6fold_1,macro_f1_012,false,pretrain_v1_stats_train_clean.pt,runs/pretrain/amass_clean/medium_thindec_100ep/seed1/in_pkd__loss_p/lightning_logs/version_0/checkpoints/epoch=99-step=11500.ckpt
amass_clean,medium_thindec_100ep,seed2,in_pkd__loss_p,pkd,p,carepd_BMCLab_loso,loso,BMCLab,BMCLab,23,0.4302923008799553,0.5737230678399404,0.4997228682041168,0.4981674551963806,0.198334238572937,0.26444565143058263,0.9006958215133004,0.0951735151672107,0.1268980202229476,0.16750072751288445,1e-6,carepd_BMCLab_6fold_1,macro_f1_012,false,pretrain_v1_stats_train_clean.pt,runs/pretrain/amass_clean/medium_thindec_100ep/seed2/in_pkd__loss_p/lightning_logs/version_0/checkpoints/epoch=94-step=10925.ckpt
amass_clean,medium_thindec_100ep,seed42,in_pkd__loss_p,pkd,p,carepd_BMCLab_loso,loso,BMCLab,BMCLab,23,0.43103401362895966,0.5747120181719462,0.5416004657745361,0.5449714660644531,0.19713489695087724,0.2628465292678363,0.9059788714284482,0.10072896645417637,0.13430528860556848,0.16020154324084523,1e-6,carepd_BMCLab_6fold_1,macro_f1_012,false,pretrain_v1_stats_train_clean.pt,runs/pretrain/amass_clean/medium_thindec_100ep/seed42/in_pkd__loss_p/lightning_logs/version_0/checkpoints/epoch=99-step=11500.ckpt
amass_clean,medium_thindec_100ep,seed1,in_pkd__loss_pk,pkd,pk,carepd_BMCLab_loso,loso,BMCLab,BMCLab,23,0.4550522416830063,0.6067363222440084,0.526232898235321,0.5404264330863953,0.21363516200495802,0.28484688267327735,0.9218796698943429,0.10681762254175066,0.1424234967223342,0.14311680719863615,0.00003,carepd_BMCLab_6fold_1,macro_f1_012,false,pretrain_v1_stats_train_clean.pt,runs/pretrain/amass_clean/medium_thindec_100ep/seed1/in_pkd__loss_pk/lightning_logs/version_0/checkpoints/epoch=99-step=11500.ckpt
amass_clean,medium_thindec_100ep,seed2,in_pkd__loss_pk,pkd,pk,carepd_BMCLab_loso,loso,BMCLab,BMCLab,23,0.4419182687997818,0.5892243583997091,0.5292049050331116,0.5395419001579285,0.20762678170981613,0.2768357089464215,0.8989601511022319,0.09143924306596302,0.12191899075461735,0.17635926459637868,1e-6,carepd_BMCLab_6fold_1,macro_f1_012,false,pretrain_v1_stats_train_clean.pt,runs/pretrain/amass_clean/medium_thindec_100ep/seed2/in_pkd__loss_pk/lightning_logs/version_0/checkpoints/epoch=99-step=11500.ckpt
amass_clean,medium_thindec_100ep,seed42,in_pkd__loss_pk,pkd,pk,carepd_BMCLab_loso,loso,BMCLab,BMCLab,23,0.4343822970986366,0.5791763961315155,0.5147764086723328,0.5233100652694702,0.2062624859340165,0.275016647912022,0.9183332220367764,0.09729970833734651,0.12973294444979533,0.14179925033234125,0.00001,carepd_BMCLab_6fold_1,macro_f1_012,false,pretrain_v1_stats_train_clean.pt,runs/pretrain/amass_clean/medium_thindec_100ep/seed42/in_pkd__loss_pk/lightning_logs/version_0/checkpoints/epoch=99-step=11500.ckpt
amass_clean,medium_thindec_100ep,seed1,in_pkd__loss_pkd,pkd,pkd,carepd_BMCLab_loso,loso,BMCLab,BMCLab,23,0.398285947740078,0.531047930320104,0.4932950437068939,0.5164535045623779,0.19195536410678987,0.25594048547571985,0.9120487674422886,0.10204577780201626,0.13606103706935502,0.15041098185014481,0.00001,carepd_BMCLab_6fold_1,macro_f1_012,false,pretrain_v1_stats_train_clean.pt,runs/pretrain/amass_clean/medium_thindec_100ep/seed1/in_pkd__loss_pkd/lightning_logs/version_0/checkpoints/epoch=99-step=11500.ckpt
amass_clean,medium_thindec_100ep,seed2,in_pkd__loss_pkd,pkd,pkd,carepd_BMCLab_loso,loso,BMCLab,BMCLab,23,0.3924308717250824,0.5232411623001099,0.4608196020126343,0.4618527889251709,0.18922087072354296,0.2522944942980573,0.8991693128710208,0.10529743874768932,0.1403965849969191,0.17157249498036714,1e-6,carepd_BMCLab_6fold_1,macro_f1_012,false,pretrain_v1_stats_train_clean.pt,runs/pretrain/amass_clean/medium_thindec_100ep/seed2/in_pkd__loss_pkd/lightning_logs/version_0/checkpoints/epoch=99-step=11500.ckpt
amass_clean,medium_thindec_100ep,seed42,in_pkd__loss_pkd,pkd,pkd,carepd_BMCLab_loso,loso,BMCLab,BMCLab,23,0.40965213626623154,0.5462028483549753,0.4899044930934906,0.5034869909286499,0.19450113225890242,0.2593348430118699,0.9125052120374597,0.10981393409889516,0.14641857879852688,0.159637181896811,0.00003,carepd_BMCLab_6fold_1,macro_f1_012,false,pretrain_v1_stats_train_clean.pt,runs/pretrain/amass_clean/medium_thindec_100ep/seed42/in_pkd__loss_pkd/lightning_logs/version_0/checkpoints/epoch=99-step=11500.ckpt
amass_clean,medium_thindec_100ep,seed1,in_p__loss_p,p,p,carepd_PD-GaM_loso,loso,PD-GaM,PD-GaM,30,0.6239267438650131,0.6432230869928995,0.6286337375640869,0.7080183625221252,0.37939203313241404,0.4917497642338276,0.7532005866368612,0.14365523686978496,0.16954473383696905,0.1408197285875493,0.0001,carepd_BMCLab_6fold_1,macro_f1_012,false,pretrain_v1_stats_train_clean.pt,runs/pretrain/amass_clean/medium_thindec_100ep/seed1/in_p__loss_p/lightning_logs/version_0/checkpoints/epoch=94-step=10925.ckpt
amass_clean,medium_thindec_100ep,seed2,in_p__loss_p,p,p,carepd_PD-GaM_loso,loso,PD-GaM,PD-GaM,30,0.6389017254114151,0.6427186330159506,0.6636654734611511,0.7103106379508972,0.37636282859990994,0.48780744299292567,0.7534837394952774,0.14157492843168393,0.1615421011679715,0.14412304156750863,0.00003,carepd_BMCLab_6fold_1,macro_f1_012,false,pretrain_v1_stats_train_clean.pt,runs/pretrain/amass_clean/medium_thindec_100ep/seed2/in_p__loss_p/lightning_logs/version_0/checkpoints/epoch=99-step=11500.ckpt
amass_clean,medium_thindec_100ep,seed42,in_p__loss_p,p,p,carepd_PD-GaM_loso,loso,PD-GaM,PD-GaM,30,0.5782842934131622,0.6409644285837809,0.607912003993988,0.6976051330566406,0.3696963163713614,0.48399595982498594,0.7563476830720901,0.12138606133090839,0.15122211814066214,0.13960748241656756,0.00003,carepd_BMCLab_6fold_1,macro_f1_012,false,pretrain_v1_stats_train_clean.pt,runs/pretrain/amass_clean/medium_thindec_100ep/seed42/in_p__loss_p/lightning_logs/version_0/checkpoints/epoch=94-step=10925.ckpt
amass_clean,medium_thindec_100ep,seed1,in_p__loss_pk,p,pk,carepd_PD-GaM_loso,loso,PD-GaM,PD-GaM,30,0.6741962730884552,0.6553386251131693,0.6713078618049622,0.708033561706543,0.3878939295808474,0.5006575140688154,0.7415805081526439,0.13626534451671643,0.1525930064029902,0.14935798724341937,1e-6,carepd_BMCLab_6fold_1,macro_f1_012,false,pretrain_v1_stats_train_clean.pt,runs/pretrain/amass_clean/medium_thindec_100ep/seed1/in_p__loss_pk/lightning_logs/version_0/checkpoints/epoch=99-step=11500.ckpt
amass_clean,medium_thindec_100ep,seed2,in_p__loss_pk,p,pk,carepd_PD-GaM_loso,loso,PD-GaM,PD-GaM,30,0.6422802656888962,0.6619292497634888,0.6583542823791504,0.7188677191734314,0.3863269460077087,0.5015087808999751,0.7674315641323726,0.12903735543539127,0.15510854753438477,0.13716949064134853,0.00003,carepd_BMCLab_6fold_1,macro_f1_012,false,pretrain_v1_stats_train_clean.pt,runs/pretrain/amass_clean/medium_thindec_100ep/seed2/in_p__loss_pk/lightning_logs/version_0/checkpoints/epoch=99-step=11500.ckpt
amass_clean,medium_thindec_100ep,seed42,in_p__loss_pk,p,pk,carepd_PD-GaM_loso,loso,PD-GaM,PD-GaM,30,0.5995011553168297,0.6564777294794718,0.641297459602356,0.703550398349762,0.3828799275060495,0.5006300263934665,0.7545364379882813,0.11750286102064073,0.14247835024542532,0.14719238099686724,1e-6,carepd_BMCLab_6fold_1,macro_f1_012,false,pretrain_v1_stats_train_clean.pt,runs/pretrain/amass_clean/medium_thindec_100ep/seed42/in_p__loss_pk/lightning_logs/version_0/checkpoints/epoch=99-step=11500.ckpt
amass_clean,medium_thindec_100ep,seed1,in_p__loss_pkd,p,pkd,carepd_PD-GaM_loso,loso,PD-GaM,PD-GaM,30,0.6451908648014069,0.6423057715098063,0.6642678380012512,0.7262758612632751,0.3773757290715973,0.48805652782320974,0.7630545298258463,0.14413767268934008,0.16460817441376094,0.1534122380573583,0.001,carepd_BMCLab_6fold_1,macro_f1_012,false,pretrain_v1_stats_train_clean.pt,runs/pretrain/amass_clean/medium_thindec_100ep/seed1/in_p__loss_pkd/lightning_logs/version_0/checkpoints/epoch=99-step=11500.ckpt
amass_clean,medium_thindec_100ep,seed2,in_p__loss_pkd,p,pkd,carepd_PD-GaM_loso,loso,PD-GaM,PD-GaM,30,0.5887214317917824,0.6400343775749207,0.664008617401123,0.7092772126197815,0.3727355401342114,0.48636343586775993,0.7584049334128697,0.1225604719867191,0.15071124665996388,0.13818336057938954,0.0003,carepd_BMCLab_6fold_1,macro_f1_012,false,pretrain_v1_stats_train_clean.pt,runs/pretrain/amass_clean/medium_thindec_100ep/seed2/in_p__loss_pkd/lightning_logs/version_0/checkpoints/epoch=99-step=11500.ckpt
amass_clean,medium_thindec_100ep,seed42,in_p__loss_pkd,p,pkd,carepd_PD-GaM_loso,loso,PD-GaM,PD-GaM,30,0.579326368868351,0.6391018231709799,0.5779845714569092,0.6866896748542786,0.3785206371297439,0.4950209801395734,0.7436397115389506,0.12162163827973912,0.14969639964233966,0.15174076334638567,0.00001,carepd_BMCLab_6fold_1,macro_f1_012,false,pretrain_v1_stats_train_clean.pt,runs/pretrain/amass_clean/medium_thindec_100ep/seed42/in_p__loss_pkd/lightning_logs/version_0/checkpoints/epoch=99-step=11500.ckpt
amass_clean,medium_thindec_100ep,seed1,in_pk__loss_p,pk,p,carepd_PD-GaM_loso,loso,PD-GaM,PD-GaM,30,0.4748076722025871,0.6330768962701162,0.655795156955719,0.7176409959793091,0.3636540332188209,0.4848720442917612,0.7441647370656331,0.11437317013849888,0.15249756018466518,0.15530494577137524,0.03,carepd_BMCLab_6fold_1,macro_f1_012,false,pretrain_v1_stats_train_clean.pt,runs/pretrain/amass_clean/medium_thindec_100ep/seed1/in_pk__loss_p/lightning_logs/version_0/checkpoints/epoch=94-step=10925.ckpt
amass_clean,medium_thindec_100ep,seed2,in_pk__loss_p,pk,p,carepd_PD-GaM_loso,loso,PD-GaM,PD-GaM,30,0.6420007944107056,0.6380523443222046,0.6336773633956909,0.6984052062034607,0.3762159486611684,0.48651015394263797,0.7540099610884984,0.148121326431608,0.16955942474350177,0.14253941715234844,0.0003,carepd_BMCLab_6fold_1,macro_f1_012,false,pretrain_v1_stats_train_clean.pt,runs/pretrain/amass_clean/medium_thindec_100ep/seed2/in_pk__loss_p/lightning_logs/version_0/checkpoints/epoch=99-step=11500.ckpt
amass_clean,medium_thindec_100ep,seed42,in_pk__loss_p,pk,p,carepd_PD-GaM_loso,loso,PD-GaM,PD-GaM,30,0.5989066287875175,0.6470270156860352,0.6132897138595581,0.6930989027023315,0.37754596372445426,0.4929088075955709,0.7327851980924607,0.13126558644178996,0.1539762271105756,0.1417691029471675,3e-6,carepd_BMCLab_6fold_1,macro_f1_012,false,pretrain_v1_stats_train_clean.pt,runs/pretrain/amass_clean/medium_thindec_100ep/seed42/in_pk__loss_p/lightning_logs/version_0/checkpoints/epoch=94-step=10925.ckpt
amass_clean,medium_thindec_100ep,seed1,in_pk__loss_pk,pk,pk,carepd_PD-GaM_loso,loso,PD-GaM,PD-GaM,30,0.6517223864793777,0.6546774705251058,0.6744669675827026,0.710335373878479,0.3849534905826052,0.49771576515502397,0.7714977016051611,0.14033004032017027,0.15600885855711374,0.1547342600091001,0.0003,carepd_BMCLab_6fold_1,macro_f1_012,false,pretrain_v1_stats_train_clean.pt,runs/pretrain/amass_clean/medium_thindec_100ep/seed1/in_pk__loss_pk/lightning_logs/version_0/checkpoints/epoch=99-step=11500.ckpt
amass_clean,medium_thindec_100ep,seed2,in_pk__loss_pk,pk,pk,carepd_PD-GaM_loso,loso,PD-GaM,PD-GaM,30,0.6637304425239563,0.6585588256518046,0.6386581659317017,0.6952400207519531,0.39218859262764455,0.507362567881743,0.7570453435182571,0.13751577756953856,0.1540247801689763,0.14577220099272753,0.00001,carepd_BMCLab_6fold_1,macro_f1_012,false,pretrain_v1_stats_train_clean.pt,runs/pretrain/amass_clean/medium_thindec_100ep/seed2/in_pk__loss_pk/lightning_logs/version_0/checkpoints/epoch=99-step=11500.ckpt
amass_clean,medium_thindec_100ep,seed42,in_pk__loss_pk,pk,pk,carepd_PD-GaM_loso,loso,PD-GaM,PD-GaM,30,0.6564442962408066,0.661422590414683,0.6562926769256592,0.6993025541305542,0.3858976992468039,0.49971545073721146,0.7471901148557663,0.14441897438035797,0.15900210541395268,0.14508462794431393,0.00001,carepd_BMCLab_6fold_1,macro_f1_012,false,pretrain_v1_stats_train_clean.pt,runs/pretrain/amass_clean/medium_thindec_100ep/seed42/in_pk__loss_pk/lightning_logs/version_0/checkpoints/epoch=99-step=11500.ckpt
amass_clean,medium_thindec_100ep,seed1,in_pk__loss_pkd,pk,pkd,carepd_PD-GaM_loso,loso,PD-GaM,PD-GaM,30,0.6036493256688118,0.6567176183064779,0.59918612241745,0.6768492460250854,0.3893900795529286,0.5095249373051856,0.7534691721200943,0.13753968265019967,0.15627432690968457,0.1512476017974091,0.0001,carepd_BMCLab_6fold_1,macro_f1_012,false,pretrain_v1_stats_train_clean.pt,runs/pretrain/amass_clean/medium_thindec_100ep/seed1/in_pk__loss_pkd/lightning_logs/version_0/checkpoints/epoch=99-step=11500.ckpt
amass_clean,medium_thindec_100ep,seed2,in_pk__loss_pkd,pk,pkd,carepd_PD-GaM_loso,loso,PD-GaM,PD-GaM,30,0.5430809743702412,0.6447428862253824,0.5285029411315918,0.674515962600708,0.37313706763088705,0.49222508470217385,0.71885953048865,0.12016924822853245,0.15735342707023045,0.15239195531073055,1e-6,carepd_BMCLab_6fold_1,macro_f1_012,false,pretrain_v1_stats_train_clean.pt,runs/pretrain/amass_clean/medium_thindec_100ep/seed2/in_pk__loss_pkd/lightning_logs/version_0/checkpoints/epoch=99-step=11500.ckpt
amass_clean,medium_thindec_100ep,seed42,in_pk__loss_pkd,pk,pkd,carepd_PD-GaM_loso,loso,PD-GaM,PD-GaM,30,0.5643695667386055,0.6549317836761475,0.6121599674224854,0.6899609565734863,0.38773893273125093,0.5097542027632396,0.7403848121563593,0.12809773661191567,0.15775040290270498,0.14817649101705946,3e-6,carepd_BMCLab_6fold_1,macro_f1_012,false,pretrain_v1_stats_train_clean.pt,runs/pretrain/amass_clean/medium_thindec_100ep/seed42/in_pk__loss_pkd/lightning_logs/version_0/checkpoints/epoch=99-step=11500.ckpt
amass_clean,medium_thindec_100ep,seed1,in_pkd__loss_p,pkd,p,carepd_PD-GaM_loso,loso,PD-GaM,PD-GaM,30,0.6417952626943588,0.649666408697764,0.5998700261116028,0.6982204914093018,0.3887307013074557,0.5031964908043544,0.7525930354992548,0.13282154351569175,0.1524160428997546,0.14546234066655706,1e-6,carepd_BMCLab_6fold_1,macro_f1_012,false,pretrain_v1_stats_train_clean.pt,runs/pretrain/amass_clean/medium_thindec_100ep/seed1/in_pkd__loss_p/lightning_logs/version_0/checkpoints/epoch=99-step=11500.ckpt
amass_clean,medium_thindec_100ep,seed2,in_pkd__loss_p,pkd,p,carepd_PD-GaM_loso,loso,PD-GaM,PD-GaM,30,0.5483921840786934,0.6336286067962646,0.5734845995903015,0.687221348285675,0.3737048181394736,0.4922413446837001,0.7429632683595021,0.11487208624706907,0.15120394562250564,0.14450117926637326,1e-6,carepd_BMCLab_6fold_1,macro_f1_012,false,pretrain_v1_stats_train_clean.pt,runs/pretrain/amass_clean/medium_thindec_100ep/seed2/in_pkd__loss_p/lightning_logs/version_0/checkpoints/epoch=94-step=10925.ckpt
amass_clean,medium_thindec_100ep,seed42,in_pkd__loss_p,pkd,p,carepd_PD-GaM_loso,loso,PD-GaM,PD-GaM,30,0.6254481077194214,0.6434546113014221,0.6495403051376343,0.7017821669578552,0.37528576763967675,0.48678720974259904,0.7351351489623388,0.12360605159241496,0.1461010201066362,0.13232488748759239,1e-6,carepd_BMCLab_6fold_1,macro_f1_012,false,pretrain_v1_stats_train_clean.pt,runs/pretrain/amass_clean/medium_thindec_100ep/seed42/in_pkd__loss_p/lightning_logs/version_0/checkpoints/epoch=99-step=11500.ckpt
amass_clean,medium_thindec_100ep,seed1,in_pkd__loss_pk,pkd,pk,carepd_PD-GaM_loso,loso,PD-GaM,PD-GaM,30,0.6333008855581284,0.6638456185658773,0.6669414043426514,0.7154291272163391,0.3841135799884796,0.4992454571856393,0.7694655805826187,0.13056649954548055,0.16023347546328,0.14262308796215104,0.00003,carepd_BMCLab_6fold_1,macro_f1_012,false,pretrain_v1_stats_train_clean.pt,runs/pretrain/amass_clean/medium_thindec_100ep/seed1/in_pkd__loss_pk/lightning_logs/version_0/checkpoints/epoch=99-step=11500.ckpt
amass_clean,medium_thindec_100ep,seed2,in_pkd__loss_pk,pkd,pk,carepd_PD-GaM_loso,loso,PD-GaM,PD-GaM,30,0.6651632785797119,0.6689356565475464,0.6710032224655151,0.7188103199005127,0.3917028156419595,0.5074556059307522,0.7552543431520462,0.14755898676236145,0.16990854363426403,0.14001286309482938,1e-6,carepd_BMCLab_6fold_1,macro_f1_012,false,pretrain_v1_stats_train_clean.pt,runs/pretrain/amass_clean/medium_thindec_100ep/seed2/in_pkd__loss_pk/lightning_logs/version_0/checkpoints/epoch=99-step=11500.ckpt
amass_clean,medium_thindec_100ep,seed42,in_pkd__loss_pk,pkd,pk,carepd_PD-GaM_loso,loso,PD-GaM,PD-GaM,30,0.6810309588909149,0.6858190496762594,0.6873865723609924,0.725381076335907,0.4004953600466251,0.5185536977317599,0.7725767225027085,0.1304847011371835,0.15449315467545668,0.1437153686210391,0.00001,carepd_BMCLab_6fold_1,macro_f1_012,false,pretrain_v1_stats_train_clean.pt,runs/pretrain/amass_clean/medium_thindec_100ep/seed42/in_pkd__loss_pk/lightning_logs/version_0/checkpoints/epoch=99-step=11500.ckpt
amass_clean,medium_thindec_100ep,seed1,in_pkd__loss_pkd,pkd,pkd,carepd_PD-GaM_loso,loso,PD-GaM,PD-GaM,30,0.5872250497341156,0.6617546081542969,0.6129516363143921,0.7282673120498657,0.38828570942083995,0.5086428887314267,0.7597570290168126,0.11891446125573941,0.14683358104006872,0.14675199935693745,0.00001,carepd_BMCLab_6fold_1,macro_f1_012,false,pretrain_v1_stats_train_clean.pt,runs/pretrain/amass_clean/medium_thindec_100ep/seed1/in_pkd__loss_pkd/lightning_logs/version_0/checkpoints/epoch=99-step=11500.ckpt
amass_clean,medium_thindec_100ep,seed2,in_pkd__loss_pkd,pkd,pkd,carepd_PD-GaM_loso,loso,PD-GaM,PD-GaM,30,0.5749271735548973,0.6580424308776855,0.6055761575698853,0.706522524356842,0.37671882547438146,0.4948843596710099,0.750449871023496,0.1200533673808824,0.15596795167133368,0.12849911740545142,1e-6,carepd_BMCLab_6fold_1,macro_f1_012,false,pretrain_v1_stats_train_clean.pt,runs/pretrain/amass_clean/medium_thindec_100ep/seed2/in_pkd__loss_pkd/lightning_logs/version_0/checkpoints/epoch=99-step=11500.ckpt
amass_clean,medium_thindec_100ep,seed42,in_pkd__loss_pkd,pkd,pkd,carepd_PD-GaM_loso,loso,PD-GaM,PD-GaM,30,0.6237660199403763,0.6650213599205017,0.6567065715789795,0.7238889932632446,0.38535804754743974,0.5016649813287788,0.7572904169559479,0.12674384816612758,0.15600027777831713,0.15060398984179194,0.00003,carepd_BMCLab_6fold_1,macro_f1_012,false,pretrain_v1_stats_train_clean.pt,runs/pretrain/amass_clean/medium_thindec_100ep/seed42/in_pkd__loss_pkd/lightning_logs/version_0/checkpoints/epoch=99-step=11500.ckpt
amass_clean,medium_thindec_100ep,seed1,in_p__loss_p,p,p,carepd_T-SDU-PD_loso,loso,T-SDU-PD,T-SDU-PD,14,0.29269807413220406,0.3902640988429387,0.45915183424949646,0.4537562131881714,0.15958732459694147,0.2127830994625886,0.7328525973217828,0.06316038851334754,0.08421385135113006,0.2153703944523683,0.0001,carepd_BMCLab_6fold_1,macro_f1_012,false,pretrain_v1_stats_train_clean.pt,runs/pretrain/amass_clean/medium_thindec_100ep/seed1/in_p__loss_p/lightning_logs/version_0/checkpoints/epoch=94-step=10925.ckpt
amass_clean,medium_thindec_100ep,seed2,in_p__loss_p,p,p,carepd_T-SDU-PD_loso,loso,T-SDU-PD,T-SDU-PD,14,0.29278406873345375,0.39037875831127167,0.4348580539226532,0.41215676069259644,0.16645657470715897,0.2219420996095453,0.7297448494604656,0.07736870787523625,0.10315827716698167,0.2175607377011245,0.00003,carepd_BMCLab_6fold_1,macro_f1_012,false,pretrain_v1_stats_train_clean.pt,runs/pretrain/amass_clean/medium_thindec_100ep/seed2/in_p__loss_p/lightning_logs/version_0/checkpoints/epoch=99-step=11500.ckpt
amass_clean,medium_thindec_100ep,seed42,in_p__loss_p,p,p,carepd_T-SDU-PD_loso,loso,T-SDU-PD,T-SDU-PD,14,0.29079098626971245,0.38772131502628326,0.4343157708644867,0.4463237524032593,0.16348400632185595,0.21797867509580793,0.7250533614839826,0.07861750521312048,0.10482334028416064,0.21850932795292458,0.00003,carepd_BMCLab_6fold_1,macro_f1_012,false,pretrain_v1_stats_train_clean.pt,runs/pretrain/amass_clean/medium_thindec_100ep/seed42/in_p__loss_p/lightning_logs/version_0/checkpoints/epoch=94-step=10925.ckpt
amass_clean,medium_thindec_100ep,seed1,in_p__loss_pk,p,pk,carepd_T-SDU-PD_loso,loso,T-SDU-PD,T-SDU-PD,14,0.292874775826931,0.39049970110257465,0.4459603726863861,0.43145889043807983,0.18830008325832231,0.2510667776777631,0.7195077879088265,0.050626248235499535,0.06750166431399938,0.22636647319532968,1e-6,carepd_BMCLab_6fold_1,macro_f1_012,false,pretrain_v1_stats_train_clean.pt,runs/pretrain/amass_clean/medium_thindec_100ep/seed1/in_p__loss_pk/lightning_logs/version_0/checkpoints/epoch=99-step=11500.ckpt
amass_clean,medium_thindec_100ep,seed2,in_p__loss_pk,p,pk,carepd_T-SDU-PD_loso,loso,T-SDU-PD,T-SDU-PD,14,0.2933340407907963,0.3911120543877284,0.44026175141334534,0.4248359799385071,0.1721174062362739,0.22948987498169854,0.7289963492325374,0.08866880086917454,0.11822506782556606,0.2206003915991341,0.00003,carepd_BMCLab_6fold_1,macro_f1_012,false,pretrain_v1_stats_train_clean.pt,runs/pretrain/amass_clean/medium_thindec_100ep/seed2/in_p__loss_pk/lightning_logs/version_0/checkpoints/epoch=99-step=11500.ckpt
amass_clean,medium_thindec_100ep,seed42,in_p__loss_pk,p,pk,carepd_T-SDU-PD_loso,loso,T-SDU-PD,T-SDU-PD,14,0.3035709038376808,0.4047612051169078,0.4230613708496094,0.40440642833709717,0.19393327180296183,0.25857769573728245,0.708352403981345,0.06375261970152071,0.08500349293536096,0.23197964272532567,1e-6,carepd_BMCLab_6fold_1,macro_f1_012,false,pretrain_v1_stats_train_clean.pt,runs/pretrain/amass_clean/medium_thindec_100ep/seed42/in_p__loss_pk/lightning_logs/version_0/checkpoints/epoch=99-step=11500.ckpt
amass_clean,medium_thindec_100ep,seed1,in_p__loss_pkd,p,pkd,carepd_T-SDU-PD_loso,loso,T-SDU-PD,T-SDU-PD,14,0.25903670862317085,0.3453822781642278,0.39885756373405457,0.394141286611557,0.1718724263565881,0.22916323514211745,0.7115943304130009,0.08317545530547632,0.11090060707396841,0.23043959687709628,0.001,carepd_BMCLab_6fold_1,macro_f1_012,false,pretrain_v1_stats_train_clean.pt,runs/pretrain/amass_clean/medium_thindec_100ep/seed1/in_p__loss_pkd/lightning_logs/version_0/checkpoints/epoch=99-step=11500.ckpt
amass_clean,medium_thindec_100ep,seed2,in_p__loss_pkd,p,pkd,carepd_T-SDU-PD_loso,loso,T-SDU-PD,T-SDU-PD,14,0.26835306361317635,0.3578040848175685,0.41102632880210876,0.39802178740501404,0.1659265205796276,0.2212353607728368,0.7303136374269213,0.09273787913716112,0.12365050551621483,0.21746385209741653,0.0003,carepd_BMCLab_6fold_1,macro_f1_012,false,pretrain_v1_stats_train_clean.pt,runs/pretrain/amass_clean/medium_thindec_100ep/seed2/in_p__loss_pkd/lightning_logs/version_0/checkpoints/epoch=99-step=11500.ckpt
amass_clean,medium_thindec_100ep,seed42,in_p__loss_pkd,p,pkd,carepd_T-SDU-PD_loso,loso,T-SDU-PD,T-SDU-PD,14,0.32400908321142197,0.4320121109485626,0.44345805048942566,0.4547012746334076,0.1801946403990899,0.24025952053211985,0.720945560506412,0.07884851637224043,0.10513135516298723,0.21945916448831856,0.00001,carepd_BMCLab_6fold_1,macro_f1_012,false,pretrain_v1_stats_train_clean.pt,runs/pretrain/amass_clean/medium_thindec_100ep/seed42/in_p__loss_pkd/lightning_logs/version_0/checkpoints/epoch=99-step=11500.ckpt
amass_clean,medium_thindec_100ep,seed1,in_pk__loss_p,pk,p,carepd_T-SDU-PD_loso,loso,T-SDU-PD,T-SDU-PD,14,0.21388334780931473,0.2851777970790863,0.37715086340904236,0.4221189618110657,0.12588126984025752,0.16784169312034333,0.7311197519302368,0.08529547282549207,0.1137272971006561,0.21792943323478167,0.03,carepd_BMCLab_6fold_1,macro_f1_012,false,pretrain_v1_stats_train_clean.pt,runs/pretrain/amass_clean/medium_thindec_100ep/seed1/in_pk__loss_p/lightning_logs/version_0/checkpoints/epoch=94-step=10925.ckpt
amass_clean,medium_thindec_100ep,seed2,in_pk__loss_p,pk,p,carepd_T-SDU-PD_loso,loso,T-SDU-PD,T-SDU-PD,14,0.2645730786025524,0.3527641048034032,0.41411903500556946,0.41528478264808655,0.14892750499503954,0.1985700066600527,0.7131237217358181,0.07347955934896656,0.09797274579862207,0.22933316333180986,0.0003,carepd_BMCLab_6fold_1,macro_f1_012,false,pretrain_v1_stats_train_clean.pt,runs/pretrain/amass_clean/medium_thindec_100ep/seed2/in_pk__loss_p/lightning_logs/version_0/checkpoints/epoch=99-step=11500.ckpt
amass_clean,medium_thindec_100ep,seed42,in_pk__loss_p,pk,p,carepd_T-SDU-PD_loso,loso,T-SDU-PD,T-SDU-PD,14,0.25965016335248947,0.3462002178033193,0.4137984812259674,0.43315503001213074,0.1503006543165871,0.20040087242211616,0.702370747923851,0.09084977053147186,0.12113302737529581,0.23407479308134677,3e-6,carepd_BMCLab_6fold_1,macro_f1_012,false,pretrain_v1_stats_train_clean.pt,runs/pretrain/amass_clean/medium_thindec_100ep/seed42/in_pk__loss_p/lightning_logs/version_0/checkpoints/epoch=94-step=10925.ckpt
amass_clean,medium_thindec_100ep,seed1,in_pk__loss_pk,pk,pk,carepd_T-SDU-PD_loso,loso,T-SDU-PD,T-SDU-PD,14,0.23598293401300907,0.31464391201734543,0.38889336585998535,0.38595566153526306,0.14584518955754383,0.19446025274339176,0.7176388629845211,0.09009213389722222,0.12012284519629629,0.22799865644284925,0.0003,carepd_BMCLab_6fold_1,macro_f1_012,false,pretrain_v1_stats_train_clean.pt,runs/pretrain/amass_clean/medium_thindec_100ep/seed1/in_pk__loss_pk/lightning_logs/version_0/checkpoints/epoch=99-step=11500.ckpt
amass_clean,medium_thindec_100ep,seed2,in_pk__loss_pk,pk,pk,carepd_T-SDU-PD_loso,loso,T-SDU-PD,T-SDU-PD,14,0.3257419243454933,0.4343225657939911,0.4682212769985199,0.45897117257118225,0.18658288488430635,0.24877717984574182,0.7242308940206256,0.09127070143470108,0.12169426857960143,0.22627692677062883,0.00001,carepd_BMCLab_6fold_1,macro_f1_012,false,pretrain_v1_stats_train_clean.pt,runs/pretrain/amass_clean/medium_thindec_100ep/seed2/in_pk__loss_pk/lightning_logs/version_0/checkpoints/epoch=99-step=11500.ckpt
amass_clean,medium_thindec_100ep,seed42,in_pk__loss_pk,pk,pk,carepd_T-SDU-PD_loso,loso,T-SDU-PD,T-SDU-PD,14,0.2880092151463032,0.38401228686173755,0.4099474847316742,0.42350873351097107,0.1678843635267445,0.22384581803565934,0.7105021838630948,0.08723584305720954,0.1163144574096127,0.23002233191454655,0.00001,carepd_BMCLab_6fold_1,macro_f1_012,false,pretrain_v1_stats_train_clean.pt,runs/pretrain/amass_clean/medium_thindec_100ep/seed42/in_pk__loss_pk/lightning_logs/version_0/checkpoints/epoch=99-step=11500.ckpt
amass_clean,medium_thindec_100ep,seed1,in_pk__loss_pkd,pk,pkd,carepd_T-SDU-PD_loso,loso,T-SDU-PD,T-SDU-PD,14,0.29304028302431107,0.3907203773657481,0.4187949597835541,0.4130758047103882,0.17252889395292317,0.2300385252705642,0.7195069981472832,0.08655939369405292,0.11541252492540391,0.2297694289345479,0.0001,carepd_BMCLab_6fold_1,macro_f1_012,false,pretrain_v1_stats_train_clean.pt,runs/pretrain/amass_clean/medium_thindec_100ep/seed1/in_pk__loss_pkd/lightning_logs/version_0/checkpoints/epoch=99-step=11500.ckpt
amass_clean,medium_thindec_100ep,seed2,in_pk__loss_pkd,pk,pkd,carepd_T-SDU-PD_loso,loso,T-SDU-PD,T-SDU-PD,14,0.29867400974035263,0.39823201298713684,0.414183646440506,0.41833412647247314,0.19293988762157305,0.2572531834954307,0.7240374088287354,0.09491264222573875,0.12655018963431833,0.22780459975098097,1e-6,carepd_BMCLab_6fold_1,macro_f1_012,false,pretrain_v1_stats_train_clean.pt,runs/pretrain/amass_clean/medium_thindec_100ep/seed2/in_pk__loss_pkd/lightning_logs/version_0/checkpoints/epoch=99-step=11500.ckpt
amass_clean,medium_thindec_100ep,seed42,in_pk__loss_pkd,pk,pkd,carepd_T-SDU-PD_loso,loso,T-SDU-PD,T-SDU-PD,14,0.30238114297389984,0.40317485729853314,0.43351030349731445,0.4314120411872864,0.1746164686711771,0.23282195822823615,0.7228642063481467,0.09023660976349895,0.12031547968466527,0.2339517496876396,3e-6,carepd_BMCLab_6fold_1,macro_f1_012,false,pretrain_v1_stats_train_clean.pt,runs/pretrain/amass_clean/medium_thindec_100ep/seed42/in_pk__loss_pkd/lightning_logs/version_0/checkpoints/epoch=99-step=11500.ckpt
amass_clean,medium_thindec_100ep,seed1,in_pkd__loss_p,pkd,p,carepd_T-SDU-PD_loso,loso,T-SDU-PD,T-SDU-PD,14,0.27867239341139793,0.37156319121519726,0.407825231552124,0.40895047783851624,0.16395539324730635,0.21860719099640846,0.7291900920016425,0.09599471223986542,0.1279929496531539,0.23177866402578534,1e-6,carepd_BMCLab_6fold_1,macro_f1_012,false,pretrain_v1_stats_train_clean.pt,runs/pretrain/amass_clean/medium_thindec_100ep/seed1/in_pkd__loss_p/lightning_logs/version_0/checkpoints/epoch=99-step=11500.ckpt
amass_clean,medium_thindec_100ep,seed2,in_pkd__loss_p,pkd,p,carepd_T-SDU-PD_loso,loso,T-SDU-PD,T-SDU-PD,14,0.27419496700167656,0.3655932893355687,0.3903600871562958,0.3899957239627838,0.1606997029323663,0.2142662705764884,0.6994812211820057,0.0791992330790946,0.10559897743879279,0.2378288532088524,1e-6,carepd_BMCLab_6fold_1,macro_f1_012,false,pretrain_v1_stats_train_clean.pt,runs/pretrain/amass_clean/medium_thindec_100ep/seed2/in_pkd__loss_p/lightning_logs/version_0/checkpoints/epoch=94-step=10925.ckpt
amass_clean,medium_thindec_100ep,seed42,in_pkd__loss_p,pkd,p,carepd_T-SDU-PD_loso,loso,T-SDU-PD,T-SDU-PD,14,0.2546560876071453,0.3395414501428604,0.37805572152137756,0.38190847635269165,0.16030996492398636,0.2137466198986485,0.7134500231061663,0.09208172484534098,0.1227756331271213,0.23023461562943118,1e-6,carepd_BMCLab_6fold_1,macro_f1_012,false,pretrain_v1_stats_train_clean.pt,runs/pretrain/amass_clean/medium_thindec_100ep/seed42/in_pkd__loss_p/lightning_logs/version_0/checkpoints/epoch=99-step=11500.ckpt
amass_clean,medium_thindec_100ep,seed1,in_pkd__loss_pk,pkd,pk,carepd_T-SDU-PD_loso,loso,T-SDU-PD,T-SDU-PD,14,0.2570102922618389,0.3426803896824519,0.4054953157901764,0.411889910697937,0.15913552617920296,0.21218070157227062,0.7392081533159528,0.07641922622655652,0.10189230163540867,0.21875661744723787,0.00003,carepd_BMCLab_6fold_1,macro_f1_012,false,pretrain_v1_stats_train_clean.pt,runs/pretrain/amass_clean/medium_thindec_100ep/seed1/in_pkd__loss_pk/lightning_logs/version_0/checkpoints/epoch=99-step=11500.ckpt
amass_clean,medium_thindec_100ep,seed2,in_pkd__loss_pk,pkd,pk,carepd_T-SDU-PD_loso,loso,T-SDU-PD,T-SDU-PD,14,0.2702067643404007,0.3602756857872009,0.39065298438072205,0.3692053556442261,0.1569283850757139,0.20923784676761853,0.7296961354357856,0.08495566872134105,0.11327422496178807,0.24607748652675845,1e-6,carepd_BMCLab_6fold_1,macro_f1_012,false,pretrain_v1_stats_train_clean.pt,runs/pretrain/amass_clean/medium_thindec_100ep/seed2/in_pkd__loss_pk/lightning_logs/version_0/checkpoints/epoch=99-step=11500.ckpt
amass_clean,medium_thindec_100ep,seed42,in_pkd__loss_pk,pkd,pk,carepd_T-SDU-PD_loso,loso,T-SDU-PD,T-SDU-PD,14,0.2782936543226242,0.37105820576349896,0.4057813882827759,0.4130314290523529,0.16378951272261993,0.21838601696349325,0.7339123466185161,0.08060435225116722,0.10747246966822296,0.21322103474767223,0.00001,carepd_BMCLab_6fold_1,macro_f1_012,false,pretrain_v1_stats_train_clean.pt,runs/pretrain/amass_clean/medium_thindec_100ep/seed42/in_pkd__loss_pk/lightning_logs/version_0/checkpoints/epoch=99-step=11500.ckpt
amass_clean,medium_thindec_100ep,seed1,in_pkd__loss_pkd,pkd,pkd,carepd_T-SDU-PD_loso,loso,T-SDU-PD,T-SDU-PD,14,0.24784226343035698,0.33045635124047595,0.37869739532470703,0.3700893819332123,0.1527169244363904,0.2036225659151872,0.7535476365259716,0.08844286750761901,0.11792382334349201,0.2248970908781142,0.00001,carepd_BMCLab_6fold_1,macro_f1_012,false,pretrain_v1_stats_train_clean.pt,runs/pretrain/amass_clean/medium_thindec_100ep/seed1/in_pkd__loss_pkd/lightning_logs/version_0/checkpoints/epoch=99-step=11500.ckpt
amass_clean,medium_thindec_100ep,seed2,in_pkd__loss_pkd,pkd,pkd,carepd_T-SDU-PD_loso,loso,T-SDU-PD,T-SDU-PD,14,0.2816070578992367,0.37547607719898224,0.4076406955718994,0.40469396114349365,0.17549756674894265,0.23399675566525685,0.732573002576828,0.10159101625258965,0.1354546883367862,0.22391840628260726,1e-6,carepd_BMCLab_6fold_1,macro_f1_012,false,pretrain_v1_stats_train_clean.pt,runs/pretrain/amass_clean/medium_thindec_100ep/seed2/in_pkd__loss_pkd/lightning_logs/version_0/checkpoints/epoch=99-step=11500.ckpt
amass_clean,medium_thindec_100ep,seed42,in_pkd__loss_pkd,pkd,pkd,carepd_T-SDU-PD_loso,loso,T-SDU-PD,T-SDU-PD,14,0.27502958104014397,0.36670610805352527,0.41469597816467285,0.4084591567516327,0.1642913179738181,0.21905509063175746,0.744127903665815,0.08306894526447965,0.11075859368597288,0.20742212194621948,0.00003,carepd_BMCLab_6fold_1,macro_f1_012,false,pretrain_v1_stats_train_clean.pt,runs/pretrain/amass_clean/medium_thindec_100ep/seed42/in_pkd__loss_pkd/lightning_logs/version_0/checkpoints/epoch=99-step=11500.ckpt
