sample_id,source_dataset,source_subset,source_path,original_hz,hz,raw_rows,n_frames,duration,needed_seconds,n_annotations,shortfall_seconds,labels_past_cap
AMASS:TotalCapture/s3/rom1_stageii.csv,AMASS,TotalCapture,TotalCapture/s3/rom1_stageii.csv,59.988002399520234,60.0,2000,2000,33.339999999999925,95.0,115,61.660000000000075,true
AMASS:TotalCapture/s3/rom2_stageii.csv,AMASS,TotalCapture,TotalCapture/s3/rom2_stageii.csv,59.988002399520234,60.0,2000,2000,33.339999999999925,88.67,115,55.33000000000008,true
AMASS:TotalCapture/s1/rom1_stageii.csv,AMASS,TotalCapture,TotalCapture/s1/rom1_stageii.csv,59.988002399521825,60.0,2000,2000,33.33999999999904,81.53,3,48.190000000000964,true
AMASS:TotalCapture/s3/rom3_stageii.csv,AMASS,TotalCapture,TotalCapture/s3/rom3_stageii.csv,59.988002399521825,60.0,2000,2000,33.33999999999904,81.0,173,47.66000000000096,true
AMASS:TotalCapture/s2/acting3_stageii.csv,AMASS,TotalCapture,TotalCapture/s2/acting3_stageii.csv,59.988002399521825,60.0,2000,2000,33.33999999999904,80.47,110,47.13000000000096,true
AMASS:KIT/987/Experiment3b_05_stageii.csv,AMASS,KIT,KIT/987/Experiment3b_05_stageii.csv,100.00000000000213,60.0,2000,1200,20.0,57.234,46,37.234,true
AMASS:KIT/3/Experiment3a_back_03_stageii.csv,AMASS,KIT,KIT/3/Experiment3a_back_03_stageii.csv,100.00000000000213,60.0,2000,1200,20.0,56.934,66,36.934,true
AMASS:KIT/674/wash_head02_stageii.csv,AMASS,KIT,KIT/674/wash_head02_stageii.csv,100.00000000000213,60.0,2000,1200,20.0,56.8,95,36.8,true
AMASS:KIT/1347/Experiment3a_subject1347_back_02_stageii.csv,AMASS,KIT,KIT/1347/Experiment3a_subject1347_back_02_stageii.csv,100.00000000000213,60.0,2000,1200,20.0,55.07,66,35.07,true
AMASS:KIT/3/Experiment3b_legs_03_stageii.csv,AMASS,KIT,KIT/3/Experiment3b_legs_03_stageii.csv,100.00000000000213,60.0,2000,1200,20.0,54.07,61,34.07,true
AMASS:KIT/674/wash_head04_stageii.csv,AMASS,KIT,KIT/674/wash_head04_stageii.csv,100.00000000000213,60.0,2000,1200,20.0,53.6,94,33.6,true
AMASS:KIT/3/Experiment3b_legs_02_stageii.csv,AMASS,KIT,KIT/3/Experiment3b_legs_02_stageii.csv,100.00000000000213,60.0,2000,1200,20.0,53.27,65,33.27,true
AMASS:KIT/674/wash_head05_stageii.csv,AMASS,KIT,KIT/674/wash_head05_stageii.csv,100.00000000000213,60.0,2000,1200,20.0,53.07,81,33.07,true
AMASS:KIT/3/Experiment3a_legs_01_stageii.csv,AMASS,KIT,KIT/3/Experiment3a_legs_01_stageii.csv,100.00000000000213,60.0,2000,1200,20.0,52.334,127,32.334,true
AMASS:KIT/1347/Experiment3a_subject1347_legs_03_stageii.csv,AMASS,KIT,KIT/1347/Experiment3a_subject1347_legs_03_stageii.csv,100.00000000000213,60.0,2000,1200,20.0,52.3,95,32.3,true
AMASS:KIT/1347/Experiment3a_subject1347_back_03_stageii.csv,AMASS,KIT,KIT/1347/Experiment3a_subject1347_back_03_stageii.csv,100.00000000000213,60.0,2000,1200,20.0,52.1,69,32.1,true
AMASS:KIT/3/Experiment3a_legs_03_stageii.csv,AMASS,KIT,KIT/3/Experiment3a_legs_03_stageii.csv,100.00000000000213,60.0,2000,1200,20.0,51.933,94,31.933,true
AMASS:CMU/13/13_20_stageii.csv,AMASS,CMU,CMU/13/13_20_stageii.csv,120.04801920768381,60.0,2000,1000,16.666666666666668,47.67,43,31.003333333333334,true
AMASS:MPILimits/03101/ulr5_stageii.csv,AMASS,MPILimits,MPILimits/03101/ulr5_stageii.csv,120.04801920768381,60.0,2000,1000,16.666666666666668,47.434,223,30.76733333333333,true
AMASS:CMU/86/86_11_stageii.csv,AMASS,CMU,CMU/86/86_11_stageii.csv,120.04801920768381,60.0,2000,1000,16.666666666666668,47.3,47,30.63333333333333,true
AMASS:TotalCapture/s2/acting2_stageii.csv,AMASS,TotalCapture,TotalCapture/s2/acting2_stageii.csv,60.01320290463908,60.0,2000,2000,33.325999999999965,63.5,128,30.174000000000035,true
AMASS:KIT/1346/Experiment3a_subject1346_back_03_stageii.csv,AMASS,KIT,KIT/1346/Experiment3a_subject1346_back_03_stageii.csv,100.00000000000213,60.0,2000,1200,20.0,49.87,110,29.869999999999997,true
AMASS:MPIHDM05/tr/HDM_tr_02-02_04_120_stageii.csv,AMASS,MPIHDM05,MPIHDM05/tr/HDM_tr_02-02_04_120_stageii.csv,120.04801920768381,60.0,2000,1000,16.666666666666668,46.47,102,29.80333333333333,true
AMASS:KIT/965/Experiment3a_02_stageii.csv,AMASS,KIT,KIT/965/Experiment3a_02_stageii.csv,100.00000000000213,60.0,2000,1200,20.0,49.77,26,29.770000000000003,true
AMASS:MPIHDM05/bk/HDM_bk_05-01_01_120_stageii.csv,AMASS,MPIHDM05,MPIHDM05/bk/HDM_bk_05-01_01_120_stageii.csv,120.04801920768381,60.0,2000,1000,16.666666666666668,46.2,53,29.533333333333335,true
AMASS:CMU/15/15_01_stageii.csv,AMASS,CMU,CMU/15/15_01_stageii.csv,120.04801920768381,60.0,2000,1000,16.666666666666668,46.033,48,29.366333333333333,true
AMASS:CMU/15/15_07_stageii.csv,AMASS,CMU,CMU/15/15_07_stageii.csv,120.04801920768381,60.0,2000,1000,16.666666666666668,45.834,236,29.167333333333335,true
AMASS:MPIHDM05/dg/HDM_dg_02-02_04_120_stageii.csv,AMASS,MPIHDM05,MPIHDM05/dg/HDM_dg_02-02_04_120_stageii.csv,120.04801920768381,60.0,2000,1000,16.666666666666668,45.534,116,28.86733333333333,true
AMASS:CMU/13/13_21_stageii.csv,AMASS,CMU,CMU/13/13_21_stageii.csv,120.04801920768381,60.0,2000,1000,16.666666666666668,45.333,26,28.66633333333333,true
AMASS:TotalCapture/s3/acting2_stageii.csv,AMASS,TotalCapture,TotalCapture/s3/acting2_stageii.csv,60.01608431059523,60.0,2000,2000,33.324400000000004,61.87,141,28.545599999999993,true
AMASS:CMU/62/62_11_stageii.csv,AMASS,CMU,CMU/62/62_11_stageii.csv,60.01608431059528,60.0,2000,2000,33.324399999999976,61.8,68,28.47560000000002,true
AMASS:TotalCapture/s1/acting2_stageii.csv,AMASS,TotalCapture,TotalCapture/s1/acting2_stageii.csv,60.01608431059525,60.0,2000,2000,33.3244,61.734,137,28.409600000000005,true
AMASS:CMU/122/122_22_stageii.csv,AMASS,CMU,CMU/122/122_22_stageii.csv,120.04801920768381,60.0,2000,1000,16.666666666666668,44.77,57,28.103333333333335,true
AMASS:TotalCapture/s1/walking1_stageii.csv,AMASS,TotalCapture,TotalCapture/s1/walking1_stageii.csv,60.016804705317256,60.0,2000,2000,33.324000000000126,61.2,131,27.875999999999877,true
AMASS:MPIHDM05/dg/HDM_dg_03-09_01_120_stageii.csv,AMASS,MPIHDM05,MPIHDM05/dg/HDM_dg_03-09_01_120_stageii.csv,120.04801920768381,60.0,2000,1000,16.666666666666668,44.3,31,27.63333333333333,true
AMASS:CMU/94/94_05_stageii.csv,AMASS,CMU,CMU/94/94_05_stageii.csv,120.04801920768381,60.0,2000,1000,16.666666666666668,43.934,13,27.26733333333333,true
AMASS:MPILimits/03101/ulr1a001_stageii.csv,AMASS,MPILimits,MPILimits/03101/ulr1a001_stageii.csv,120.04801920768381,60.0,2000,1000,16.666666666666668,43.833,33,27.16633333333333,true
AMASS:CMU/142/142_22_stageii.csv,AMASS,CMU,CMU/142/142_22_stageii.csv,120.04801920768381,60.0,2000,1000,16.666666666666668,43.534,43,26.86733333333333,true
AMASS:CMU/135/135_02_stageii.csv,AMASS,CMU,CMU/135/135_02_stageii.csv,120.04801920768381,60.0,2000,1000,16.666666666666668,43.37,63,26.70333333333333,true
AMASS:CMU/144/144_32_stageii.csv,AMASS,CMU,CMU/144/144_32_stageii.csv,120.04801920768381,60.0,2000,1000,16.666666666666668,43.37,90,26.70333333333333,true
AMASS:CMU/55/55_14_stageii.csv,AMASS,CMU,CMU/55/55_14_stageii.csv,120.04801920768381,60.0,2000,1000,16.666666666666668,43.37,52,26.70333333333333,true
AMASS:CMU/137/137_41_stageii.csv,AMASS,CMU,CMU/137/137_41_stageii.csv,120.04801920768381,60.0,2000,1000,16.666666666666668,43.3,53,26.63333333333333,true
AMASS:BMLrub/rub010/0029_scamper_stageii.csv,AMASS,BMLrub,BMLrub/rub010/0029_scamper_stageii.csv,120.04801920768381,60.0,2000,1000,16.666666666666668,43.1,65,26.433333333333334,true
AMASS:CMU/142/142_13_stageii.csv,AMASS,CMU,CMU/142/142_13_stageii.csv,120.04801920768381,60.0,2000,1000,16.666666666666668,43.0,37,26.333333333333332,true
AMASS:CMU/113/113_28_stageii.csv,AMASS,CMU,CMU/113/113_28_stageii.csv,120.04801920768381,60.0,2000,1000,16.666666666666668,42.97,60,26.30333333333333,true
AMASS:CMU/28/28_12_stageii.csv,AMASS,CMU,CMU/28/28_12_stageii.csv,120.04801920768381,60.0,2000,1000,16.666666666666668,42.9,99,26.23333333333333,true
AMASS:CMU/01/01_06_stageii.csv,AMASS,CMU,CMU/01/01_06_stageii.csv,120.04801920768381,60.0,2000,1000,16.666666666666668,42.8,45,26.13333333333333,true
AMASS:CMU/137/137_37_stageii.csv,AMASS,CMU,CMU/137/137_37_stageii.csv,120.04801920768381,60.0,2000,1000,16.666666666666668,42.67,72,26.003333333333334,true
AMASS:MPIHDM05/bk/HDM_bk_01-03_03_120_stageii.csv,AMASS,MPIHDM05,MPIHDM05/bk/HDM_bk_01-03_03_120_stageii.csv,120.04801920768381,60.0,2000,1000,16.666666666666668,42.634,101,25.967333333333332,true
AMASS:TotalCapture/s2/walking3_stageii.csv,AMASS,TotalCapture,TotalCapture/s2/walking3_stageii.csv,60.016804705317455,60.0,2000,2000,33.32400000000002,59.2,115,25.875999999999983,true
AMASS:MPIHDM05/tr/HDM_tr_02-02_03_120_stageii.csv,AMASS,MPIHDM05,MPIHDM05/tr/HDM_tr_02-02_03_120_stageii.csv,120.04801920768381,60.0,2000,1000,16.666666666666668,42.4,171,25.73333333333333,true
AMASS:MPILimits/03100/lar5_stageii.csv,AMASS,MPILimits,MPILimits/03100/lar5_stageii.csv,120.04801920768381,60.0,2000,1000,16.666666666666668,42.334,146,25.667333333333335,true
AMASS:TotalCapture/s3/walking1_stageii.csv,AMASS,TotalCapture,TotalCapture/s3/walking1_stageii.csv,60.016804705317455,60.0,2000,2000,33.32400000000002,58.97,46,25.64599999999998,true
AMASS:TotalCapture/s2/walking1_stageii.csv,AMASS,TotalCapture,TotalCapture/s2/walking1_stageii.csv,60.016804705317455,60.0,2000,2000,33.32400000000002,58.634,60,25.30999999999998,true
AMASS:MPIHDM05/bk/HDM_bk_03-03_02_120_stageii.csv,AMASS,MPIHDM05,MPIHDM05/bk/HDM_bk_03-03_02_120_stageii.csv,120.04801920768381,60.0,2000,1000,16.666666666666668,41.833,59,25.16633333333333,true
AMASS:CMU/137/137_32_stageii.csv,AMASS,CMU,CMU/137/137_32_stageii.csv,120.04801920768381,60.0,2000,1000,16.666666666666668,41.833,23,25.16633333333333,true
AMASS:MPIHDM05/tr/HDM_tr_03-05_01_120_stageii.csv,AMASS,MPIHDM05,MPIHDM05/tr/HDM_tr_03-05_01_120_stageii.csv,120.04801920768381,60.0,2000,1000,16.666666666666668,41.67,54,25.003333333333334,true
AMASS:KIT/1346/Experiment3a_subject1346_legs_03_stageii.csv,AMASS,KIT,KIT/1346/Experiment3a_subject1346_legs_03_stageii.csv,100.00000000000213,60.0,2000,1200,20.0,45.0,65,25.0,true
AMASS:MPIHDM05/bk/HDM_bk_03-02_01_120_stageii.csv,AMASS,MPIHDM05,MPIHDM05/bk/HDM_bk_03-02_01_120_stageii.csv,120.04801920768381,60.0,2000,1000,16.666666666666668,41.534,60,24.86733333333333,true
AMASS:KIT/1346/Experiment3a_subject1346_back_02_stageii.csv,AMASS,KIT,KIT/1346/Experiment3a_subject1346_back_02_stageii.csv,100.00000000000213,60.0,2000,1200,20.0,44.633,58,24.633000000000003,true
AMASS:MPIHDM05/tr/HDM_tr_05-01_02_120_stageii.csv,AMASS,MPIHDM05,MPIHDM05/tr/HDM_tr_05-01_02_120_stageii.csv,120.04801920768381,60.0,2000,1000,16.666666666666668,41.2,72,24.533333333333335,true
AMASS:CMU/137/137_11_stageii.csv,AMASS,CMU,CMU/137/137_11_stageii.csv,120.04801920768381,60.0,2000,1000,16.666666666666668,41.1,56,24.433333333333334,true
AMASS:KIT/442/conversation02_stageii.csv,AMASS,KIT,KIT/442/conversation02_stageii.csv,100.00000000000213,60.0,2000,1200,20.0,44.3,76,24.299999999999997,true
AMASS:KIT/441/conversation02_stageii.csv,AMASS,KIT,KIT/441/conversation02_stageii.csv,100.00000000000213,60.0,2000,1200,20.0,44.3,49,24.299999999999997,true
AMASS:CMU/06/06_13_stageii.csv,AMASS,CMU,CMU/06/06_13_stageii.csv,120.04801920768381,60.0,2000,1000,16.666666666666668,40.9,18,24.23333333333333,true
AMASS:CMU/62/62_21_stageii.csv,AMASS,CMU,CMU/62/62_21_stageii.csv,60.016804705317654,60.0,2000,2000,33.323999999999906,57.5,36,24.176000000000094,true
AMASS:CMU/54/54_19_stageii.csv,AMASS,CMU,CMU/54/54_19_stageii.csv,120.04801920768381,60.0,2000,1000,16.666666666666668,40.77,115,24.103333333333335,true
AMASS:CMU/125/125_06_stageii.csv,AMASS,CMU,CMU/125/125_06_stageii.csv,120.04801920768381,60.0,2000,1000,16.666666666666668,40.7,41,24.033333333333335,true
AMASS:MPIHDM05/mm/HDM_mm_03-02_02_120_stageii.csv,AMASS,MPIHDM05,MPIHDM05/mm/HDM_mm_03-02_02_120_stageii.csv,120.04801920768381,60.0,2000,1000,16.666666666666668,40.434,61,23.76733333333333,true
AMASS:CMU/60/60_08_stageii.csv,AMASS,CMU,CMU/60/60_08_stageii.csv,60.016804705317654,60.0,2000,2000,33.323999999999906,57.034,34,23.710000000000093,true
AMASS:MPIHDM05/dg/HDM_dg_03-09_02_120_stageii.csv,AMASS,MPIHDM05,MPIHDM05/dg/HDM_dg_03-09_02_120_stageii.csv,120.04801920768381,60.0,2000,1000,16.666666666666668,40.37,34,23.70333333333333,true
AMASS:CMU/36/36_36_stageii.csv,AMASS,CMU,CMU/36/36_36_stageii.csv,120.04801920768381,60.0,2000,1000,16.666666666666668,39.934,188,23.26733333333333,true
AMASS:TotalCapture/s3/walking3_stageii.csv,AMASS,TotalCapture,TotalCapture/s3/walking3_stageii.csv,60.01752511733427,60.0,2000,2000,33.32359999999999,56.47,67,23.146400000000007,true
AMASS:CMU/137/137_07_stageii.csv,AMASS,CMU,CMU/137/137_07_stageii.csv,120.04801920768381,60.0,2000,1000,16.666666666666668,39.8,22,23.13333333333333,true
AMASS:MPIHDM05/tr/HDM_tr_03-02_01_120_stageii.csv,AMASS,MPIHDM05,MPIHDM05/tr/HDM_tr_03-02_01_120_stageii.csv,120.04801920768381,60.0,2000,1000,16.666666666666668,39.7,146,23.033333333333335,true
AMASS:MPILimits/03099/lar4_stageii.csv,AMASS,MPILimits,MPILimits/03099/lar4_stageii.csv,120.04801920768381,60.0,2000,1000,16.666666666666668,39.67,32,23.003333333333334,true
AMASS:CMU/13/13_04_stageii.csv,AMASS,CMU,CMU/13/13_04_stageii.csv,120.04801920768381,60.0,2000,1000,16.666666666666668,39.67,66,23.003333333333334,true
AMASS:TotalCapture/s4/walking2_stageii.csv,AMASS,TotalCapture,TotalCapture/s4/walking2_stageii.csv,60.01788532982828,60.0,2000,2000,33.32340000000001,56.3,101,22.97659999999999,true
AMASS:KIT/969/Trial_92_stageii.csv,AMASS,KIT,KIT/969/Trial_92_stageii.csv,100.00000000000213,60.0,2000,1200,20.0,42.97,19,22.97,true
AMASS:CMU/55/55_19_stageii.csv,AMASS,CMU,CMU/55/55_19_stageii.csv,120.04801920768381,60.0,2000,1000,16.666666666666668,39.533,10,22.866333333333333,true
AMASS:CMU/142/142_12_stageii.csv,AMASS,CMU,CMU/142/142_12_stageii.csv,120.04801920768381,60.0,2000,1000,16.666666666666668,39.2,37,22.533333333333335,true
AMASS:SFU/0005/0005_Walking001_stageii.csv,AMASS,SFU,SFU/0005/0005_Walking001_stageii.csv,120.04801920768381,60.0,2000,1000,16.666666666666668,39.1,3,22.433333333333334,true
AMASS:CMU/36/36_25_stageii.csv,AMASS,CMU,CMU/36/36_25_stageii.csv,120.04801920768381,60.0,2000,1000,16.666666666666668,39.07,79,22.403333333333332,true
AMASS:CMU/144/144_34_stageii.csv,AMASS,CMU,CMU/144/144_34_stageii.csv,120.04801920768381,60.0,2000,1000,16.666666666666668,39.07,99,22.403333333333332,true
AMASS:CMU/01/01_11_stageii.csv,AMASS,CMU,CMU/01/01_11_stageii.csv,120.04801920768381,60.0,2000,1000,16.666666666666668,38.8,81,22.13333333333333,true
AMASS:MPILimits/03100/uar4_stageii.csv,AMASS,MPILimits,MPILimits/03100/uar4_stageii.csv,120.04801920768381,60.0,2000,1000,16.666666666666668,38.634,20,21.967333333333332,true
AMASS:ACCAD/Female1Gestures_c3d/D2_-_Wait_1_stageii.csv,AMASS,ACCAD,ACCAD/Female1Gestures_c3d/D2_-_Wait_1_stageii.csv,120.04801920768381,60.0,2000,1000,16.666666666666668,38.534,104,21.86733333333333,true
AMASS:KIT/1346/Experiment3_subject1346_random_01_stageii.csv,AMASS,KIT,KIT/1346/Experiment3_subject1346_random_01_stageii.csv,100.00000000000213,60.0,2000,1200,20.0,41.8,37,21.799999999999997,true
AMASS:MPIHDM05/bk/HDM_bk_03-05_03_120_stageii.csv,AMASS,MPIHDM05,MPIHDM05/bk/HDM_bk_03-05_03_120_stageii.csv,120.04801920768381,60.0,2000,1000,16.666666666666668,38.434,54,21.76733333333333,true
AMASS:CMU/54/54_04_stageii.csv,AMASS,CMU,CMU/54/54_04_stageii.csv,120.04801920768381,60.0,2000,1000,16.666666666666668,38.434,67,21.76733333333333,true
AMASS:CMU/55/55_20_stageii.csv,AMASS,CMU,CMU/55/55_20_stageii.csv,120.04801920768381,60.0,2000,1000,16.666666666666668,38.334,101,21.667333333333335,true
AMASS:BMLrub/rub108/0003_treadmill_jog_stageii.csv,AMASS,BMLrub,BMLrub/rub108/0003_treadmill_jog_stageii.csv,120.04801920768381,60.0,2000,1000,16.666666666666668,38.33,3,21.66333333333333,true
AMASS:BMLrub/rub104/0030_scamper_stageii.csv,AMASS,BMLrub,BMLrub/rub104/0030_scamper_stageii.csv,120.04801920768381,60.0,2000,1000,16.666666666666668,38.3,96,21.63333333333333,true
AMASS:MPIHDM05/bk/HDM_bk_05-03_02_120_stageii.csv,AMASS,MPIHDM05,MPIHDM05/bk/HDM_bk_05-03_02_120_stageii.csv,120.04801920768381,60.0,2000,1000,16.666666666666668,38.3,69,21.63333333333333,true
AMASS:CMU/13/13_29_stageii.csv,AMASS,CMU,CMU/13/13_29_stageii.csv,120.04801920768381,60.0,2000,1000,16.666666666666668,38.27,28,21.603333333333335,true
AMASS:CMU/36/36_12_stageii.csv,AMASS,CMU,CMU/36/36_12_stageii.csv,120.04801920768381,60.0,2000,1000,16.666666666666668,38.233,142,21.56633333333333,true
AMASS:CMU/29/29_23_stageii.csv,AMASS,CMU,CMU/29/29_23_stageii.csv,120.04801920768381,60.0,2000,1000,16.666666666666668,38.23,3,21.56333333333333,true
AMASS:CMU/86/86_01_stageii.csv,AMASS,CMU,CMU/86/86_01_stageii.csv,120.04801920768381,60.0,2000,1000,16.666666666666668,38.17,48,21.503333333333334,true
AMASS:MPIHDM05/tr/HDM_tr_03-02_02_120_stageii.csv,AMASS,MPIHDM05,MPIHDM05/tr/HDM_tr_03-02_02_120_stageii.csv,120.04801920768381,60.0,2000,1000,16.666666666666668,38.1,137,21.433333333333334,true
AMASS:CMU/55/55_07_stageii.csv,AMASS,CMU,CMU/55/55_07_stageii.csv,120.04801920768381,60.0,2000,1000,16.666666666666668,38.07,9,21.403333333333332,true
AMASS:MPIHDM05/bk/HDM_bk_01-03_04_120_stageii.csv,AMASS,MPIHDM05,MPIHDM05/bk/HDM_bk_01-03_04_120_stageii.csv,120.04801920768381,60.0,2000,1000,16.666666666666668,38.034,62,21.36733333333333,true
AMASS:CMU/137/137_23_stageii.csv,AMASS,CMU,CMU/137/137_23_stageii.csv,120.04801920768381,60.0,2000,1000,16.666666666666668,37.9,65,21.23333333333333,true
AMASS:CMU/54/54_25_stageii.csv,AMASS,CMU,CMU/54/54_25_stageii.csv,120.04801920768381,60.0,2000,1000,16.666666666666668,37.87,8,21.20333333333333,true
AMASS:CMU/55/55_03_stageii.csv,AMASS,CMU,CMU/55/55_03_stageii.csv,120.04801920768381,60.0,2000,1000,16.666666666666668,37.77,5,21.103333333333335,true
AMASS:MPILimits/03100/lar4_stageii.csv,AMASS,MPILimits,MPILimits/03100/lar4_stageii.csv,120.04801920768381,60.0,2000,1000,16.666666666666668,37.77,22,21.103333333333335,true
AMASS:CMU/85/85_12_stageii.csv,AMASS,CMU,CMU/85/85_12_stageii.csv,120.04801920768381,60.0,2000,1000,16.666666666666668,37.5,12,20.833333333333332,true
AMASS:CMU/142/142_19_stageii.csv,AMASS,CMU,CMU/142/142_19_stageii.csv,120.04801920768381,60.0,2000,1000,16.666666666666668,37.47,61,20.80333333333333,true
AMASS:MPILimits/03100/lar3_stageii.csv,AMASS,MPILimits,MPILimits/03100/lar3_stageii.csv,120.04801920768381,60.0,2000,1000,16.666666666666668,37.434,25,20.76733333333333,true
AMASS:MPILimits/03099/lar3_stageii.csv,AMASS,MPILimits,MPILimits/03099/lar3_stageii.csv,120.04801920768381,60.0,2000,1000,16.666666666666668,37.37,19,20.70333333333333,true
AMASS:MPIHDM05/bk/HDM_bk_01-03_05_120_stageii.csv,AMASS,MPIHDM05,MPIHDM05/bk/HDM_bk_01-03_05_120_stageii.csv,120.04801920768381,60.0,2000,1000,16.666666666666668,37.234,80,20.567333333333334,true
AMASS:MPILimits/03100/uar3_stageii.csv,AMASS,MPILimits,MPILimits/03100/uar3_stageii.csv,120.04801920768381,60.0,2000,1000,16.666666666666668,37.17,202,20.503333333333334,true
AMASS:MPIHDM05/tr/HDM_tr_03-02_03_120_stageii.csv,AMASS,MPIHDM05,MPIHDM05/tr/HDM_tr_03-02_03_120_stageii.csv,120.04801920768381,60.0,2000,1000,16.666666666666668,37.1,48,20.433333333333334,true
AMASS:CMU/29/29_25_stageii.csv,AMASS,CMU,CMU/29/29_25_stageii.csv,120.04801920768381,60.0,2000,1000,16.666666666666668,37.07,123,20.403333333333332,true
AMASS:CMU/29/29_16_stageii.csv,AMASS,CMU,CMU/29/29_16_stageii.csv,120.04801920768381,60.0,2000,1000,16.666666666666668,36.97,13,20.30333333333333,true
AMASS:CMU/142/142_17_stageii.csv,AMASS,CMU,CMU/142/142_17_stageii.csv,120.04801920768381,60.0,2000,1000,16.666666666666668,36.934,74,20.26733333333333,true
AMASS:CMU/29/29_15_stageii.csv,AMASS,CMU,CMU/29/29_15_stageii.csv,120.04801920768381,60.0,2000,1000,16.666666666666668,36.9,9,20.23333333333333,true
AMASS:MPIHDM05/bk/HDM_bk_03-03_01_120_stageii.csv,AMASS,MPIHDM05,MPIHDM05/bk/HDM_bk_03-03_01_120_stageii.csv,120.04801920768381,60.0,2000,1000,16.666666666666668,36.77,66,20.103333333333335,true
AMASS:MPILimits/03099/lar2_stageii.csv,AMASS,MPILimits,MPILimits/03099/lar2_stageii.csv,120.04801920768381,60.0,2000,1000,16.666666666666668,36.7,13,20.033333333333335,true
AMASS:CMU/13/13_05_stageii.csv,AMASS,CMU,CMU/13/13_05_stageii.csv,120.04801920768381,60.0,2000,1000,16.666666666666668,36.7,50,20.033333333333335,true
AMASS:CMU/36/36_16_stageii.csv,AMASS,CMU,CMU/36/36_16_stageii.csv,120.04801920768381,60.0,2000,1000,16.666666666666668,36.634,80,19.967333333333332,true
AMASS:CMU/32/32_16_stageii.csv,AMASS,CMU,CMU/32/32_16_stageii.csv,120.04801920768381,60.0,2000,1000,16.666666666666668,36.6,11,19.933333333333334,true
AMASS:CMU/41/41_02_stageii.csv,AMASS,CMU,CMU/41/41_02_stageii.csv,120.04801920768381,60.0,2000,1000,16.666666666666668,36.57,13,19.903333333333332,true
AMASS:CMU/55/55_11_stageii.csv,AMASS,CMU,CMU/55/55_11_stageii.csv,120.04801920768381,60.0,2000,1000,16.666666666666668,36.4,4,19.73333333333333,true
AMASS:CMU/36/36_17_stageii.csv,AMASS,CMU,CMU/36/36_17_stageii.csv,120.04801920768381,60.0,2000,1000,16.666666666666668,36.334,94,19.667333333333335,true
AMASS:MPIHDM05/tr/HDM_tr_03-05_03_120_stageii.csv,AMASS,MPIHDM05,MPIHDM05/tr/HDM_tr_03-05_03_120_stageii.csv,120.04801920768381,60.0,2000,1000,16.666666666666668,36.334,38,19.667333333333335,true
AMASS:CMU/01/01_02_stageii.csv,AMASS,CMU,CMU/01/01_02_stageii.csv,120.04801920768381,60.0,2000,1000,16.666666666666668,36.234,111,19.567333333333334,true
AMASS:CMU/36/36_35_stageii.csv,AMASS,CMU,CMU/36/36_35_stageii.csv,120.04801920768381,60.0,2000,1000,16.666666666666668,36.2,109,19.533333333333335,true
AMASS:MPILimits/03100/lar2_stageii.csv,AMASS,MPILimits,MPILimits/03100/lar2_stageii.csv,120.04801920768381,60.0,2000,1000,16.666666666666668,36.1,66,19.433333333333334,true
AMASS:CMU/36/36_34_stageii.csv,AMASS,CMU,CMU/36/36_34_stageii.csv,120.04801920768381,60.0,2000,1000,16.666666666666668,36.07,105,19.403333333333332,true
AMASS:MPIHDM05/tr/HDM_tr_05-01_03_120_stageii.csv,AMASS,MPIHDM05,MPIHDM05/tr/HDM_tr_05-01_03_120_stageii.csv,120.04801920768381,60.0,2000,1000,16.666666666666668,35.97,52,19.30333333333333,true
AMASS:CMU/36/36_22_stageii.csv,AMASS,CMU,CMU/36/36_22_stageii.csv,120.04801920768381,60.0,2000,1000,16.666666666666668,35.933,97,19.266333333333332,true
AMASS:CMU/36/36_33_stageii.csv,AMASS,CMU,CMU/36/36_33_stageii.csv,120.04801920768381,60.0,2000,1000,16.666666666666668,35.933,93,19.266333333333332,true
AMASS:MPIHDM05/mm/HDM_mm_03-03_02_120_stageii.csv,AMASS,MPIHDM05,MPIHDM05/mm/HDM_mm_03-03_02_120_stageii.csv,120.04801920768381,60.0,2000,1000,16.666666666666668,35.834,99,19.167333333333335,true
AMASS:CMU/54/54_23_stageii.csv,AMASS,CMU,CMU/54/54_23_stageii.csv,120.04801920768381,60.0,2000,1000,16.666666666666668,35.834,65,19.167333333333335,true
AMASS:CMU/36/36_02_stageii.csv,AMASS,CMU,CMU/36/36_02_stageii.csv,120.04801920768381,60.0,2000,1000,16.666666666666668,35.633,48,18.966333333333335,true
AMASS:CMU/125/125_02_stageii.csv,AMASS,CMU,CMU/125/125_02_stageii.csv,120.04801920768381,60.0,2000,1000,16.666666666666668,35.633,18,18.966333333333335,true
AMASS:MPIHDM05/bk/HDM_bk_03-02_03_120_stageii.csv,AMASS,MPIHDM05,MPIHDM05/bk/HDM_bk_03-02_03_120_stageii.csv,120.04801920768381,60.0,2000,1000,16.666666666666668,35.6,73,18.933333333333334,true
AMASS:BMLrub/rub034/0030_scamper_rom_stageii.csv,AMASS,BMLrub,BMLrub/rub034/0030_scamper_rom_stageii.csv,120.04801920768381,60.0,2000,1000,16.666666666666668,35.5,131,18.833333333333332,true
AMASS:KIT/442/conversation04_stageii.csv,AMASS,KIT,KIT/442/conversation04_stageii.csv,100.00000000000213,60.0,2000,1200,20.0,38.8,87,18.799999999999997,true
AMASS:CMU/36/36_27_stageii.csv,AMASS,CMU,CMU/36/36_27_stageii.csv,120.04801920768381,60.0,2000,1000,16.666666666666668,35.4,105,18.73333333333333,true
AMASS:CMU/36/36_13_stageii.csv,AMASS,CMU,CMU/36/36_13_stageii.csv,120.04801920768381,60.0,2000,1000,16.666666666666668,35.4,99,18.73333333333333,true
AMASS:CMU/01/01_09_stageii.csv,AMASS,CMU,CMU/01/01_09_stageii.csv,120.04801920768381,60.0,2000,1000,16.666666666666668,35.37,70,18.70333333333333,true
AMASS:CMU/54/54_08_stageii.csv,AMASS,CMU,CMU/54/54_08_stageii.csv,120.04801920768381,60.0,2000,1000,16.666666666666668,35.334,38,18.667333333333335,true
AMASS:MPIHDM05/mm/HDM_mm_02-02_03_120_stageii.csv,AMASS,MPIHDM05,MPIHDM05/mm/HDM_mm_02-02_03_120_stageii.csv,120.04801920768381,60.0,2000,1000,16.666666666666668,35.333,125,18.66633333333333,true
AMASS:CMU/31/31_18_stageii.csv,AMASS,CMU,CMU/31/31_18_stageii.csv,120.04801920768381,60.0,2000,1000,16.666666666666668,35.3,27,18.63333333333333,true
AMASS:BMLrub/rub103/0000_treadmill_norm_stageii.csv,AMASS,BMLrub,BMLrub/rub103/0000_treadmill_norm_stageii.csv,120.04801920768381,60.0,2000,1000,16.666666666666668,35.23,3,18.56333333333333,true
AMASS:CMU/55/55_09_stageii.csv,AMASS,CMU,CMU/55/55_09_stageii.csv,120.04801920768381,60.0,2000,1000,16.666666666666668,35.17,88,18.503333333333334,true
AMASS:MPIHDM05/dg/HDM_dg_02-02_02_120_stageii.csv,AMASS,MPIHDM05,MPIHDM05/dg/HDM_dg_02-02_02_120_stageii.csv,120.04801920768381,60.0,2000,1000,16.666666666666668,35.0,154,18.333333333333332,true
AMASS:MPIHDM05/bk/HDM_bk_05-02_01_120_stageii.csv,AMASS,MPIHDM05,MPIHDM05/bk/HDM_bk_05-02_01_120_stageii.csv,120.04801920768381,60.0,2000,1000,16.666666666666668,34.934,88,18.26733333333333,true
AMASS:BMLrub/rub017/0030_scamper_stageii.csv,AMASS,BMLrub,BMLrub/rub017/0030_scamper_stageii.csv,120.04801920768381,60.0,2000,1000,16.666666666666668,34.9,125,18.23333333333333,true
AMASS:CMU/30/30_03_stageii.csv,AMASS,CMU,CMU/30/30_03_stageii.csv,120.04801920768381,60.0,2000,1000,16.666666666666668,34.8,103,18.13333333333333,true
AMASS:CMU/56/56_08_stageii.csv,AMASS,CMU,CMU/56/56_08_stageii.csv,120.04801920768381,60.0,2000,1000,16.666666666666668,34.8,67,18.13333333333333,true
AMASS:CMU/13/13_27_stageii.csv,AMASS,CMU,CMU/13/13_27_stageii.csv,120.04801920768381,60.0,2000,1000,16.666666666666668,34.77,11,18.103333333333335,true
AMASS:MPIHDM05/mm/HDM_mm_05-03_01_120_stageii.csv,AMASS,MPIHDM05,MPIHDM05/mm/HDM_mm_05-03_01_120_stageii.csv,120.04801920768381,60.0,2000,1000,16.666666666666668,34.77,51,18.103333333333335,true
AMASS:CMU/36/36_11_stageii.csv,AMASS,CMU,CMU/36/36_11_stageii.csv,120.04801920768381,60.0,2000,1000,16.666666666666668,34.733,98,18.06633333333333,true
AMASS:MPIHDM05/bk/HDM_bk_05-02_03_120_stageii.csv,AMASS,MPIHDM05,MPIHDM05/bk/HDM_bk_05-02_03_120_stageii.csv,120.04801920768381,60.0,2000,1000,16.666666666666668,34.7,89,18.033333333333335,true
AMASS:CMU/36/36_15_stageii.csv,AMASS,CMU,CMU/36/36_15_stageii.csv,120.04801920768381,60.0,2000,1000,16.666666666666668,34.7,4,18.033333333333335,true
AMASS:CMU/36/36_24_stageii.csv,AMASS,CMU,CMU/36/36_24_stageii.csv,120.04801920768381,60.0,2000,1000,16.666666666666668,34.634,112,17.967333333333332,true
AMASS:TotalCapture/s5/freestyle1_stageii.csv,AMASS,TotalCapture,TotalCapture/s5/freestyle1_stageii.csv,60.02400960383871,60.0,2000,2000,33.32000000000157,51.234,133,17.91399999999843,true
AMASS:CMU/36/36_14_stageii.csv,AMASS,CMU,CMU/36/36_14_stageii.csv,120.04801920768381,60.0,2000,1000,16.666666666666668,34.57,111,17.903333333333332,true
AMASS:BMLrub/rub104/0001_treadmill_fast_stageii.csv,AMASS,BMLrub,BMLrub/rub104/0001_treadmill_fast_stageii.csv,120.04801920768381,60.0,2000,1000,16.666666666666668,34.47,3,17.80333333333333,true
AMASS:MPIHDM05/bk/HDM_bk_05-03_01_120_stageii.csv,AMASS,MPIHDM05,MPIHDM05/bk/HDM_bk_05-03_01_120_stageii.csv,120.04801920768381,60.0,2000,1000,16.666666666666668,34.4,65,17.73333333333333,true
AMASS:CMU/13/13_28_stageii.csv,AMASS,CMU,CMU/13/13_28_stageii.csv,120.04801920768381,60.0,2000,1000,16.666666666666668,34.37,57,17.70333333333333,true
AMASS:CMU/54/54_15_stageii.csv,AMASS,CMU,CMU/54/54_15_stageii.csv,120.04801920768381,60.0,2000,1000,16.666666666666668,34.37,9,17.70333333333333,true
AMASS:EyesJapanDataset/kanno/jump-10-rope_long-kanno_stageii.csv,AMASS,EyesJapanDataset,EyesJapanDataset/kanno/jump-10-rope_long-kanno_stageii.csv,120.04801920768381,60.0,2000,1000,16.666666666666668,34.27,28,17.603333333333335,true
AMASS:EyesJapanDataset/kanno/walk-19-shuffle_backward-kanno_stageii.csv,AMASS,EyesJapanDataset,EyesJapanDataset/kanno/walk-19-shuffle_backward-kanno_stageii.csv,120.04801920768381,60.0,2000,1000,16.666666666666668,34.27,40,17.603333333333335,true
AMASS:EyesJapanDataset/kanno/walk-11-baggage_on_the_head-kanno_stageii.csv,AMASS,EyesJapanDataset,EyesJapanDataset/kanno/walk-11-baggage_on_the_head-kanno_stageii.csv,120.04801920768381,60.0,2000,1000,16.666666666666668,34.2,156,17.533333333333335,true
AMASS:CMU/30/30_19_stageii.csv,AMASS,CMU,CMU/30/30_19_stageii.csv,120.04801920768381,60.0,2000,1000,16.666666666666668,34.134,10,17.467333333333332,true
AMASS:CMU/36/36_20_stageii.csv,AMASS,CMU,CMU/36/36_20_stageii.csv,120.04801920768381,60.0,2000,1000,16.666666666666668,34.1,79,17.433333333333334,true
AMASS:CMU/30/30_21_stageii.csv,AMASS,CMU,CMU/30/30_21_stageii.csv,120.04801920768381,60.0,2000,1000,16.666666666666668,34.07,4,17.403333333333332,true
AMASS:CMU/31/31_21_stageii.csv,AMASS,CMU,CMU/31/31_21_stageii.csv,120.04801920768381,60.0,2000,1000,16.666666666666668,34.07,6,17.403333333333332,true
AMASS:EyesJapanDataset/kanno/sitdown_standup-10-observe-kanno_stageii.csv,AMASS,EyesJapanDataset,EyesJapanDataset/kanno/sitdown_standup-10-observe-kanno_stageii.csv,120.04801920768381,60.0,2000,1000,16.666666666666668,34.07,79,17.403333333333332,true
AMASS:EyesJapanDataset/kanno/greeting-05-salute_(chest)-kanno_stageii.csv,AMASS,EyesJapanDataset,EyesJapanDataset/kanno/greeting-05-salute_(chest)-kanno_stageii.csv,120.04801920768381,60.0,2000,1000,16.666666666666668,33.834,91,17.167333333333335,true
AMASS:EyesJapanDataset/kanno/walk-21-one_leg-kanno_stageii.csv,AMASS,EyesJapanDataset,EyesJapanDataset/kanno/walk-21-one_leg-kanno_stageii.csv,120.04801920768381,60.0,2000,1000,16.666666666666668,33.77,50,17.103333333333335,true
AMASS:BMLrub/rub088/0000_treadmill_norm_stageii.csv,AMASS,BMLrub,BMLrub/rub088/0000_treadmill_norm_stageii.csv,120.04801920768381,60.0,2000,1000,16.666666666666668,33.77,3,17.103333333333335,true
AMASS:MPIHDM05/dg/HDM_dg_03-09_03_120_stageii.csv,AMASS,MPIHDM05,MPIHDM05/dg/HDM_dg_03-09_03_120_stageii.csv,120.04801920768381,60.0,2000,1000,16.666666666666668,33.77,3,17.103333333333335,true
AMASS:EyesJapanDataset/kanno/greeting-09-certificate-kanno_stageii.csv,AMASS,EyesJapanDataset,EyesJapanDataset/kanno/greeting-09-certificate-kanno_stageii.csv,120.04801920768381,60.0,2000,1000,16.666666666666668,33.734,111,17.067333333333334,true
AMASS:EyesJapanDataset/kanno/greeting-03-election-kanno_stageii.csv,AMASS,EyesJapanDataset,EyesJapanDataset/kanno/greeting-03-election-kanno_stageii.csv,120.04801920768381,60.0,2000,1000,16.666666666666668,33.734,43,17.067333333333334,true
AMASS:EyesJapanDataset/kanno/greeting-02-bye-kanno_stageii.csv,AMASS,EyesJapanDataset,EyesJapanDataset/kanno/greeting-02-bye-kanno_stageii.csv,120.04801920768381,60.0,2000,1000,16.666666666666668,33.7,66,17.033333333333335,true
AMASS:EyesJapanDataset/kanno/walk-07-moonwalk-kanno_stageii.csv,AMASS,EyesJapanDataset,EyesJapanDataset/kanno/walk-07-moonwalk-kanno_stageii.csv,120.04801920768381,60.0,2000,1000,16.666666666666668,33.7,40,17.033333333333335,true
AMASS:EyesJapanDataset/kanno/gesture_etc-46-vomit_of_blood-kanno_stageii.csv,AMASS,EyesJapanDataset,EyesJapanDataset/kanno/gesture_etc-46-vomit_of_blood-kanno_stageii.csv,120.04801920768381,60.0,2000,1000,16.666666666666668,33.634,26,16.967333333333332,true
AMASS:EyesJapanDataset/kanno/gesture_etc-41-mosh-kanno_stageii.csv,AMASS,EyesJapanDataset,EyesJapanDataset/kanno/gesture_etc-41-mosh-kanno_stageii.csv,120.04801920768381,60.0,2000,1000,16.666666666666668,33.633,13,16.966333333333335,true
AMASS:CMU/36/36_21_stageii.csv,AMASS,CMU,CMU/36/36_21_stageii.csv,120.04801920768381,60.0,2000,1000,16.666666666666668,33.6,141,16.933333333333334,true
AMASS:EyesJapanDataset/kanno/greeting-07-bow-kanno_stageii.csv,AMASS,EyesJapanDataset,EyesJapanDataset/kanno/greeting-07-bow-kanno_stageii.csv,120.04801920768381,60.0,2000,1000,16.666666666666668,33.6,49,16.933333333333334,true
AMASS:EyesJapanDataset/kanno/jump-13-matrix-kanno_stageii.csv,AMASS,EyesJapanDataset,EyesJapanDataset/kanno/jump-13-matrix-kanno_stageii.csv,120.04801920768381,60.0,2000,1000,16.666666666666668,33.57,84,16.903333333333332,true
AMASS:EyesJapanDataset/kanno/walk-14-backpack-kanno_stageii.csv,AMASS,EyesJapanDataset,EyesJapanDataset/kanno/walk-14-backpack-kanno_stageii.csv,120.04801920768381,60.0,2000,1000,16.666666666666668,33.5,72,16.833333333333332,true
AMASS:CMU/13/13_23_stageii.csv,AMASS,CMU,CMU/13/13_23_stageii.csv,120.04801920768381,60.0,2000,1000,16.666666666666668,33.5,3,16.833333333333332,true
AMASS:MPIHDM05/mm/HDM_mm_01-03_02_120_stageii.csv,AMASS,MPIHDM05,MPIHDM05/mm/HDM_mm_01-03_02_120_stageii.csv,120.04801920768381,60.0,2000,1000,16.666666666666668,33.5,66,16.833333333333332,true
AMASS:EyesJapanDataset/kanno/walk-16-push_by_hand-kanno_stageii.csv,AMASS,EyesJapanDataset,EyesJapanDataset/kanno/walk-16-push_by_hand-kanno_stageii.csv,120.04801920768381,60.0,2000,1000,16.666666666666668,33.47,37,16.80333333333333,true
AMASS:CMU/13/13_25_stageii.csv,AMASS,CMU,CMU/13/13_25_stageii.csv,120.04801920768381,60.0,2000,1000,16.666666666666668,33.434,19,16.76733333333333,true
AMASS:CMU/54/54_07_stageii.csv,AMASS,CMU,CMU/54/54_07_stageii.csv,120.04801920768381,60.0,2000,1000,16.666666666666668,33.434,16,16.76733333333333,true
AMASS:BMLrub/rub050/0030_scamper_stageii.csv,AMASS,BMLrub,BMLrub/rub050/0030_scamper_stageii.csv,120.04801920768381,60.0,2000,1000,16.666666666666668,33.43,4,16.763333333333332,true
AMASS:BMLrub/rub027/0030_scamper_stageii.csv,AMASS,BMLrub,BMLrub/rub027/0030_scamper_stageii.csv,120.04801920768381,60.0,2000,1000,16.666666666666668,33.4,137,16.73333333333333,true
AMASS:EyesJapanDataset/kanno/walk-13-baggage_on_the_shoulder-kanno_stageii.csv,AMASS,EyesJapanDataset,EyesJapanDataset/kanno/walk-13-baggage_on_the_shoulder-kanno_stageii.csv,120.04801920768381,60.0,2000,1000,16.666666666666668,33.334,29,16.667333333333335,true
AMASS:CMU/77/77_33_stageii.csv,AMASS,CMU,CMU/77/77_33_stageii.csv,60.02400960383871,60.0,2000,2000,33.32000000000157,49.97,83,16.64999999999843,true
AMASS:CMU/139/139_33_stageii.csv,AMASS,CMU,CMU/139/139_33_stageii.csv,60.02400960383871,60.0,2000,2000,33.32000000000157,49.97,13,16.64999999999843,true
AMASS:CMU/29/29_21_stageii.csv,AMASS,CMU,CMU/29/29_21_stageii.csv,120.04801920768381,60.0,2000,1000,16.666666666666668,33.3,25,16.63333333333333,true
AMASS:CMU/31/31_17_stageii.csv,AMASS,CMU,CMU/31/31_17_stageii.csv,120.04801920768381,60.0,2000,1000,16.666666666666668,33.3,4,16.63333333333333,true
AMASS:EyesJapanDataset/kanno/walk-06-catwalk-kanno_stageii.csv,AMASS,EyesJapanDataset,EyesJapanDataset/kanno/walk-06-catwalk-kanno_stageii.csv,120.04801920768381,60.0,2000,1000,16.666666666666668,33.3,46,16.63333333333333,true
AMASS:MPIHDM05/mm/HDM_mm_01-02_03_120_stageii.csv,AMASS,MPIHDM05,MPIHDM05/mm/HDM_mm_01-02_03_120_stageii.csv,120.04801920768381,60.0,2000,1000,16.666666666666668,33.27,65,16.603333333333335,true
AMASS:EyesJapanDataset/kanno/jump-12-boxer_step-kanno_stageii.csv,AMASS,EyesJapanDataset,EyesJapanDataset/kanno/jump-12-boxer_step-kanno_stageii.csv,120.04801920768381,60.0,2000,1000,16.666666666666668,33.27,49,16.603333333333335,true
AMASS:EyesJapanDataset/kanno/sitdown_standup-13-applause-kanno_stageii.csv,AMASS,EyesJapanDataset,EyesJapanDataset/kanno/sitdown_standup-13-applause-kanno_stageii.csv,120.04801920768381,60.0,2000,1000,16.666666666666668,33.2,64,16.533333333333335,true
AMASS:EyesJapanDataset/kanno/sitdown_standup-11-one_knee_drawn_up-kanno_stageii.csv,AMASS,EyesJapanDataset,EyesJapanDataset/kanno/sitdown_standup-11-one_knee_drawn_up-kanno_stageii.csv,120.04801920768381,60.0,2000,1000,16.666666666666668,33.2,55,16.533333333333335,true
AMASS:EyesJapanDataset/kanno/sitdown_standup-03-chair_back-kanno_stageii.csv,AMASS,EyesJapanDataset,EyesJapanDataset/kanno/sitdown_standup-03-chair_back-kanno_stageii.csv,120.04801920768381,60.0,2000,1000,16.666666666666668,33.134,77,16.467333333333332,true
AMASS:CMU/91/91_08_stageii.csv,AMASS,CMU,CMU/91/91_08_stageii.csv,120.04801920768381,60.0,2000,1000,16.666666666666668,33.1,128,16.433333333333334,true
AMASS:EyesJapanDataset/kanno/gesture_etc-45-feel_dizzy_-kanno_stageii.csv,AMASS,EyesJapanDataset,EyesJapanDataset/kanno/gesture_etc-45-feel_dizzy_-kanno_stageii.csv,120.04801920768381,60.0,2000,1000,16.666666666666668,33.1,24,16.433333333333334,true
AMASS:KIT/1347/Experiment3_subject1347_wash_leg_position_smallcircles_02_stageii.csv,AMASS,KIT,KIT/1347/Experiment3_subject1347_wash_leg_position_smallcircles_02_stageii.csv,100.00000000000213,60.0,2000,1200,20.0,36.4,47,16.4,true
AMASS:EyesJapanDataset/kudo/gesture_etc-15-whip_-kudo_stageii.csv,AMASS,EyesJapanDataset,EyesJapanDataset/kudo/gesture_etc-15-whip_-kudo_stageii.csv,120.04801920768381,60.0,2000,1000,16.666666666666668,33.0,46,16.333333333333332,true
AMASS:EyesJapanDataset/kudo/gesture_etc-23-mobile_call-kudo_stageii.csv,AMASS,EyesJapanDataset,EyesJapanDataset/kudo/gesture_etc-23-mobile_call-kudo_stageii.csv,120.04801920768381,60.0,2000,1000,16.666666666666668,33.0,53,16.333333333333332,true
AMASS:EyesJapanDataset/kudo/gesture_etc-19-fold_legs-kudo_stageii.csv,AMASS,EyesJapanDataset,EyesJapanDataset/kudo/gesture_etc-19-fold_legs-kudo_stageii.csv,120.04801920768381,60.0,2000,1000,16.666666666666668,33.0,51,16.333333333333332,true
AMASS:MPIHDM05/tr/HDM_tr_01-03_02_120_stageii.csv,AMASS,MPIHDM05,MPIHDM05/tr/HDM_tr_01-03_02_120_stageii.csv,120.04801920768381,60.0,2000,1000,16.666666666666668,33.0,90,16.333333333333332,true
AMASS:EyesJapanDataset/kudo/gesture_etc-11-hold_arms-kudo_stageii.csv,AMASS,EyesJapanDataset,EyesJapanDataset/kudo/gesture_etc-11-hold_arms-kudo_stageii.csv,120.04801920768381,60.0,2000,1000,16.666666666666668,33.0,24,16.333333333333332,true
AMASS:EyesJapanDataset/kudo/gesture_etc-13-juggling_imaginary-kudo_stageii.csv,AMASS,EyesJapanDataset,EyesJapanDataset/kudo/gesture_etc-13-juggling_imaginary-kudo_stageii.csv,120.04801920768381,60.0,2000,1000,16.666666666666668,33.0,20,16.333333333333332,true
AMASS:EyesJapanDataset/kudo/gesture_etc-22-mobile_receive-kudo_stageii.csv,AMASS,EyesJapanDataset,EyesJapanDataset/kudo/gesture_etc-22-mobile_receive-kudo_stageii.csv,120.04801920768381,60.0,2000,1000,16.666666666666668,33.0,92,16.333333333333332,true
AMASS:EyesJapanDataset/kudo/gesture_etc-21-clapping-kudo_stageii.csv,AMASS,EyesJapanDataset,EyesJapanDataset/kudo/gesture_etc-21-clapping-kudo_stageii.csv,120.04801920768381,60.0,2000,1000,16.666666666666668,33.0,61,16.333333333333332,true
AMASS:EyesJapanDataset/kudo/gesture_etc-18-eat-kudo_stageii.csv,AMASS,EyesJapanDataset,EyesJapanDataset/kudo/gesture_etc-18-eat-kudo_stageii.csv,120.04801920768381,60.0,2000,1000,16.666666666666668,33.0,53,16.333333333333332,true
AMASS:EyesJapanDataset/kudo/gesture_etc-32-no-kudo_stageii.csv,AMASS,EyesJapanDataset,EyesJapanDataset/kudo/gesture_etc-32-no-kudo_stageii.csv,120.04801920768381,60.0,2000,1000,16.666666666666668,33.0,108,16.333333333333332,true
AMASS:EyesJapanDataset/kudo/gesture_etc-30-fxxk-kudo_stageii.csv,AMASS,EyesJapanDataset,EyesJapanDataset/kudo/gesture_etc-30-fxxk-kudo_stageii.csv,120.04801920768381,60.0,2000,1000,16.666666666666668,33.0,70,16.333333333333332,true
AMASS:EyesJapanDataset/kudo/gesture_etc-27-hit_cockroach-kudo_stageii.csv,AMASS,EyesJapanDataset,EyesJapanDataset/kudo/gesture_etc-27-hit_cockroach-kudo_stageii.csv,120.04801920768381,60.0,2000,1000,16.666666666666668,33.0,100,16.333333333333332,true
AMASS:EyesJapanDataset/kudo/gesture_etc-34-peace-kudo_stageii.csv,AMASS,EyesJapanDataset,EyesJapanDataset/kudo/gesture_etc-34-peace-kudo_stageii.csv,120.04801920768381,60.0,2000,1000,16.666666666666668,33.0,63,16.333333333333332,true
AMASS:EyesJapanDataset/kudo/gesture_etc-29-pantomime-kudo_stageii.csv,AMASS,EyesJapanDataset,EyesJapanDataset/kudo/gesture_etc-29-pantomime-kudo_stageii.csv,120.04801920768381,60.0,2000,1000,16.666666666666668,33.0,45,16.333333333333332,true
AMASS:EyesJapanDataset/kudo/gesture_etc-26-hit_mosquito-kudo_stageii.csv,AMASS,EyesJapanDataset,EyesJapanDataset/kudo/gesture_etc-26-hit_mosquito-kudo_stageii.csv,120.04801920768381,60.0,2000,1000,16.666666666666668,33.0,78,16.333333333333332,true
AMASS:EyesJapanDataset/kudo/gesture_etc-16-dryer-kudo_stageii.csv,AMASS,EyesJapanDataset,EyesJapanDataset/kudo/gesture_etc-16-dryer-kudo_stageii.csv,120.04801920768381,60.0,2000,1000,16.666666666666668,33.0,81,16.333333333333332,true
AMASS:EyesJapanDataset/kanno/sitdown_standup-01-impolite-kanno_stageii.csv,AMASS,EyesJapanDataset,EyesJapanDataset/kanno/sitdown_standup-01-impolite-kanno_stageii.csv,120.04801920768381,60.0,2000,1000,16.666666666666668,32.9,50,16.23333333333333,true
AMASS:SFU/0007/0007_Balance001_stageii.csv,AMASS,SFU,SFU/0007/0007_Balance001_stageii.csv,120.04801920768381,60.0,2000,1000,16.666666666666668,32.9,55,16.23333333333333,true
AMASS:CMU/31/31_20_stageii.csv,AMASS,CMU,CMU/31/31_20_stageii.csv,120.04801920768381,60.0,2000,1000,16.666666666666668,32.9,14,16.23333333333333,true
AMASS:EyesJapanDataset/kanno/gesture_etc-40-head_banging-kanno_stageii.csv,AMASS,EyesJapanDataset,EyesJapanDataset/kanno/gesture_etc-40-head_banging-kanno_stageii.csv,120.04801920768381,60.0,2000,1000,16.666666666666668,32.8,27,16.13333333333333,true
AMASS:MPIHDM05/mm/HDM_mm_01-03_01_120_stageii.csv,AMASS,MPIHDM05,MPIHDM05/mm/HDM_mm_01-03_01_120_stageii.csv,120.04801920768381,60.0,2000,1000,16.666666666666668,32.734,76,16.067333333333334,true
AMASS:BMLrub/rub020/0030_scamper_stageii.csv,AMASS,BMLrub,BMLrub/rub020/0030_scamper_stageii.csv,120.04801920768381,60.0,2000,1000,16.666666666666668,32.634,12,15.967333333333332,true
AMASS:CMU/41/41_10_stageii.csv,AMASS,CMU,CMU/41/41_10_stageii.csv,120.04801920768381,60.0,2000,1000,16.666666666666668,32.6,66,15.933333333333334,true
AMASS:MPIHDM05/bk/HDM_bk_05-03_03_120_stageii.csv,AMASS,MPIHDM05,MPIHDM05/bk/HDM_bk_05-03_03_120_stageii.csv,120.04801920768381,60.0,2000,1000,16.666666666666668,32.6,44,15.933333333333334,true
AMASS:EyesJapanDataset/kanno/jump-08-rope_backward-kanno_stageii.csv,AMASS,EyesJapanDataset,EyesJapanDataset/kanno/jump-08-rope_backward-kanno_stageii.csv,120.04801920768381,60.0,2000,1000,16.666666666666668,32.57,35,15.903333333333332,true
AMASS:BMLrub/rub039/0030_scamper_rom_stageii.csv,AMASS,BMLrub,BMLrub/rub039/0030_scamper_rom_stageii.csv,120.04801920768381,60.0,2000,1000,16.666666666666668,32.534,67,15.867333333333331,true
AMASS:MPIHDM05/mm/HDM_mm_03-03_01_120_stageii.csv,AMASS,MPIHDM05,MPIHDM05/mm/HDM_mm_03-03_01_120_stageii.csv,120.04801920768381,60.0,2000,1000,16.666666666666668,32.5,81,15.833333333333332,true
AMASS:BMLrub/rub018/0031_scamper_stageii.csv,AMASS,BMLrub,BMLrub/rub018/0031_scamper_stageii.csv,120.04801920768381,60.0,2000,1000,16.666666666666668,32.5,28,15.833333333333332,true
AMASS:CMU/132/132_36_stageii.csv,AMASS,CMU,CMU/132/132_36_stageii.csv,120.04801920768381,60.0,2000,1000,16.666666666666668,32.47,46,15.803333333333331,true
AMASS:CMU/36/36_06_stageii.csv,AMASS,CMU,CMU/36/36_06_stageii.csv,120.04801920768381,60.0,2000,1000,16.666666666666668,32.47,69,15.803333333333331,true
AMASS:BMLrub/rub024/0021_catching_and_throwing_stageii.csv,AMASS,BMLrub,BMLrub/rub024/0021_catching_and_throwing_stageii.csv,120.04801920768381,60.0,2000,1000,16.666666666666668,32.47,100,15.803333333333331,true
AMASS:CMU/36/36_09_stageii.csv,AMASS,CMU,CMU/36/36_09_stageii.csv,120.04801920768381,60.0,2000,1000,16.666666666666668,32.434,32,15.76733333333333,true
AMASS:CMU/31/31_13_stageii.csv,AMASS,CMU,CMU/31/31_13_stageii.csv,120.04801920768381,60.0,2000,1000,16.666666666666668,32.4,6,15.73333333333333,true
AMASS:BMLrub/rub009/0030_scamper1_stageii.csv,AMASS,BMLrub,BMLrub/rub009/0030_scamper1_stageii.csv,120.04801920768381,60.0,2000,1000,16.666666666666668,32.334,26,15.667333333333335,true
AMASS:CMU/31/31_11_stageii.csv,AMASS,CMU,CMU/31/31_11_stageii.csv,120.04801920768381,60.0,2000,1000,16.666666666666668,32.3,6,15.63333333333333,true
AMASS:SFU/0015/0015_Kirikaeshi001_stageii.csv,AMASS,SFU,SFU/0015/0015_Kirikaeshi001_stageii.csv,120.04801920768381,60.0,2000,1000,16.666666666666668,32.27,95,15.603333333333335,true
AMASS:MPIHDM05/dg/HDM_dg_03-05_02_120_stageii.csv,AMASS,MPIHDM05,MPIHDM05/dg/HDM_dg_03-05_02_120_stageii.csv,120.04801920768381,60.0,2000,1000,16.666666666666668,32.234,47,15.567333333333334,true
AMASS:SFU/0008/0008_Yoga001_stageii.csv,AMASS,SFU,SFU/0008/0008_Yoga001_stageii.csv,120.04801920768381,60.0,2000,1000,16.666666666666668,32.2,60,15.533333333333335,true
AMASS:CMU/15/15_08_stageii.csv,AMASS,CMU,CMU/15/15_08_stageii.csv,120.04801920768381,60.0,2000,1000,16.666666666666668,32.17,36,15.503333333333334,true
AMASS:CMU/36/36_03_stageii.csv,AMASS,CMU,CMU/36/36_03_stageii.csv,120.04801920768381,60.0,2000,1000,16.666666666666668,32.1,93,15.433333333333334,true
AMASS:MPIHDM05/dg/HDM_dg_03-05_01_120_stageii.csv,AMASS,MPIHDM05,MPIHDM05/dg/HDM_dg_03-05_01_120_stageii.csv,120.04801920768381,60.0,2000,1000,16.666666666666668,32.0,44,15.333333333333332,true
AMASS:CMU/29/29_04_stageii.csv,AMASS,CMU,CMU/29/29_04_stageii.csv,120.04801920768381,60.0,2000,1000,16.666666666666668,31.97,5,15.303333333333331,true
AMASS:CMU/36/36_10_stageii.csv,AMASS,CMU,CMU/36/36_10_stageii.csv,120.04801920768381,60.0,2000,1000,16.666666666666668,31.934,164,15.267333333333333,true
AMASS:CMU/91/91_24_stageii.csv,AMASS,CMU,CMU/91/91_24_stageii.csv,120.04801920768381,60.0,2000,1000,16.666666666666668,31.7,38,15.033333333333331,true
AMASS:CMU/31/31_14_stageii.csv,AMASS,CMU,CMU/31/31_14_stageii.csv,120.04801920768381,60.0,2000,1000,16.666666666666668,31.634,32,14.967333333333332,true
AMASS:MPIHDM05/dg/HDM_dg_01-03_02_120_stageii.csv,AMASS,MPIHDM05,MPIHDM05/dg/HDM_dg_01-03_02_120_stageii.csv,120.04801920768381,60.0,2000,1000,16.666666666666668,31.634,95,14.967333333333332,true
AMASS:BMLrub/rub070/0030_scamper_stageii.csv,AMASS,BMLrub,BMLrub/rub070/0030_scamper_stageii.csv,120.04801920768381,60.0,2000,1000,16.666666666666668,31.63,4,14.963333333333331,true
AMASS:CMU/27/27_09_stageii.csv,AMASS,CMU,CMU/27/27_09_stageii.csv,120.04801920768381,60.0,2000,1000,16.666666666666668,31.47,9,14.803333333333331,true
AMASS:CMU/62/62_24_stageii.csv,AMASS,CMU,CMU/62/62_24_stageii.csv,60.024009603840305,60.0,2000,2000,33.32000000000068,48.1,76,14.779999999999319,true
AMASS:CMU/36/36_07_stageii.csv,AMASS,CMU,CMU/36/36_07_stageii.csv,120.04801920768381,60.0,2000,1000,16.666666666666668,31.434,50,14.767333333333333,true
AMASS:CMU/28/28_03_stageii.csv,AMASS,CMU,CMU/28/28_03_stageii.csv,120.04801920768381,60.0,2000,1000,16.666666666666668,31.434,60,14.767333333333333,true
AMASS:CMU/28/28_14_stageii.csv,AMASS,CMU,CMU/28/28_14_stageii.csv,120.04801920768381,60.0,2000,1000,16.666666666666668,31.2,16,14.533333333333331,true
AMASS:CMU/29/29_09_stageii.csv,AMASS,CMU,CMU/29/29_09_stageii.csv,120.04801920768381,60.0,2000,1000,16.666666666666668,31.17,89,14.503333333333334,true
AMASS:MPIHDM05/tr/HDM_tr_01-03_04_120_stageii.csv,AMASS,MPIHDM05,MPIHDM05/tr/HDM_tr_01-03_04_120_stageii.csv,120.04801920768381,60.0,2000,1000,16.666666666666668,31.134,57,14.467333333333332,true
AMASS:CMU/32/32_09_stageii.csv,AMASS,CMU,CMU/32/32_09_stageii.csv,120.04801920768381,60.0,2000,1000,16.666666666666668,31.134,13,14.467333333333332,true
AMASS:CMU/29/29_20_stageii.csv,AMASS,CMU,CMU/29/29_20_stageii.csv,120.04801920768381,60.0,2000,1000,16.666666666666668,31.07,35,14.403333333333332,true
AMASS:CMU/36/36_04_stageii.csv,AMASS,CMU,CMU/36/36_04_stageii.csv,120.04801920768381,60.0,2000,1000,16.666666666666668,31.07,74,14.403333333333332,true
AMASS:CMU/137/137_28_stageii.csv,AMASS,CMU,CMU/137/137_28_stageii.csv,120.04801920768381,60.0,2000,1000,16.666666666666668,31.034,96,14.367333333333331,true
AMASS:CMU/91/91_32_stageii.csv,AMASS,CMU,CMU/91/91_32_stageii.csv,120.04801920768381,60.0,2000,1000,16.666666666666668,31.034,25,14.367333333333331,true
AMASS:MPIHDM05/tr/HDM_tr_03-03_02_120_stageii.csv,AMASS,MPIHDM05,MPIHDM05/tr/HDM_tr_03-03_02_120_stageii.csv,120.04801920768381,60.0,2000,1000,16.666666666666668,31.034,80,14.367333333333331,true
AMASS:MPIHDM05/tr/HDM_tr_03-03_01_120_stageii.csv,AMASS,MPIHDM05,MPIHDM05/tr/HDM_tr_03-03_01_120_stageii.csv,120.04801920768381,60.0,2000,1000,16.666666666666668,31.034,133,14.367333333333331,true
AMASS:BMLrub/rub016/0030_scamper_stageii.csv,AMASS,BMLrub,BMLrub/rub016/0030_scamper_stageii.csv,120.04801920768381,60.0,2000,1000,16.666666666666668,31.0,67,14.333333333333332,true
AMASS:CMU/29/29_11_stageii.csv,AMASS,CMU,CMU/29/29_11_stageii.csv,120.04801920768381,60.0,2000,1000,16.666666666666668,31.0,77,14.333333333333332,true
AMASS:CMU/29/29_05_stageii.csv,AMASS,CMU,CMU/29/29_05_stageii.csv,120.04801920768381,60.0,2000,1000,16.666666666666668,31.0,69,14.333333333333332,true
AMASS:CMU/13/13_03_stageii.csv,AMASS,CMU,CMU/13/13_03_stageii.csv,120.04801920768381,60.0,2000,1000,16.666666666666668,30.97,50,14.303333333333331,true
AMASS:BMLrub/rub093/0001_treadmill_fast_stageii.csv,AMASS,BMLrub,BMLrub/rub093/0001_treadmill_fast_stageii.csv,120.04801920768381,60.0,2000,1000,16.666666666666668,30.97,3,14.303333333333331,true
AMASS:CMU/36/36_08_stageii.csv,AMASS,CMU,CMU/36/36_08_stageii.csv,120.04801920768381,60.0,2000,1000,16.666666666666668,30.97,29,14.303333333333331,true
AMASS:MPIHDM05/bk/HDM_bk_02-01_02_120_stageii.csv,AMASS,MPIHDM05,MPIHDM05/bk/HDM_bk_02-01_02_120_stageii.csv,120.04801920768381,60.0,2000,1000,16.666666666666668,30.97,81,14.303333333333331,true
AMASS:CMU/30/30_04_stageii.csv,AMASS,CMU,CMU/30/30_04_stageii.csv,120.04801920768381,60.0,2000,1000,16.666666666666668,30.87,124,14.203333333333333,true
AMASS:KIT/675/Trial_02_stageii.csv,AMASS,KIT,KIT/675/Trial_02_stageii.csv,100.00000000000213,60.0,2000,1200,20.0,34.2,43,14.200000000000003,true
AMASS:CMU/31/31_03_stageii.csv,AMASS,CMU,CMU/31/31_03_stageii.csv,120.04801920768381,60.0,2000,1000,16.666666666666668,30.834,101,14.167333333333332,true
AMASS:KIT/675/double_pour_and_mixing09_stageii.csv,AMASS,KIT,KIT/675/double_pour_and_mixing09_stageii.csv,100.00000000000213,60.0,2000,1200,20.0,34.134,93,14.134,true
AMASS:CMU/31/31_07_stageii.csv,AMASS,CMU,CMU/31/31_07_stageii.csv,120.04801920768381,60.0,2000,1000,16.666666666666668,30.8,60,14.133333333333333,true
AMASS:BMLrub/rub115/0021_catching_and_throwing_stageii.csv,AMASS,BMLrub,BMLrub/rub115/0021_catching_and_throwing_stageii.csv,120.04801920768381,60.0,2000,1000,16.666666666666668,30.77,15,14.103333333333332,true
AMASS:MPIHDM05/tr/HDM_tr_01-03_03_120_stageii.csv,AMASS,MPIHDM05,MPIHDM05/tr/HDM_tr_01-03_03_120_stageii.csv,120.04801920768381,60.0,2000,1000,16.666666666666668,30.77,32,14.103333333333332,true
AMASS:BMLrub/rub092/0003_treadmill_jog_stageii.csv,AMASS,BMLrub,BMLrub/rub092/0003_treadmill_jog_stageii.csv,120.04801920768381,60.0,2000,1000,16.666666666666668,30.73,3,14.063333333333333,true
AMASS:BMLrub/rub042/0028_scamper_stageii.csv,AMASS,BMLrub,BMLrub/rub042/0028_scamper_stageii.csv,120.04801920768381,60.0,2000,1000,16.666666666666668,30.7,93,14.033333333333331,true
AMASS:MPIHDM05/mm/HDM_mm_02-01_01_120_stageii.csv,AMASS,MPIHDM05,MPIHDM05/mm/HDM_mm_02-01_01_120_stageii.csv,120.04801920768381,60.0,2000,1000,16.666666666666668,30.634,72,13.967333333333332,true
AMASS:MPIHDM05/mm/HDM_mm_01-03_03_120_stageii.csv,AMASS,MPIHDM05,MPIHDM05/mm/HDM_mm_01-03_03_120_stageii.csv,120.04801920768381,60.0,2000,1000,16.666666666666668,30.634,61,13.967333333333332,true
AMASS:BMLrub/rub085/0000_treadmill_norm_stageii.csv,AMASS,BMLrub,BMLrub/rub085/0000_treadmill_norm_stageii.csv,120.04801920768381,60.0,2000,1000,16.666666666666668,30.6,3,13.933333333333334,true
AMASS:EyesJapanDataset/kanno/walk-03-sneak-kanno_stageii.csv,AMASS,EyesJapanDataset,EyesJapanDataset/kanno/walk-03-sneak-kanno_stageii.csv,120.04801920768381,60.0,2000,1000,16.666666666666668,30.6,18,13.933333333333334,true
AMASS:KIT/969/Trial_87_stageii.csv,AMASS,KIT,KIT/969/Trial_87_stageii.csv,100.00000000000213,60.0,2000,1200,20.0,33.9,47,13.899999999999999,true
AMASS:EyesJapanDataset/takiguchi/accident-11-fall_down-takiguchi_stageii.csv,AMASS,EyesJapanDataset,EyesJapanDataset/takiguchi/accident-11-fall_down-takiguchi_stageii.csv,120.04801920768381,60.0,2000,1000,16.666666666666668,30.534,74,13.867333333333331,true
AMASS:KIT/1347/Experiment3_subject1347_wash_leg_position_smallcircles_01_stageii.csv,AMASS,KIT,KIT/1347/Experiment3_subject1347_wash_leg_position_smallcircles_01_stageii.csv,100.00000000000213,60.0,2000,1200,20.0,33.834,48,13.834000000000003,true
AMASS:CMU/28/28_07_stageii.csv,AMASS,CMU,CMU/28/28_07_stageii.csv,120.04801920768381,60.0,2000,1000,16.666666666666668,30.5,101,13.833333333333332,true
AMASS:EyesJapanDataset/kanno/walk-01-normal-kanno_stageii.csv,AMASS,EyesJapanDataset,EyesJapanDataset/kanno/walk-01-normal-kanno_stageii.csv,120.04801920768381,60.0,2000,1000,16.666666666666668,30.4,32,13.73333333333333,true
AMASS:MPIHDM05/bk/HDM_bk_02-01_01_120_stageii.csv,AMASS,MPIHDM05,MPIHDM05/bk/HDM_bk_02-01_01_120_stageii.csv,120.04801920768381,60.0,2000,1000,16.666666666666668,30.4,84,13.73333333333333,true
AMASS:CMU/27/27_04_stageii.csv,AMASS,CMU,CMU/27/27_04_stageii.csv,120.04801920768381,60.0,2000,1000,16.666666666666668,30.37,83,13.703333333333333,true
AMASS:CMU/144/144_06_stageii.csv,AMASS,CMU,CMU/144/144_06_stageii.csv,120.04801920768381,60.0,2000,1000,16.666666666666668,30.3,90,13.633333333333333,true
AMASS:MPIHDM05/tr/HDM_tr_05-03_02_120_stageii.csv,AMASS,MPIHDM05,MPIHDM05/tr/HDM_tr_05-03_02_120_stageii.csv,120.04801920768381,60.0,2000,1000,16.666666666666668,30.3,38,13.633333333333333,true
AMASS:CMU/26/26_05_stageii.csv,AMASS,CMU,CMU/26/26_05_stageii.csv,120.04801920768381,60.0,2000,1000,16.666666666666668,30.3,44,13.633333333333333,true
AMASS:MPIHDM05/tr/HDM_tr_03-11_01_120_stageii.csv,AMASS,MPIHDM05,MPIHDM05/tr/HDM_tr_03-11_01_120_stageii.csv,120.04801920768381,60.0,2000,1000,16.666666666666668,30.3,18,13.633333333333333,true
AMASS:CMU/32/32_15_stageii.csv,AMASS,CMU,CMU/32/32_15_stageii.csv,120.04801920768381,60.0,2000,1000,16.666666666666668,30.234,59,13.567333333333334,true
AMASS:KIT/1346/Experiment3_subject1346_wash_back_position_horizontal_01_stageii.csv,AMASS,KIT,KIT/1346/Experiment3_subject1346_wash_back_position_horizontal_01_stageii.csv,100.00000000000213,60.0,2000,1200,20.0,33.534,48,13.533999999999999,true
AMASS:CMU/30/30_16_stageii.csv,AMASS,CMU,CMU/30/30_16_stageii.csv,120.04801920768381,60.0,2000,1000,16.666666666666668,30.17,120,13.503333333333334,true
AMASS:BMLrub/rub088/0001_treadmill_fast_stageii.csv,AMASS,BMLrub,BMLrub/rub088/0001_treadmill_fast_stageii.csv,120.04801920768381,60.0,2000,1000,16.666666666666668,30.17,3,13.503333333333334,true
AMASS:BMLrub/rub059/0031_scamper_stageii.csv,AMASS,BMLrub,BMLrub/rub059/0031_scamper_stageii.csv,120.04801920768381,60.0,2000,1000,16.666666666666668,30.17,74,13.503333333333334,true
AMASS:BMLrub/rub079/0028_rom_stageii.csv,AMASS,BMLrub,BMLrub/rub079/0028_rom_stageii.csv,120.04801920768381,60.0,2000,1000,16.666666666666668,30.1,28,13.433333333333334,true
AMASS:MPILimits/03101/ulr1a_stageii.csv,AMASS,MPILimits,MPILimits/03101/ulr1a_stageii.csv,120.04801920768381,60.0,2000,1000,16.666666666666668,30.1,108,13.433333333333334,true
AMASS:MPIHDM05/tr/HDM_tr_01-03_01_120_stageii.csv,AMASS,MPIHDM05,MPIHDM05/tr/HDM_tr_01-03_01_120_stageii.csv,120.04801920768381,60.0,2000,1000,16.666666666666668,30.1,32,13.433333333333334,true
AMASS:CMU/15/15_06_stageii.csv,AMASS,CMU,CMU/15/15_06_stageii.csv,120.04801920768381,60.0,2000,1000,16.666666666666668,30.034,150,13.367333333333331,true
AMASS:EyesJapanDataset/shiono/pose-14-look_up-shiono_stageii.csv,AMASS,EyesJapanDataset,EyesJapanDataset/shiono/pose-14-look_up-shiono_stageii.csv,120.04801920768381,60.0,2000,1000,16.666666666666668,30.0,18,13.333333333333332,true
AMASS:EyesJapanDataset/kaiwa/gesture_etc-33-watch_here-kaiwa_stageii.csv,AMASS,EyesJapanDataset,EyesJapanDataset/kaiwa/gesture_etc-33-watch_here-kaiwa_stageii.csv,120.04801920768381,60.0,2000,1000,16.666666666666668,30.0,12,13.333333333333332,true
AMASS:EyesJapanDataset/hamada/throw_toss-04-both_hands_over_light-hamada_stageii.csv,AMASS,EyesJapanDataset,EyesJapanDataset/hamada/throw_toss-04-both_hands_over_light-hamada_stageii.csv,120.04801920768381,60.0,2000,1000,16.666666666666668,30.0,53,13.333333333333332,true
AMASS:EyesJapanDataset/kaiwa/jump-02-leap-kaiwa_stageii.csv,AMASS,EyesJapanDataset,EyesJapanDataset/kaiwa/jump-02-leap-kaiwa_stageii.csv,120.04801920768381,60.0,2000,1000,16.666666666666668,30.0,75,13.333333333333332,true
AMASS:EyesJapanDataset/kaiwa/gesture_etc-06-jiggle_knee-kaiwa_stageii.csv,AMASS,EyesJapanDataset,EyesJapanDataset/kaiwa/gesture_etc-06-jiggle_knee-kaiwa_stageii.csv,120.04801920768381,60.0,2000,1000,16.666666666666668,30.0,40,13.333333333333332,true
AMASS:EyesJapanDataset/hamada/pose-01-normal-hamada_stageii.csv,AMASS,EyesJapanDataset,EyesJapanDataset/hamada/pose-01-normal-hamada_stageii.csv,120.04801920768381,60.0,2000,1000,16.666666666666668,30.0,48,13.333333333333332,true
AMASS:EyesJapanDataset/hamada/jump-04-horizontal-hamada_stageii.csv,AMASS,EyesJapanDataset,EyesJapanDataset/hamada/jump-04-horizontal-hamada_stageii.csv,120.04801920768381,60.0,2000,1000,16.666666666666668,30.0,91,13.333333333333332,true
AMASS:EyesJapanDataset/kaiwa/audience-01-standing_set_1-kaiwa_stageii.csv,AMASS,EyesJapanDataset,EyesJapanDataset/kaiwa/audience-01-standing_set_1-kaiwa_stageii.csv,120.04801920768381,60.0,2000,1000,16.666666666666668,30.0,84,13.333333333333332,true
AMASS:EyesJapanDataset/shiono/gesture_etc-02-set_2-shiono_stageii.csv,AMASS,EyesJapanDataset,EyesJapanDataset/shiono/gesture_etc-02-set_2-shiono_stageii.csv,120.04801920768381,60.0,2000,1000,16.666666666666668,30.0,34,13.333333333333332,true
AMASS:EyesJapanDataset/shiono/turn-03-look_at-shiono_stageii.csv,AMASS,EyesJapanDataset,EyesJapanDataset/shiono/turn-03-look_at-shiono_stageii.csv,120.04801920768381,60.0,2000,1000,16.666666666666668,30.0,60,13.333333333333332,true
AMASS:EyesJapanDataset/aita/sitdown_standup-16-reseat-aita_stageii.csv,AMASS,EyesJapanDataset,EyesJapanDataset/aita/sitdown_standup-16-reseat-aita_stageii.csv,120.04801920768381,60.0,2000,1000,16.666666666666668,30.0,75,13.333333333333332,true
AMASS:EyesJapanDataset/kaiwa/pose-03-open_leg-kaiwa_stageii.csv,AMASS,EyesJapanDataset,EyesJapanDataset/kaiwa/pose-03-open_leg-kaiwa_stageii.csv,120.04801920768381,60.0,2000,1000,16.666666666666668,30.0,37,13.333333333333332,true
AMASS:EyesJapanDataset/kaiwa/pose-10-recall_blackmagic-kaiwa_stageii.csv,AMASS,EyesJapanDataset,EyesJapanDataset/kaiwa/pose-10-recall_blackmagic-kaiwa_stageii.csv,120.04801920768381,60.0,2000,1000,16.666666666666668,30.0,57,13.333333333333332,true
AMASS:EyesJapanDataset/kaiwa/pose-17-one_leg-kaiwa_stageii.csv,AMASS,EyesJapanDataset,EyesJapanDataset/kaiwa/pose-17-one_leg-kaiwa_stageii.csv,120.04801920768381,60.0,2000,1000,16.666666666666668,30.0,32,13.333333333333332,true
AMASS:EyesJapanDataset/kaiwa/gesture_etc-01-set_1-kaiwa_stageii.csv,AMASS,EyesJapanDataset,EyesJapanDataset/kaiwa/gesture_etc-01-set_1-kaiwa_stageii.csv,120.04801920768381,60.0,2000,1000,16.666666666666668,30.0,85,13.333333333333332,true
AMASS:EyesJapanDataset/hamada/jump-12-boxer_step-hamada_stageii.csv,AMASS,EyesJapanDataset,EyesJapanDataset/hamada/jump-12-boxer_step-hamada_stageii.csv,120.04801920768381,60.0,2000,1000,16.666666666666668,30.0,61,13.333333333333332,true
AMASS:EyesJapanDataset/aita/greeting-04-salute_(head)-aita_stageii.csv,AMASS,EyesJapanDataset,EyesJapanDataset/aita/greeting-04-salute_(head)-aita_stageii.csv,120.04801920768381,60.0,2000,1000,16.666666666666668,30.0,71,13.333333333333332,true
AMASS:EyesJapanDataset/hamada/jump-08-rope_backward-hamada_stageii.csv,AMASS,EyesJapanDataset,EyesJapanDataset/hamada/jump-08-rope_backward-hamada_stageii.csv,120.04801920768381,60.0,2000,1000,16.666666666666668,30.0,25,13.333333333333332,true
AMASS:EyesJapanDataset/kaiwa/gesture_etc-35-west_side-kaiwa_stageii.csv,AMASS,EyesJapanDataset,EyesJapanDataset/kaiwa/gesture_etc-35-west_side-kaiwa_stageii.csv,120.04801920768381,60.0,2000,1000,16.666666666666668,30.0,68,13.333333333333332,true
AMASS:EyesJapanDataset/aita/gesture_etc-32-no-aita_stageii.csv,AMASS,EyesJapanDataset,EyesJapanDataset/aita/gesture_etc-32-no-aita_stageii.csv,120.04801920768381,60.0,2000,1000,16.666666666666668,30.0,36,13.333333333333332,true
AMASS:EyesJapanDataset/shiono/pose-02-rest-shiono_stageii.csv,AMASS,EyesJapanDataset,EyesJapanDataset/shiono/pose-02-rest-shiono_stageii.csv,120.04801920768381,60.0,2000,1000,16.666666666666668,30.0,67,13.333333333333332,true
AMASS:EyesJapanDataset/aita/sitdown_standup-10-observe-aita_stageii.csv,AMASS,EyesJapanDataset,EyesJapanDataset/aita/sitdown_standup-10-observe-aita_stageii.csv,120.04801920768381,60.0,2000,1000,16.666666666666668,30.0,38,13.333333333333332,true
AMASS:EyesJapanDataset/aita/accident-03-damage_head-aita_stageii.csv,AMASS,EyesJapanDataset,EyesJapanDataset/aita/accident-03-damage_head-aita_stageii.csv,120.04801920768381,60.0,2000,1000,16.666666666666668,30.0,118,13.333333333333332,true
AMASS:EyesJapanDataset/hamada/throw_toss-19-pass_to_front_light-hamada_stageii.csv,AMASS,EyesJapanDataset,EyesJapanDataset/hamada/throw_toss-19-pass_to_front_light-hamada_stageii.csv,120.04801920768381,60.0,2000,1000,16.666666666666668,30.0,104,13.333333333333332,true
AMASS:EyesJapanDataset/kaiwa/gesture_etc-39-giant_baba-kaiwa_stageii.csv,AMASS,EyesJapanDataset,EyesJapanDataset/kaiwa/gesture_etc-39-giant_baba-kaiwa_stageii.csv,120.04801920768381,60.0,2000,1000,16.666666666666668,30.0,111,13.333333333333332,true
AMASS:EyesJapanDataset/kaiwa/gesture_etc-46-vomit_of_blood-kaiwa_stageii.csv,AMASS,EyesJapanDataset,EyesJapanDataset/kaiwa/gesture_etc-46-vomit_of_blood-kaiwa_stageii.csv,120.04801920768381,60.0,2000,1000,16.666666666666668,30.0,61,13.333333333333332,true
AMASS:EyesJapanDataset/hamada/jump-06-rope_normal_run_fast-hamada_stageii.csv,AMASS,EyesJapanDataset,EyesJapanDataset/hamada/jump-06-rope_normal_run_fast-hamada_stageii.csv,120.04801920768381,60.0,2000,1000,16.666666666666668,30.0,70,13.333333333333332,true
AMASS:EyesJapanDataset/aita/gesture_etc-48-medium_drum-aita_stageii.csv,AMASS,EyesJapanDataset,EyesJapanDataset/aita/gesture_etc-48-medium_drum-aita_stageii.csv,120.04801920768381,60.0,2000,1000,16.666666666666668,30.0,18,13.333333333333332,true
AMASS:EyesJapanDataset/aita/gesture_etc-42-hung_over-aita_stageii.csv,AMASS,EyesJapanDataset,EyesJapanDataset/aita/gesture_etc-42-hung_over-aita_stageii.csv,120.04801920768381,60.0,2000,1000,16.666666666666668,30.0,62,13.333333333333332,true
AMASS:EyesJapanDataset/shiono/gesture_etc-34-peace-shiono_stageii.csv,AMASS,EyesJapanDataset,EyesJapanDataset/shiono/gesture_etc-34-peace-shiono_stageii.csv,120.04801920768381,60.0,2000,1000,16.666666666666668,30.0,41,13.333333333333332,true
AMASS:EyesJapanDataset/aita/walk-02-drank-aita_stageii.csv,AMASS,EyesJapanDataset,EyesJapanDataset/aita/walk-02-drank-aita_stageii.csv,120.04801920768381,60.0,2000,1000,16.666666666666668,30.0,30,13.333333333333332,true
AMASS:EyesJapanDataset/kaiwa/accident-12-twist_foot-kaiwa_stageii.csv,AMASS,EyesJapanDataset,EyesJapanDataset/kaiwa/accident-12-twist_foot-kaiwa_stageii.csv,120.04801920768381,60.0,2000,1000,16.666666666666668,30.0,107,13.333333333333332,true
AMASS:EyesJapanDataset/aita/greeting-08-shakehands-aita_stageii.csv,AMASS,EyesJapanDataset,EyesJapanDataset/aita/greeting-08-shakehands-aita_stageii.csv,120.04801920768381,60.0,2000,1000,16.666666666666668,30.0,15,13.333333333333332,true
AMASS:EyesJapanDataset/aita/turn-05-turn-aita_stageii.csv,AMASS,EyesJapanDataset,EyesJapanDataset/aita/turn-05-turn-aita_stageii.csv,120.04801920768381,60.0,2000,1000,16.666666666666668,30.0,57,13.333333333333332,true
AMASS:EyesJapanDataset/kaiwa/pose-18-applause-kaiwa_stageii.csv,AMASS,EyesJapanDataset,EyesJapanDataset/kaiwa/pose-18-applause-kaiwa_stageii.csv,120.04801920768381,60.0,2000,1000,16.666666666666668,30.0,30,13.333333333333332,true
AMASS:EyesJapanDataset/kaiwa/accident-13-damage_back-kaiwa_stageii.csv,AMASS,EyesJapanDataset,EyesJapanDataset/kaiwa/accident-13-damage_back-kaiwa_stageii.csv,120.04801920768381,60.0,2000,1000,16.666666666666668,30.0,96,13.333333333333332,true
AMASS:EyesJapanDataset/shiono/gesture_etc-24-matrix-shiono_stageii.csv,AMASS,EyesJapanDataset,EyesJapanDataset/shiono/gesture_etc-24-matrix-shiono_stageii.csv,120.04801920768381,60.0,2000,1000,16.666666666666668,30.0,105,13.333333333333332,true
AMASS:EyesJapanDataset/hamada/walk-19-shuffle_backward-hamada_stageii.csv,AMASS,EyesJapanDataset,EyesJapanDataset/hamada/walk-19-shuffle_backward-hamada_stageii.csv,120.04801920768381,60.0,2000,1000,16.666666666666668,30.0,45,13.333333333333332,true
AMASS:EyesJapanDataset/hamada/turn-05-turn-hamada_stageii.csv,AMASS,EyesJapanDataset,EyesJapanDataset/hamada/turn-05-turn-hamada_stageii.csv,120.04801920768381,60.0,2000,1000,16.666666666666668,30.0,50,13.333333333333332,true
AMASS:EyesJapanDataset/kaiwa/accident-04-damage_right_leg-kaiwa_stageii.csv,AMASS,EyesJapanDataset,EyesJapanDataset/kaiwa/accident-04-damage_right_leg-kaiwa_stageii.csv,120.04801920768381,60.0,2000,1000,16.666666666666668,30.0,18,13.333333333333332,true
AMASS:EyesJapanDataset/aita/gesture_etc-35-west_side-aita_stageii.csv,AMASS,EyesJapanDataset,EyesJapanDataset/aita/gesture_etc-35-west_side-aita_stageii.csv,120.04801920768381,60.0,2000,1000,16.666666666666668,30.0,36,13.333333333333332,true
AMASS:EyesJapanDataset/hamada/sitdown_standup-05-straight-hamada_stageii.csv,AMASS,EyesJapanDataset,EyesJapanDataset/hamada/sitdown_standup-05-straight-hamada_stageii.csv,120.04801920768381,60.0,2000,1000,16.666666666666668,30.0,47,13.333333333333332,true
AMASS:EyesJapanDataset/aita/walk-08-lookfor-aita_stageii.csv,AMASS,EyesJapanDataset,EyesJapanDataset/aita/walk-08-lookfor-aita_stageii.csv,120.04801920768381,60.0,2000,1000,16.666666666666668,30.0,19,13.333333333333332,true
AMASS:EyesJapanDataset/hamada/sitdown_standup-09-squat_down-hamada_stageii.csv,AMASS,EyesJapanDataset,EyesJapanDataset/hamada/sitdown_standup-09-squat_down-hamada_stageii.csv,120.04801920768381,60.0,2000,1000,16.666666666666668,30.0,53,13.333333333333332,true
AMASS:EyesJapanDataset/kaiwa/pose-02-rest-kaiwa_stageii.csv,AMASS,EyesJapanDataset,EyesJapanDataset/kaiwa/pose-02-rest-kaiwa_stageii.csv,120.04801920768381,60.0,2000,1000,16.666666666666668,30.0,60,13.333333333333332,true
AMASS:EyesJapanDataset/kaiwa/gesture_etc-18-eat-kaiwa_stageii.csv,AMASS,EyesJapanDataset,EyesJapanDataset/kaiwa/gesture_etc-18-eat-kaiwa_stageii.csv,120.04801920768381,60.0,2000,1000,16.666666666666668,30.0,3,13.333333333333332,true
AMASS:EyesJapanDataset/kaiwa/gesture_etc-40-head_banging-kaiwa_stageii.csv,AMASS,EyesJapanDataset,EyesJapanDataset/kaiwa/gesture_etc-40-head_banging-kaiwa_stageii.csv,120.04801920768381,60.0,2000,1000,16.666666666666668,30.0,43,13.333333333333332,true
AMASS:EyesJapanDataset/shiono/gesture_etc-10-snip_nail-shiono_stageii.csv,AMASS,EyesJapanDataset,EyesJapanDataset/shiono/gesture_etc-10-snip_nail-shiono_stageii.csv,120.04801920768381,60.0,2000,1000,16.666666666666668,30.0,40,13.333333333333332,true
AMASS:EyesJapanDataset/shiono/gesture_etc-31-ok-shiono_stageii.csv,AMASS,EyesJapanDataset,EyesJapanDataset/shiono/gesture_etc-31-ok-shiono_stageii.csv,120.04801920768381,60.0,2000,1000,16.666666666666668,30.0,53,13.333333333333332,true
AMASS:EyesJapanDataset/aita/accident-06-damage_left_leg-aita_stageii.csv,AMASS,EyesJapanDataset,EyesJapanDataset/aita/accident-06-damage_left_leg-aita_stageii.csv,120.04801920768381,60.0,2000,1000,16.666666666666668,30.0,33,13.333333333333332,true
AMASS:EyesJapanDataset/aita/gesture_etc-10-snip_nail-aita_stageii.csv,AMASS,EyesJapanDataset,EyesJapanDataset/aita/gesture_etc-10-snip_nail-aita_stageii.csv,120.04801920768381,60.0,2000,1000,16.666666666666668,30.0,35,13.333333333333332,true
AMASS:EyesJapanDataset/shiono/accident-03-damage_head-shiono_stageii.csv,AMASS,EyesJapanDataset,EyesJapanDataset/shiono/accident-03-damage_head-shiono_stageii.csv,120.04801920768381,60.0,2000,1000,16.666666666666668,30.0,18,13.333333333333332,true
AMASS:EyesJapanDataset/kaiwa/jump-01-normal-kaiwa_stageii.csv,AMASS,EyesJapanDataset,EyesJapanDataset/kaiwa/jump-01-normal-kaiwa_stageii.csv,120.04801920768381,60.0,2000,1000,16.666666666666668,30.0,24,13.333333333333332,true
AMASS:EyesJapanDataset/hamada/walk-13-baggage_on_the_shoulder-hamada_stageii.csv,AMASS,EyesJapanDataset,EyesJapanDataset/hamada/walk-13-baggage_on_the_shoulder-hamada_stageii.csv,120.04801920768381,60.0,2000,1000,16.666666666666668,30.0,45,13.333333333333332,true
AMASS:EyesJapanDataset/hamada/sitdown_standup-13-applause-hamada_stageii.csv,AMASS,EyesJapanDataset,EyesJapanDataset/hamada/sitdown_standup-13-applause-hamada_stageii.csv,120.04801920768381,60.0,2000,1000,16.666666666666668,30.0,26,13.333333333333332,true
AMASS:EyesJapanDataset/hamada/throw_toss-02-side-hamada_stageii.csv,AMASS,EyesJapanDataset,EyesJapanDataset/hamada/throw_toss-02-side-hamada_stageii.csv,120.04801920768381,60.0,2000,1000,16.666666666666668,30.0,82,13.333333333333332,true
AMASS:EyesJapanDataset/kaiwa/throw_toss-20-pass_to_front_heavy-kaiwa_stageii.csv,AMASS,EyesJapanDataset,EyesJapanDataset/kaiwa/throw_toss-20-pass_to_front_heavy-kaiwa_stageii.csv,120.04801920768381,60.0,2000,1000,16.666666666666668,30.0,93,13.333333333333332,true
AMASS:EyesJapanDataset/kaiwa/gesture_etc-37-gay-kaiwa_stageii.csv,AMASS,EyesJapanDataset,EyesJapanDataset/kaiwa/gesture_etc-37-gay-kaiwa_stageii.csv,120.04801920768381,60.0,2000,1000,16.666666666666668,30.0,54,13.333333333333332,true
AMASS:EyesJapanDataset/aita/greeting-07-bow-aita_stageii.csv,AMASS,EyesJapanDataset,EyesJapanDataset/aita/greeting-07-bow-aita_stageii.csv,120.04801920768381,60.0,2000,1000,16.666666666666668,30.0,75,13.333333333333332,true
AMASS:EyesJapanDataset/aita/walk-23-shuffle_oneleg-aita_stageii.csv,AMASS,EyesJapanDataset,EyesJapanDataset/aita/walk-23-shuffle_oneleg-aita_stageii.csv,120.04801920768381,60.0,2000,1000,16.666666666666668,30.0,46,13.333333333333332,true
AMASS:EyesJapanDataset/shiono/gesture_etc-26-hit_mosquito-shiono_stageii.csv,AMASS,EyesJapanDataset,EyesJapanDataset/shiono/gesture_etc-26-hit_mosquito-shiono_stageii.csv,120.04801920768381,60.0,2000,1000,16.666666666666668,30.0,78,13.333333333333332,true
AMASS:EyesJapanDataset/kaiwa/throw_toss-18-pass_to_back_heavy-kaiwa_stageii.csv,AMASS,EyesJapanDataset,EyesJapanDataset/kaiwa/throw_toss-18-pass_to_back_heavy-kaiwa_stageii.csv,120.04801920768381,60.0,2000,1000,16.666666666666668,30.0,108,13.333333333333332,true
AMASS:EyesJapanDataset/hamada/walk-16-push_by_hand-hamada_stageii.csv,AMASS,EyesJapanDataset,EyesJapanDataset/hamada/walk-16-push_by_hand-hamada_stageii.csv,120.04801920768381,60.0,2000,1000,16.666666666666668,30.0,83,13.333333333333332,true
AMASS:EyesJapanDataset/shiono/pose-07-pray_cross-shiono_stageii.csv,AMASS,EyesJapanDataset,EyesJapanDataset/shiono/pose-07-pray_cross-shiono_stageii.csv,120.04801920768381,60.0,2000,1000,16.666666666666668,30.0,67,13.333333333333332,true
AMASS:EyesJapanDataset/aita/pose-03-open_leg-aita_stageii.csv,AMASS,EyesJapanDataset,EyesJapanDataset/aita/pose-03-open_leg-aita_stageii.csv,120.04801920768381,60.0,2000,1000,16.666666666666668,30.0,58,13.333333333333332,true
AMASS:EyesJapanDataset/hamada/walk-08-lookfor-hamada_stageii.csv,AMASS,EyesJapanDataset,EyesJapanDataset/hamada/walk-08-lookfor-hamada_stageii.csv,120.04801920768381,60.0,2000,1000,16.666666666666668,30.0,114,13.333333333333332,true
AMASS:EyesJapanDataset/kaiwa/gesture_etc-42-hung_over-kaiwa_stageii.csv,AMASS,EyesJapanDataset,EyesJapanDataset/kaiwa/gesture_etc-42-hung_over-kaiwa_stageii.csv,120.04801920768381,60.0,2000,1000,16.666666666666668,30.0,18,13.333333333333332,true
AMASS:EyesJapanDataset/aita/gesture_etc-31-ok-aita_stageii.csv,AMASS,EyesJapanDataset,EyesJapanDataset/aita/gesture_etc-31-ok-aita_stageii.csv,120.04801920768381,60.0,2000,1000,16.666666666666668,30.0,44,13.333333333333332,true
AMASS:EyesJapanDataset/aita/sitdown_standup-08-long_sitting-aita_stageii.csv,AMASS,EyesJapanDataset,EyesJapanDataset/aita/sitdown_standup-08-long_sitting-aita_stageii.csv,120.04801920768381,60.0,2000,1000,16.666666666666668,30.0,60,13.333333333333332,true
AMASS:EyesJapanDataset/ichige/gesture_etc-19-fold_legs-ichige_stageii.csv,AMASS,EyesJapanDataset,EyesJapanDataset/ichige/gesture_etc-19-fold_legs-ichige_stageii.csv,120.04801920768381,60.0,2000,1000,16.666666666666668,30.0,55,13.333333333333332,true
AMASS:EyesJapanDataset/aita/pose-14-look_up-aita_stageii.csv,AMASS,EyesJapanDataset,EyesJapanDataset/aita/pose-14-look_up-aita_stageii.csv,120.04801920768381,60.0,2000,1000,16.666666666666668,30.0,38,13.333333333333332,true
AMASS:EyesJapanDataset/kanno/accident-06-damage_left_leg-kanno_stageii.csv,AMASS,EyesJapanDataset,EyesJapanDataset/kanno/accident-06-damage_left_leg-kanno_stageii.csv,120.04801920768381,60.0,2000,1000,16.666666666666668,30.0,54,13.333333333333332,true
AMASS:EyesJapanDataset/aita/gesture_etc-26-hit_mosquito-aita_stageii.csv,AMASS,EyesJapanDataset,EyesJapanDataset/aita/gesture_etc-26-hit_mosquito-aita_stageii.csv,120.04801920768381,60.0,2000,1000,16.666666666666668,30.0,18,13.333333333333332,true
AMASS:EyesJapanDataset/kaiwa/pose-14-look_up-kaiwa_stageii.csv,AMASS,EyesJapanDataset,EyesJapanDataset/kaiwa/pose-14-look_up-kaiwa_stageii.csv,120.04801920768381,60.0,2000,1000,16.666666666666668,30.0,35,13.333333333333332,true
AMASS:EyesJapanDataset/aita/accident-04-damage_right_leg-aita_stageii.csv,AMASS,EyesJapanDataset,EyesJapanDataset/aita/accident-04-damage_right_leg-aita_stageii.csv,120.04801920768381,60.0,2000,1000,16.666666666666668,30.0,31,13.333333333333332,true
AMASS:EyesJapanDataset/aita/walk-07-moonwalk-aita_stageii.csv,AMASS,EyesJapanDataset,EyesJapanDataset/aita/walk-07-moonwalk-aita_stageii.csv,120.04801920768381,60.0,2000,1000,16.666666666666668,30.0,21,13.333333333333332,true
AMASS:EyesJapanDataset/kaiwa/gesture_etc-47-big_drum-kaiwa_stageii.csv,AMASS,EyesJapanDataset,EyesJapanDataset/kaiwa/gesture_etc-47-big_drum-kaiwa_stageii.csv,120.04801920768381,60.0,2000,1000,16.666666666666668,30.0,50,13.333333333333332,true
AMASS:EyesJapanDataset/kaiwa/audience-02-standing_set_2-kaiwa_stageii.csv,AMASS,EyesJapanDataset,EyesJapanDataset/kaiwa/audience-02-standing_set_2-kaiwa_stageii.csv,120.04801920768381,60.0,2000,1000,16.666666666666668,30.0,128,13.333333333333332,true
AMASS:EyesJapanDataset/kaiwa/pain-01-headache-kaiwa_stageii.csv,AMASS,EyesJapanDataset,EyesJapanDataset/kaiwa/pain-01-headache-kaiwa_stageii.csv,120.04801920768381,60.0,2000,1000,16.666666666666668,30.0,52,13.333333333333332,true
AMASS:EyesJapanDataset/hamada/gesture_etc-36-shame-hamada_stageii.csv,AMASS,EyesJapanDataset,EyesJapanDataset/hamada/gesture_etc-36-shame-hamada_stageii.csv,120.04801920768381,60.0,2000,1000,16.666666666666668,30.0,79,13.333333333333332,true
AMASS:EyesJapanDataset/kaiwa/accident-01-dodge-kaiwa_stageii.csv,AMASS,EyesJapanDataset,EyesJapanDataset/kaiwa/accident-01-dodge-kaiwa_stageii.csv,120.04801920768381,60.0,2000,1000,16.666666666666668,30.0,11,13.333333333333332,true
AMASS:EyesJapanDataset/kaiwa/gesture_etc-03-set_3-kaiwa_stageii.csv,AMASS,EyesJapanDataset,EyesJapanDataset/kaiwa/gesture_etc-03-set_3-kaiwa_stageii.csv,120.04801920768381,60.0,2000,1000,16.666666666666668,30.0,58,13.333333333333332,true
AMASS:EyesJapanDataset/shiono/gesture_etc-15-whip_-shiono_stageii.csv,AMASS,EyesJapanDataset,EyesJapanDataset/shiono/gesture_etc-15-whip_-shiono_stageii.csv,120.04801920768381,60.0,2000,1000,16.666666666666668,30.0,65,13.333333333333332,true
AMASS:EyesJapanDataset/hamada/walk-04-fast-hamada_stageii.csv,AMASS,EyesJapanDataset,EyesJapanDataset/hamada/walk-04-fast-hamada_stageii.csv,120.04801920768381,60.0,2000,1000,16.666666666666668,30.0,76,13.333333333333332,true
AMASS:EyesJapanDataset/aita/walk-14-backpack-aita_stageii.csv,AMASS,EyesJapanDataset,EyesJapanDataset/aita/walk-14-backpack-aita_stageii.csv,120.04801920768381,60.0,2000,1000,16.666666666666668,30.0,19,13.333333333333332,true
AMASS:EyesJapanDataset/aita/accident-14-dodge_turn_down-aita_stageii.csv,AMASS,EyesJapanDataset,EyesJapanDataset/aita/accident-14-dodge_turn_down-aita_stageii.csv,120.04801920768381,60.0,2000,1000,16.666666666666668,30.0,114,13.333333333333332,true
AMASS:EyesJapanDataset/aita/walk-05-backward-aita_stageii.csv,AMASS,EyesJapanDataset,EyesJapanDataset/aita/walk-05-backward-aita_stageii.csv,120.04801920768381,60.0,2000,1000,16.666666666666668,30.0,40,13.333333333333332,true
AMASS:EyesJapanDataset/shiono/pose-10-recall_blackmagic-shiono_stageii.csv,AMASS,EyesJapanDataset,EyesJapanDataset/shiono/pose-10-recall_blackmagic-shiono_stageii.csv,120.04801920768381,60.0,2000,1000,16.666666666666668,30.0,32,13.333333333333332,true
AMASS:EyesJapanDataset/ichige/gesture_etc-39-giant_baba-ichige_stageii.csv,AMASS,EyesJapanDataset,EyesJapanDataset/ichige/gesture_etc-39-giant_baba-ichige_stageii.csv,120.04801920768381,60.0,2000,1000,16.666666666666668,30.0,24,13.333333333333332,true
AMASS:EyesJapanDataset/kanno/accident-12-twist_foot-kanno_stageii.csv,AMASS,EyesJapanDataset,EyesJapanDataset/kanno/accident-12-twist_foot-kanno_stageii.csv,120.04801920768381,60.0,2000,1000,16.666666666666668,30.0,67,13.333333333333332,true
AMASS:EyesJapanDataset/aita/pose-13-model-aita_stageii.csv,AMASS,EyesJapanDataset,EyesJapanDataset/aita/pose-13-model-aita_stageii.csv,120.04801920768381,60.0,2000,1000,16.666666666666668,30.0,57,13.333333333333332,true
AMASS:EyesJapanDataset/hamada/sitdown_standup-03-chair_back-hamada_stageii.csv,AMASS,EyesJapanDataset,EyesJapanDataset/hamada/sitdown_standup-03-chair_back-hamada_stageii.csv,120.04801920768381,60.0,2000,1000,16.666666666666668,30.0,89,13.333333333333332,true
AMASS:EyesJapanDataset/aita/walk-21-one_leg-aita_stageii.csv,AMASS,EyesJapanDataset,EyesJapanDataset/aita/walk-21-one_leg-aita_stageii.csv,120.04801920768381,60.0,2000,1000,16.666666666666668,30.0,53,13.333333333333332,true
AMASS:EyesJapanDataset/kaiwa/gesture_etc-43-brush_teeth-kaiwa_stageii.csv,AMASS,EyesJapanDataset,EyesJapanDataset/kaiwa/gesture_etc-43-brush_teeth-kaiwa_stageii.csv,120.04801920768381,60.0,2000,1000,16.666666666666668,30.0,20,13.333333333333332,true
AMASS:EyesJapanDataset/aita/pain-01-headache-aita_stageii.csv,AMASS,EyesJapanDataset,EyesJapanDataset/aita/pain-01-headache-aita_stageii.csv,120.04801920768381,60.0,2000,1000,16.666666666666668,30.0,36,13.333333333333332,true
AMASS:EyesJapanDataset/aita/gesture_etc-06-jiggle_knee-aita_stageii.csv,AMASS,EyesJapanDataset,EyesJapanDataset/aita/gesture_etc-06-jiggle_knee-aita_stageii.csv,120.04801920768381,60.0,2000,1000,16.666666666666668,30.0,47,13.333333333333332,true
AMASS:EyesJapanDataset/aita/throw_toss-15-pass_to_left_light-aita_stageii.csv,AMASS,EyesJapanDataset,EyesJapanDataset/aita/throw_toss-15-pass_to_left_light-aita_stageii.csv,120.04801920768381,60.0,2000,1000,16.666666666666668,30.0,98,13.333333333333332,true
AMASS:EyesJapanDataset/aita/greeting-03-election-aita_stageii.csv,AMASS,EyesJapanDataset,EyesJapanDataset/aita/greeting-03-election-aita_stageii.csv,120.04801920768381,60.0,2000,1000,16.666666666666668,30.0,22,13.333333333333332,true
AMASS:EyesJapanDataset/kaiwa/gesture_etc-48-medium_drum-kaiwa_stageii.csv,AMASS,EyesJapanDataset,EyesJapanDataset/kaiwa/gesture_etc-48-medium_drum-kaiwa_stageii.csv,120.04801920768381,60.0,2000,1000,16.666666666666668,30.0,67,13.333333333333332,true
AMASS:EyesJapanDataset/shiono/pose-04-drank-shiono_stageii.csv,AMASS,EyesJapanDataset,EyesJapanDataset/shiono/pose-04-drank-shiono_stageii.csv,120.04801920768381,60.0,2000,1000,16.666666666666668,30.0,42,13.333333333333332,true
AMASS:EyesJapanDataset/shiono/pose-17-one_leg-shiono_stageii.csv,AMASS,EyesJapanDataset,EyesJapanDataset/shiono/pose-17-one_leg-shiono_stageii.csv,120.04801920768381,60.0,2000,1000,16.666666666666668,30.0,22,13.333333333333332,true
AMASS:EyesJapanDataset/shiono/gesture_etc-17-drink-shiono_stageii.csv,AMASS,EyesJapanDataset,EyesJapanDataset/shiono/gesture_etc-17-drink-shiono_stageii.csv,120.04801920768381,60.0,2000,1000,16.666666666666668,30.0,36,13.333333333333332,true
AMASS:EyesJapanDataset/kaiwa/gesture_etc-29-pantomime-kaiwa_stageii.csv,AMASS,EyesJapanDataset,EyesJapanDataset/kaiwa/gesture_etc-29-pantomime-kaiwa_stageii.csv,120.04801920768381,60.0,2000,1000,16.666666666666668,30.0,18,13.333333333333332,true
AMASS:EyesJapanDataset/aita/pose-18-applause-aita_stageii.csv,AMASS,EyesJapanDataset,EyesJapanDataset/aita/pose-18-applause-aita_stageii.csv,120.04801920768381,60.0,2000,1000,16.666666666666668,30.0,70,13.333333333333332,true
AMASS:EyesJapanDataset/aita/accident-02-dodge_fast-aita_stageii.csv,AMASS,EyesJapanDataset,EyesJapanDataset/aita/accident-02-dodge_fast-aita_stageii.csv,120.04801920768381,60.0,2000,1000,16.666666666666668,30.0,21,13.333333333333332,true
AMASS:EyesJapanDataset/hamada/walk-26-exhausted-hamada_stageii.csv,AMASS,EyesJapanDataset,EyesJapanDataset/hamada/walk-26-exhausted-hamada_stageii.csv,120.04801920768381,60.0,2000,1000,16.666666666666668,30.0,95,13.333333333333332,true
AMASS:EyesJapanDataset/kaiwa/tennis-18-catch_netball-kaiwa_stageii.csv,AMASS,EyesJapanDataset,EyesJapanDataset/kaiwa/tennis-18-catch_netball-kaiwa_stageii.csv,120.04801920768381,60.0,2000,1000,16.666666666666668,30.0,98,13.333333333333332,true
AMASS:EyesJapanDataset/hamada/walk-17-push_by_back-hamada_stageii.csv,AMASS,EyesJapanDataset,EyesJapanDataset/hamada/walk-17-push_by_back-hamada_stageii.csv,120.04801920768381,60.0,2000,1000,16.666666666666668,30.0,38,13.333333333333332,true
AMASS:EyesJapanDataset/shiono/pose-12-body_building-shiono_stageii.csv,AMASS,EyesJapanDataset,EyesJapanDataset/shiono/pose-12-body_building-shiono_stageii.csv,120.04801920768381,60.0,2000,1000,16.666666666666668,30.0,36,13.333333333333332,true
AMASS:EyesJapanDataset/shiono/accident-04-damage_right_leg-shiono_stageii.csv,AMASS,EyesJapanDataset,EyesJapanDataset/shiono/accident-04-damage_right_leg-shiono_stageii.csv,120.04801920768381,60.0,2000,1000,16.666666666666668,30.0,42,13.333333333333332,true
AMASS:EyesJapanDataset/kaiwa/greeting-09-certificate-kaiwa_stageii.csv,AMASS,EyesJapanDataset,EyesJapanDataset/kaiwa/greeting-09-certificate-kaiwa_stageii.csv,120.04801920768381,60.0,2000,1000,16.666666666666668,30.0,93,13.333333333333332,true
AMASS:EyesJapanDataset/aita/pose-09-pray_buddhism-aita_stageii.csv,AMASS,EyesJapanDataset,EyesJapanDataset/aita/pose-09-pray_buddhism-aita_stageii.csv,120.04801920768381,60.0,2000,1000,16.666666666666668,30.0,18,13.333333333333332,true
AMASS:EyesJapanDataset/aita/gesture_etc-18-eat-aita_stageii.csv,AMASS,EyesJapanDataset,EyesJapanDataset/aita/gesture_etc-18-eat-aita_stageii.csv,120.04801920768381,60.0,2000,1000,16.666666666666668,30.0,37,13.333333333333332,true
AMASS:EyesJapanDataset/aita/pose-15-look_down-aita_stageii.csv,AMASS,EyesJapanDataset,EyesJapanDataset/aita/pose-15-look_down-aita_stageii.csv,120.04801920768381,60.0,2000,1000,16.666666666666668,30.0,31,13.333333333333332,true
AMASS:EyesJapanDataset/hamada/throw_toss-01-over-hamada_stageii.csv,AMASS,EyesJapanDataset,EyesJapanDataset/hamada/throw_toss-01-over-hamada_stageii.csv,120.04801920768381,60.0,2000,1000,16.666666666666668,30.0,64,13.333333333333332,true
AMASS:EyesJapanDataset/aita/accident-09-damage_leftfoot-aita_stageii.csv,AMASS,EyesJapanDataset,EyesJapanDataset/aita/accident-09-damage_leftfoot-aita_stageii.csv,120.04801920768381,60.0,2000,1000,16.666666666666668,30.0,49,13.333333333333332,true
AMASS:EyesJapanDataset/aita/turn-01-call-aita_stageii.csv,AMASS,EyesJapanDataset,EyesJapanDataset/aita/turn-01-call-aita_stageii.csv,120.04801920768381,60.0,2000,1000,16.666666666666668,30.0,85,13.333333333333332,true
AMASS:EyesJapanDataset/shiono/pose-01-normal-shiono_stageii.csv,AMASS,EyesJapanDataset,EyesJapanDataset/shiono/pose-01-normal-shiono_stageii.csv,120.04801920768381,60.0,2000,1000,16.666666666666668,30.0,44,13.333333333333332,true
AMASS:EyesJapanDataset/kaiwa/pain-07-arthritic-kaiwa_stageii.csv,AMASS,EyesJapanDataset,EyesJapanDataset/kaiwa/pain-07-arthritic-kaiwa_stageii.csv,120.04801920768381,60.0,2000,1000,16.666666666666668,30.0,34,13.333333333333332,true
AMASS:EyesJapanDataset/aita/sitdown_standup-09-squat_down-aita_stageii.csv,AMASS,EyesJapanDataset,EyesJapanDataset/aita/sitdown_standup-09-squat_down-aita_stageii.csv,120.04801920768381,60.0,2000,1000,16.666666666666668,30.0,58,13.333333333333332,true
AMASS:EyesJapanDataset/hamada/sitdown_standup-16-reseat-hamada_stageii.csv,AMASS,EyesJapanDataset,EyesJapanDataset/hamada/sitdown_standup-16-reseat-hamada_stageii.csv,120.04801920768381,60.0,2000,1000,16.666666666666668,30.0,68,13.333333333333332,true
AMASS:EyesJapanDataset/kaiwa/gesture_etc-05-touch_nose-kaiwa_stageii.csv,AMASS,EyesJapanDataset,EyesJapanDataset/kaiwa/gesture_etc-05-touch_nose-kaiwa_stageii.csv,120.04801920768381,60.0,2000,1000,16.666666666666668,30.0,104,13.333333333333332,true
AMASS:EyesJapanDataset/hamada/gesture_etc-37-gay-hamada_stageii.csv,AMASS,EyesJapanDataset,EyesJapanDataset/hamada/gesture_etc-37-gay-hamada_stageii.csv,120.04801920768381,60.0,2000,1000,16.666666666666668,30.0,33,13.333333333333332,true
AMASS:EyesJapanDataset/kaiwa/accident-02-dodge_fast-kaiwa_stageii.csv,AMASS,EyesJapanDataset,EyesJapanDataset/kaiwa/accident-02-dodge_fast-kaiwa_stageii.csv,120.04801920768381,60.0,2000,1000,16.666666666666668,30.0,107,13.333333333333332,true
AMASS:EyesJapanDataset/hamada/walk-03-sneak-hamada_stageii.csv,AMASS,EyesJapanDataset,EyesJapanDataset/hamada/walk-03-sneak-hamada_stageii.csv,120.04801920768381,60.0,2000,1000,16.666666666666668,30.0,94,13.333333333333332,true
AMASS:EyesJapanDataset/ichige/gesture_etc-14-apologize-ichige_stageii.csv,AMASS,EyesJapanDataset,EyesJapanDataset/ichige/gesture_etc-14-apologize-ichige_stageii.csv,120.04801920768381,60.0,2000,1000,16.666666666666668,30.0,90,13.333333333333332,true
AMASS:EyesJapanDataset/aita/walk-11-baggage_on_the_head-aita_stageii.csv,AMASS,EyesJapanDataset,EyesJapanDataset/aita/walk-11-baggage_on_the_head-aita_stageii.csv,120.04801920768381,60.0,2000,1000,16.666666666666668,30.0,50,13.333333333333332,true
AMASS:EyesJapanDataset/kaiwa/accident-09-damage_leftfoot-kaiwa_stageii.csv,AMASS,EyesJapanDataset,EyesJapanDataset/kaiwa/accident-09-damage_leftfoot-kaiwa_stageii.csv,120.04801920768381,60.0,2000,1000,16.666666666666668,30.0,61,13.333333333333332,true
AMASS:EyesJapanDataset/aita/sitdown_standup-04-chair_elbow-aita_stageii.csv,AMASS,EyesJapanDataset,EyesJapanDataset/aita/sitdown_standup-04-chair_elbow-aita_stageii.csv,120.04801920768381,60.0,2000,1000,16.666666666666668,30.0,30,13.333333333333332,true
AMASS:EyesJapanDataset/kaiwa/greeting-01-hello-kaiwa_stageii.csv,AMASS,EyesJapanDataset,EyesJapanDataset/kaiwa/greeting-01-hello-kaiwa_stageii.csv,120.04801920768381,60.0,2000,1000,16.666666666666668,30.0,63,13.333333333333332,true
AMASS:EyesJapanDataset/aita/accident-10-spasm-aita_stageii.csv,AMASS,EyesJapanDataset,EyesJapanDataset/aita/accident-10-spasm-aita_stageii.csv,120.04801920768381,60.0,2000,1000,16.666666666666668,30.0,25,13.333333333333332,true
AMASS:EyesJapanDataset/kaiwa/gesture_etc-41-mosh-kaiwa_stageii.csv,AMASS,EyesJapanDataset,EyesJapanDataset/kaiwa/gesture_etc-41-mosh-kaiwa_stageii.csv,120.04801920768381,60.0,2000,1000,16.666666666666668,30.0,26,13.333333333333332,true
AMASS:EyesJapanDataset/aita/gesture_etc-03-set_3-aita_stageii.csv,AMASS,EyesJapanDataset,EyesJapanDataset/aita/gesture_etc-03-set_3-aita_stageii.csv,120.04801920768381,60.0,2000,1000,16.666666666666668,30.0,72,13.333333333333332,true
AMASS:EyesJapanDataset/aita/pose-04-drank-aita_stageii.csv,AMASS,EyesJapanDataset,EyesJapanDataset/aita/pose-04-drank-aita_stageii.csv,120.04801920768381,60.0,2000,1000,16.666666666666668,30.0,20,13.333333333333332,true
AMASS:EyesJapanDataset/hamada/throw_toss-05-both_hands_over_heavy-hamada_stageii.csv,AMASS,EyesJapanDataset,EyesJapanDataset/hamada/throw_toss-05-both_hands_over_heavy-hamada_stageii.csv,120.04801920768381,60.0,2000,1000,16.666666666666668,30.0,20,13.333333333333332,true
AMASS:EyesJapanDataset/hamada/walk-01-normal-hamada_stageii.csv,AMASS,EyesJapanDataset,EyesJapanDataset/hamada/walk-01-normal-hamada_stageii.csv,120.04801920768381,60.0,2000,1000,16.666666666666668,30.0,36,13.333333333333332,true
AMASS:EyesJapanDataset/aita/pose-12-body_building-aita_stageii.csv,AMASS,EyesJapanDataset,EyesJapanDataset/aita/pose-12-body_building-aita_stageii.csv,120.04801920768381,60.0,2000,1000,16.666666666666668,30.0,18,13.333333333333332,true
AMASS:EyesJapanDataset/hamada/gesture_etc-38-hand_language-hamada_stageii.csv,AMASS,EyesJapanDataset,EyesJapanDataset/hamada/gesture_etc-38-hand_language-hamada_stageii.csv,120.04801920768381,60.0,2000,1000,16.666666666666668,30.0,17,13.333333333333332,true
AMASS:EyesJapanDataset/kaiwa/greeting-05-salute_(chest)-kaiwa_stageii.csv,AMASS,EyesJapanDataset,EyesJapanDataset/kaiwa/greeting-05-salute_(chest)-kaiwa_stageii.csv,120.04801920768381,60.0,2000,1000,16.666666666666668,30.0,89,13.333333333333332,true
AMASS:EyesJapanDataset/aita/gesture_etc-43-brush_teeth-aita_stageii.csv,AMASS,EyesJapanDataset,EyesJapanDataset/aita/gesture_etc-43-brush_teeth-aita_stageii.csv,120.04801920768381,60.0,2000,1000,16.666666666666668,30.0,77,13.333333333333332,true
AMASS:EyesJapanDataset/kaiwa/greeting-08-shakehands-kaiwa_stageii.csv,AMASS,EyesJapanDataset,EyesJapanDataset/kaiwa/greeting-08-shakehands-kaiwa_stageii.csv,120.04801920768381,60.0,2000,1000,16.666666666666668,30.0,128,13.333333333333332,true
AMASS:EyesJapanDataset/aita/turn-03-look_at-aita_stageii.csv,AMASS,EyesJapanDataset,EyesJapanDataset/aita/turn-03-look_at-aita_stageii.csv,120.04801920768381,60.0,2000,1000,16.666666666666668,30.0,60,13.333333333333332,true
AMASS:EyesJapanDataset/kaiwa/jump-03-vertical-kaiwa_stageii.csv,AMASS,EyesJapanDataset,EyesJapanDataset/kaiwa/jump-03-vertical-kaiwa_stageii.csv,120.04801920768381,60.0,2000,1000,16.666666666666668,30.0,19,13.333333333333332,true
AMASS:EyesJapanDataset/kaiwa/pose-08-pray_buddhismintone-kaiwa_stageii.csv,AMASS,EyesJapanDataset,EyesJapanDataset/kaiwa/pose-08-pray_buddhismintone-kaiwa_stageii.csv,120.04801920768381,60.0,2000,1000,16.666666666666668,30.0,48,13.333333333333332,true
AMASS:EyesJapanDataset/ichige/gesture_etc-04-set_4-ichige_stageii.csv,AMASS,EyesJapanDataset,EyesJapanDataset/ichige/gesture_etc-04-set_4-ichige_stageii.csv,120.04801920768381,60.0,2000,1000,16.666666666666668,30.0,66,13.333333333333332,true
AMASS:EyesJapanDataset/kaiwa/greeting-04-salute_(head)-kaiwa_stageii.csv,AMASS,EyesJapanDataset,EyesJapanDataset/kaiwa/greeting-04-salute_(head)-kaiwa_stageii.csv,120.04801920768381,60.0,2000,1000,16.666666666666668,30.0,89,13.333333333333332,true
AMASS:EyesJapanDataset/hamada/walk-20-cane-hamada_stageii.csv,AMASS,EyesJapanDataset,EyesJapanDataset/hamada/walk-20-cane-hamada_stageii.csv,120.04801920768381,60.0,2000,1000,16.666666666666668,30.0,16,13.333333333333332,true
AMASS:EyesJapanDataset/hamada/walk-27-thinking-hamada_stageii.csv,AMASS,EyesJapanDataset,EyesJapanDataset/hamada/walk-27-thinking-hamada_stageii.csv,120.04801920768381,60.0,2000,1000,16.666666666666668,30.0,46,13.333333333333332,true
AMASS:EyesJapanDataset/aita/turn-02-look_around-aita_stageii.csv,AMASS,EyesJapanDataset,EyesJapanDataset/aita/turn-02-look_around-aita_stageii.csv,120.04801920768381,60.0,2000,1000,16.666666666666668,30.0,19,13.333333333333332,true
AMASS:EyesJapanDataset/aita/gesture_etc-17-drink-aita_stageii.csv,AMASS,EyesJapanDataset,EyesJapanDataset/aita/gesture_etc-17-drink-aita_stageii.csv,120.04801920768381,60.0,2000,1000,16.666666666666668,30.0,77,13.333333333333332,true
AMASS:EyesJapanDataset/kaiwa/gesture_etc-32-no-kaiwa_stageii.csv,AMASS,EyesJapanDataset,EyesJapanDataset/kaiwa/gesture_etc-32-no-kaiwa_stageii.csv,120.04801920768381,60.0,2000,1000,16.666666666666668,30.0,49,13.333333333333332,true
AMASS:EyesJapanDataset/kaiwa/throw_toss-14-pass_to_right_heavy-kaiwa_stageii.csv,AMASS,EyesJapanDataset,EyesJapanDataset/kaiwa/throw_toss-14-pass_to_right_heavy-kaiwa_stageii.csv,120.04801920768381,60.0,2000,1000,16.666666666666668,30.0,113,13.333333333333332,true
AMASS:EyesJapanDataset/aita/pain-03-toothache-aita_stageii.csv,AMASS,EyesJapanDataset,EyesJapanDataset/aita/pain-03-toothache-aita_stageii.csv,120.04801920768381,60.0,2000,1000,16.666666666666668,30.0,21,13.333333333333332,true
AMASS:EyesJapanDataset/kaiwa/gesture_etc-30-fxxk-kaiwa_stageii.csv,AMASS,EyesJapanDataset,EyesJapanDataset/kaiwa/gesture_etc-30-fxxk-kaiwa_stageii.csv,120.04801920768381,60.0,2000,1000,16.666666666666668,30.0,110,13.333333333333332,true
AMASS:EyesJapanDataset/hamada/jump-13-matrix-hamada_stageii.csv,AMASS,EyesJapanDataset,EyesJapanDataset/hamada/jump-13-matrix-hamada_stageii.csv,120.04801920768381,60.0,2000,1000,16.666666666666668,30.0,93,13.333333333333332,true
AMASS:EyesJapanDataset/hamada/walk-18-shuffle_forward-hamada_stageii.csv,AMASS,EyesJapanDataset,EyesJapanDataset/hamada/walk-18-shuffle_forward-hamada_stageii.csv,120.04801920768381,60.0,2000,1000,16.666666666666668,30.0,59,13.333333333333332,true
AMASS:EyesJapanDataset/kaiwa/gesture_etc-23-mobile_call-kaiwa_stageii.csv,AMASS,EyesJapanDataset,EyesJapanDataset/kaiwa/gesture_etc-23-mobile_call-kaiwa_stageii.csv,120.04801920768381,60.0,2000,1000,16.666666666666668,30.0,21,13.333333333333332,true
AMASS:EyesJapanDataset/hamada/sitdown_standup-04-chair_elbow-hamada_stageii.csv,AMASS,EyesJapanDataset,EyesJapanDataset/hamada/sitdown_standup-04-chair_elbow-hamada_stageii.csv,120.04801920768381,60.0,2000,1000,16.666666666666668,30.0,48,13.333333333333332,true
AMASS:EyesJapanDataset/kaiwa/greeting-07-bow-kaiwa_stageii.csv,AMASS,EyesJapanDataset,EyesJapanDataset/kaiwa/greeting-07-bow-kaiwa_stageii.csv,120.04801920768381,60.0,2000,1000,16.666666666666668,30.0,83,13.333333333333332,true
AMASS:EyesJapanDataset/shiono/turn-01-call-shiono_stageii.csv,AMASS,EyesJapanDataset,EyesJapanDataset/shiono/turn-01-call-shiono_stageii.csv,120.04801920768381,60.0,2000,1000,16.666666666666668,30.0,51,13.333333333333332,true
AMASS:EyesJapanDataset/kaiwa/throw_toss-12-dart-kaiwa_stageii.csv,AMASS,EyesJapanDataset,EyesJapanDataset/kaiwa/throw_toss-12-dart-kaiwa_stageii.csv,120.04801920768381,60.0,2000,1000,16.666666666666668,30.0,56,13.333333333333332,true
AMASS:EyesJapanDataset/hamada/sitdown_standup-01-impolite-hamada_stageii.csv,AMASS,EyesJapanDataset,EyesJapanDataset/hamada/sitdown_standup-01-impolite-hamada_stageii.csv,120.04801920768381,60.0,2000,1000,16.666666666666668,30.0,105,13.333333333333332,true
AMASS:EyesJapanDataset/kaiwa/greeting-03-election-kaiwa_stageii.csv,AMASS,EyesJapanDataset,EyesJapanDataset/kaiwa/greeting-03-election-kaiwa_stageii.csv,120.04801920768381,60.0,2000,1000,16.666666666666668,30.0,57,13.333333333333332,true
AMASS:EyesJapanDataset/aita/sitdown_standup-05-straight-aita_stageii.csv,AMASS,EyesJapanDataset,EyesJapanDataset/aita/sitdown_standup-05-straight-aita_stageii.csv,120.04801920768381,60.0,2000,1000,16.666666666666668,30.0,49,13.333333333333332,true
AMASS:EyesJapanDataset/hamada/walk-21-one_leg-hamada_stageii.csv,AMASS,EyesJapanDataset,EyesJapanDataset/hamada/walk-21-one_leg-hamada_stageii.csv,120.04801920768381,60.0,2000,1000,16.666666666666668,30.0,83,13.333333333333332,true
AMASS:EyesJapanDataset/aita/gesture_etc-38-hand_language-aita_stageii.csv,AMASS,EyesJapanDataset,EyesJapanDataset/aita/gesture_etc-38-hand_language-aita_stageii.csv,120.04801920768381,60.0,2000,1000,16.666666666666668,30.0,19,13.333333333333332,true
AMASS:EyesJapanDataset/hamada/turn-01-call-hamada_stageii.csv,AMASS,EyesJapanDataset,EyesJapanDataset/hamada/turn-01-call-hamada_stageii.csv,120.04801920768381,60.0,2000,1000,16.666666666666668,30.0,73,13.333333333333332,true
AMASS:EyesJapanDataset/kaiwa/pain-03-toothache-kaiwa_stageii.csv,AMASS,EyesJapanDataset,EyesJapanDataset/kaiwa/pain-03-toothache-kaiwa_stageii.csv,120.04801920768381,60.0,2000,1000,16.666666666666668,30.0,36,13.333333333333332,true
AMASS:EyesJapanDataset/aita/accident-15-knock_head_2-aita_stageii.csv,AMASS,EyesJapanDataset,EyesJapanDataset/aita/accident-15-knock_head_2-aita_stageii.csv,120.04801920768381,60.0,2000,1000,16.666666666666668,30.0,78,13.333333333333332,true
AMASS:EyesJapanDataset/aita/greeting-02-bye-aita_stageii.csv,AMASS,EyesJapanDataset,EyesJapanDataset/aita/greeting-02-bye-aita_stageii.csv,120.04801920768381,60.0,2000,1000,16.666666666666668,30.0,84,13.333333333333332,true
AMASS:EyesJapanDataset/aita/gesture_etc-39-giant_baba-aita_stageii.csv,AMASS,EyesJapanDataset,EyesJapanDataset/aita/gesture_etc-39-giant_baba-aita_stageii.csv,120.04801920768381,60.0,2000,1000,16.666666666666668,30.0,56,13.333333333333332,true
AMASS:EyesJapanDataset/aita/accident-12-twist_foot-aita_stageii.csv,AMASS,EyesJapanDataset,EyesJapanDataset/aita/accident-12-twist_foot-aita_stageii.csv,120.04801920768381,60.0,2000,1000,16.666666666666668,30.0,74,13.333333333333332,true
AMASS:EyesJapanDataset/ichige/gesture_etc-05-touch_nose-ichige_stageii.csv,AMASS,EyesJapanDataset,EyesJapanDataset/ichige/gesture_etc-05-touch_nose-ichige_stageii.csv,120.04801920768381,60.0,2000,1000,16.666666666666668,30.0,33,13.333333333333332,true
AMASS:EyesJapanDataset/kanno/throw_toss-04-both_hands_over_light-kanno_stageii.csv,AMASS,EyesJapanDataset,EyesJapanDataset/kanno/throw_toss-04-both_hands_over_light-kanno_stageii.csv,120.04801920768381,60.0,2000,1000,16.666666666666668,30.0,87,13.333333333333332,true
AMASS:EyesJapanDataset/hamada/throw_toss-12-dart-hamada_stageii.csv,AMASS,EyesJapanDataset,EyesJapanDataset/hamada/throw_toss-12-dart-hamada_stageii.csv,120.04801920768381,60.0,2000,1000,16.666666666666668,30.0,73,13.333333333333332,true
AMASS:EyesJapanDataset/kaiwa/tennis-06-forehand_smash-kaiwa_stageii.csv,AMASS,EyesJapanDataset,EyesJapanDataset/kaiwa/tennis-06-forehand_smash-kaiwa_stageii.csv,120.04801920768381,60.0,2000,1000,16.666666666666668,30.0,72,13.333333333333332,true
AMASS:EyesJapanDataset/kaiwa/tennis-19-catch_overhead-kaiwa_stageii.csv,AMASS,EyesJapanDataset,EyesJapanDataset/kaiwa/tennis-19-catch_overhead-kaiwa_stageii.csv,120.04801920768381,60.0,2000,1000,16.666666666666668,30.0,37,13.333333333333332,true
AMASS:EyesJapanDataset/kaiwa/accident-03-damage_head-kaiwa_stageii.csv,AMASS,EyesJapanDataset,EyesJapanDataset/kaiwa/accident-03-damage_head-kaiwa_stageii.csv,120.04801920768381,60.0,2000,1000,16.666666666666668,30.0,26,13.333333333333332,true
AMASS:EyesJapanDataset/hamada/greeting-09-certificate-hamada_stageii.csv,AMASS,EyesJapanDataset,EyesJapanDataset/hamada/greeting-09-certificate-hamada_stageii.csv,120.04801920768381,60.0,2000,1000,16.666666666666668,30.0,3,13.333333333333332,true
AMASS:EyesJapanDataset/hamada/pose-09-pray_buddhism-hamada_stageii.csv,AMASS,EyesJapanDataset,EyesJapanDataset/hamada/pose-09-pray_buddhism-hamada_stageii.csv,120.04801920768381,60.0,2000,1000,16.666666666666668,30.0,41,13.333333333333332,true
AMASS:EyesJapanDataset/aita/gesture_etc-34-peace-aita_stageii.csv,AMASS,EyesJapanDataset,EyesJapanDataset/aita/gesture_etc-34-peace-aita_stageii.csv,120.04801920768381,60.0,2000,1000,16.666666666666668,30.0,34,13.333333333333332,true
AMASS:EyesJapanDataset/hamada/gesture_etc-40-head_banging-hamada_stageii.csv,AMASS,EyesJapanDataset,EyesJapanDataset/hamada/gesture_etc-40-head_banging-hamada_stageii.csv,120.04801920768381,60.0,2000,1000,16.666666666666668,30.0,18,13.333333333333332,true
AMASS:EyesJapanDataset/aita/gesture_etc-49-taiko_under-aita_stageii.csv,AMASS,EyesJapanDataset,EyesJapanDataset/aita/gesture_etc-49-taiko_under-aita_stageii.csv,120.04801920768381,60.0,2000,1000,16.666666666666668,30.0,18,13.333333333333332,true
AMASS:EyesJapanDataset/kaiwa/jump-04-horizontal-kaiwa_stageii.csv,AMASS,EyesJapanDataset,EyesJapanDataset/kaiwa/jump-04-horizontal-kaiwa_stageii.csv,120.04801920768381,60.0,2000,1000,16.666666666666668,30.0,156,13.333333333333332,true
AMASS:EyesJapanDataset/aita/walk-06-catwalk-aita_stageii.csv,AMASS,EyesJapanDataset,EyesJapanDataset/aita/walk-06-catwalk-aita_stageii.csv,120.04801920768381,60.0,2000,1000,16.666666666666668,30.0,44,13.333333333333332,true
AMASS:EyesJapanDataset/kaiwa/jump-13-matrix-kaiwa_stageii.csv,AMASS,EyesJapanDataset,EyesJapanDataset/kaiwa/jump-13-matrix-kaiwa_stageii.csv,120.04801920768381,60.0,2000,1000,16.666666666666668,30.0,64,13.333333333333332,true
AMASS:EyesJapanDataset/hamada/throw_toss-13-pass_to_right_light-hamada_stageii.csv,AMASS,EyesJapanDataset,EyesJapanDataset/hamada/throw_toss-13-pass_to_right_light-hamada_stageii.csv,120.04801920768381,60.0,2000,1000,16.666666666666668,30.0,98,13.333333333333332,true
AMASS:EyesJapanDataset/kaiwa/gesture_etc-24-matrix-kaiwa_stageii.csv,AMASS,EyesJapanDataset,EyesJapanDataset/kaiwa/gesture_etc-24-matrix-kaiwa_stageii.csv,120.04801920768381,60.0,2000,1000,16.666666666666668,30.0,75,13.333333333333332,true
AMASS:EyesJapanDataset/shiono/gesture_etc-35-west_side-shiono_stageii.csv,AMASS,EyesJapanDataset,EyesJapanDataset/shiono/gesture_etc-35-west_side-shiono_stageii.csv,120.04801920768381,60.0,2000,1000,16.666666666666668,30.0,72,13.333333333333332,true
AMASS:EyesJapanDataset/shiono/pose-08-pray_buddhismintone-shiono_stageii.csv,AMASS,EyesJapanDataset,EyesJapanDataset/shiono/pose-08-pray_buddhismintone-shiono_stageii.csv,120.04801920768381,60.0,2000,1000,16.666666666666668,30.0,33,13.333333333333332,true
AMASS:EyesJapanDataset/aita/gesture_etc-22-mobile_receive-aita_stageii.csv,AMASS,EyesJapanDataset,EyesJapanDataset/aita/gesture_etc-22-mobile_receive-aita_stageii.csv,120.04801920768381,60.0,2000,1000,16.666666666666668,30.0,88,13.333333333333332,true
AMASS:EyesJapanDataset/shiono/gesture_etc-25-magic-shiono_stageii.csv,AMASS,EyesJapanDataset,EyesJapanDataset/shiono/gesture_etc-25-magic-shiono_stageii.csv,120.04801920768381,60.0,2000,1000,16.666666666666668,30.0,75,13.333333333333332,true
AMASS:EyesJapanDataset/shiono/turn-02-look_around-shiono_stageii.csv,AMASS,EyesJapanDataset,EyesJapanDataset/shiono/turn-02-look_around-shiono_stageii.csv,120.04801920768381,60.0,2000,1000,16.666666666666668,30.0,58,13.333333333333332,true
AMASS:EyesJapanDataset/kaiwa/throw_toss-19-pass_to_front_light-kaiwa_stageii.csv,AMASS,EyesJapanDataset,EyesJapanDataset/kaiwa/throw_toss-19-pass_to_front_light-kaiwa_stageii.csv,120.04801920768381,60.0,2000,1000,16.666666666666668,30.0,21,13.333333333333332,true
AMASS:EyesJapanDataset/hamada/walk-07-moonwalk-hamada_stageii.csv,AMASS,EyesJapanDataset,EyesJapanDataset/hamada/walk-07-moonwalk-hamada_stageii.csv,120.04801920768381,60.0,2000,1000,16.666666666666668,30.0,63,13.333333333333332,true
AMASS:EyesJapanDataset/aita/walk-04-fast-aita_stageii.csv,AMASS,EyesJapanDataset,EyesJapanDataset/aita/walk-04-fast-aita_stageii.csv,120.04801920768381,60.0,2000,1000,16.666666666666668,30.0,91,13.333333333333332,true
AMASS:EyesJapanDataset/hamada/walk-28-look_up-hamada_stageii.csv,AMASS,EyesJapanDataset,EyesJapanDataset/hamada/walk-28-look_up-hamada_stageii.csv,120.04801920768381,60.0,2000,1000,16.666666666666668,30.0,66,13.333333333333332,true
AMASS:EyesJapanDataset/kaiwa/pose-11-bended_knees-kaiwa_stageii.csv,AMASS,EyesJapanDataset,EyesJapanDataset/kaiwa/pose-11-bended_knees-kaiwa_stageii.csv,120.04801920768381,60.0,2000,1000,16.666666666666668,30.0,57,13.333333333333332,true
AMASS:EyesJapanDataset/hamada/accident-04-damage_right_leg-hamada_stageii.csv,AMASS,EyesJapanDataset,EyesJapanDataset/hamada/accident-04-damage_right_leg-hamada_stageii.csv,120.04801920768381,60.0,2000,1000,16.666666666666668,30.0,53,13.333333333333332,true
AMASS:EyesJapanDataset/hamada/walk-15-pull-hamada_stageii.csv,AMASS,EyesJapanDataset,EyesJapanDataset/hamada/walk-15-pull-hamada_stageii.csv,120.04801920768381,60.0,2000,1000,16.666666666666668,30.0,29,13.333333333333332,true
AMASS:EyesJapanDataset/shiono/pose-13-model-shiono_stageii.csv,AMASS,EyesJapanDataset,EyesJapanDataset/shiono/pose-13-model-shiono_stageii.csv,120.04801920768381,60.0,2000,1000,16.666666666666668,30.0,45,13.333333333333332,true
AMASS:EyesJapanDataset/shiono/pose-19-funny-shiono_stageii.csv,AMASS,EyesJapanDataset,EyesJapanDataset/shiono/pose-19-funny-shiono_stageii.csv,120.04801920768381,60.0,2000,1000,16.666666666666668,30.0,17,13.333333333333332,true
AMASS:EyesJapanDataset/aita/walk-22-look_around-aita_stageii.csv,AMASS,EyesJapanDataset,EyesJapanDataset/aita/walk-22-look_around-aita_stageii.csv,120.04801920768381,60.0,2000,1000,16.666666666666668,30.0,44,13.333333333333332,true
AMASS:EyesJapanDataset/kaiwa/jump-11-warmup-kaiwa_stageii.csv,AMASS,EyesJapanDataset,EyesJapanDataset/kaiwa/jump-11-warmup-kaiwa_stageii.csv,120.04801920768381,60.0,2000,1000,16.666666666666668,30.0,35,13.333333333333332,true
AMASS:EyesJapanDataset/ichige/gesture_etc-38-hand_language-ichige_stageii.csv,AMASS,EyesJapanDataset,EyesJapanDataset/ichige/gesture_etc-38-hand_language-ichige_stageii.csv,120.04801920768381,60.0,2000,1000,16.666666666666668,30.0,84,13.333333333333332,true
AMASS:EyesJapanDataset/aita/sitdown_standup-15-move_chair-aita_stageii.csv,AMASS,EyesJapanDataset,EyesJapanDataset/aita/sitdown_standup-15-move_chair-aita_stageii.csv,120.04801920768381,60.0,2000,1000,16.666666666666668,30.0,47,13.333333333333332,true
AMASS:EyesJapanDataset/kaiwa/tennis-02-forehand_lob-kaiwa_stageii.csv,AMASS,EyesJapanDataset,EyesJapanDataset/kaiwa/tennis-02-forehand_lob-kaiwa_stageii.csv,120.04801920768381,60.0,2000,1000,16.666666666666668,30.0,81,13.333333333333332,true
AMASS:EyesJapanDataset/kanno/accident-07-damage_left_arm-kanno_stageii.csv,AMASS,EyesJapanDataset,EyesJapanDataset/kanno/accident-07-damage_left_arm-kanno_stageii.csv,120.04801920768381,60.0,2000,1000,16.666666666666668,30.0,68,13.333333333333332,true
AMASS:EyesJapanDataset/ichige/gesture_etc-18-eat-ichige_stageii.csv,AMASS,EyesJapanDataset,EyesJapanDataset/ichige/gesture_etc-18-eat-ichige_stageii.csv,120.04801920768381,60.0,2000,1000,16.666666666666668,30.0,40,13.333333333333332,true
AMASS:EyesJapanDataset/hamada/walk-02-drank-hamada_stageii.csv,AMASS,EyesJapanDataset,EyesJapanDataset/hamada/walk-02-drank-hamada_stageii.csv,120.04801920768381,60.0,2000,1000,16.666666666666668,30.0,20,13.333333333333332,true
AMASS:EyesJapanDataset/shiono/gesture_etc-05-touch_nose-shiono_stageii.csv,AMASS,EyesJapanDataset,EyesJapanDataset/shiono/gesture_etc-05-touch_nose-shiono_stageii.csv,120.04801920768381,60.0,2000,1000,16.666666666666668,30.0,54,13.333333333333332,true
AMASS:EyesJapanDataset/hamada/jump-02-leap-hamada_stageii.csv,AMASS,EyesJapanDataset,EyesJapanDataset/hamada/jump-02-leap-hamada_stageii.csv,120.04801920768381,60.0,2000,1000,16.666666666666668,30.0,83,13.333333333333332,true
AMASS:EyesJapanDataset/aita/gesture_etc-20-swing_chair-aita_stageii.csv,AMASS,EyesJapanDataset,EyesJapanDataset/aita/gesture_etc-20-swing_chair-aita_stageii.csv,120.04801920768381,60.0,2000,1000,16.666666666666668,30.0,61,13.333333333333332,true
AMASS:EyesJapanDataset/hamada/walk-10-shoulder_bag-hamada_stageii.csv,AMASS,EyesJapanDataset,EyesJapanDataset/hamada/walk-10-shoulder_bag-hamada_stageii.csv,120.04801920768381,60.0,2000,1000,16.666666666666668,30.0,28,13.333333333333332,true
AMASS:EyesJapanDataset/hamada/walk-05-backward-hamada_stageii.csv,AMASS,EyesJapanDataset,EyesJapanDataset/hamada/walk-05-backward-hamada_stageii.csv,120.04801920768381,60.0,2000,1000,16.666666666666668,30.0,57,13.333333333333332,true
AMASS:EyesJapanDataset/hamada/throw_toss-14-pass_to_right_heavy-hamada_stageii.csv,AMASS,EyesJapanDataset,EyesJapanDataset/hamada/throw_toss-14-pass_to_right_heavy-hamada_stageii.csv,120.04801920768381,60.0,2000,1000,16.666666666666668,30.0,51,13.333333333333332,true
AMASS:EyesJapanDataset/aita/gesture_etc-04-set_4-aita_stageii.csv,AMASS,EyesJapanDataset,EyesJapanDataset/aita/gesture_etc-04-set_4-aita_stageii.csv,120.04801920768381,60.0,2000,1000,16.666666666666668,30.0,78,13.333333333333332,true
AMASS:EyesJapanDataset/aita/greeting-10-card_exchange-aita_stageii.csv,AMASS,EyesJapanDataset,EyesJapanDataset/aita/greeting-10-card_exchange-aita_stageii.csv,120.04801920768381,60.0,2000,1000,16.666666666666668,30.0,3,13.333333333333332,true
AMASS:EyesJapanDataset/aita/sitdown_standup-11-one_knee_drawn_up-aita_stageii.csv,AMASS,EyesJapanDataset,EyesJapanDataset/aita/sitdown_standup-11-one_knee_drawn_up-aita_stageii.csv,120.04801920768381,60.0,2000,1000,16.666666666666668,30.0,49,13.333333333333332,true
AMASS:EyesJapanDataset/kaiwa/turn-01-call-kaiwa_stageii.csv,AMASS,EyesJapanDataset,EyesJapanDataset/kaiwa/turn-01-call-kaiwa_stageii.csv,120.04801920768381,60.0,2000,1000,16.666666666666668,30.0,69,13.333333333333332,true
AMASS:EyesJapanDataset/hamada/walk-12-underarm_bag-hamada_stageii.csv,AMASS,EyesJapanDataset,EyesJapanDataset/hamada/walk-12-underarm_bag-hamada_stageii.csv,120.04801920768381,60.0,2000,1000,16.666666666666668,30.0,30,13.333333333333332,true
AMASS:EyesJapanDataset/hamada/greeting-08-shakehands-hamada_stageii.csv,AMASS,EyesJapanDataset,EyesJapanDataset/hamada/greeting-08-shakehands-hamada_stageii.csv,120.04801920768381,60.0,2000,1000,16.666666666666668,30.0,52,13.333333333333332,true
AMASS:EyesJapanDataset/hamada/sitdown_standup-14-hold_chair-hamada_stageii.csv,AMASS,EyesJapanDataset,EyesJapanDataset/hamada/sitdown_standup-14-hold_chair-hamada_stageii.csv,120.04801920768381,60.0,2000,1000,16.666666666666668,30.0,48,13.333333333333332,true
AMASS:EyesJapanDataset/kaiwa/pose-15-look_down-kaiwa_stageii.csv,AMASS,EyesJapanDataset,EyesJapanDataset/kaiwa/pose-15-look_down-kaiwa_stageii.csv,120.04801920768381,60.0,2000,1000,16.666666666666668,30.0,69,13.333333333333332,true
AMASS:EyesJapanDataset/aita/gesture_etc-19-fold_legs-aita_stageii.csv,AMASS,EyesJapanDataset,EyesJapanDataset/aita/gesture_etc-19-fold_legs-aita_stageii.csv,120.04801920768381,60.0,2000,1000,16.666666666666668,30.0,50,13.333333333333332,true
AMASS:EyesJapanDataset/aita/gesture_etc-40-head_banging-aita_stageii.csv,AMASS,EyesJapanDataset,EyesJapanDataset/aita/gesture_etc-40-head_banging-aita_stageii.csv,120.04801920768381,60.0,2000,1000,16.666666666666668,30.0,83,13.333333333333332,true
AMASS:EyesJapanDataset/hamada/throw_toss-16-pass_to_left_heavy-hamada_stageii.csv,AMASS,EyesJapanDataset,EyesJapanDataset/hamada/throw_toss-16-pass_to_left_heavy-hamada_stageii.csv,120.04801920768381,60.0,2000,1000,16.666666666666668,30.0,30,13.333333333333332,true
AMASS:EyesJapanDataset/shiono/accident-02-dodge_fast-shiono_stageii.csv,AMASS,EyesJapanDataset,EyesJapanDataset/shiono/accident-02-dodge_fast-shiono_stageii.csv,120.04801920768381,60.0,2000,1000,16.666666666666668,30.0,62,13.333333333333332,true
AMASS:EyesJapanDataset/aita/gesture_etc-47-big_drum-aita_stageii.csv,AMASS,EyesJapanDataset,EyesJapanDataset/aita/gesture_etc-47-big_drum-aita_stageii.csv,120.04801920768381,60.0,2000,1000,16.666666666666668,30.0,17,13.333333333333332,true
AMASS:EyesJapanDataset/kaiwa/turn-05-turn-kaiwa_stageii.csv,AMASS,EyesJapanDataset,EyesJapanDataset/kaiwa/turn-05-turn-kaiwa_stageii.csv,120.04801920768381,60.0,2000,1000,16.666666666666668,30.0,51,13.333333333333332,true
AMASS:EyesJapanDataset/kaiwa/gesture_etc-09-scratch-kaiwa_stageii.csv,AMASS,EyesJapanDataset,EyesJapanDataset/kaiwa/gesture_etc-09-scratch-kaiwa_stageii.csv,120.04801920768381,60.0,2000,1000,16.666666666666668,30.0,67,13.333333333333332,true
AMASS:EyesJapanDataset/aita/gesture_etc-30-fxxk-aita_stageii.csv,AMASS,EyesJapanDataset,EyesJapanDataset/aita/gesture_etc-30-fxxk-aita_stageii.csv,120.04801920768381,60.0,2000,1000,16.666666666666668,30.0,89,13.333333333333332,true
AMASS:EyesJapanDataset/hamada/walk-09-handbag-hamada_stageii.csv,AMASS,EyesJapanDataset,EyesJapanDataset/hamada/walk-09-handbag-hamada_stageii.csv,120.04801920768381,60.0,2000,1000,16.666666666666668,30.0,33,13.333333333333332,true
AMASS:EyesJapanDataset/shiono/gesture_etc-07-over_stretch-shiono_stageii.csv,AMASS,EyesJapanDataset,EyesJapanDataset/shiono/gesture_etc-07-over_stretch-shiono_stageii.csv,120.04801920768381,60.0,2000,1000,16.666666666666668,30.0,25,13.333333333333332,true
AMASS:EyesJapanDataset/hamada/jump-09-rope_cross-hamada_stageii.csv,AMASS,EyesJapanDataset,EyesJapanDataset/hamada/jump-09-rope_cross-hamada_stageii.csv,120.04801920768381,60.0,2000,1000,16.666666666666668,30.0,93,13.333333333333332,true
AMASS:EyesJapanDataset/shiono/accident-13-damage_back-shiono_stageii.csv,AMASS,EyesJapanDataset,EyesJapanDataset/shiono/accident-13-damage_back-shiono_stageii.csv,120.04801920768381,60.0,2000,1000,16.666666666666668,30.0,75,13.333333333333332,true
AMASS:EyesJapanDataset/ichige/pain-01-headache-ichige_stageii.csv,AMASS,EyesJapanDataset,EyesJapanDataset/ichige/pain-01-headache-ichige_stageii.csv,120.04801920768381,60.0,2000,1000,16.666666666666668,30.0,81,13.333333333333332,true
AMASS:EyesJapanDataset/aita/throw_toss-19-pass_to_front_light-aita_stageii.csv,AMASS,EyesJapanDataset,EyesJapanDataset/aita/throw_toss-19-pass_to_front_light-aita_stageii.csv,120.04801920768381,60.0,2000,1000,16.666666666666668,30.0,51,13.333333333333332,true
AMASS:EyesJapanDataset/kaiwa/throw_toss-13-pass_to_right_light-kaiwa_stageii.csv,AMASS,EyesJapanDataset,EyesJapanDataset/kaiwa/throw_toss-13-pass_to_right_light-kaiwa_stageii.csv,120.04801920768381,60.0,2000,1000,16.666666666666668,30.0,40,13.333333333333332,true
AMASS:EyesJapanDataset/ichige/gesture_etc-35-west_side-ichige_stageii.csv,AMASS,EyesJapanDataset,EyesJapanDataset/ichige/gesture_etc-35-west_side-ichige_stageii.csv,120.04801920768381,60.0,2000,1000,16.666666666666668,30.0,20,13.333333333333332,true
AMASS:EyesJapanDataset/aita/gesture_etc-23-mobile_call-aita_stageii.csv,AMASS,EyesJapanDataset,EyesJapanDataset/aita/gesture_etc-23-mobile_call-aita_stageii.csv,120.04801920768381,60.0,2000,1000,16.666666666666668,30.0,65,13.333333333333332,true
AMASS:EyesJapanDataset/kaiwa/pose-06-hangon-kaiwa_stageii.csv,AMASS,EyesJapanDataset,EyesJapanDataset/kaiwa/pose-06-hangon-kaiwa_stageii.csv,120.04801920768381,60.0,2000,1000,16.666666666666668,30.0,25,13.333333333333332,true
AMASS:EyesJapanDataset/aita/gesture_etc-14-apologize-aita_stageii.csv,AMASS,EyesJapanDataset,EyesJapanDataset/aita/gesture_etc-14-apologize-aita_stageii.csv,120.04801920768381,60.0,2000,1000,16.666666666666668,30.0,85,13.333333333333332,true
AMASS:EyesJapanDataset/kaiwa/turn-03-look_at-kaiwa_stageii.csv,AMASS,EyesJapanDataset,EyesJapanDataset/kaiwa/turn-03-look_at-kaiwa_stageii.csv,120.04801920768381,60.0,2000,1000,16.666666666666668,30.0,32,13.333333333333332,true
AMASS:EyesJapanDataset/aita/gesture_etc-16-dryer-aita_stageii.csv,AMASS,EyesJapanDataset,EyesJapanDataset/aita/gesture_etc-16-dryer-aita_stageii.csv,120.04801920768381,60.0,2000,1000,16.666666666666668,30.0,45,13.333333333333332,true
AMASS:EyesJapanDataset/shiono/gesture_etc-16-dryer-shiono_stageii.csv,AMASS,EyesJapanDataset,EyesJapanDataset/shiono/gesture_etc-16-dryer-shiono_stageii.csv,120.04801920768381,60.0,2000,1000,16.666666666666668,30.0,18,13.333333333333332,true
AMASS:EyesJapanDataset/aita/throw_toss-04-both_hands_over_light-aita_stageii.csv,AMASS,EyesJapanDataset,EyesJapanDataset/aita/throw_toss-04-both_hands_over_light-aita_stageii.csv,120.04801920768381,60.0,2000,1000,16.666666666666668,30.0,76,13.333333333333332,true
AMASS:EyesJapanDataset/aita/jump-11-warmup-aita_stageii.csv,AMASS,EyesJapanDataset,EyesJapanDataset/aita/jump-11-warmup-aita_stageii.csv,120.04801920768381,60.0,2000,1000,16.666666666666668,30.0,94,13.333333333333332,true
AMASS:EyesJapanDataset/aita/walk-09-handbag-aita_stageii.csv,AMASS,EyesJapanDataset,EyesJapanDataset/aita/walk-09-handbag-aita_stageii.csv,120.04801920768381,60.0,2000,1000,16.666666666666668,30.0,42,13.333333333333332,true
AMASS:EyesJapanDataset/kanno/throw_toss-05-both_hands_over_heavy-kanno_stageii.csv,AMASS,EyesJapanDataset,EyesJapanDataset/kanno/throw_toss-05-both_hands_over_heavy-kanno_stageii.csv,120.04801920768381,60.0,2000,1000,16.666666666666668,30.0,76,13.333333333333332,true
AMASS:EyesJapanDataset/hamada/gesture_etc-35-west_side-hamada_stageii.csv,AMASS,EyesJapanDataset,EyesJapanDataset/hamada/gesture_etc-35-west_side-hamada_stageii.csv,120.04801920768381,60.0,2000,1000,16.666666666666668,30.0,40,13.333333333333332,true
AMASS:EyesJapanDataset/shiono/gesture_etc-38-hand_language-shiono_stageii.csv,AMASS,EyesJapanDataset,EyesJapanDataset/shiono/gesture_etc-38-hand_language-shiono_stageii.csv,120.04801920768381,60.0,2000,1000,16.666666666666668,30.0,18,13.333333333333332,true
AMASS:TCDhandMocap/ExperimentDatabase/TPoseFingers_stageii.csv,AMASS,TCDhandMocap,TCDhandMocap/ExperimentDatabase/TPoseFingers_stageii.csv,120.04801920768381,60.0,2000,1000,16.666666666666668,29.97,3,13.303333333333331,true
AMASS:BMLrub/rub104/0021_catching_and_throwing_stageii.csv,AMASS,BMLrub,BMLrub/rub104/0021_catching_and_throwing_stageii.csv,120.04801920768381,60.0,2000,1000,16.666666666666668,29.97,66,13.303333333333331,true
AMASS:EyesJapanDataset/aita/gesture_etc-11-hold_arms-aita_stageii.csv,AMASS,EyesJapanDataset,EyesJapanDataset/aita/gesture_etc-11-hold_arms-aita_stageii.csv,120.04801920768381,60.0,2000,1000,16.666666666666668,29.97,61,13.303333333333331,true
AMASS:EyesJapanDataset/hamada/accident-01-dodge-hamada_stageii.csv,AMASS,EyesJapanDataset,EyesJapanDataset/hamada/accident-01-dodge-hamada_stageii.csv,120.04801920768381,60.0,2000,1000,16.666666666666668,29.97,66,13.303333333333331,true
AMASS:EyesJapanDataset/hamada/gesture_etc-01-set_1-hamada_stageii.csv,AMASS,EyesJapanDataset,EyesJapanDataset/hamada/gesture_etc-01-set_1-hamada_stageii.csv,120.04801920768381,60.0,2000,1000,16.666666666666668,29.934,22,13.267333333333333,true
AMASS:EyesJapanDataset/shiono/gesture_etc-41-mosh-shiono_stageii.csv,AMASS,EyesJapanDataset,EyesJapanDataset/shiono/gesture_etc-41-mosh-shiono_stageii.csv,120.04801920768381,60.0,2000,1000,16.666666666666668,29.934,27,13.267333333333333,true
AMASS:EyesJapanDataset/shiono/pain-03-toothache-shiono_stageii.csv,AMASS,EyesJapanDataset,EyesJapanDataset/shiono/pain-03-toothache-shiono_stageii.csv,120.04801920768381,60.0,2000,1000,16.666666666666668,29.934,25,13.267333333333333,true
AMASS:EyesJapanDataset/shiono/pain-01-headache-shiono_stageii.csv,AMASS,EyesJapanDataset,EyesJapanDataset/shiono/pain-01-headache-shiono_stageii.csv,120.04801920768381,60.0,2000,1000,16.666666666666668,29.934,65,13.267333333333333,true
AMASS:EyesJapanDataset/shiono/gesture_etc-43-brush_teeth-shiono_stageii.csv,AMASS,EyesJapanDataset,EyesJapanDataset/shiono/gesture_etc-43-brush_teeth-shiono_stageii.csv,120.04801920768381,60.0,2000,1000,16.666666666666668,29.934,19,13.267333333333333,true
AMASS:EyesJapanDataset/shiono/gesture_etc-50-syuriken-shiono_stageii.csv,AMASS,EyesJapanDataset,EyesJapanDataset/shiono/gesture_etc-50-syuriken-shiono_stageii.csv,120.04801920768381,60.0,2000,1000,16.666666666666668,29.934,17,13.267333333333333,true
AMASS:MPIHDM05/dg/HDM_dg_01-03_03_120_stageii.csv,AMASS,MPIHDM05,MPIHDM05/dg/HDM_dg_01-03_03_120_stageii.csv,120.04801920768381,60.0,2000,1000,16.666666666666668,29.87,89,13.203333333333333,true
AMASS:EyesJapanDataset/hamada/throw_toss-07-both_hands_under_heavy-hamada_stageii.csv,AMASS,EyesJapanDataset,EyesJapanDataset/hamada/throw_toss-07-both_hands_under_heavy-hamada_stageii.csv,120.04801920768381,60.0,2000,1000,16.666666666666668,29.87,80,13.203333333333333,true
AMASS:MPIHDM05/mm/HDM_mm_02-01_03_120_stageii.csv,AMASS,MPIHDM05,MPIHDM05/mm/HDM_mm_02-01_03_120_stageii.csv,120.04801920768381,60.0,2000,1000,16.666666666666668,29.8,127,13.133333333333333,true
AMASS:EyesJapanDataset/hamada/gesture_etc-02-set_2-hamada_stageii.csv,AMASS,EyesJapanDataset,EyesJapanDataset/hamada/gesture_etc-02-set_2-hamada_stageii.csv,120.04801920768381,60.0,2000,1000,16.666666666666668,29.8,45,13.133333333333333,true
AMASS:EyesJapanDataset/hamada/gesture_etc-47-big_drum-hamada_stageii.csv,AMASS,EyesJapanDataset,EyesJapanDataset/hamada/gesture_etc-47-big_drum-hamada_stageii.csv,120.04801920768381,60.0,2000,1000,16.666666666666668,29.77,61,13.103333333333332,true
AMASS:EyesJapanDataset/hamada/gesture_etc-44-wash_hands-hamada_stageii.csv,AMASS,EyesJapanDataset,EyesJapanDataset/hamada/gesture_etc-44-wash_hands-hamada_stageii.csv,120.04801920768381,60.0,2000,1000,16.666666666666668,29.77,39,13.103333333333332,true
AMASS:EyesJapanDataset/hamada/gesture_etc-50-syuriken-hamada_stageii.csv,AMASS,EyesJapanDataset,EyesJapanDataset/hamada/gesture_etc-50-syuriken-hamada_stageii.csv,120.04801920768381,60.0,2000,1000,16.666666666666668,29.77,32,13.103333333333332,true
AMASS:EyesJapanDataset/hamada/gesture_etc-48-medium_drum-hamada_stageii.csv,AMASS,EyesJapanDataset,EyesJapanDataset/hamada/gesture_etc-48-medium_drum-hamada_stageii.csv,120.04801920768381,60.0,2000,1000,16.666666666666668,29.77,23,13.103333333333332,true
AMASS:EyesJapanDataset/hamada/gesture_etc-22-mobile_receive-hamada_stageii.csv,AMASS,EyesJapanDataset,EyesJapanDataset/hamada/gesture_etc-22-mobile_receive-hamada_stageii.csv,120.04801920768381,60.0,2000,1000,16.666666666666668,29.77,51,13.103333333333332,true
AMASS:EyesJapanDataset/hamada/accident-05-damage_right_arm-hamada_stageii.csv,AMASS,EyesJapanDataset,EyesJapanDataset/hamada/accident-05-damage_right_arm-hamada_stageii.csv,120.04801920768381,60.0,2000,1000,16.666666666666668,29.77,90,13.103333333333332,true
AMASS:EyesJapanDataset/kanno/accident-08-damage_rightfoot-kanno_stageii.csv,AMASS,EyesJapanDataset,EyesJapanDataset/kanno/accident-08-damage_rightfoot-kanno_stageii.csv,120.04801920768381,60.0,2000,1000,16.666666666666668,29.77,34,13.103333333333332,true
AMASS:EyesJapanDataset/hamada/pose-11-bended_knees-hamada_stageii.csv,AMASS,EyesJapanDataset,EyesJapanDataset/hamada/pose-11-bended_knees-hamada_stageii.csv,120.04801920768381,60.0,2000,1000,16.666666666666668,29.77,45,13.103333333333332,true
AMASS:EyesJapanDataset/hamada/gesture_etc-07-over_stretch-hamada_stageii.csv,AMASS,EyesJapanDataset,EyesJapanDataset/hamada/gesture_etc-07-over_stretch-hamada_stageii.csv,120.04801920768381,60.0,2000,1000,16.666666666666668,29.77,43,13.103333333333332,true
AMASS:EyesJapanDataset/hamada/gesture_etc-41-mosh-hamada_stageii.csv,AMASS,EyesJapanDataset,EyesJapanDataset/hamada/gesture_etc-41-mosh-hamada_stageii.csv,120.04801920768381,60.0,2000,1000,16.666666666666668,29.77,46,13.103333333333332,true
AMASS:EyesJapanDataset/hamada/pose-15-look_down-hamada_stageii.csv,AMASS,EyesJapanDataset,EyesJapanDataset/hamada/pose-15-look_down-hamada_stageii.csv,120.04801920768381,60.0,2000,1000,16.666666666666668,29.77,50,13.103333333333332,true
AMASS:EyesJapanDataset/hamada/pose-06-hangon-hamada_stageii.csv,AMASS,EyesJapanDataset,EyesJapanDataset/hamada/pose-06-hangon-hamada_stageii.csv,120.04801920768381,60.0,2000,1000,16.666666666666668,29.77,55,13.103333333333332,true
AMASS:EyesJapanDataset/hamada/pose-13-model-hamada_stageii.csv,AMASS,EyesJapanDataset,EyesJapanDataset/hamada/pose-13-model-hamada_stageii.csv,120.04801920768381,60.0,2000,1000,16.666666666666668,29.77,28,13.103333333333332,true
AMASS:EyesJapanDataset/hamada/gesture_etc-21-clapping-hamada_stageii.csv,AMASS,EyesJapanDataset,EyesJapanDataset/hamada/gesture_etc-21-clapping-hamada_stageii.csv,120.04801920768381,60.0,2000,1000,16.666666666666668,29.77,37,13.103333333333332,true
AMASS:EyesJapanDataset/hamada/gesture_etc-04-set_4-hamada_stageii.csv,AMASS,EyesJapanDataset,EyesJapanDataset/hamada/gesture_etc-04-set_4-hamada_stageii.csv,120.04801920768381,60.0,2000,1000,16.666666666666668,29.77,41,13.103333333333332,true
AMASS:EyesJapanDataset/kanno/pose-17-one_leg-kanno_stageii.csv,AMASS,EyesJapanDataset,EyesJapanDataset/kanno/pose-17-one_leg-kanno_stageii.csv,120.04801920768381,60.0,2000,1000,16.666666666666668,29.77,68,13.103333333333332,true
AMASS:EyesJapanDataset/hamada/gesture_etc-32-no-hamada_stageii.csv,AMASS,EyesJapanDataset,EyesJapanDataset/hamada/gesture_etc-32-no-hamada_stageii.csv,120.04801920768381,60.0,2000,1000,16.666666666666668,29.77,81,13.103333333333332,true
AMASS:EyesJapanDataset/hamada/pose-04-drank-hamada_stageii.csv,AMASS,EyesJapanDataset,EyesJapanDataset/hamada/pose-04-drank-hamada_stageii.csv,120.04801920768381,60.0,2000,1000,16.666666666666668,29.77,59,13.103333333333332,true
AMASS:EyesJapanDataset/hamada/gesture_etc-31-ok-hamada_stageii.csv,AMASS,EyesJapanDataset,EyesJapanDataset/hamada/gesture_etc-31-ok-hamada_stageii.csv,120.04801920768381,60.0,2000,1000,16.666666666666668,29.77,39,13.103333333333332,true
AMASS:EyesJapanDataset/hamada/pose-14-look_up-hamada_stageii.csv,AMASS,EyesJapanDataset,EyesJapanDataset/hamada/pose-14-look_up-hamada_stageii.csv,120.04801920768381,60.0,2000,1000,16.666666666666668,29.77,55,13.103333333333332,true
AMASS:EyesJapanDataset/hamada/pain-01-headache-hamada_stageii.csv,AMASS,EyesJapanDataset,EyesJapanDataset/hamada/pain-01-headache-hamada_stageii.csv,120.04801920768381,60.0,2000,1000,16.666666666666668,29.77,40,13.103333333333332,true
AMASS:EyesJapanDataset/ichige/soccer-29-heel_lift-ichige_stageii.csv,AMASS,EyesJapanDataset,EyesJapanDataset/ichige/soccer-29-heel_lift-ichige_stageii.csv,120.04801920768381,60.0,2000,1000,16.666666666666668,29.77,80,13.103333333333332,true
AMASS:EyesJapanDataset/ichige/soccer-27-pk_inside-ichige_stageii.csv,AMASS,EyesJapanDataset,EyesJapanDataset/ichige/soccer-27-pk_inside-ichige_stageii.csv,120.04801920768381,60.0,2000,1000,16.666666666666668,29.77,104,13.103333333333332,true
AMASS:EyesJapanDataset/ichige/soccer-11-dribble_3-ichige_stageii.csv,AMASS,EyesJapanDataset,EyesJapanDataset/ichige/soccer-11-dribble_3-ichige_stageii.csv,120.04801920768381,60.0,2000,1000,16.666666666666668,29.77,18,13.103333333333332,true
AMASS:EyesJapanDataset/ichige/soccer-06-pass_outside-ichige_stageii.csv,AMASS,EyesJapanDataset,EyesJapanDataset/ichige/soccer-06-pass_outside-ichige_stageii.csv,120.04801920768381,60.0,2000,1000,16.666666666666668,29.77,135,13.103333333333332,true
AMASS:EyesJapanDataset/kanno/pose-14-look_up-kanno_stageii.csv,AMASS,EyesJapanDataset,EyesJapanDataset/kanno/pose-14-look_up-kanno_stageii.csv,120.04801920768381,60.0,2000,1000,16.666666666666668,29.77,30,13.103333333333332,true
AMASS:EyesJapanDataset/kawaguchi/jump-08-rope_backward-kawaguchi_stageii.csv,AMASS,EyesJapanDataset,EyesJapanDataset/kawaguchi/jump-08-rope_backward-kawaguchi_stageii.csv,120.04801920768381,60.0,2000,1000,16.666666666666668,29.77,45,13.103333333333332,true
AMASS:EyesJapanDataset/ichige/soccer-31-goal-ichige_stageii.csv,AMASS,EyesJapanDataset,EyesJapanDataset/ichige/soccer-31-goal-ichige_stageii.csv,120.04801920768381,60.0,2000,1000,16.666666666666668,29.77,47,13.103333333333332,true
AMASS:EyesJapanDataset/kanno/accident-02-dodge_fast-kanno_stageii.csv,AMASS,EyesJapanDataset,EyesJapanDataset/kanno/accident-02-dodge_fast-kanno_stageii.csv,120.04801920768381,60.0,2000,1000,16.666666666666668,29.77,105,13.103333333333332,true
AMASS:EyesJapanDataset/hamada/accident-07-damage_left_arm-hamada_stageii.csv,AMASS,EyesJapanDataset,EyesJapanDataset/hamada/accident-07-damage_left_arm-hamada_stageii.csv,120.04801920768381,60.0,2000,1000,16.666666666666668,29.77,38,13.103333333333332,true
AMASS:EyesJapanDataset/hamada/gesture_etc-23-mobile_call-hamada_stageii.csv,AMASS,EyesJapanDataset,EyesJapanDataset/hamada/gesture_etc-23-mobile_call-hamada_stageii.csv,120.04801920768381,60.0,2000,1000,16.666666666666668,29.77,54,13.103333333333332,true
AMASS:EyesJapanDataset/kanno/accident-13-damage_back-kanno_stageii.csv,AMASS,EyesJapanDataset,EyesJapanDataset/kanno/accident-13-damage_back-kanno_stageii.csv,120.04801920768381,60.0,2000,1000,16.666666666666668,29.77,61,13.103333333333332,true
AMASS:EyesJapanDataset/hamada/throw_toss-17-pass_to_back_light-hamada_stageii.csv,AMASS,EyesJapanDataset,EyesJapanDataset/hamada/throw_toss-17-pass_to_back_light-hamada_stageii.csv,120.04801920768381,60.0,2000,1000,16.666666666666668,29.77,91,13.103333333333332,true
AMASS:EyesJapanDataset/kanno/accident-01-dodge-kanno_stageii.csv,AMASS,EyesJapanDataset,EyesJapanDataset/kanno/accident-01-dodge-kanno_stageii.csv,120.04801920768381,60.0,2000,1000,16.666666666666668,29.77,18,13.103333333333332,true
AMASS:EyesJapanDataset/hamada/pain-04-chest_and_barf-hamada_stageii.csv,AMASS,EyesJapanDataset,EyesJapanDataset/hamada/pain-04-chest_and_barf-hamada_stageii.csv,120.04801920768381,60.0,2000,1000,16.666666666666668,29.77,35,13.103333333333332,true
AMASS:EyesJapanDataset/kanno/pose-15-look_down-kanno_stageii.csv,AMASS,EyesJapanDataset,EyesJapanDataset/kanno/pose-15-look_down-kanno_stageii.csv,120.04801920768381,60.0,2000,1000,16.666666666666668,29.77,42,13.103333333333332,true
AMASS:EyesJapanDataset/hamada/pose-20-zombee-hamada_stageii.csv,AMASS,EyesJapanDataset,EyesJapanDataset/hamada/pose-20-zombee-hamada_stageii.csv,120.04801920768381,60.0,2000,1000,16.666666666666668,29.77,21,13.103333333333332,true
AMASS:EyesJapanDataset/kawaguchi/jump-03-vertical-kawaguchi_stageii.csv,AMASS,EyesJapanDataset,EyesJapanDataset/kawaguchi/jump-03-vertical-kawaguchi_stageii.csv,120.04801920768381,60.0,2000,1000,16.666666666666668,29.77,92,13.103333333333332,true
AMASS:EyesJapanDataset/kanno/accident-10-spasm-kanno_stageii.csv,AMASS,EyesJapanDataset,EyesJapanDataset/kanno/accident-10-spasm-kanno_stageii.csv,120.04801920768381,60.0,2000,1000,16.666666666666668,29.77,42,13.103333333333332,true
AMASS:EyesJapanDataset/kanno/pose-07-pray_cross-kanno_stageii.csv,AMASS,EyesJapanDataset,EyesJapanDataset/kanno/pose-07-pray_cross-kanno_stageii.csv,120.04801920768381,60.0,2000,1000,16.666666666666668,29.77,48,13.103333333333332,true
AMASS:EyesJapanDataset/hamada/gesture_etc-34-peace-hamada_stageii.csv,AMASS,EyesJapanDataset,EyesJapanDataset/hamada/gesture_etc-34-peace-hamada_stageii.csv,120.04801920768381,60.0,2000,1000,16.666666666666668,29.77,95,13.103333333333332,true
AMASS:EyesJapanDataset/hamada/gesture_etc-42-hung_over-hamada_stageii.csv,AMASS,EyesJapanDataset,EyesJapanDataset/hamada/gesture_etc-42-hung_over-hamada_stageii.csv,120.04801920768381,60.0,2000,1000,16.666666666666668,29.77,26,13.103333333333332,true
AMASS:EyesJapanDataset/hamada/pain-05-backache-hamada_stageii.csv,AMASS,EyesJapanDataset,EyesJapanDataset/hamada/pain-05-backache-hamada_stageii.csv,120.04801920768381,60.0,2000,1000,16.666666666666668,29.77,19,13.103333333333332,true
AMASS:EyesJapanDataset/hamada/accident-09-damage_leftfoot-hamada_stageii.csv,AMASS,EyesJapanDataset,EyesJapanDataset/hamada/accident-09-damage_leftfoot-hamada_stageii.csv,120.04801920768381,60.0,2000,1000,16.666666666666668,29.77,59,13.103333333333332,true
AMASS:EyesJapanDataset/hamada/gesture_etc-05-touch_nose-hamada_stageii.csv,AMASS,EyesJapanDataset,EyesJapanDataset/hamada/gesture_etc-05-touch_nose-hamada_stageii.csv,120.04801920768381,60.0,2000,1000,16.666666666666668,29.77,49,13.103333333333332,true
AMASS:EyesJapanDataset/hamada/gesture_etc-45-feel_dizzy_-hamada_stageii.csv,AMASS,EyesJapanDataset,EyesJapanDataset/hamada/gesture_etc-45-feel_dizzy_-hamada_stageii.csv,120.04801920768381,60.0,2000,1000,16.666666666666668,29.77,55,13.103333333333332,true
AMASS:EyesJapanDataset/hamada/pain-06-muscleache-hamada_stageii.csv,AMASS,EyesJapanDataset,EyesJapanDataset/hamada/pain-06-muscleache-hamada_stageii.csv,120.04801920768381,60.0,2000,1000,16.666666666666668,29.77,102,13.103333333333332,true
AMASS:EyesJapanDataset/hamada/gesture_etc-16-dryer-hamada_stageii.csv,AMASS,EyesJapanDataset,EyesJapanDataset/hamada/gesture_etc-16-dryer-hamada_stageii.csv,120.04801920768381,60.0,2000,1000,16.666666666666668,29.77,64,13.103333333333332,true
AMASS:EyesJapanDataset/hamada/gesture_etc-17-drink-hamada_stageii.csv,AMASS,EyesJapanDataset,EyesJapanDataset/hamada/gesture_etc-17-drink-hamada_stageii.csv,120.04801920768381,60.0,2000,1000,16.666666666666668,29.77,57,13.103333333333332,true
AMASS:EyesJapanDataset/hamada/accident-08-damage_rightfoot-hamada_stageii.csv,AMASS,EyesJapanDataset,EyesJapanDataset/hamada/accident-08-damage_rightfoot-hamada_stageii.csv,120.04801920768381,60.0,2000,1000,16.666666666666668,29.77,92,13.103333333333332,true
AMASS:EyesJapanDataset/ichige/soccer-28-pk_feint-ichige_stageii.csv,AMASS,EyesJapanDataset,EyesJapanDataset/ichige/soccer-28-pk_feint-ichige_stageii.csv,120.04801920768381,60.0,2000,1000,16.666666666666668,29.77,47,13.103333333333332,true
AMASS:EyesJapanDataset/hamada/gesture_etc-29-pantomime-hamada_stageii.csv,AMASS,EyesJapanDataset,EyesJapanDataset/hamada/gesture_etc-29-pantomime-hamada_stageii.csv,120.04801920768381,60.0,2000,1000,16.666666666666668,29.77,34,13.103333333333332,true
AMASS:EyesJapanDataset/kanno/pose-20-zombee-kanno_stageii.csv,AMASS,EyesJapanDataset,EyesJapanDataset/kanno/pose-20-zombee-kanno_stageii.csv,120.04801920768381,60.0,2000,1000,16.666666666666668,29.77,33,13.103333333333332,true
AMASS:EyesJapanDataset/hamada/pain-03-toothache-hamada_stageii.csv,AMASS,EyesJapanDataset,EyesJapanDataset/hamada/pain-03-toothache-hamada_stageii.csv,120.04801920768381,60.0,2000,1000,16.666666666666668,29.77,51,13.103333333333332,true
AMASS:EyesJapanDataset/hamada/accident-06-damage_left_leg-hamada_stageii.csv,AMASS,EyesJapanDataset,EyesJapanDataset/hamada/accident-06-damage_left_leg-hamada_stageii.csv,120.04801920768381,60.0,2000,1000,16.666666666666668,29.77,78,13.103333333333332,true
AMASS:EyesJapanDataset/hamada/accident-12-twist_foot-hamada_stageii.csv,AMASS,EyesJapanDataset,EyesJapanDataset/hamada/accident-12-twist_foot-hamada_stageii.csv,120.04801920768381,60.0,2000,1000,16.666666666666668,29.77,58,13.103333333333332,true
AMASS:EyesJapanDataset/kanno/pose-05-cross_leg-kanno_stageii.csv,AMASS,EyesJapanDataset,EyesJapanDataset/kanno/pose-05-cross_leg-kanno_stageii.csv,120.04801920768381,60.0,2000,1000,16.666666666666668,29.77,39,13.103333333333332,true
AMASS:EyesJapanDataset/hamada/pose-07-pray_cross-hamada_stageii.csv,AMASS,EyesJapanDataset,EyesJapanDataset/hamada/pose-07-pray_cross-hamada_stageii.csv,120.04801920768381,60.0,2000,1000,16.666666666666668,29.77,84,13.103333333333332,true
AMASS:EyesJapanDataset/kanno/accident-14-dodge_turn_down-kanno_stageii.csv,AMASS,EyesJapanDataset,EyesJapanDataset/kanno/accident-14-dodge_turn_down-kanno_stageii.csv,120.04801920768381,60.0,2000,1000,16.666666666666668,29.77,65,13.103333333333332,true
AMASS:EyesJapanDataset/hamada/pose-19-funny-hamada_stageii.csv,AMASS,EyesJapanDataset,EyesJapanDataset/hamada/pose-19-funny-hamada_stageii.csv,120.04801920768381,60.0,2000,1000,16.666666666666668,29.77,57,13.103333333333332,true
AMASS:EyesJapanDataset/hamada/gesture_etc-43-brush_teeth-hamada_stageii.csv,AMASS,EyesJapanDataset,EyesJapanDataset/hamada/gesture_etc-43-brush_teeth-hamada_stageii.csv,120.04801920768381,60.0,2000,1000,16.666666666666668,29.77,25,13.103333333333332,true
AMASS:EyesJapanDataset/hamada/gesture_etc-33-watch_here-hamada_stageii.csv,AMASS,EyesJapanDataset,EyesJapanDataset/hamada/gesture_etc-33-watch_here-hamada_stageii.csv,120.04801920768381,60.0,2000,1000,16.666666666666668,29.77,53,13.103333333333332,true
AMASS:EyesJapanDataset/kanno/pose-09-pray_buddhism-kanno_stageii.csv,AMASS,EyesJapanDataset,EyesJapanDataset/kanno/pose-09-pray_buddhism-kanno_stageii.csv,120.04801920768381,60.0,2000,1000,16.666666666666668,29.77,56,13.103333333333332,true
AMASS:EyesJapanDataset/hamada/gesture_etc-30-fxxk-hamada_stageii.csv,AMASS,EyesJapanDataset,EyesJapanDataset/hamada/gesture_etc-30-fxxk-hamada_stageii.csv,120.04801920768381,60.0,2000,1000,16.666666666666668,29.77,57,13.103333333333332,true
AMASS:EyesJapanDataset/kawaguchi/jump-02-leap-kawaguchi_stageii.csv,AMASS,EyesJapanDataset,EyesJapanDataset/kawaguchi/jump-02-leap-kawaguchi_stageii.csv,120.04801920768381,60.0,2000,1000,16.666666666666668,29.77,145,13.103333333333332,true
AMASS:EyesJapanDataset/kawaguchi/jump-05-rope_normal_run-kawaguchi_stageii.csv,AMASS,EyesJapanDataset,EyesJapanDataset/kawaguchi/jump-05-rope_normal_run-kawaguchi_stageii.csv,120.04801920768381,60.0,2000,1000,16.666666666666668,29.77,19,13.103333333333332,true
AMASS:EyesJapanDataset/hamada/gesture_etc-06-jiggle_knee-hamada_stageii.csv,AMASS,EyesJapanDataset,EyesJapanDataset/hamada/gesture_etc-06-jiggle_knee-hamada_stageii.csv,120.04801920768381,60.0,2000,1000,16.666666666666668,29.77,27,13.103333333333332,true
AMASS:EyesJapanDataset/kanno/pose-08-pray_buddhismintone-kanno_stageii.csv,AMASS,EyesJapanDataset,EyesJapanDataset/kanno/pose-08-pray_buddhismintone-kanno_stageii.csv,120.04801920768381,60.0,2000,1000,16.666666666666668,29.77,72,13.103333333333332,true
AMASS:EyesJapanDataset/kanno/accident-04-damage_right_leg-kanno_stageii.csv,AMASS,EyesJapanDataset,EyesJapanDataset/kanno/accident-04-damage_right_leg-kanno_stageii.csv,120.04801920768381,60.0,2000,1000,16.666666666666668,29.77,18,13.103333333333332,true
AMASS:CMU/27/27_02_stageii.csv,AMASS,CMU,CMU/27/27_02_stageii.csv,120.04801920768381,60.0,2000,1000,16.666666666666668,29.734,100,13.067333333333334,true
AMASS:CMU/30/30_18_stageii.csv,AMASS,CMU,CMU/30/30_18_stageii.csv,120.04801920768381,60.0,2000,1000,16.666666666666668,29.734,46,13.067333333333334,true
AMASS:CMU/29/29_19_stageii.csv,AMASS,CMU,CMU/29/29_19_stageii.csv,120.04801920768381,60.0,2000,1000,16.666666666666668,29.73,3,13.063333333333333,true
AMASS:CMU/140/140_06_stageii.csv,AMASS,CMU,CMU/140/140_06_stageii.csv,120.04801920768381,60.0,2000,1000,16.666666666666668,29.7,27,13.033333333333331,true
AMASS:CMU/32/32_20_stageii.csv,AMASS,CMU,CMU/32/32_20_stageii.csv,120.04801920768381,60.0,2000,1000,16.666666666666668,29.633,19,12.966333333333331,true
AMASS:EyesJapanDataset/kaiwa/walk-26-exhausted-kaiwa_stageii.csv,AMASS,EyesJapanDataset,EyesJapanDataset/kaiwa/walk-26-exhausted-kaiwa_stageii.csv,120.04801920768381,60.0,2000,1000,16.666666666666668,29.6,37,12.933333333333334,true
AMASS:HumanEva/S2/Gestures_3_stageii.csv,AMASS,HumanEva,HumanEva/S2/Gestures_3_stageii.csv,120.04801920768381,60.0,2000,1000,16.666666666666668,29.6,120,12.933333333333334,true
AMASS:EyesJapanDataset/kaiwa/walk-29-look_down-kaiwa_stageii.csv,AMASS,EyesJapanDataset,EyesJapanDataset/kaiwa/walk-29-look_down-kaiwa_stageii.csv,120.04801920768381,60.0,2000,1000,16.666666666666668,29.6,57,12.933333333333334,true
AMASS:EyesJapanDataset/kaiwa/walk-24-listless-kaiwa_stageii.csv,AMASS,EyesJapanDataset,EyesJapanDataset/kaiwa/walk-24-listless-kaiwa_stageii.csv,120.04801920768381,60.0,2000,1000,16.666666666666668,29.6,31,12.933333333333334,true
AMASS:EyesJapanDataset/shiono/pose-16-handstand-shiono_stageii.csv,AMASS,EyesJapanDataset,EyesJapanDataset/shiono/pose-16-handstand-shiono_stageii.csv,120.04801920768381,60.0,2000,1000,16.666666666666668,29.6,58,12.933333333333334,true
AMASS:MPImosh/00111/stretches_stageii.csv,AMASS,MPImosh,MPImosh/00111/stretches_stageii.csv,100.00000000000213,60.0,2000,1200,20.0,32.9,42,12.899999999999999,true
AMASS:EyesJapanDataset/hamada/pose-12-body_building-hamada_stageii.csv,AMASS,EyesJapanDataset,EyesJapanDataset/hamada/pose-12-body_building-hamada_stageii.csv,120.04801920768381,60.0,2000,1000,16.666666666666668,29.534,60,12.867333333333331,true
AMASS:KIT/442/conversation03_stageii.csv,AMASS,KIT,KIT/442/conversation03_stageii.csv,100.00000000000213,60.0,2000,1200,20.0,32.8,97,12.799999999999997,true
AMASS:KIT/441/conversation03_stageii.csv,AMASS,KIT,KIT/441/conversation03_stageii.csv,100.00000000000213,60.0,2000,1200,20.0,32.8,55,12.799999999999997,true
AMASS:EyesJapanDataset/hamada/jump-01-normal-hamada_stageii.csv,AMASS,EyesJapanDataset,EyesJapanDataset/hamada/jump-01-normal-hamada_stageii.csv,120.04801920768381,60.0,2000,1000,16.666666666666668,29.434,27,12.767333333333333,true
AMASS:BMLrub/rub114/0020_catching_and_throwing_stageii.csv,AMASS,BMLrub,BMLrub/rub114/0020_catching_and_throwing_stageii.csv,120.04801920768381,60.0,2000,1000,16.666666666666668,29.334,132,12.667333333333332,true
AMASS:CMU/27/27_08_stageii.csv,AMASS,CMU,CMU/27/27_08_stageii.csv,120.04801920768381,60.0,2000,1000,16.666666666666668,29.27,76,12.603333333333332,true
AMASS:EyesJapanDataset/aita/pose-08-pray_buddhismintone-aita_stageii.csv,AMASS,EyesJapanDataset,EyesJapanDataset/aita/pose-08-pray_buddhismintone-aita_stageii.csv,120.04801920768381,60.0,2000,1000,16.666666666666668,29.27,32,12.603333333333332,true
AMASS:MPIHDM05/dg/HDM_dg_01-03_01_120_stageii.csv,AMASS,MPIHDM05,MPIHDM05/dg/HDM_dg_01-03_01_120_stageii.csv,120.04801920768381,60.0,2000,1000,16.666666666666668,29.17,81,12.503333333333334,true
AMASS:CMU/144/144_10_stageii.csv,AMASS,CMU,CMU/144/144_10_stageii.csv,120.04801920768381,60.0,2000,1000,16.666666666666668,29.17,4,12.503333333333334,true
AMASS:CMU/114/114_11_stageii.csv,AMASS,CMU,CMU/114/114_11_stageii.csv,120.04801920768381,60.0,2000,1000,16.666666666666668,29.034,42,12.367333333333331,true
AMASS:CMU/13/13_02_stageii.csv,AMASS,CMU,CMU/13/13_02_stageii.csv,120.04801920768381,60.0,2000,1000,16.666666666666668,29.0,43,12.333333333333332,true
AMASS:BMLrub/rub023/0030_scamper_stageii.csv,AMASS,BMLrub,BMLrub/rub023/0030_scamper_stageii.csv,120.04801920768381,60.0,2000,1000,16.666666666666668,28.934,149,12.267333333333333,true
AMASS:MPIHDM05/mm/HDM_mm_02-03_01_120_stageii.csv,AMASS,MPIHDM05,MPIHDM05/mm/HDM_mm_02-03_01_120_stageii.csv,120.04801920768381,60.0,2000,1000,16.666666666666668,28.87,19,12.203333333333333,true
AMASS:KIT/675/dry_left_arm_05_stageii.csv,AMASS,KIT,KIT/675/dry_left_arm_05_stageii.csv,100.00000000000213,60.0,2000,1200,20.0,32.2,43,12.200000000000003,true
AMASS:MPIHDM05/dg/HDM_dg_03-02_03_120_stageii.csv,AMASS,MPIHDM05,MPIHDM05/dg/HDM_dg_03-02_03_120_stageii.csv,120.04801920768381,60.0,2000,1000,16.666666666666668,28.8,64,12.133333333333333,true
AMASS:CMU/28/28_15_stageii.csv,AMASS,CMU,CMU/28/28_15_stageii.csv,120.04801920768381,60.0,2000,1000,16.666666666666668,28.7,57,12.033333333333331,true
AMASS:CMU/54/54_27_stageii.csv,AMASS,CMU,CMU/54/54_27_stageii.csv,120.04801920768381,60.0,2000,1000,16.666666666666668,28.67,88,12.003333333333334,true
AMASS:MPIHDM05/dg/HDM_dg_07-01_01_120_stageii.csv,AMASS,MPIHDM05,MPIHDM05/dg/HDM_dg_07-01_01_120_stageii.csv,120.04801920768381,60.0,2000,1000,16.666666666666668,28.634,16,11.967333333333332,true
AMASS:CMU/144/144_11_stageii.csv,AMASS,CMU,CMU/144/144_11_stageii.csv,120.04801920768381,60.0,2000,1000,16.666666666666668,28.6,164,11.933333333333334,true
AMASS:MPIHDM05/dg/HDM_dg_05-03_02_120_stageii.csv,AMASS,MPIHDM05,MPIHDM05/dg/HDM_dg_05-03_02_120_stageii.csv,120.04801920768381,60.0,2000,1000,16.666666666666668,28.57,39,11.903333333333332,true
AMASS:BMLrub/rub045/0022_catching_and_throwing_stageii.csv,AMASS,BMLrub,BMLrub/rub045/0022_catching_and_throwing_stageii.csv,120.04801920768381,60.0,2000,1000,16.666666666666668,28.534,94,11.867333333333331,true
AMASS:MPIHDM05/bk/HDM_bk_01-02_01_120_stageii.csv,AMASS,MPIHDM05,MPIHDM05/bk/HDM_bk_01-02_01_120_stageii.csv,120.04801920768381,60.0,2000,1000,16.666666666666668,28.534,46,11.867333333333331,true
AMASS:CMU/30/30_20_stageii.csv,AMASS,CMU,CMU/30/30_20_stageii.csv,120.04801920768381,60.0,2000,1000,16.666666666666668,28.5,54,11.833333333333332,true
AMASS:CMU/56/56_02_stageii.csv,AMASS,CMU,CMU/56/56_02_stageii.csv,120.04801920768381,60.0,2000,1000,16.666666666666668,28.5,62,11.833333333333332,true
AMASS:CMU/54/54_11_stageii.csv,AMASS,CMU,CMU/54/54_11_stageii.csv,120.04801920768381,60.0,2000,1000,16.666666666666668,28.47,37,11.803333333333331,true
AMASS:CMU/144/144_23_stageii.csv,AMASS,CMU,CMU/144/144_23_stageii.csv,120.04801920768381,60.0,2000,1000,16.666666666666668,28.434,35,11.767333333333333,true
AMASS:EyesJapanDataset/shiono/jump-01-normal-shiono_stageii.csv,AMASS,EyesJapanDataset,EyesJapanDataset/shiono/jump-01-normal-shiono_stageii.csv,120.04801920768381,60.0,2000,1000,16.666666666666668,28.37,75,11.703333333333333,true
AMASS:EyesJapanDataset/aita/sitdown_standup-14-hold_chair-aita_stageii.csv,AMASS,EyesJapanDataset,EyesJapanDataset/aita/sitdown_standup-14-hold_chair-aita_stageii.csv,120.04801920768381,60.0,2000,1000,16.666666666666668,28.37,40,11.703333333333333,true
AMASS:EyesJapanDataset/shiono/jump-02-leap-shiono_stageii.csv,AMASS,EyesJapanDataset,EyesJapanDataset/shiono/jump-02-leap-shiono_stageii.csv,120.04801920768381,60.0,2000,1000,16.666666666666668,28.37,55,11.703333333333333,true
AMASS:EyesJapanDataset/shiono/greeting-09-certificate-shiono_stageii.csv,AMASS,EyesJapanDataset,EyesJapanDataset/shiono/greeting-09-certificate-shiono_stageii.csv,120.04801920768381,60.0,2000,1000,16.666666666666668,28.37,113,11.703333333333333,true
AMASS:EyesJapanDataset/shiono/walk-10-shoulder_bag-shiono_stageii.csv,AMASS,EyesJapanDataset,EyesJapanDataset/shiono/walk-10-shoulder_bag-shiono_stageii.csv,120.04801920768381,60.0,2000,1000,16.666666666666668,28.37,24,11.703333333333333,true
AMASS:EyesJapanDataset/shiono/sitdown_standup-11-one_knee_drawn_up-shiono_stageii.csv,AMASS,EyesJapanDataset,EyesJapanDataset/shiono/sitdown_standup-11-one_knee_drawn_up-shiono_stageii.csv,120.04801920768381,60.0,2000,1000,16.666666666666668,28.37,50,11.703333333333333,true
AMASS:EyesJapanDataset/shiono/throw_toss-11-disc-shiono_stageii.csv,AMASS,EyesJapanDataset,EyesJapanDataset/shiono/throw_toss-11-disc-shiono_stageii.csv,120.04801920768381,60.0,2000,1000,16.666666666666668,28.37,69,11.703333333333333,true
AMASS:EyesJapanDataset/shiono/walk-09-handbag-shiono_stageii.csv,AMASS,EyesJapanDataset,EyesJapanDataset/shiono/walk-09-handbag-shiono_stageii.csv,120.04801920768381,60.0,2000,1000,16.666666666666668,28.37,32,11.703333333333333,true
AMASS:EyesJapanDataset/shiono/walk-11-baggage_on_the_head-shiono_stageii.csv,AMASS,EyesJapanDataset,EyesJapanDataset/shiono/walk-11-baggage_on_the_head-shiono_stageii.csv,120.04801920768381,60.0,2000,1000,16.666666666666668,28.37,87,11.703333333333333,true
AMASS:EyesJapanDataset/shiono/walk-23-shuffle_oneleg-shiono_stageii.csv,AMASS,EyesJapanDataset,EyesJapanDataset/shiono/walk-23-shuffle_oneleg-shiono_stageii.csv,120.04801920768381,60.0,2000,1000,16.666666666666668,28.37,35,11.703333333333333,true
AMASS:EyesJapanDataset/shiono/walk-28-look_up-shiono_stageii.csv,AMASS,EyesJapanDataset,EyesJapanDataset/shiono/walk-28-look_up-shiono_stageii.csv,120.04801920768381,60.0,2000,1000,16.666666666666668,28.37,124,11.703333333333333,true
AMASS:EyesJapanDataset/shiono/greeting-10-card_exchange-shiono_stageii.csv,AMASS,EyesJapanDataset,EyesJapanDataset/shiono/greeting-10-card_exchange-shiono_stageii.csv,120.04801920768381,60.0,2000,1000,16.666666666666668,28.37,68,11.703333333333333,true
AMASS:EyesJapanDataset/shiono/sitdown_standup-03-chair_back-shiono_stageii.csv,AMASS,EyesJapanDataset,EyesJapanDataset/shiono/sitdown_standup-03-chair_back-shiono_stageii.csv,120.04801920768381,60.0,2000,1000,16.666666666666668,28.37,70,11.703333333333333,true
AMASS:EyesJapanDataset/shiono/throw_toss-10-javelin-shiono_stageii.csv,AMASS,EyesJapanDataset,EyesJapanDataset/shiono/throw_toss-10-javelin-shiono_stageii.csv,120.04801920768381,60.0,2000,1000,16.666666666666668,28.37,92,11.703333333333333,true
AMASS:EyesJapanDataset/shiono/throw_toss-14-pass_to_right_heavy-shiono_stageii.csv,AMASS,EyesJapanDataset,EyesJapanDataset/shiono/throw_toss-14-pass_to_right_heavy-shiono_stageii.csv,120.04801920768381,60.0,2000,1000,16.666666666666668,28.37,128,11.703333333333333,true
AMASS:EyesJapanDataset/shiono/walk-06-catwalk-shiono_stageii.csv,AMASS,EyesJapanDataset,EyesJapanDataset/shiono/walk-06-catwalk-shiono_stageii.csv,120.04801920768381,60.0,2000,1000,16.666666666666668,28.37,19,11.703333333333333,true
AMASS:EyesJapanDataset/shiono/walk-13-baggage_on_the_shoulder-shiono_stageii.csv,AMASS,EyesJapanDataset,EyesJapanDataset/shiono/walk-13-baggage_on_the_shoulder-shiono_stageii.csv,120.04801920768381,60.0,2000,1000,16.666666666666668,28.37,27,11.703333333333333,true
AMASS:EyesJapanDataset/shiono/greeting-01-hello-shiono_stageii.csv,AMASS,EyesJapanDataset,EyesJapanDataset/shiono/greeting-01-hello-shiono_stageii.csv,120.04801920768381,60.0,2000,1000,16.666666666666668,28.37,112,11.703333333333333,true
AMASS:EyesJapanDataset/shiono/jump-12-boxer_step-shiono_stageii.csv,AMASS,EyesJapanDataset,EyesJapanDataset/shiono/jump-12-boxer_step-shiono_stageii.csv,120.04801920768381,60.0,2000,1000,16.666666666666668,28.37,32,11.703333333333333,true
AMASS:EyesJapanDataset/aita/throw_toss-20-pass_to_front_heavy-aita_stageii.csv,AMASS,EyesJapanDataset,EyesJapanDataset/aita/throw_toss-20-pass_to_front_heavy-aita_stageii.csv,120.04801920768381,60.0,2000,1000,16.666666666666668,28.37,67,11.703333333333333,true
AMASS:EyesJapanDataset/shiono/jump-09-rope_cross-shiono_stageii.csv,AMASS,EyesJapanDataset,EyesJapanDataset/shiono/jump-09-rope_cross-shiono_stageii.csv,120.04801920768381,60.0,2000,1000,16.666666666666668,28.37,45,11.703333333333333,true
AMASS:MPIHDM05/tr/HDM_tr_02-01_01_120_stageii.csv,AMASS,MPIHDM05,MPIHDM05/tr/HDM_tr_02-01_01_120_stageii.csv,120.04801920768381,60.0,2000,1000,16.666666666666668,28.37,116,11.703333333333333,true
AMASS:EyesJapanDataset/shiono/jump-10-rope_long-shiono_stageii.csv,AMASS,EyesJapanDataset,EyesJapanDataset/shiono/jump-10-rope_long-shiono_stageii.csv,120.04801920768381,60.0,2000,1000,16.666666666666668,28.37,106,11.703333333333333,true
AMASS:BMLrub/rub080/0029_scamper_stageii.csv,AMASS,BMLrub,BMLrub/rub080/0029_scamper_stageii.csv,120.04801920768381,60.0,2000,1000,16.666666666666668,28.3,111,11.633333333333333,true
AMASS:BMLrub/rub062/0021_catching_and_throwing_stageii.csv,AMASS,BMLrub,BMLrub/rub062/0021_catching_and_throwing_stageii.csv,120.04801920768381,60.0,2000,1000,16.666666666666668,28.233,66,11.566333333333333,true
AMASS:CMU/80/80_37_stageii.csv,AMASS,CMU,CMU/80/80_37_stageii.csv,60.024009603841506,60.0,2000,2000,33.320000000000014,44.87,115,11.549999999999983,true
AMASS:CMU/144/144_09_stageii.csv,AMASS,CMU,CMU/144/144_09_stageii.csv,120.04801920768381,60.0,2000,1000,16.666666666666668,28.2,94,11.533333333333331,true
AMASS:CMU/29/29_14_stageii.csv,AMASS,CMU,CMU/29/29_14_stageii.csv,120.04801920768381,60.0,2000,1000,16.666666666666668,28.17,9,11.503333333333334,true
AMASS:CMU/137/137_31_stageii.csv,AMASS,CMU,CMU/137/137_31_stageii.csv,120.04801920768381,60.0,2000,1000,16.666666666666668,28.07,33,11.403333333333332,true
AMASS:BMLrub/rub060/0031_scamper1_stageii.csv,AMASS,BMLrub,BMLrub/rub060/0031_scamper1_stageii.csv,120.04801920768381,60.0,2000,1000,16.666666666666668,28.07,8,11.403333333333332,true
AMASS:CMU/105/105_18_stageii.csv,AMASS,CMU,CMU/105/105_18_stageii.csv,120.04801920768381,60.0,2000,1000,16.666666666666668,28.034,91,11.367333333333331,true
AMASS:CMU/91/91_18_stageii.csv,AMASS,CMU,CMU/91/91_18_stageii.csv,120.04801920768381,60.0,2000,1000,16.666666666666668,28.034,75,11.367333333333331,true
AMASS:BMLrub/rub101/0000_treadmill_norm_stageii.csv,AMASS,BMLrub,BMLrub/rub101/0000_treadmill_norm_stageii.csv,120.04801920768381,60.0,2000,1000,16.666666666666668,28.0,3,11.333333333333332,true
AMASS:HumanEva/S3/Gestures_1_stageii.csv,AMASS,HumanEva,HumanEva/S3/Gestures_1_stageii.csv,120.04801920768381,60.0,2000,1000,16.666666666666668,27.97,89,11.303333333333331,true
AMASS:BMLrub/rub036/0033_rom_stageii.csv,AMASS,BMLrub,BMLrub/rub036/0033_rom_stageii.csv,120.04801920768381,60.0,2000,1000,16.666666666666668,27.9,12,11.23333333333333,true
AMASS:MPIHDM05/tr/HDM_tr_05-03_03_120_stageii.csv,AMASS,MPIHDM05,MPIHDM05/tr/HDM_tr_05-03_03_120_stageii.csv,120.04801920768381,60.0,2000,1000,16.666666666666668,27.834,77,11.167333333333332,true
AMASS:BMLrub/rub108/0000_treadmill_norm_stageii.csv,AMASS,BMLrub,BMLrub/rub108/0000_treadmill_norm_stageii.csv,120.04801920768381,60.0,2000,1000,16.666666666666668,27.73,3,11.063333333333333,true
AMASS:CMU/144/144_12_stageii.csv,AMASS,CMU,CMU/144/144_12_stageii.csv,120.04801920768381,60.0,2000,1000,16.666666666666668,27.67,86,11.003333333333334,true
AMASS:CMU/32/32_17_stageii.csv,AMASS,CMU,CMU/32/32_17_stageii.csv,120.04801920768381,60.0,2000,1000,16.666666666666668,27.6,5,10.933333333333334,true
AMASS:CMU/91/91_28_stageii.csv,AMASS,CMU,CMU/91/91_28_stageii.csv,120.04801920768381,60.0,2000,1000,16.666666666666668,27.57,36,10.903333333333332,true
AMASS:MPIHDM05/tr/HDM_tr_02-01_03_120_stageii.csv,AMASS,MPIHDM05,MPIHDM05/tr/HDM_tr_02-01_03_120_stageii.csv,120.04801920768381,60.0,2000,1000,16.666666666666668,27.57,106,10.903333333333332,true
AMASS:MPIHDM05/bk/HDM_bk_02-01_03_120_stageii.csv,AMASS,MPIHDM05,MPIHDM05/bk/HDM_bk_02-01_03_120_stageii.csv,120.04801920768381,60.0,2000,1000,16.666666666666668,27.534,125,10.867333333333331,true
AMASS:EyesJapanDataset/ichige/soccer-03-volley_kick-ichige_stageii.csv,AMASS,EyesJapanDataset,EyesJapanDataset/ichige/soccer-03-volley_kick-ichige_stageii.csv,120.04801920768381,60.0,2000,1000,16.666666666666668,27.534,19,10.867333333333331,true
AMASS:EyesJapanDataset/kawaguchi/gesture_etc-50-syuriken-kawaguchi_stageii.csv,AMASS,EyesJapanDataset,EyesJapanDataset/kawaguchi/gesture_etc-50-syuriken-kawaguchi_stageii.csv,120.04801920768381,60.0,2000,1000,16.666666666666668,27.5,35,10.833333333333332,true
AMASS:BMLrub/rub077/0030_balett_stageii.csv,AMASS,BMLrub,BMLrub/rub077/0030_balett_stageii.csv,120.04801920768381,60.0,2000,1000,16.666666666666668,27.434,129,10.767333333333333,true
AMASS:EyesJapanDataset/kaiwa/pose-09-pray_buddhism-kaiwa_stageii.csv,AMASS,EyesJapanDataset,EyesJapanDataset/kaiwa/pose-09-pray_buddhism-kaiwa_stageii.csv,120.04801920768381,60.0,2000,1000,16.666666666666668,27.434,33,10.767333333333333,true
AMASS:CMU/30/30_22_stageii.csv,AMASS,CMU,CMU/30/30_22_stageii.csv,120.04801920768381,60.0,2000,1000,16.666666666666668,27.4,89,10.73333333333333,true
AMASS:KIT/969/Trial_90_stageii.csv,AMASS,KIT,KIT/969/Trial_90_stageii.csv,100.00000000000213,60.0,2000,1200,20.0,30.7,42,10.7,true
AMASS:MPIHDM05/bk/HDM_bk_03-11_02_120_stageii.csv,AMASS,MPIHDM05,MPIHDM05/bk/HDM_bk_03-11_02_120_stageii.csv,120.04801920768381,60.0,2000,1000,16.666666666666668,27.334,30,10.667333333333332,true
AMASS:CMU/142/142_11_stageii.csv,AMASS,CMU,CMU/142/142_11_stageii.csv,120.04801920768381,60.0,2000,1000,16.666666666666668,27.333,43,10.66633333333333,true
AMASS:MPIHDM05/dg/HDM_dg_05-03_01_120_stageii.csv,AMASS,MPIHDM05,MPIHDM05/dg/HDM_dg_05-03_01_120_stageii.csv,120.04801920768381,60.0,2000,1000,16.666666666666668,27.3,50,10.633333333333333,true
AMASS:BMLrub/rub038/0030_scamper_stageii.csv,AMASS,BMLrub,BMLrub/rub038/0030_scamper_stageii.csv,120.04801920768381,60.0,2000,1000,16.666666666666668,27.3,17,10.633333333333333,true
AMASS:CMU/01/01_10_stageii.csv,AMASS,CMU,CMU/01/01_10_stageii.csv,120.04801920768381,60.0,2000,1000,16.666666666666668,27.234,106,10.567333333333334,true
AMASS:BMLrub/rub048/0021_catching_and_throwing_stageii.csv,AMASS,BMLrub,BMLrub/rub048/0021_catching_and_throwing_stageii.csv,120.04801920768381,60.0,2000,1000,16.666666666666668,27.134,75,10.467333333333332,true
AMASS:MPImosh/00058/army_poses_stageii.csv,AMASS,MPImosh,MPImosh/00058/army_poses_stageii.csv,100.00000000000213,60.0,2000,1200,20.0,30.434,59,10.434000000000001,true
AMASS:BMLrub/rub085/0030_scamper_stageii.csv,AMASS,BMLrub,BMLrub/rub085/0030_scamper_stageii.csv,120.04801920768381,60.0,2000,1000,16.666666666666668,27.1,58,10.433333333333334,true
AMASS:CMU/85/85_03_stageii.csv,AMASS,CMU,CMU/85/85_03_stageii.csv,120.04801920768381,60.0,2000,1000,16.666666666666668,27.07,20,10.403333333333332,true
AMASS:BMLrub/rub099/0000_treadmill_norm_stageii.csv,AMASS,BMLrub,BMLrub/rub099/0000_treadmill_norm_stageii.csv,120.04801920768381,60.0,2000,1000,16.666666666666668,27.07,3,10.403333333333332,true
AMASS:CMU/28/28_05_stageii.csv,AMASS,CMU,CMU/28/28_05_stageii.csv,120.04801920768381,60.0,2000,1000,16.666666666666668,27.034,54,10.367333333333331,true
AMASS:CMU/32/32_03_stageii.csv,AMASS,CMU,CMU/32/32_03_stageii.csv,120.04801920768381,60.0,2000,1000,16.666666666666668,27.0,67,10.333333333333332,true
AMASS:CMU/32/32_13_stageii.csv,AMASS,CMU,CMU/32/32_13_stageii.csv,120.04801920768381,60.0,2000,1000,16.666666666666668,26.97,72,10.303333333333331,true
AMASS:CMU/30/30_01_stageii.csv,AMASS,CMU,CMU/30/30_01_stageii.csv,120.04801920768381,60.0,2000,1000,16.666666666666668,26.934,89,10.267333333333333,true
AMASS:MPIHDM05/tr/HDM_tr_05-03_01_120_stageii.csv,AMASS,MPIHDM05,MPIHDM05/tr/HDM_tr_05-03_01_120_stageii.csv,120.04801920768381,60.0,2000,1000,16.666666666666668,26.87,106,10.203333333333333,true
AMASS:CMU/30/30_15_stageii.csv,AMASS,CMU,CMU/30/30_15_stageii.csv,120.04801920768381,60.0,2000,1000,16.666666666666668,26.8,29,10.133333333333333,true
AMASS:KIT/1346/Experiment3_subject1346_wash_leg_position_smallcircles_02_stageii.csv,AMASS,KIT,KIT/1346/Experiment3_subject1346_wash_leg_position_smallcircles_02_stageii.csv,100.00000000000213,60.0,2000,1200,20.0,30.07,66,10.07,true
AMASS:BMLrub/rub100/0028_scamper_stageii.csv,AMASS,BMLrub,BMLrub/rub100/0028_scamper_stageii.csv,120.04801920768381,60.0,2000,1000,16.666666666666668,26.7,75,10.033333333333331,true
AMASS:BMLrub/rub071/0000_treadmill_norm_stageii.csv,AMASS,BMLrub,BMLrub/rub071/0000_treadmill_norm_stageii.csv,120.04801920768381,60.0,2000,1000,16.666666666666668,26.7,3,10.033333333333331,true
AMASS:KIT/441/PizzaDelivery05_stageii.csv,AMASS,KIT,KIT/441/PizzaDelivery05_stageii.csv,100.00000000000213,60.0,2000,1200,20.0,30.033,46,10.033000000000001,true
AMASS:KIT/442/PizzaDelivery05_stageii.csv,AMASS,KIT,KIT/442/PizzaDelivery05_stageii.csv,100.00000000000213,60.0,2000,1200,20.0,30.033,59,10.033000000000001,true
AMASS:BMLrub/rub054/0021_catching_and_throwing_stageii.csv,AMASS,BMLrub,BMLrub/rub054/0021_catching_and_throwing_stageii.csv,120.04801920768381,60.0,2000,1000,16.666666666666668,26.67,91,10.003333333333334,true
AMASS:BMLrub/rub056/0003_treadmill_jog_stageii.csv,AMASS,BMLrub,BMLrub/rub056/0003_treadmill_jog_stageii.csv,120.04801920768381,60.0,2000,1000,16.666666666666668,26.63,3,9.963333333333331,true
AMASS:CMU/55/55_25_stageii.csv,AMASS,CMU,CMU/55/55_25_stageii.csv,120.04801920768381,60.0,2000,1000,16.666666666666668,26.57,22,9.903333333333332,true
AMASS:KIT/969/Trial_91_stageii.csv,AMASS,KIT,KIT/969/Trial_91_stageii.csv,100.00000000000213,60.0,2000,1200,20.0,29.9,21,9.899999999999999,true
AMASS:CMU/80/80_30_stageii.csv,AMASS,CMU,CMU/80/80_30_stageii.csv,60.024009603841606,60.0,2000,2000,33.319999999999965,43.17,31,9.850000000000037,true
AMASS:KIT/675/double_pour_and_mixing11_stageii.csv,AMASS,KIT,KIT/675/double_pour_and_mixing11_stageii.csv,100.00000000000213,60.0,2000,1200,20.0,29.834,106,9.834,true
AMASS:BMLrub/rub094/0021_catching_and_throwing_stageii.csv,AMASS,BMLrub,BMLrub/rub094/0021_catching_and_throwing_stageii.csv,120.04801920768381,60.0,2000,1000,16.666666666666668,26.5,74,9.833333333333332,true
AMASS:HumanEva/S1/Jog_3_stageii.csv,AMASS,HumanEva,HumanEva/S1/Jog_3_stageii.csv,120.04801920768381,60.0,2000,1000,16.666666666666668,26.47,4,9.803333333333331,true
AMASS:CMU/91/91_10_stageii.csv,AMASS,CMU,CMU/91/91_10_stageii.csv,120.04801920768381,60.0,2000,1000,16.666666666666668,26.47,28,9.803333333333331,true
AMASS:BMLrub/rub039/0021_catching_and_throwing_stageii.csv,AMASS,BMLrub,BMLrub/rub039/0021_catching_and_throwing_stageii.csv,120.04801920768381,60.0,2000,1000,16.666666666666668,26.4,116,9.73333333333333,true
AMASS:MPImosh/50002/stretches_stageii.csv,AMASS,MPImosh,MPImosh/50002/stretches_stageii.csv,120.04801920768381,60.0,2000,1000,16.666666666666668,26.4,87,9.73333333333333,true
AMASS:KIT/675/double_pour_and_mixing10_stageii.csv,AMASS,KIT,KIT/675/double_pour_and_mixing10_stageii.csv,100.00000000000213,60.0,2000,1200,20.0,29.733,69,9.733,true
AMASS:BMLrub/rub059/0021_catching_and_throwing_stageii.csv,AMASS,BMLrub,BMLrub/rub059/0021_catching_and_throwing_stageii.csv,120.04801920768381,60.0,2000,1000,16.666666666666668,26.37,14,9.703333333333333,true
AMASS:KIT/675/double_pour_and_mixing06_stageii.csv,AMASS,KIT,KIT/675/double_pour_and_mixing06_stageii.csv,100.00000000000213,60.0,2000,1200,20.0,29.67,64,9.670000000000002,true
AMASS:CMU/30/30_07_stageii.csv,AMASS,CMU,CMU/30/30_07_stageii.csv,120.04801920768381,60.0,2000,1000,16.666666666666668,26.334,55,9.667333333333332,true
AMASS:HumanEva/S1/ThrowCatch_1_stageii.csv,AMASS,HumanEva,HumanEva/S1/ThrowCatch_1_stageii.csv,120.04801920768381,60.0,2000,1000,16.666666666666668,26.334,108,9.667333333333332,true
AMASS:BMLrub/rub100/0000_treadmill_norm_stageii.csv,AMASS,BMLrub,BMLrub/rub100/0000_treadmill_norm_stageii.csv,120.04801920768381,60.0,2000,1000,16.666666666666668,26.33,3,9.66333333333333,true
AMASS:CMU/60/60_09_stageii.csv,AMASS,CMU,CMU/60/60_09_stageii.csv,60.024009603841904,60.0,2000,2000,33.319999999999794,42.933,16,9.613000000000206,true
AMASS:BMLrub/rub079/0020_catching_and_throwing_stageii.csv,AMASS,BMLrub,BMLrub/rub079/0020_catching_and_throwing_stageii.csv,120.04801920768381,60.0,2000,1000,16.666666666666668,26.27,84,9.603333333333332,true
AMASS:CMU/41/41_11_stageii.csv,AMASS,CMU,CMU/41/41_11_stageii.csv,120.04801920768381,60.0,2000,1000,16.666666666666668,26.27,60,9.603333333333332,true
AMASS:CMU/29/29_07_stageii.csv,AMASS,CMU,CMU/29/29_07_stageii.csv,120.04801920768381,60.0,2000,1000,16.666666666666668,26.27,54,9.603333333333332,true
AMASS:KIT/1346/Experiment3_subject1346_wash_leg_position_bigcircles_02_stageii.csv,AMASS,KIT,KIT/1346/Experiment3_subject1346_wash_leg_position_bigcircles_02_stageii.csv,100.00000000000213,60.0,2000,1200,20.0,29.6,41,9.600000000000001,true
AMASS:BMLrub/rub093/0003_treadmill_jog_stageii.csv,AMASS,BMLrub,BMLrub/rub093/0003_treadmill_jog_stageii.csv,120.04801920768381,60.0,2000,1000,16.666666666666668,26.23,3,9.563333333333333,true
AMASS:BMLrub/rub094/0001_treadmill_fast_stageii.csv,AMASS,BMLrub,BMLrub/rub094/0001_treadmill_fast_stageii.csv,120.04801920768381,60.0,2000,1000,16.666666666666668,26.23,4,9.563333333333333,true
AMASS:BMLrub/rub038/0003_treadmill_jog_stageii.csv,AMASS,BMLrub,BMLrub/rub038/0003_treadmill_jog_stageii.csv,120.04801920768381,60.0,2000,1000,16.666666666666668,26.2,5,9.533333333333331,true
AMASS:CMU/94/94_04_stageii.csv,AMASS,CMU,CMU/94/94_04_stageii.csv,120.04801920768381,60.0,2000,1000,16.666666666666668,26.2,13,9.533333333333331,true
AMASS:CMU/105/105_25_stageii.csv,AMASS,CMU,CMU/105/105_25_stageii.csv,120.04801920768381,60.0,2000,1000,16.666666666666668,26.17,38,9.503333333333334,true
AMASS:CMU/105/105_30_stageii.csv,AMASS,CMU,CMU/105/105_30_stageii.csv,120.04801920768381,60.0,2000,1000,16.666666666666668,26.17,24,9.503333333333334,true
AMASS:MPIHDM05/dg/HDM_dg_03-11_02_120_stageii.csv,AMASS,MPIHDM05,MPIHDM05/dg/HDM_dg_03-11_02_120_stageii.csv,120.04801920768381,60.0,2000,1000,16.666666666666668,26.17,81,9.503333333333334,true
AMASS:CMU/91/91_25_stageii.csv,AMASS,CMU,CMU/91/91_25_stageii.csv,120.04801920768381,60.0,2000,1000,16.666666666666668,26.17,28,9.503333333333334,true
AMASS:CMU/91/91_30_stageii.csv,AMASS,CMU,CMU/91/91_30_stageii.csv,120.04801920768381,60.0,2000,1000,16.666666666666668,26.17,28,9.503333333333334,true
AMASS:CMU/114/114_13_stageii.csv,AMASS,CMU,CMU/114/114_13_stageii.csv,120.04801920768381,60.0,2000,1000,16.666666666666668,26.1,41,9.433333333333334,true
AMASS:CMU/28/28_01_stageii.csv,AMASS,CMU,CMU/28/28_01_stageii.csv,120.04801920768381,60.0,2000,1000,16.666666666666668,26.1,96,9.433333333333334,true
AMASS:CMU/29/29_02_stageii.csv,AMASS,CMU,CMU/29/29_02_stageii.csv,120.04801920768381,60.0,2000,1000,16.666666666666668,26.0,68,9.333333333333332,true
AMASS:CMU/120/120_21_stageii.csv,AMASS,CMU,CMU/120/120_21_stageii.csv,120.04801920768381,60.0,2000,1000,16.666666666666668,25.97,52,9.303333333333331,true
AMASS:MPIHDM05/bk/HDM_bk_03-11_01_120_stageii.csv,AMASS,MPIHDM05,MPIHDM05/bk/HDM_bk_03-11_01_120_stageii.csv,120.04801920768381,60.0,2000,1000,16.666666666666668,25.97,50,9.303333333333331,true
AMASS:HumanEva/S2/Box_3_stageii.csv,AMASS,HumanEva,HumanEva/S2/Box_3_stageii.csv,120.04801920768381,60.0,2000,1000,16.666666666666668,25.934,65,9.267333333333333,true
AMASS:BMLrub/rub092/0002_treadmill_slow_stageii.csv,AMASS,BMLrub,BMLrub/rub092/0002_treadmill_slow_stageii.csv,120.04801920768381,60.0,2000,1000,16.666666666666668,25.9,3,9.23333333333333,true
AMASS:CMU/144/144_18_stageii.csv,AMASS,CMU,CMU/144/144_18_stageii.csv,120.04801920768381,60.0,2000,1000,16.666666666666668,25.8,161,9.133333333333333,true
AMASS:CMU/132/132_55_stageii.csv,AMASS,CMU,CMU/132/132_55_stageii.csv,120.04801920768381,60.0,2000,1000,16.666666666666668,25.8,46,9.133333333333333,true
AMASS:CMU/105/105_15_stageii.csv,AMASS,CMU,CMU/105/105_15_stageii.csv,120.04801920768381,60.0,2000,1000,16.666666666666668,25.77,47,9.103333333333332,true
AMASS:CMU/91/91_15_stageii.csv,AMASS,CMU,CMU/91/91_15_stageii.csv,120.04801920768381,60.0,2000,1000,16.666666666666668,25.77,27,9.103333333333332,true
AMASS:BMLrub/rub094/0003_treadmill_jog_stageii.csv,AMASS,BMLrub,BMLrub/rub094/0003_treadmill_jog_stageii.csv,120.04801920768381,60.0,2000,1000,16.666666666666668,25.77,3,9.103333333333332,true
AMASS:EyesJapanDataset/kawaguchi/accident-02-dodge_fast-kawaguchi_stageii.csv,AMASS,EyesJapanDataset,EyesJapanDataset/kawaguchi/accident-02-dodge_fast-kawaguchi_stageii.csv,120.04801920768381,60.0,2000,1000,16.666666666666668,25.734,23,9.067333333333334,true
AMASS:MPImosh/00096/stretches_stageii.csv,AMASS,MPImosh,MPImosh/00096/stretches_stageii.csv,120.04801920768381,60.0,2000,1000,16.666666666666668,25.734,78,9.067333333333334,true
AMASS:CMU/144/144_16_stageii.csv,AMASS,CMU,CMU/144/144_16_stageii.csv,120.04801920768381,60.0,2000,1000,16.666666666666668,25.734,33,9.067333333333334,true
AMASS:BMLrub/rub089/0001_treadmill_fast_stageii.csv,AMASS,BMLrub,BMLrub/rub089/0001_treadmill_fast_stageii.csv,120.04801920768381,60.0,2000,1000,16.666666666666668,25.73,3,9.063333333333333,true
AMASS:BMLrub/rub030/0030_scamper_stageii.csv,AMASS,BMLrub,BMLrub/rub030/0030_scamper_stageii.csv,120.04801920768381,60.0,2000,1000,16.666666666666668,25.7,68,9.033333333333331,true
AMASS:CMU/144/144_29_stageii.csv,AMASS,CMU,CMU/144/144_29_stageii.csv,120.04801920768381,60.0,2000,1000,16.666666666666668,25.7,3,9.033333333333331,true
AMASS:KIT/675/double_pour_and_mixing08_stageii.csv,AMASS,KIT,KIT/675/double_pour_and_mixing08_stageii.csv,100.00000000000213,60.0,2000,1200,20.0,29.0,58,9.0,true
AMASS:BMLrub/rub096/0001_treadmill_fast_stageii.csv,AMASS,BMLrub,BMLrub/rub096/0001_treadmill_fast_stageii.csv,120.04801920768381,60.0,2000,1000,16.666666666666668,25.63,3,8.963333333333331,true
AMASS:BMLrub/rub079/0027_scamper_stageii.csv,AMASS,BMLrub,BMLrub/rub079/0027_scamper_stageii.csv,120.04801920768381,60.0,2000,1000,16.666666666666668,25.6,22,8.933333333333334,true
AMASS:BMLrub/rub056/0000_treadmill_norm_stageii.csv,AMASS,BMLrub,BMLrub/rub056/0000_treadmill_norm_stageii.csv,120.04801920768381,60.0,2000,1000,16.666666666666668,25.57,11,8.903333333333332,true
AMASS:BMLrub/rub100/0003_treadmill_jog_stageii.csv,AMASS,BMLrub,BMLrub/rub100/0003_treadmill_jog_stageii.csv,120.04801920768381,60.0,2000,1000,16.666666666666668,25.57,3,8.903333333333332,true
AMASS:CMU/137/137_33_stageii.csv,AMASS,CMU,CMU/137/137_33_stageii.csv,120.04801920768381,60.0,2000,1000,16.666666666666668,25.534,24,8.867333333333331,true
AMASS:BMLrub/rub089/0003_treadmill_jog_stageii.csv,AMASS,BMLrub,BMLrub/rub089/0003_treadmill_jog_stageii.csv,120.04801920768381,60.0,2000,1000,16.666666666666668,25.47,5,8.803333333333331,true
AMASS:KIT/969/Trial_81_stageii.csv,AMASS,KIT,KIT/969/Trial_81_stageii.csv,100.00000000000213,60.0,2000,1200,20.0,28.77,53,8.77,true
AMASS:CMU/105/105_35_stageii.csv,AMASS,CMU,CMU/105/105_35_stageii.csv,120.04801920768381,60.0,2000,1000,16.666666666666668,25.434,81,8.767333333333333,true
AMASS:CMU/84/84_13_stageii.csv,AMASS,CMU,CMU/84/84_13_stageii.csv,60.024009603841904,60.0,2000,2000,33.319999999999794,42.07,59,8.750000000000206,true
AMASS:CMU/74/74_13_stageii.csv,AMASS,CMU,CMU/74/74_13_stageii.csv,60.024009603841904,60.0,2000,2000,33.319999999999794,42.07,114,8.750000000000206,true
AMASS:KIT/969/Trial_86_stageii.csv,AMASS,KIT,KIT/969/Trial_86_stageii.csv,100.00000000000213,60.0,2000,1200,20.0,28.734,20,8.734000000000002,true
AMASS:KIT/969/Trial_85_stageii.csv,AMASS,KIT,KIT/969/Trial_85_stageii.csv,100.00000000000213,60.0,2000,1200,20.0,28.734,59,8.734000000000002,true
AMASS:BMLrub/rub015/0031_scamper_stageii.csv,AMASS,BMLrub,BMLrub/rub015/0031_scamper_stageii.csv,120.04801920768381,60.0,2000,1000,16.666666666666668,25.37,75,8.703333333333333,true
AMASS:BMLrub/rub056/0030_scamper_stageii.csv,AMASS,BMLrub,BMLrub/rub056/0030_scamper_stageii.csv,120.04801920768381,60.0,2000,1000,16.666666666666668,25.3,28,8.633333333333333,true
AMASS:BMLrub/rub077/0021_catching_and_throwing_stageii.csv,AMASS,BMLrub,BMLrub/rub077/0021_catching_and_throwing_stageii.csv,120.04801920768381,60.0,2000,1000,16.666666666666668,25.3,36,8.633333333333333,true
AMASS:CMU/142/142_08_stageii.csv,AMASS,CMU,CMU/142/142_08_stageii.csv,120.04801920768381,60.0,2000,1000,16.666666666666668,25.3,35,8.633333333333333,true
AMASS:CMU/32/32_18_stageii.csv,AMASS,CMU,CMU/32/32_18_stageii.csv,120.04801920768381,60.0,2000,1000,16.666666666666668,25.27,81,8.603333333333332,true
AMASS:CMU/13/13_26_stageii.csv,AMASS,CMU,CMU/13/13_26_stageii.csv,120.04801920768381,60.0,2000,1000,16.666666666666668,25.234,80,8.567333333333334,true
AMASS:BMLrub/rub110/0000_treadmill_norm_stageii.csv,AMASS,BMLrub,BMLrub/rub110/0000_treadmill_norm_stageii.csv,120.04801920768381,60.0,2000,1000,16.666666666666668,25.2,3,8.533333333333331,true
AMASS:CMU/13/13_31_stageii.csv,AMASS,CMU,CMU/13/13_31_stageii.csv,120.04801920768381,60.0,2000,1000,16.666666666666668,25.17,19,8.503333333333334,true
AMASS:BMLrub/rub100/0001_treadmill_fast_stageii.csv,AMASS,BMLrub,BMLrub/rub100/0001_treadmill_fast_stageii.csv,120.04801920768381,60.0,2000,1000,16.666666666666668,25.17,3,8.503333333333334,true
AMASS:BMLrub/rub073/0021_catching_and_throwing_stageii.csv,AMASS,BMLrub,BMLrub/rub073/0021_catching_and_throwing_stageii.csv,120.04801920768381,60.0,2000,1000,16.666666666666668,25.17,103,8.503333333333334,true
AMASS:BMLrub/rub095/0000_treadmill_norm_stageii.csv,AMASS,BMLrub,BMLrub/rub095/0000_treadmill_norm_stageii.csv,120.04801920768381,60.0,2000,1000,16.666666666666668,25.17,3,8.503333333333334,true
AMASS:BMLrub/rub066/0029_scamper_stageii.csv,AMASS,BMLrub,BMLrub/rub066/0029_scamper_stageii.csv,120.04801920768381,60.0,2000,1000,16.666666666666668,25.17,75,8.503333333333334,true
AMASS:BMLrub/rub080/0021_catching_and_throwing_stageii.csv,AMASS,BMLrub,BMLrub/rub080/0021_catching_and_throwing_stageii.csv,120.04801920768381,60.0,2000,1000,16.666666666666668,25.1,73,8.433333333333334,true
AMASS:BMLrub/rub105/0000_treadmill_norm_stageii.csv,AMASS,BMLrub,BMLrub/rub105/0000_treadmill_norm_stageii.csv,120.04801920768381,60.0,2000,1000,16.666666666666668,25.1,3,8.433333333333334,true
AMASS:MPIHDM05/bk/HDM_bk_03-11_03_120_stageii.csv,AMASS,MPIHDM05,MPIHDM05/bk/HDM_bk_03-11_03_120_stageii.csv,120.04801920768381,60.0,2000,1000,16.666666666666668,25.07,18,8.403333333333332,true
AMASS:BMLrub/rub095/0003_treadmill_jog_stageii.csv,AMASS,BMLrub,BMLrub/rub095/0003_treadmill_jog_stageii.csv,120.04801920768381,60.0,2000,1000,16.666666666666668,25.07,3,8.403333333333332,true
AMASS:MPImosh/50022/stretch_poses_stageii.csv,AMASS,MPImosh,MPImosh/50022/stretch_poses_stageii.csv,100.00000000000213,60.0,2000,1200,20.0,28.4,81,8.399999999999999,true
AMASS:KIT/969/Trial_83_stageii.csv,AMASS,KIT,KIT/969/Trial_83_stageii.csv,100.00000000000213,60.0,2000,1200,20.0,28.4,43,8.399999999999999,true
AMASS:KIT/969/Trial_82_stageii.csv,AMASS,KIT,KIT/969/Trial_82_stageii.csv,100.00000000000213,60.0,2000,1200,20.0,28.37,36,8.370000000000001,true
AMASS:CMU/144/144_08_stageii.csv,AMASS,CMU,CMU/144/144_08_stageii.csv,120.04801920768381,60.0,2000,1000,16.666666666666668,25.033,90,8.366333333333333,true
AMASS:BMLrub/rub037/0003_treadmill_jog_stageii.csv,AMASS,BMLrub,BMLrub/rub037/0003_treadmill_jog_stageii.csv,120.04801920768381,60.0,2000,1000,16.666666666666668,25.03,3,8.363333333333333,true
AMASS:BMLrub/rub099/0002_treadmill_slow_stageii.csv,AMASS,BMLrub,BMLrub/rub099/0002_treadmill_slow_stageii.csv,120.04801920768381,60.0,2000,1000,16.666666666666668,25.0,3,8.333333333333332,true
AMASS:EyesJapanDataset/yamaoka/tennis-15-first_service-yamaoka_stageii.csv,AMASS,EyesJapanDataset,EyesJapanDataset/yamaoka/tennis-15-first_service-yamaoka_stageii.csv,120.04801920768381,60.0,2000,1000,16.666666666666668,25.0,68,8.333333333333332,true
AMASS:EyesJapanDataset/takiguchi/pose-20-zombee-takiguchi_stageii.csv,AMASS,EyesJapanDataset,EyesJapanDataset/takiguchi/pose-20-zombee-takiguchi_stageii.csv,120.04801920768381,60.0,2000,1000,16.666666666666668,25.0,50,8.333333333333332,true
AMASS:EyesJapanDataset/takiguchi/accident-09-damage_leftfoot-takiguchi_stageii.csv,AMASS,EyesJapanDataset,EyesJapanDataset/takiguchi/accident-09-damage_leftfoot-takiguchi_stageii.csv,120.04801920768381,60.0,2000,1000,16.666666666666668,25.0,66,8.333333333333332,true
AMASS:EyesJapanDataset/takiguchi/pose-09-pray_buddhism-takiguchi_stageii.csv,AMASS,EyesJapanDataset,EyesJapanDataset/takiguchi/pose-09-pray_buddhism-takiguchi_stageii.csv,120.04801920768381,60.0,2000,1000,16.666666666666668,25.0,17,8.333333333333332,true
AMASS:EyesJapanDataset/yamaoka/tennis-04-forehand_slice-yamaoka_stageii.csv,AMASS,EyesJapanDataset,EyesJapanDataset/yamaoka/tennis-04-forehand_slice-yamaoka_stageii.csv,120.04801920768381,60.0,2000,1000,16.666666666666668,25.0,13,8.333333333333332,true
AMASS:BMLrub/rub101/0003_treadmill_jog_stageii.csv,AMASS,BMLrub,BMLrub/rub101/0003_treadmill_jog_stageii.csv,120.04801920768381,60.0,2000,1000,16.666666666666668,25.0,3,8.333333333333332,true
AMASS:EyesJapanDataset/yamaoka/tennis-13-backhand_slice-yamaoka_stageii.csv,AMASS,EyesJapanDataset,EyesJapanDataset/yamaoka/tennis-13-backhand_slice-yamaoka_stageii.csv,120.04801920768381,60.0,2000,1000,16.666666666666668,25.0,51,8.333333333333332,true
AMASS:EyesJapanDataset/takiguchi/greeting-01-hello-takiguchi_stageii.csv,AMASS,EyesJapanDataset,EyesJapanDataset/takiguchi/greeting-01-hello-takiguchi_stageii.csv,120.04801920768381,60.0,2000,1000,16.666666666666668,25.0,114,8.333333333333332,true
AMASS:EyesJapanDataset/takiguchi/accident-14-dodge_turn_down-takiguchi_stageii.csv,AMASS,EyesJapanDataset,EyesJapanDataset/takiguchi/accident-14-dodge_turn_down-takiguchi_stageii.csv,120.04801920768381,60.0,2000,1000,16.666666666666668,25.0,61,8.333333333333332,true
AMASS:EyesJapanDataset/yamaoka/tennis-19-catch_overhead-yamaoka_stageii.csv,AMASS,EyesJapanDataset,EyesJapanDataset/yamaoka/tennis-19-catch_overhead-yamaoka_stageii.csv,120.04801920768381,60.0,2000,1000,16.666666666666668,25.0,48,8.333333333333332,true
AMASS:EyesJapanDataset/takiguchi/turn-05-turn-takiguchi_stageii.csv,AMASS,EyesJapanDataset,EyesJapanDataset/takiguchi/turn-05-turn-takiguchi_stageii.csv,120.04801920768381,60.0,2000,1000,16.666666666666668,25.0,53,8.333333333333332,true
AMASS:EyesJapanDataset/takiguchi/jump-13-matrix-takiguchi_stageii.csv,AMASS,EyesJapanDataset,EyesJapanDataset/takiguchi/jump-13-matrix-takiguchi_stageii.csv,120.04801920768381,60.0,2000,1000,16.666666666666668,25.0,33,8.333333333333332,true
AMASS:EyesJapanDataset/takiguchi/pose-17-one_leg-takiguchi_stageii.csv,AMASS,EyesJapanDataset,EyesJapanDataset/takiguchi/pose-17-one_leg-takiguchi_stageii.csv,120.04801920768381,60.0,2000,1000,16.666666666666668,25.0,37,8.333333333333332,true
AMASS:BMLrub/rub099/0003_treadmill_jog_stageii.csv,AMASS,BMLrub,BMLrub/rub099/0003_treadmill_jog_stageii.csv,120.04801920768381,60.0,2000,1000,16.666666666666668,25.0,3,8.333333333333332,true
AMASS:EyesJapanDataset/takiguchi/fighting-06-sword_strong_attack-takiguchi_stageii.csv,AMASS,EyesJapanDataset,EyesJapanDataset/takiguchi/fighting-06-sword_strong_attack-takiguchi_stageii.csv,120.04801920768381,60.0,2000,1000,16.666666666666668,25.0,24,8.333333333333332,true
AMASS:EyesJapanDataset/yokoyama/karate-08-jab-yokoyama_stageii.csv,AMASS,EyesJapanDataset,EyesJapanDataset/yokoyama/karate-08-jab-yokoyama_stageii.csv,120.04801920768381,60.0,2000,1000,16.666666666666668,25.0,71,8.333333333333332,true
AMASS:EyesJapanDataset/takiguchi/walk-29-look_down-takiguchi_stageii.csv,AMASS,EyesJapanDataset,EyesJapanDataset/takiguchi/walk-29-look_down-takiguchi_stageii.csv,120.04801920768381,60.0,2000,1000,16.666666666666668,25.0,45,8.333333333333332,true
AMASS:EyesJapanDataset/takiguchi/walk-27-thinking-takiguchi_stageii.csv,AMASS,EyesJapanDataset,EyesJapanDataset/takiguchi/walk-27-thinking-takiguchi_stageii.csv,120.04801920768381,60.0,2000,1000,16.666666666666668,25.0,63,8.333333333333332,true
AMASS:EyesJapanDataset/yamaoka/tennis-03-forehand_hardhit-yamaoka_stageii.csv,AMASS,EyesJapanDataset,EyesJapanDataset/yamaoka/tennis-03-forehand_hardhit-yamaoka_stageii.csv,120.04801920768381,60.0,2000,1000,16.666666666666668,25.0,89,8.333333333333332,true
AMASS:EyesJapanDataset/takiguchi/greeting-04-salute_(head)-takiguchi_stageii.csv,AMASS,EyesJapanDataset,EyesJapanDataset/takiguchi/greeting-04-salute_(head)-takiguchi_stageii.csv,120.04801920768381,60.0,2000,1000,16.666666666666668,25.0,59,8.333333333333332,true
AMASS:EyesJapanDataset/takiguchi/walk-19-shuffle_backward-takiguchi_stageii.csv,AMASS,EyesJapanDataset,EyesJapanDataset/takiguchi/walk-19-shuffle_backward-takiguchi_stageii.csv,120.04801920768381,60.0,2000,1000,16.666666666666668,25.0,51,8.333333333333332,true
AMASS:EyesJapanDataset/takiguchi/walk-11-baggage_on_the_head-takiguchi_stageii.csv,AMASS,EyesJapanDataset,EyesJapanDataset/takiguchi/walk-11-baggage_on_the_head-takiguchi_stageii.csv,120.04801920768381,60.0,2000,1000,16.666666666666668,25.0,60,8.333333333333332,true
AMASS:EyesJapanDataset/takiguchi/pose-08-pray_buddhismintone-takiguchi_stageii.csv,AMASS,EyesJapanDataset,EyesJapanDataset/takiguchi/pose-08-pray_buddhismintone-takiguchi_stageii.csv,120.04801920768381,60.0,2000,1000,16.666666666666668,25.0,34,8.333333333333332,true
AMASS:BMLrub/rub034/0027_circle_walk_stageii.csv,AMASS,BMLrub,BMLrub/rub034/0027_circle_walk_stageii.csv,120.04801920768381,60.0,2000,1000,16.666666666666668,25.0,3,8.333333333333332,true
AMASS:EyesJapanDataset/kawaguchi/turn-02-look_around-kawaguchi_stageii.csv,AMASS,EyesJapanDataset,EyesJapanDataset/kawaguchi/turn-02-look_around-kawaguchi_stageii.csv,120.04801920768381,60.0,2000,1000,16.666666666666668,25.0,57,8.333333333333332,true
AMASS:EyesJapanDataset/takiguchi/accident-03-damage_head-takiguchi_stageii.csv,AMASS,EyesJapanDataset,EyesJapanDataset/takiguchi/accident-03-damage_head-takiguchi_stageii.csv,120.04801920768381,60.0,2000,1000,16.666666666666668,25.0,34,8.333333333333332,true
AMASS:EyesJapanDataset/yamaoka/tennis-20-step_and_stance-yamaoka_stageii.csv,AMASS,EyesJapanDataset,EyesJapanDataset/yamaoka/tennis-20-step_and_stance-yamaoka_stageii.csv,120.04801920768381,60.0,2000,1000,16.666666666666668,25.0,53,8.333333333333332,true
AMASS:EyesJapanDataset/takiguchi/accident-08-damage_rightfoot-takiguchi_stageii.csv,AMASS,EyesJapanDataset,EyesJapanDataset/takiguchi/accident-08-damage_rightfoot-takiguchi_stageii.csv,120.04801920768381,60.0,2000,1000,16.666666666666668,25.0,44,8.333333333333332,true
AMASS:EyesJapanDataset/takiguchi/accident-06-damage_left_leg-takiguchi_stageii.csv,AMASS,EyesJapanDataset,EyesJapanDataset/takiguchi/accident-06-damage_left_leg-takiguchi_stageii.csv,120.04801920768381,60.0,2000,1000,16.666666666666668,25.0,71,8.333333333333332,true
AMASS:EyesJapanDataset/takiguchi/turn-03-look_at-takiguchi_stageii.csv,AMASS,EyesJapanDataset,EyesJapanDataset/takiguchi/turn-03-look_at-takiguchi_stageii.csv,120.04801920768381,60.0,2000,1000,16.666666666666668,25.0,43,8.333333333333332,true
AMASS:EyesJapanDataset/takiguchi/walk-28-look_up-takiguchi_stageii.csv,AMASS,EyesJapanDataset,EyesJapanDataset/takiguchi/walk-28-look_up-takiguchi_stageii.csv,120.04801920768381,60.0,2000,1000,16.666666666666668,25.0,57,8.333333333333332,true
AMASS:EyesJapanDataset/takiguchi/greeting-07-bow-takiguchi_stageii.csv,AMASS,EyesJapanDataset,EyesJapanDataset/takiguchi/greeting-07-bow-takiguchi_stageii.csv,120.04801920768381,60.0,2000,1000,16.666666666666668,25.0,76,8.333333333333332,true
AMASS:EyesJapanDataset/takiguchi/jump-02-leap-takiguchi_stageii.csv,AMASS,EyesJapanDataset,EyesJapanDataset/takiguchi/jump-02-leap-takiguchi_stageii.csv,120.04801920768381,60.0,2000,1000,16.666666666666668,25.0,52,8.333333333333332,true
AMASS:EyesJapanDataset/takiguchi/accident-07-damage_left_arm-takiguchi_stageii.csv,AMASS,EyesJapanDataset,EyesJapanDataset/takiguchi/accident-07-damage_left_arm-takiguchi_stageii.csv,120.04801920768381,60.0,2000,1000,16.666666666666668,25.0,48,8.333333333333332,true
AMASS:EyesJapanDataset/takiguchi/turn-01-call-takiguchi_stageii.csv,AMASS,EyesJapanDataset,EyesJapanDataset/takiguchi/turn-01-call-takiguchi_stageii.csv,120.04801920768381,60.0,2000,1000,16.666666666666668,25.0,59,8.333333333333332,true
AMASS:BMLrub/rub091/0021_catching_and_throwing_stageii.csv,AMASS,BMLrub,BMLrub/rub091/0021_catching_and_throwing_stageii.csv,120.04801920768381,60.0,2000,1000,16.666666666666668,24.97,82,8.303333333333331,true
AMASS:BMLrub/rub110/0001_treadmill_fast_stageii.csv,AMASS,BMLrub,BMLrub/rub110/0001_treadmill_fast_stageii.csv,120.04801920768381,60.0,2000,1000,16.666666666666668,24.97,3,8.303333333333331,true
AMASS:EyesJapanDataset/yamaoka/tennis-14-backhand_volley-yamaoka_stageii.csv,AMASS,EyesJapanDataset,EyesJapanDataset/yamaoka/tennis-14-backhand_volley-yamaoka_stageii.csv,120.04801920768381,60.0,2000,1000,16.666666666666668,24.97,16,8.303333333333331,true
AMASS:BMLrub/rub038/0001_treadmill_fast_stageii.csv,AMASS,BMLrub,BMLrub/rub038/0001_treadmill_fast_stageii.csv,120.04801920768381,60.0,2000,1000,16.666666666666668,24.97,3,8.303333333333331,true
AMASS:EyesJapanDataset/yamaoka/tennis-16-second_service-yamaoka_stageii.csv,AMASS,EyesJapanDataset,EyesJapanDataset/yamaoka/tennis-16-second_service-yamaoka_stageii.csv,120.04801920768381,60.0,2000,1000,16.666666666666668,24.9,60,8.23333333333333,true
AMASS:BMLrub/rub038/0000_treadmill_norm_stageii.csv,AMASS,BMLrub,BMLrub/rub038/0000_treadmill_norm_stageii.csv,120.04801920768381,60.0,2000,1000,16.666666666666668,24.9,3,8.23333333333333,true
AMASS:EyesJapanDataset/takiguchi/throw_toss-16-pass_to_left_heavy-takiguchi_stageii.csv,AMASS,EyesJapanDataset,EyesJapanDataset/takiguchi/throw_toss-16-pass_to_left_heavy-takiguchi_stageii.csv,120.04801920768381,60.0,2000,1000,16.666666666666668,24.9,59,8.23333333333333,true
AMASS:EyesJapanDataset/takiguchi/throw_toss-19-pass_to_front_light-takiguchi_stageii.csv,AMASS,EyesJapanDataset,EyesJapanDataset/takiguchi/throw_toss-19-pass_to_front_light-takiguchi_stageii.csv,120.04801920768381,60.0,2000,1000,16.666666666666668,24.87,75,8.203333333333333,true
AMASS:EyesJapanDataset/takiguchi/accident-02-dodge_fast-takiguchi_stageii.csv,AMASS,EyesJapanDataset,EyesJapanDataset/takiguchi/accident-02-dodge_fast-takiguchi_stageii.csv,120.04801920768381,60.0,2000,1000,16.666666666666668,24.834,79,8.167333333333332,true
AMASS:EyesJapanDataset/yamaoka/tennis-11-backhand_hardhit-yamaoka_stageii.csv,AMASS,EyesJapanDataset,EyesJapanDataset/yamaoka/tennis-11-backhand_hardhit-yamaoka_stageii.csv,120.04801920768381,60.0,2000,1000,16.666666666666668,24.834,80,8.167333333333332,true
AMASS:EyesJapanDataset/takiguchi/accident-05-damage_right_arm-takiguchi_stageii.csv,AMASS,EyesJapanDataset,EyesJapanDataset/takiguchi/accident-05-damage_right_arm-takiguchi_stageii.csv,120.04801920768381,60.0,2000,1000,16.666666666666668,24.834,41,8.167333333333332,true
AMASS:EyesJapanDataset/takiguchi/turn-02-look_around-takiguchi_stageii.csv,AMASS,EyesJapanDataset,EyesJapanDataset/takiguchi/turn-02-look_around-takiguchi_stageii.csv,120.04801920768381,60.0,2000,1000,16.666666666666668,24.834,18,8.167333333333332,true
AMASS:BMLrub/rub115/0000_treadmill_norm_stageii.csv,AMASS,BMLrub,BMLrub/rub115/0000_treadmill_norm_stageii.csv,120.04801920768381,60.0,2000,1000,16.666666666666668,24.83,3,8.16333333333333,true
AMASS:BMLrub/rub115/0002_treadmill_slow_stageii.csv,AMASS,BMLrub,BMLrub/rub115/0002_treadmill_slow_stageii.csv,120.04801920768381,60.0,2000,1000,16.666666666666668,24.83,3,8.16333333333333,true
AMASS:EyesJapanDataset/takiguchi/walk-24-listless-takiguchi_stageii.csv,AMASS,EyesJapanDataset,EyesJapanDataset/takiguchi/walk-24-listless-takiguchi_stageii.csv,120.04801920768381,60.0,2000,1000,16.666666666666668,24.8,32,8.133333333333333,true
AMASS:EyesJapanDataset/takiguchi/jump-09-rope_cross-takiguchi_stageii.csv,AMASS,EyesJapanDataset,EyesJapanDataset/takiguchi/jump-09-rope_cross-takiguchi_stageii.csv,120.04801920768381,60.0,2000,1000,16.666666666666668,24.8,37,8.133333333333333,true
AMASS:EyesJapanDataset/takiguchi/throw_toss-06-both_hands_under_light-takiguchi_stageii.csv,AMASS,EyesJapanDataset,EyesJapanDataset/takiguchi/throw_toss-06-both_hands_under_light-takiguchi_stageii.csv,120.04801920768381,60.0,2000,1000,16.666666666666668,24.8,102,8.133333333333333,true
AMASS:EyesJapanDataset/takiguchi/greeting-02-bye-takiguchi_stageii.csv,AMASS,EyesJapanDataset,EyesJapanDataset/takiguchi/greeting-02-bye-takiguchi_stageii.csv,120.04801920768381,60.0,2000,1000,16.666666666666668,24.8,72,8.133333333333333,true
AMASS:EyesJapanDataset/takiguchi/walk-09-handbag-takiguchi_stageii.csv,AMASS,EyesJapanDataset,EyesJapanDataset/takiguchi/walk-09-handbag-takiguchi_stageii.csv,120.04801920768381,60.0,2000,1000,16.666666666666668,24.8,34,8.133333333333333,true
AMASS:CMU/85/85_14_stageii.csv,AMASS,CMU,CMU/85/85_14_stageii.csv,120.04801920768381,60.0,2000,1000,16.666666666666668,24.77,29,8.103333333333332,true
AMASS:MPIHDM05/tr/HDM_tr_01-02_03_120_stageii.csv,AMASS,MPIHDM05,MPIHDM05/tr/HDM_tr_01-02_03_120_stageii.csv,120.04801920768381,60.0,2000,1000,16.666666666666668,24.77,59,8.103333333333332,true
AMASS:EyesJapanDataset/takiguchi/greeting-08-shakehands-takiguchi_stageii.csv,AMASS,EyesJapanDataset,EyesJapanDataset/takiguchi/greeting-08-shakehands-takiguchi_stageii.csv,120.04801920768381,60.0,2000,1000,16.666666666666668,24.734,44,8.067333333333334,true
AMASS:EyesJapanDataset/takiguchi/greeting-03-election-takiguchi_stageii.csv,AMASS,EyesJapanDataset,EyesJapanDataset/takiguchi/greeting-03-election-takiguchi_stageii.csv,120.04801920768381,60.0,2000,1000,16.666666666666668,24.734,91,8.067333333333334,true
AMASS:EyesJapanDataset/yamaoka/tennis-06-forehand_smash-yamaoka_stageii.csv,AMASS,EyesJapanDataset,EyesJapanDataset/yamaoka/tennis-06-forehand_smash-yamaoka_stageii.csv,120.04801920768381,60.0,2000,1000,16.666666666666668,24.734,54,8.067333333333334,true
AMASS:BMLrub/rub101/0002_treadmill_slow_stageii.csv,AMASS,BMLrub,BMLrub/rub101/0002_treadmill_slow_stageii.csv,120.04801920768381,60.0,2000,1000,16.666666666666668,24.73,3,8.063333333333333,true
AMASS:EyesJapanDataset/takiguchi/pose-07-pray_cross-takiguchi_stageii.csv,AMASS,EyesJapanDataset,EyesJapanDataset/takiguchi/pose-07-pray_cross-takiguchi_stageii.csv,120.04801920768381,60.0,2000,1000,16.666666666666668,24.7,67,8.033333333333331,true
AMASS:EyesJapanDataset/takiguchi/jump-08-rope_backward-takiguchi_stageii.csv,AMASS,EyesJapanDataset,EyesJapanDataset/takiguchi/jump-08-rope_backward-takiguchi_stageii.csv,120.04801920768381,60.0,2000,1000,16.666666666666668,24.7,48,8.033333333333331,true
AMASS:BMLrub/rub043/0000_treadmill_norm_stageii.csv,AMASS,BMLrub,BMLrub/rub043/0000_treadmill_norm_stageii.csv,120.04801920768381,60.0,2000,1000,16.666666666666668,24.7,3,8.033333333333331,true
AMASS:CMU/137/137_13_stageii.csv,AMASS,CMU,CMU/137/137_13_stageii.csv,120.04801920768381,60.0,2000,1000,16.666666666666668,24.7,33,8.033333333333331,true
AMASS:KIT/1346/Experiment3_subject1346_wash_back_position_horizontal_02_stageii.csv,AMASS,KIT,KIT/1346/Experiment3_subject1346_wash_back_position_horizontal_02_stageii.csv,100.00000000000213,60.0,2000,1200,20.0,28.033,25,8.033000000000001,true
AMASS:EyesJapanDataset/takiguchi/walk-08-lookfor-takiguchi_stageii.csv,AMASS,EyesJapanDataset,EyesJapanDataset/takiguchi/walk-08-lookfor-takiguchi_stageii.csv,120.04801920768381,60.0,2000,1000,16.666666666666668,24.67,57,8.003333333333334,true
AMASS:CMU/105/105_13_stageii.csv,AMASS,CMU,CMU/105/105_13_stageii.csv,120.04801920768381,60.0,2000,1000,16.666666666666668,24.67,24,8.003333333333334,true
AMASS:EyesJapanDataset/takiguchi/throw_toss-08-frisbee-takiguchi_stageii.csv,AMASS,EyesJapanDataset,EyesJapanDataset/takiguchi/throw_toss-08-frisbee-takiguchi_stageii.csv,120.04801920768381,60.0,2000,1000,16.666666666666668,24.67,61,8.003333333333334,true
AMASS:CMU/91/91_13_stageii.csv,AMASS,CMU,CMU/91/91_13_stageii.csv,120.04801920768381,60.0,2000,1000,16.666666666666668,24.67,34,8.003333333333334,true
AMASS:BMLrub/rub069/0030_scamper_stageii.csv,AMASS,BMLrub,BMLrub/rub069/0030_scamper_stageii.csv,120.04801920768381,60.0,2000,1000,16.666666666666668,24.634,53,7.9673333333333325,true
AMASS:EyesJapanDataset/yamaoka/tennis-02-forehand_lob-yamaoka_stageii.csv,AMASS,EyesJapanDataset,EyesJapanDataset/yamaoka/tennis-02-forehand_lob-yamaoka_stageii.csv,120.04801920768381,60.0,2000,1000,16.666666666666668,24.634,75,7.9673333333333325,true
AMASS:EyesJapanDataset/takiguchi/greeting-09-certificate-takiguchi_stageii.csv,AMASS,EyesJapanDataset,EyesJapanDataset/takiguchi/greeting-09-certificate-takiguchi_stageii.csv,120.04801920768381,60.0,2000,1000,16.666666666666668,24.6,48,7.933333333333334,true
AMASS:BMLrub/rub039/0000_treadmill_norm_stageii.csv,AMASS,BMLrub,BMLrub/rub039/0000_treadmill_norm_stageii.csv,120.04801920768381,60.0,2000,1000,16.666666666666668,24.6,3,7.933333333333334,true
AMASS:EyesJapanDataset/takiguchi/pose-10-recall_blackmagic-takiguchi_stageii.csv,AMASS,EyesJapanDataset,EyesJapanDataset/takiguchi/pose-10-recall_blackmagic-takiguchi_stageii.csv,120.04801920768381,60.0,2000,1000,16.666666666666668,24.57,47,7.903333333333332,true
AMASS:BMLrub/rub014/0030_scamper_stageii.csv,AMASS,BMLrub,BMLrub/rub014/0030_scamper_stageii.csv,120.04801920768381,60.0,2000,1000,16.666666666666668,24.57,7,7.903333333333332,true
AMASS:SFU/0008/0008_Walking002_stageii.csv,AMASS,SFU,SFU/0008/0008_Walking002_stageii.csv,120.04801920768381,60.0,2000,1000,16.666666666666668,24.57,3,7.903333333333332,true
AMASS:BMLrub/rub034/0021_catching_and_throwing_stageii.csv,AMASS,BMLrub,BMLrub/rub034/0021_catching_and_throwing_stageii.csv,120.04801920768381,60.0,2000,1000,16.666666666666668,24.57,73,7.903333333333332,true
AMASS:EyesJapanDataset/takiguchi/accident-01-dodge-takiguchi_stageii.csv,AMASS,EyesJapanDataset,EyesJapanDataset/takiguchi/accident-01-dodge-takiguchi_stageii.csv,120.04801920768381,60.0,2000,1000,16.666666666666668,24.57,36,7.903333333333332,true
AMASS:EyesJapanDataset/kawaguchi/turn-05-turn-kawaguchi_stageii.csv,AMASS,EyesJapanDataset,EyesJapanDataset/kawaguchi/turn-05-turn-kawaguchi_stageii.csv,120.04801920768381,60.0,2000,1000,16.666666666666668,24.534,24,7.867333333333331,true
AMASS:BMLrub/rub096/0002_treadmill_slow_stageii.csv,AMASS,BMLrub,BMLrub/rub096/0002_treadmill_slow_stageii.csv,120.04801920768381,60.0,2000,1000,16.666666666666668,24.53,3,7.863333333333333,true
AMASS:BMLrub/rub038/0002_treadmill_slow_stageii.csv,AMASS,BMLrub,BMLrub/rub038/0002_treadmill_slow_stageii.csv,120.04801920768381,60.0,2000,1000,16.666666666666668,24.53,6,7.863333333333333,true
AMASS:BMLrub/rub092/0000_treadmill_norm_stageii.csv,AMASS,BMLrub,BMLrub/rub092/0000_treadmill_norm_stageii.csv,120.04801920768381,60.0,2000,1000,16.666666666666668,24.5,3,7.833333333333332,true
AMASS:BMLrub/rub089/0002_treadmill_slow_stageii.csv,AMASS,BMLrub,BMLrub/rub089/0002_treadmill_slow_stageii.csv,120.04801920768381,60.0,2000,1000,16.666666666666668,24.5,3,7.833333333333332,true
AMASS:CMU/80/80_38_stageii.csv,AMASS,CMU,CMU/80/80_38_stageii.csv,60.024009603841904,60.0,2000,2000,33.319999999999794,41.134,94,7.814000000000206,true
AMASS:CMU/137/137_39_stageii.csv,AMASS,CMU,CMU/137/137_39_stageii.csv,120.04801920768381,60.0,2000,1000,16.666666666666668,24.47,32,7.803333333333331,true
AMASS:BMLrub/rub104/0000_treadmill_norm_stageii.csv,AMASS,BMLrub,BMLrub/rub104/0000_treadmill_norm_stageii.csv,120.04801920768381,60.0,2000,1000,16.666666666666668,24.47,3,7.803333333333331,true
AMASS:TCDhandMocap/ExperimentDatabase/Flute_stageii.csv,AMASS,TCDhandMocap,TCDhandMocap/ExperimentDatabase/Flute_stageii.csv,150.03750937734486,60.0,2000,800,13.333333333333334,21.134,48,7.800666666666666,true
AMASS:MPImosh/00046/stretches_stageii.csv,AMASS,MPImosh,MPImosh/00046/stretches_stageii.csv,100.00000000000213,60.0,2000,1200,20.0,27.8,15,7.800000000000001,true
AMASS:BMLrub/rub039/0001_treadmill_fast_stageii.csv,AMASS,BMLrub,BMLrub/rub039/0001_treadmill_fast_stageii.csv,120.04801920768381,60.0,2000,1000,16.666666666666668,24.43,3,7.763333333333332,true
AMASS:TotalCapture/s1/freestyle2_stageii.csv,AMASS,TotalCapture,TotalCapture/s1/freestyle2_stageii.csv,60.024009603841904,60.0,2000,2000,33.319999999999794,41.07,108,7.750000000000206,true
AMASS:BMLrub/rub095/0002_treadmill_slow_stageii.csv,AMASS,BMLrub,BMLrub/rub095/0002_treadmill_slow_stageii.csv,120.04801920768381,60.0,2000,1000,16.666666666666668,24.4,4,7.733333333333331,true
AMASS:BMLrub/rub090/0002_treadmill_slow_stageii.csv,AMASS,BMLrub,BMLrub/rub090/0002_treadmill_slow_stageii.csv,120.04801920768381,60.0,2000,1000,16.666666666666668,24.37,3,7.703333333333333,true
AMASS:MPIHDM05/tr/HDM_tr_01-02_02_120_stageii.csv,AMASS,MPIHDM05,MPIHDM05/tr/HDM_tr_01-02_02_120_stageii.csv,120.04801920768381,60.0,2000,1000,16.666666666666668,24.37,62,7.703333333333333,true
AMASS:BMLrub/rub073/0001_treadmill_fast_stageii.csv,AMASS,BMLrub,BMLrub/rub073/0001_treadmill_fast_stageii.csv,120.04801920768381,60.0,2000,1000,16.666666666666668,24.334,161,7.667333333333332,true
AMASS:HumanEva/S3/ThrowCatch_1_stageii.csv,AMASS,HumanEva,HumanEva/S3/ThrowCatch_1_stageii.csv,120.04801920768381,60.0,2000,1000,16.666666666666668,24.334,122,7.667333333333332,true
AMASS:BMLrub/rub115/0001_treadmill_fast_stageii.csv,AMASS,BMLrub,BMLrub/rub115/0001_treadmill_fast_stageii.csv,120.04801920768381,60.0,2000,1000,16.666666666666668,24.3,3,7.633333333333333,true
AMASS:BMLrub/rub112/0000_treadmill_norm_stageii.csv,AMASS,BMLrub,BMLrub/rub112/0000_treadmill_norm_stageii.csv,120.04801920768381,60.0,2000,1000,16.666666666666668,24.3,3,7.633333333333333,true
AMASS:BMLrub/rub087/0003_treadmill_jog_stageii.csv,AMASS,BMLrub,BMLrub/rub087/0003_treadmill_jog_stageii.csv,120.04801920768381,60.0,2000,1000,16.666666666666668,24.27,3,7.603333333333332,true
AMASS:SFU/0008/0008_Skipping001_stageii.csv,AMASS,SFU,SFU/0008/0008_Skipping001_stageii.csv,120.04801920768381,60.0,2000,1000,16.666666666666668,24.27,3,7.603333333333332,true
AMASS:BMLrub/rub010/0000_treadmill_norm_stageii.csv,AMASS,BMLrub,BMLrub/rub010/0000_treadmill_norm_stageii.csv,120.04801920768381,60.0,2000,1000,16.666666666666668,24.27,3,7.603333333333332,true
AMASS:EyesJapanDataset/takiguchi/walk-25-tired-takiguchi_stageii.csv,AMASS,EyesJapanDataset,EyesJapanDataset/takiguchi/walk-25-tired-takiguchi_stageii.csv,120.04801920768381,60.0,2000,1000,16.666666666666668,24.27,45,7.603333333333332,true
AMASS:BMLrub/rub014/0021_catching_and_throwing_stageii.csv,AMASS,BMLrub,BMLrub/rub014/0021_catching_and_throwing_stageii.csv,120.04801920768381,60.0,2000,1000,16.666666666666668,24.234,83,7.567333333333334,true
AMASS:BMLrub/rub037/0021_catching_and_throwing_stageii.csv,AMASS,BMLrub,BMLrub/rub037/0021_catching_and_throwing_stageii.csv,120.04801920768381,60.0,2000,1000,16.666666666666668,24.234,92,7.567333333333334,true
AMASS:BMLrub/rub043/0003_treadmill_jog_stageii.csv,AMASS,BMLrub,BMLrub/rub043/0003_treadmill_jog_stageii.csv,120.04801920768381,60.0,2000,1000,16.666666666666668,24.23,3,7.563333333333333,true
AMASS:CMU/30/30_17_stageii.csv,AMASS,CMU,CMU/30/30_17_stageii.csv,120.04801920768381,60.0,2000,1000,16.666666666666668,24.2,90,7.533333333333331,true
AMASS:BMLrub/rub086/0002_treadmill_slow_stageii.csv,AMASS,BMLrub,BMLrub/rub086/0002_treadmill_slow_stageii.csv,120.04801920768381,60.0,2000,1000,16.666666666666668,24.2,3,7.533333333333331,true
AMASS:EyesJapanDataset/takiguchi/greeting-10-card_exchange-takiguchi_stageii.csv,AMASS,EyesJapanDataset,EyesJapanDataset/takiguchi/greeting-10-card_exchange-takiguchi_stageii.csv,120.04801920768381,60.0,2000,1000,16.666666666666668,24.2,4,7.533333333333331,true
AMASS:BMLrub/rub085/0002_treadmill_slow_stageii.csv,AMASS,BMLrub,BMLrub/rub085/0002_treadmill_slow_stageii.csv,120.04801920768381,60.0,2000,1000,16.666666666666668,24.17,3,7.503333333333334,true
AMASS:BMLrub/rub063/0001_treadmill_fast_stageii.csv,AMASS,BMLrub,BMLrub/rub063/0001_treadmill_fast_stageii.csv,120.04801920768381,60.0,2000,1000,16.666666666666668,24.17,3,7.503333333333334,true
AMASS:BMLrub/rub112/0001_treadmill_fast_stageii.csv,AMASS,BMLrub,BMLrub/rub112/0001_treadmill_fast_stageii.csv,120.04801920768381,60.0,2000,1000,16.666666666666668,24.17,3,7.503333333333334,true
AMASS:MPIHDM05/dg/HDM_dg_02-03_02_120_stageii.csv,AMASS,MPIHDM05,MPIHDM05/dg/HDM_dg_02-03_02_120_stageii.csv,120.04801920768381,60.0,2000,1000,16.666666666666668,24.17,86,7.503333333333334,true
AMASS:BMLrub/rub090/0021_catching_and_throwing_stageii.csv,AMASS,BMLrub,BMLrub/rub090/0021_catching_and_throwing_stageii.csv,120.04801920768381,60.0,2000,1000,16.666666666666668,24.17,83,7.503333333333334,true
AMASS:BMLrub/rub111/0002_treadmill_slow_stageii.csv,AMASS,BMLrub,BMLrub/rub111/0002_treadmill_slow_stageii.csv,120.04801920768381,60.0,2000,1000,16.666666666666668,24.13,3,7.463333333333331,true
AMASS:BMLrub/rub085/0003_treadmill_jog_stageii.csv,AMASS,BMLrub,BMLrub/rub085/0003_treadmill_jog_stageii.csv,120.04801920768381,60.0,2000,1000,16.666666666666668,24.13,3,7.463333333333331,true
AMASS:BMLrub/rub088/0003_treadmill_jog_stageii.csv,AMASS,BMLrub,BMLrub/rub088/0003_treadmill_jog_stageii.csv,120.04801920768381,60.0,2000,1000,16.666666666666668,24.13,3,7.463333333333331,true
AMASS:KIT/1346/Experiment3_subject1346_wash_leg_position_vertical_02_stageii.csv,AMASS,KIT,KIT/1346/Experiment3_subject1346_wash_leg_position_vertical_02_stageii.csv,100.00000000000213,60.0,2000,1200,20.0,27.434,44,7.434000000000001,true
AMASS:KIT/3/Transfuse03_stageii.csv,AMASS,KIT,KIT/3/Transfuse03_stageii.csv,100.00000000000213,60.0,2000,1200,20.0,27.4,23,7.399999999999999,true
AMASS:BMLrub/rub086/0001_treadmill_fast_stageii.csv,AMASS,BMLrub,BMLrub/rub086/0001_treadmill_fast_stageii.csv,120.04801920768381,60.0,2000,1000,16.666666666666668,24.03,3,7.363333333333333,true
AMASS:BMLrub/rub097/0000_treadmill_norm_stageii.csv,AMASS,BMLrub,BMLrub/rub097/0000_treadmill_norm_stageii.csv,120.04801920768381,60.0,2000,1000,16.666666666666668,24.03,3,7.363333333333333,true
AMASS:BMLrub/rub088/0002_treadmill_slow_stageii.csv,AMASS,BMLrub,BMLrub/rub088/0002_treadmill_slow_stageii.csv,120.04801920768381,60.0,2000,1000,16.666666666666668,24.03,3,7.363333333333333,true
AMASS:BMLrub/rub095/0001_treadmill_fast_stageii.csv,AMASS,BMLrub,BMLrub/rub095/0001_treadmill_fast_stageii.csv,120.04801920768381,60.0,2000,1000,16.666666666666668,24.03,3,7.363333333333333,true
AMASS:BMLrub/rub112/0002_treadmill_slow_stageii.csv,AMASS,BMLrub,BMLrub/rub112/0002_treadmill_slow_stageii.csv,120.04801920768381,60.0,2000,1000,16.666666666666668,24.0,3,7.333333333333332,true
AMASS:BMLrub/rub041/0000_treadmill_norm_stageii.csv,AMASS,BMLrub,BMLrub/rub041/0000_treadmill_norm_stageii.csv,120.04801920768381,60.0,2000,1000,16.666666666666668,23.97,3,7.303333333333331,true
AMASS:BMLrub/rub094/0002_treadmill_slow_stageii.csv,AMASS,BMLrub,BMLrub/rub094/0002_treadmill_slow_stageii.csv,120.04801920768381,60.0,2000,1000,16.666666666666668,23.97,3,7.303333333333331,true
AMASS:CMU/27/27_06_stageii.csv,AMASS,CMU,CMU/27/27_06_stageii.csv,120.04801920768381,60.0,2000,1000,16.666666666666668,23.934,95,7.267333333333333,true
AMASS:BMLrub/rub099/0001_treadmill_fast_stageii.csv,AMASS,BMLrub,BMLrub/rub099/0001_treadmill_fast_stageii.csv,120.04801920768381,60.0,2000,1000,16.666666666666668,23.93,3,7.263333333333332,true
AMASS:MPIHDM05/dg/HDM_dg_01-02_01_120_stageii.csv,AMASS,MPIHDM05,MPIHDM05/dg/HDM_dg_01-02_01_120_stageii.csv,120.04801920768381,60.0,2000,1000,16.666666666666668,23.9,75,7.233333333333331,true
AMASS:BMLrub/rub109/0002_treadmill_slow_stageii.csv,AMASS,BMLrub,BMLrub/rub109/0002_treadmill_slow_stageii.csv,120.04801920768381,60.0,2000,1000,16.666666666666668,23.9,3,7.233333333333331,true
AMASS:BMLrub/rub114/0001_treadmill_fast_stageii.csv,AMASS,BMLrub,BMLrub/rub114/0001_treadmill_fast_stageii.csv,120.04801920768381,60.0,2000,1000,16.666666666666668,23.9,3,7.233333333333331,true
AMASS:BMLrub/rub071/0001_treadmill_fast_stageii.csv,AMASS,BMLrub,BMLrub/rub071/0001_treadmill_fast_stageii.csv,120.04801920768381,60.0,2000,1000,16.666666666666668,23.87,3,7.203333333333333,true
AMASS:MPIHDM05/dg/HDM_dg_03-11_01_120_stageii.csv,AMASS,MPIHDM05,MPIHDM05/dg/HDM_dg_03-11_01_120_stageii.csv,120.04801920768381,60.0,2000,1000,16.666666666666668,23.833,44,7.166333333333331,true
AMASS:BMLrub/rub109/0000_treadmill_norm_stageii.csv,AMASS,BMLrub,BMLrub/rub109/0000_treadmill_norm_stageii.csv,120.04801920768381,60.0,2000,1000,16.666666666666668,23.83,3,7.16333333333333,true
AMASS:BMLrub/rub102/0030_scamper_stageii.csv,AMASS,BMLrub,BMLrub/rub102/0030_scamper_stageii.csv,120.04801920768381,60.0,2000,1000,16.666666666666668,23.8,4,7.133333333333333,true
AMASS:BMLrub/rub097/0002_treadmill_slow_stageii.csv,AMASS,BMLrub,BMLrub/rub097/0002_treadmill_slow_stageii.csv,120.04801920768381,60.0,2000,1000,16.666666666666668,23.77,3,7.103333333333332,true
AMASS:BMLrub/rub085/0001_treadmill_fast_stageii.csv,AMASS,BMLrub,BMLrub/rub085/0001_treadmill_fast_stageii.csv,120.04801920768381,60.0,2000,1000,16.666666666666668,23.77,3,7.103333333333332,true
AMASS:BMLrub/rub087/0021_catching_and_throwing_stageii.csv,AMASS,BMLrub,BMLrub/rub087/0021_catching_and_throwing_stageii.csv,120.04801920768381,60.0,2000,1000,16.666666666666668,23.734,14,7.067333333333334,true
AMASS:BMLrub/rub099/0021_catching_and_throwing_stageii.csv,AMASS,BMLrub,BMLrub/rub099/0021_catching_and_throwing_stageii.csv,120.04801920768381,60.0,2000,1000,16.666666666666668,23.734,51,7.067333333333334,true
AMASS:EyesJapanDataset/kawaguchi/pose-17-one_leg-kawaguchi_stageii.csv,AMASS,EyesJapanDataset,EyesJapanDataset/kawaguchi/pose-17-one_leg-kawaguchi_stageii.csv,120.04801920768381,60.0,2000,1000,16.666666666666668,23.734,31,7.067333333333334,true
AMASS:BMLrub/rub043/0002_treadmill_slow_stageii.csv,AMASS,BMLrub,BMLrub/rub043/0002_treadmill_slow_stageii.csv,120.04801920768381,60.0,2000,1000,16.666666666666668,23.73,3,7.063333333333333,true
AMASS:BMLrub/rub090/0000_treadmill_norm_stageii.csv,AMASS,BMLrub,BMLrub/rub090/0000_treadmill_norm_stageii.csv,120.04801920768381,60.0,2000,1000,16.666666666666668,23.7,3,7.033333333333331,true
AMASS:BMLrub/rub042/0001_treadmill_fast_stageii.csv,AMASS,BMLrub,BMLrub/rub042/0001_treadmill_fast_stageii.csv,120.04801920768381,60.0,2000,1000,16.666666666666668,23.67,3,7.003333333333334,true
AMASS:BMLrub/rub114/0000_treadmill_norm_stageii.csv,AMASS,BMLrub,BMLrub/rub114/0000_treadmill_norm_stageii.csv,120.04801920768381,60.0,2000,1000,16.666666666666668,23.67,3,7.003333333333334,true
AMASS:MPIHDM05/bk/HDM_bk_01-02_02_120_stageii.csv,AMASS,MPIHDM05,MPIHDM05/bk/HDM_bk_01-02_02_120_stageii.csv,120.04801920768381,60.0,2000,1000,16.666666666666668,23.634,52,6.9673333333333325,true
AMASS:BMLrub/rub042/0002_treadmill_slow_stageii.csv,AMASS,BMLrub,BMLrub/rub042/0002_treadmill_slow_stageii.csv,120.04801920768381,60.0,2000,1000,16.666666666666668,23.63,3,6.963333333333331,true
AMASS:BMLrub/rub092/0001_treadmill_fast_stageii.csv,AMASS,BMLrub,BMLrub/rub092/0001_treadmill_fast_stageii.csv,120.04801920768381,60.0,2000,1000,16.666666666666668,23.6,4,6.933333333333334,true
AMASS:BMLrub/rub114/0002_treadmill_slow_stageii.csv,AMASS,BMLrub,BMLrub/rub114/0002_treadmill_slow_stageii.csv,120.04801920768381,60.0,2000,1000,16.666666666666668,23.57,3,6.903333333333332,true
AMASS:EyesJapanDataset/kawaguchi/sitdown_standup-10-observe-kawaguchi_stageii.csv,AMASS,EyesJapanDataset,EyesJapanDataset/kawaguchi/sitdown_standup-10-observe-kawaguchi_stageii.csv,120.04801920768381,60.0,2000,1000,16.666666666666668,23.57,18,6.903333333333332,true
AMASS:BMLrub/rub091/0002_treadmill_slow_stageii.csv,AMASS,BMLrub,BMLrub/rub091/0002_treadmill_slow_stageii.csv,120.04801920768381,60.0,2000,1000,16.666666666666668,23.53,3,6.863333333333333,true
AMASS:BMLrub/rub111/0001_treadmill_fast_stageii.csv,AMASS,BMLrub,BMLrub/rub111/0001_treadmill_fast_stageii.csv,120.04801920768381,60.0,2000,1000,16.666666666666668,23.53,3,6.863333333333333,true
AMASS:BMLrub/rub098/0003_treadmill_jog_stageii.csv,AMASS,BMLrub,BMLrub/rub098/0003_treadmill_jog_stageii.csv,120.04801920768381,60.0,2000,1000,16.666666666666668,23.53,3,6.863333333333333,true
AMASS:BMLrub/rub111/0000_treadmill_norm_stageii.csv,AMASS,BMLrub,BMLrub/rub111/0000_treadmill_norm_stageii.csv,120.04801920768381,60.0,2000,1000,16.666666666666668,23.53,3,6.863333333333333,true
AMASS:CMU/144/144_17_stageii.csv,AMASS,CMU,CMU/144/144_17_stageii.csv,120.04801920768381,60.0,2000,1000,16.666666666666668,23.5,169,6.833333333333332,true
AMASS:BMLrub/rub090/0001_treadmill_fast_stageii.csv,AMASS,BMLrub,BMLrub/rub090/0001_treadmill_fast_stageii.csv,120.04801920768381,60.0,2000,1000,16.666666666666668,23.5,3,6.833333333333332,true
AMASS:BMLrub/rub076/0021_catching_and_throwing_stageii.csv,AMASS,BMLrub,BMLrub/rub076/0021_catching_and_throwing_stageii.csv,120.04801920768381,60.0,2000,1000,16.666666666666668,23.47,99,6.803333333333331,true
AMASS:EyesJapanDataset/kawaguchi/greeting-04-salute_(head)-kawaguchi_stageii.csv,AMASS,EyesJapanDataset,EyesJapanDataset/kawaguchi/greeting-04-salute_(head)-kawaguchi_stageii.csv,120.04801920768381,60.0,2000,1000,16.666666666666668,23.47,108,6.803333333333331,true
AMASS:BMLrub/rub055/0021_catching_and_throwing_stageii.csv,AMASS,BMLrub,BMLrub/rub055/0021_catching_and_throwing_stageii.csv,120.04801920768381,60.0,2000,1000,16.666666666666668,23.47,53,6.803333333333331,true
AMASS:BMLrub/rub012/0021_catching_and_throwing_stageii.csv,AMASS,BMLrub,BMLrub/rub012/0021_catching_and_throwing_stageii.csv,120.04801920768381,60.0,2000,1000,16.666666666666668,23.434,119,6.767333333333333,true
AMASS:BMLrub/rub102/0000_treadmill_norm_stageii.csv,AMASS,BMLrub,BMLrub/rub102/0000_treadmill_norm_stageii.csv,120.04801920768381,60.0,2000,1000,16.666666666666668,23.43,3,6.763333333333332,true
AMASS:BMLrub/rub083/0003_treadmill_jog_stageii.csv,AMASS,BMLrub,BMLrub/rub083/0003_treadmill_jog_stageii.csv,120.04801920768381,60.0,2000,1000,16.666666666666668,23.43,3,6.763333333333332,true
AMASS:CMU/55/55_05_stageii.csv,AMASS,CMU,CMU/55/55_05_stageii.csv,120.04801920768381,60.0,2000,1000,16.666666666666668,23.43,3,6.763333333333332,true
AMASS:BMLrub/rub064/0030_scamper_stageii.csv,AMASS,BMLrub,BMLrub/rub064/0030_scamper_stageii.csv,120.04801920768381,60.0,2000,1000,16.666666666666668,23.43,4,6.763333333333332,true
AMASS:BMLrub/rub086/0003_treadmill_jog_stageii.csv,AMASS,BMLrub,BMLrub/rub086/0003_treadmill_jog_stageii.csv,120.04801920768381,60.0,2000,1000,16.666666666666668,23.4,3,6.733333333333331,true
AMASS:BMLrub/rub070/0021_catching_and_throwing_stageii.csv,AMASS,BMLrub,BMLrub/rub070/0021_catching_and_throwing_stageii.csv,120.04801920768381,60.0,2000,1000,16.666666666666668,23.4,73,6.733333333333331,true
AMASS:BMLrub/rub109/0003_treadmill_jog_stageii.csv,AMASS,BMLrub,BMLrub/rub109/0003_treadmill_jog_stageii.csv,120.04801920768381,60.0,2000,1000,16.666666666666668,23.4,3,6.733333333333331,true
AMASS:BMLrub/rub087/0000_treadmill_norm_stageii.csv,AMASS,BMLrub,BMLrub/rub087/0000_treadmill_norm_stageii.csv,120.04801920768381,60.0,2000,1000,16.666666666666668,23.37,3,6.703333333333333,true
AMASS:BMLrub/rub060/0021_catching_and_throwing_stageii.csv,AMASS,BMLrub,BMLrub/rub060/0021_catching_and_throwing_stageii.csv,120.04801920768381,60.0,2000,1000,16.666666666666668,23.37,90,6.703333333333333,true
AMASS:BMLrub/rub103/0030_scamper_stageii.csv,AMASS,BMLrub,BMLrub/rub103/0030_scamper_stageii.csv,120.04801920768381,60.0,2000,1000,16.666666666666668,23.334,71,6.667333333333332,true
AMASS:BMLrub/rub073/0000_treadmill_norm_stageii.csv,AMASS,BMLrub,BMLrub/rub073/0000_treadmill_norm_stageii.csv,120.04801920768381,60.0,2000,1000,16.666666666666668,23.33,3,6.66333333333333,true
AMASS:EyesJapanDataset/kawaguchi/accident-01-dodge-kawaguchi_stageii.csv,AMASS,EyesJapanDataset,EyesJapanDataset/kawaguchi/accident-01-dodge-kawaguchi_stageii.csv,120.04801920768381,60.0,2000,1000,16.666666666666668,23.27,107,6.603333333333332,true
AMASS:MPIHDM05/dg/HDM_dg_01-02_03_120_stageii.csv,AMASS,MPIHDM05,MPIHDM05/dg/HDM_dg_01-02_03_120_stageii.csv,120.04801920768381,60.0,2000,1000,16.666666666666668,23.234,60,6.567333333333334,true
AMASS:BMLrub/rub063/0003_treadmill_jog_stageii.csv,AMASS,BMLrub,BMLrub/rub063/0003_treadmill_jog_stageii.csv,120.04801920768381,60.0,2000,1000,16.666666666666668,23.2,3,6.533333333333331,true
AMASS:CMU/15/15_10_stageii.csv,AMASS,CMU,CMU/15/15_10_stageii.csv,120.04801920768381,60.0,2000,1000,16.666666666666668,23.2,79,6.533333333333331,true
AMASS:CMU/17/17_10_stageii.csv,AMASS,CMU,CMU/17/17_10_stageii.csv,120.04801920768381,60.0,2000,1000,16.666666666666668,23.2,8,6.533333333333331,true
AMASS:BMLrub/rub105/0021_catching_and_throwing_stageii.csv,AMASS,BMLrub,BMLrub/rub105/0021_catching_and_throwing_stageii.csv,120.04801920768381,60.0,2000,1000,16.666666666666668,23.17,60,6.503333333333334,true
AMASS:BMLrub/rub073/0002_treadmill_slow_stageii.csv,AMASS,BMLrub,BMLrub/rub073/0002_treadmill_slow_stageii.csv,120.04801920768381,60.0,2000,1000,16.666666666666668,23.13,3,6.463333333333331,true
AMASS:BMLrub/rub080/0003_treadmill_jog_stageii.csv,AMASS,BMLrub,BMLrub/rub080/0003_treadmill_jog_stageii.csv,120.04801920768381,60.0,2000,1000,16.666666666666668,23.1,3,6.433333333333334,true
AMASS:BMLrub/rub104/0002_treadmill_slow_stageii.csv,AMASS,BMLrub,BMLrub/rub104/0002_treadmill_slow_stageii.csv,120.04801920768381,60.0,2000,1000,16.666666666666668,23.1,4,6.433333333333334,true
AMASS:CMU/91/91_14_stageii.csv,AMASS,CMU,CMU/91/91_14_stageii.csv,120.04801920768381,60.0,2000,1000,16.666666666666668,23.1,62,6.433333333333334,true
AMASS:CMU/105/105_14_stageii.csv,AMASS,CMU,CMU/105/105_14_stageii.csv,120.04801920768381,60.0,2000,1000,16.666666666666668,23.1,22,6.433333333333334,true
AMASS:BMLrub/rub097/0029_scamper_stageii.csv,AMASS,BMLrub,BMLrub/rub097/0029_scamper_stageii.csv,120.04801920768381,60.0,2000,1000,16.666666666666668,22.97,4,6.303333333333331,true
AMASS:BMLrub/rub080/0001_treadmill_fast_stageii.csv,AMASS,BMLrub,BMLrub/rub080/0001_treadmill_fast_stageii.csv,120.04801920768381,60.0,2000,1000,16.666666666666668,22.934,9,6.267333333333333,true
AMASS:CMU/135/135_03_stageii.csv,AMASS,CMU,CMU/135/135_03_stageii.csv,120.04801920768381,60.0,2000,1000,16.666666666666668,22.934,31,6.267333333333333,true
AMASS:CMU/94/94_08_stageii.csv,AMASS,CMU,CMU/94/94_08_stageii.csv,120.04801920768381,60.0,2000,1000,16.666666666666668,22.934,13,6.267333333333333,true
AMASS:CMU/01/01_01_stageii.csv,AMASS,CMU,CMU/01/01_01_stageii.csv,120.04801920768381,60.0,2000,1000,16.666666666666668,22.934,148,6.267333333333333,true
AMASS:KIT/969/Trial_80_stageii.csv,AMASS,KIT,KIT/969/Trial_80_stageii.csv,100.00000000000213,60.0,2000,1200,20.0,26.234,73,6.234000000000002,true
AMASS:KIT/675/dry_right_arm_011_stageii.csv,AMASS,KIT,KIT/675/dry_right_arm_011_stageii.csv,100.00000000000213,60.0,2000,1200,20.0,26.234,36,6.234000000000002,true
AMASS:BMLrub/rub079/0003_treadmill_jog_stageii.csv,AMASS,BMLrub,BMLrub/rub079/0003_treadmill_jog_stageii.csv,120.04801920768381,60.0,2000,1000,16.666666666666668,22.9,3,6.233333333333331,true
AMASS:BMLrub/rub036/0022_catching_and_throwing_stageii.csv,AMASS,BMLrub,BMLrub/rub036/0022_catching_and_throwing_stageii.csv,120.04801920768381,60.0,2000,1000,16.666666666666668,22.9,116,6.233333333333331,true
AMASS:BMLrub/rub080/0000_treadmill_norm_stageii.csv,AMASS,BMLrub,BMLrub/rub080/0000_treadmill_norm_stageii.csv,120.04801920768381,60.0,2000,1000,16.666666666666668,22.9,14,6.233333333333331,true
AMASS:TCDhandMocap/ExperimentDatabase/direction01_stageii.csv,AMASS,TCDhandMocap,TCDhandMocap/ExperimentDatabase/direction01_stageii.csv,120.04801920768381,60.0,2000,1000,16.666666666666668,22.9,30,6.233333333333331,true
AMASS:MPIHDM05/tr/HDM_tr_02-03_02_120_stageii.csv,AMASS,MPIHDM05,MPIHDM05/tr/HDM_tr_02-03_02_120_stageii.csv,120.04801920768381,60.0,2000,1000,16.666666666666668,22.9,68,6.233333333333331,true
AMASS:BMLrub/rub083/0000_treadmill_norm_stageii.csv,AMASS,BMLrub,BMLrub/rub083/0000_treadmill_norm_stageii.csv,120.04801920768381,60.0,2000,1000,16.666666666666668,22.87,6,6.203333333333333,true
AMASS:HumanEva/S1/Box_1_stageii.csv,AMASS,HumanEva,HumanEva/S1/Box_1_stageii.csv,120.04801920768381,60.0,2000,1000,16.666666666666668,22.87,30,6.203333333333333,true
AMASS:BMLrub/rub035/0003_treadmill_jog_stageii.csv,AMASS,BMLrub,BMLrub/rub035/0003_treadmill_jog_stageii.csv,120.04801920768381,60.0,2000,1000,16.666666666666668,22.87,3,6.203333333333333,true
AMASS:BMLrub/rub034/0001_treadmill_fast_stageii.csv,AMASS,BMLrub,BMLrub/rub034/0001_treadmill_fast_stageii.csv,120.04801920768381,60.0,2000,1000,16.666666666666668,22.87,3,6.203333333333333,true
AMASS:BMLrub/rub081/0003_treadmill_jog_stageii.csv,AMASS,BMLrub,BMLrub/rub081/0003_treadmill_jog_stageii.csv,120.04801920768381,60.0,2000,1000,16.666666666666668,22.87,3,6.203333333333333,true
AMASS:EyesJapanDataset/kawaguchi/greeting-08-shakehands-kawaguchi_stageii.csv,AMASS,EyesJapanDataset,EyesJapanDataset/kawaguchi/greeting-08-shakehands-kawaguchi_stageii.csv,120.04801920768381,60.0,2000,1000,16.666666666666668,22.87,100,6.203333333333333,true
AMASS:KIT/675/double_pour_and_mixing05_stageii.csv,AMASS,KIT,KIT/675/double_pour_and_mixing05_stageii.csv,100.00000000000213,60.0,2000,1200,20.0,26.2,18,6.199999999999999,true
AMASS:CMU/91/91_01_stageii.csv,AMASS,CMU,CMU/91/91_01_stageii.csv,120.04801920768381,60.0,2000,1000,16.666666666666668,22.834,128,6.167333333333332,true
AMASS:SFU/0005/0005_Stomping001_stageii.csv,AMASS,SFU,SFU/0005/0005_Stomping001_stageii.csv,120.04801920768381,60.0,2000,1000,16.666666666666668,22.834,51,6.167333333333332,true
AMASS:BMLrub/rub076/0002_treadmill_slow_stageii.csv,AMASS,BMLrub,BMLrub/rub076/0002_treadmill_slow_stageii.csv,120.04801920768381,60.0,2000,1000,16.666666666666668,22.83,3,6.16333333333333,true
AMASS:KIT/675/double_pour_and_mixing07_stageii.csv,AMASS,KIT,KIT/675/double_pour_and_mixing07_stageii.csv,100.00000000000213,60.0,2000,1200,20.0,26.134,16,6.134,true
AMASS:BMLrub/rub077/0003_treadmill_jog_stageii.csv,AMASS,BMLrub,BMLrub/rub077/0003_treadmill_jog_stageii.csv,120.04801920768381,60.0,2000,1000,16.666666666666668,22.8,3,6.133333333333333,true
AMASS:BMLrub/rub081/0001_treadmill_fast_stageii.csv,AMASS,BMLrub,BMLrub/rub081/0001_treadmill_fast_stageii.csv,120.04801920768381,60.0,2000,1000,16.666666666666668,22.8,3,6.133333333333333,true
AMASS:HumanEva/S1/Jog_1_stageii.csv,AMASS,HumanEva,HumanEva/S1/Jog_1_stageii.csv,120.04801920768381,60.0,2000,1000,16.666666666666668,22.8,3,6.133333333333333,true
AMASS:BMLrub/rub035/0001_treadmill_fast_stageii.csv,AMASS,BMLrub,BMLrub/rub035/0001_treadmill_fast_stageii.csv,120.04801920768381,60.0,2000,1000,16.666666666666668,22.77,3,6.103333333333332,true
AMASS:EyesJapanDataset/yamaoka/tennis-10-backhand_double_lob-yamaoka_stageii.csv,AMASS,EyesJapanDataset,EyesJapanDataset/yamaoka/tennis-10-backhand_double_lob-yamaoka_stageii.csv,120.04801920768381,60.0,2000,1000,16.666666666666668,22.7,58,6.033333333333331,true
AMASS:CMU/114/114_05_stageii.csv,AMASS,CMU,CMU/114/114_05_stageii.csv,120.04801920768381,60.0,2000,1000,16.666666666666668,22.7,25,6.033333333333331,true
AMASS:CMU/111/111_26_stageii.csv,AMASS,CMU,CMU/111/111_26_stageii.csv,120.04801920768381,60.0,2000,1000,16.666666666666668,22.7,19,6.033333333333331,true
AMASS:BMLrub/rub084/0021_catching_and_throwing_stageii.csv,AMASS,BMLrub,BMLrub/rub084/0021_catching_and_throwing_stageii.csv,120.04801920768381,60.0,2000,1000,16.666666666666668,22.67,41,6.003333333333334,true
AMASS:BMLrub/rub078/0002_treadmill_slow_stageii.csv,AMASS,BMLrub,BMLrub/rub078/0002_treadmill_slow_stageii.csv,120.04801920768381,60.0,2000,1000,16.666666666666668,22.67,3,6.003333333333334,true
AMASS:BMLrub/rub049/0019_catching_and_throwing_stageii.csv,AMASS,BMLrub,BMLrub/rub049/0019_catching_and_throwing_stageii.csv,120.04801920768381,60.0,2000,1000,16.666666666666668,22.634,47,5.9673333333333325,true
AMASS:BMLrub/rub063/0002_treadmill_slow_stageii.csv,AMASS,BMLrub,BMLrub/rub063/0002_treadmill_slow_stageii.csv,120.04801920768381,60.0,2000,1000,16.666666666666668,22.63,3,5.963333333333331,true
AMASS:MPIHDM05/mm/HDM_mm_01-02_02_120_stageii.csv,AMASS,MPIHDM05,MPIHDM05/mm/HDM_mm_01-02_02_120_stageii.csv,120.04801920768381,60.0,2000,1000,16.666666666666668,22.6,35,5.933333333333334,true
AMASS:BMLrub/rub042/0003_treadmill_jog_stageii.csv,AMASS,BMLrub,BMLrub/rub042/0003_treadmill_jog_stageii.csv,120.04801920768381,60.0,2000,1000,16.666666666666668,22.6,3,5.933333333333334,true
AMASS:BMLrub/rub076/0001_treadmill_fast_stageii.csv,AMASS,BMLrub,BMLrub/rub076/0001_treadmill_fast_stageii.csv,120.04801920768381,60.0,2000,1000,16.666666666666668,22.6,3,5.933333333333334,true
AMASS:BMLrub/rub075/0003_treadmill_jog_stageii.csv,AMASS,BMLrub,BMLrub/rub075/0003_treadmill_jog_stageii.csv,120.04801920768381,60.0,2000,1000,16.666666666666668,22.6,3,5.933333333333334,true
AMASS:MPIHDM05/dg/HDM_dg_03-11_03_120_stageii.csv,AMASS,MPIHDM05,MPIHDM05/dg/HDM_dg_03-11_03_120_stageii.csv,120.04801920768381,60.0,2000,1000,16.666666666666668,22.6,83,5.933333333333334,true
AMASS:BMLrub/rub081/0002_treadmill_slow_stageii.csv,AMASS,BMLrub,BMLrub/rub081/0002_treadmill_slow_stageii.csv,120.04801920768381,60.0,2000,1000,16.666666666666668,22.57,3,5.903333333333332,true
AMASS:BMLrub/rub043/0001_treadmill_fast_stageii.csv,AMASS,BMLrub,BMLrub/rub043/0001_treadmill_fast_stageii.csv,120.04801920768381,60.0,2000,1000,16.666666666666668,22.57,3,5.903333333333332,true
AMASS:BMLrub/rub068/0002_treadmill_slow_stageii.csv,AMASS,BMLrub,BMLrub/rub068/0002_treadmill_slow_stageii.csv,120.04801920768381,60.0,2000,1000,16.666666666666668,22.57,3,5.903333333333332,true
AMASS:EyesJapanDataset/kawaguchi/pose-09-pray_buddhism-kawaguchi_stageii.csv,AMASS,EyesJapanDataset,EyesJapanDataset/kawaguchi/pose-09-pray_buddhism-kawaguchi_stageii.csv,120.04801920768381,60.0,2000,1000,16.666666666666668,22.57,23,5.903333333333332,true
AMASS:BMLrub/rub083/0021_catching_and_throwing_stageii.csv,AMASS,BMLrub,BMLrub/rub083/0021_catching_and_throwing_stageii.csv,120.04801920768381,60.0,2000,1000,16.666666666666668,22.534,46,5.867333333333331,true
AMASS:CMU/91/91_05_stageii.csv,AMASS,CMU,CMU/91/91_05_stageii.csv,120.04801920768381,60.0,2000,1000,16.666666666666668,22.5,9,5.833333333333332,true
AMASS:BMLrub/rub064/0003_treadmill_jog_stageii.csv,AMASS,BMLrub,BMLrub/rub064/0003_treadmill_jog_stageii.csv,120.04801920768381,60.0,2000,1000,16.666666666666668,22.5,3,5.833333333333332,true
AMASS:CMU/105/105_33_stageii.csv,AMASS,CMU,CMU/105/105_33_stageii.csv,120.04801920768381,60.0,2000,1000,16.666666666666668,22.5,3,5.833333333333332,true
AMASS:CMU/91/91_33_stageii.csv,AMASS,CMU,CMU/91/91_33_stageii.csv,120.04801920768381,60.0,2000,1000,16.666666666666668,22.5,27,5.833333333333332,true
AMASS:BMLrub/rub084/0001_treadmill_fast_stageii.csv,AMASS,BMLrub,BMLrub/rub084/0001_treadmill_fast_stageii.csv,120.04801920768381,60.0,2000,1000,16.666666666666668,22.47,3,5.803333333333331,true
AMASS:HumanEva/S3/Jog_1_stageii.csv,AMASS,HumanEva,HumanEva/S3/Jog_1_stageii.csv,120.04801920768381,60.0,2000,1000,16.666666666666668,22.47,3,5.803333333333331,true
AMASS:BMLrub/rub108/0001_treadmill_fast_stageii.csv,AMASS,BMLrub,BMLrub/rub108/0001_treadmill_fast_stageii.csv,120.04801920768381,60.0,2000,1000,16.666666666666668,22.43,3,5.763333333333332,true
AMASS:BMLrub/rub044/0003_treadmill_jog_stageii.csv,AMASS,BMLrub,BMLrub/rub044/0003_treadmill_jog_stageii.csv,120.04801920768381,60.0,2000,1000,16.666666666666668,22.43,3,5.763333333333332,true
AMASS:BMLrub/rub076/0000_treadmill_norm_stageii.csv,AMASS,BMLrub,BMLrub/rub076/0000_treadmill_norm_stageii.csv,120.04801920768381,60.0,2000,1000,16.666666666666668,22.4,3,5.733333333333331,true
AMASS:BMLrub/rub068/0003_treadmill_jog_stageii.csv,AMASS,BMLrub,BMLrub/rub068/0003_treadmill_jog_stageii.csv,120.04801920768381,60.0,2000,1000,16.666666666666668,22.4,3,5.733333333333331,true
AMASS:CMU/54/54_24_stageii.csv,AMASS,CMU,CMU/54/54_24_stageii.csv,120.04801920768381,60.0,2000,1000,16.666666666666668,22.4,38,5.733333333333331,true
AMASS:BMLrub/rub098/0000_treadmill_norm_stageii.csv,AMASS,BMLrub,BMLrub/rub098/0000_treadmill_norm_stageii.csv,120.04801920768381,60.0,2000,1000,16.666666666666668,22.37,7,5.703333333333333,true
AMASS:CMU/125/125_05_stageii.csv,AMASS,CMU,CMU/125/125_05_stageii.csv,120.04801920768381,60.0,2000,1000,16.666666666666668,22.334,33,5.667333333333332,true
AMASS:BMLrub/rub106/0001_treadmill_fast_stageii.csv,AMASS,BMLrub,BMLrub/rub106/0001_treadmill_fast_stageii.csv,120.04801920768381,60.0,2000,1000,16.666666666666668,22.3,3,5.633333333333333,true
AMASS:SFU/0017/0017_RunningOnBench002_stageii.csv,AMASS,SFU,SFU/0017/0017_RunningOnBench002_stageii.csv,120.04801920768381,60.0,2000,1000,16.666666666666668,22.27,71,5.603333333333332,true
AMASS:BMLrub/rub077/0001_treadmill_fast_stageii.csv,AMASS,BMLrub,BMLrub/rub077/0001_treadmill_fast_stageii.csv,120.04801920768381,60.0,2000,1000,16.666666666666668,22.27,3,5.603333333333332,true
AMASS:BMLrub/rub061/0021_catching_and_throwing_stageii.csv,AMASS,BMLrub,BMLrub/rub061/0021_catching_and_throwing_stageii.csv,120.04801920768381,60.0,2000,1000,16.666666666666668,22.27,141,5.603333333333332,true
AMASS:CMU/105/105_23_stageii.csv,AMASS,CMU,CMU/105/105_23_stageii.csv,120.04801920768381,60.0,2000,1000,16.666666666666668,22.234,25,5.567333333333334,true
AMASS:CMU/32/32_14_stageii.csv,AMASS,CMU,CMU/32/32_14_stageii.csv,120.04801920768381,60.0,2000,1000,16.666666666666668,22.233,48,5.566333333333333,true
AMASS:CMU/91/91_23_stageii.csv,AMASS,CMU,CMU/91/91_23_stageii.csv,120.04801920768381,60.0,2000,1000,16.666666666666668,22.233,24,5.566333333333333,true
AMASS:CMU/89/89_01_stageii.csv,AMASS,CMU,CMU/89/89_01_stageii.csv,60.024009603841904,60.0,2000,2000,33.319999999999794,38.87,81,5.550000000000203,true
AMASS:BMLrub/rub069/0000_treadmill_norm_stageii.csv,AMASS,BMLrub,BMLrub/rub069/0000_treadmill_norm_stageii.csv,120.04801920768381,60.0,2000,1000,16.666666666666668,22.2,3,5.533333333333331,true
AMASS:BMLrub/rub079/0001_treadmill_fast_stageii.csv,AMASS,BMLrub,BMLrub/rub079/0001_treadmill_fast_stageii.csv,120.04801920768381,60.0,2000,1000,16.666666666666668,22.2,3,5.533333333333331,true
AMASS:EyesJapanDataset/kawaguchi/pose-04-drank-kawaguchi_stageii.csv,AMASS,EyesJapanDataset,EyesJapanDataset/kawaguchi/pose-04-drank-kawaguchi_stageii.csv,120.04801920768381,60.0,2000,1000,16.666666666666668,22.17,3,5.503333333333334,true
AMASS:BMLrub/rub075/0001_treadmill_fast_stageii.csv,AMASS,BMLrub,BMLrub/rub075/0001_treadmill_fast_stageii.csv,120.04801920768381,60.0,2000,1000,16.666666666666668,22.17,3,5.503333333333334,true
AMASS:CMU/144/144_27_stageii.csv,AMASS,CMU,CMU/144/144_27_stageii.csv,120.04801920768381,60.0,2000,1000,16.666666666666668,22.134,14,5.4673333333333325,true
AMASS:BMLrub/rub074/0003_treadmill_jog_stageii.csv,AMASS,BMLrub,BMLrub/rub074/0003_treadmill_jog_stageii.csv,120.04801920768381,60.0,2000,1000,16.666666666666668,22.13,3,5.463333333333331,true
AMASS:BMLrub/rub068/0001_treadmill_fast_stageii.csv,AMASS,BMLrub,BMLrub/rub068/0001_treadmill_fast_stageii.csv,120.04801920768381,60.0,2000,1000,16.666666666666668,22.13,3,5.463333333333331,true
AMASS:BMLrub/rub084/0003_treadmill_jog_stageii.csv,AMASS,BMLrub,BMLrub/rub084/0003_treadmill_jog_stageii.csv,120.04801920768381,60.0,2000,1000,16.666666666666668,22.13,3,5.463333333333331,true
AMASS:BMLrub/rub072/0003_treadmill_jog_stageii.csv,AMASS,BMLrub,BMLrub/rub072/0003_treadmill_jog_stageii.csv,120.04801920768381,60.0,2000,1000,16.666666666666668,22.13,3,5.463333333333331,true
AMASS:BMLrub/rub074/0000_treadmill_norm_stageii.csv,AMASS,BMLrub,BMLrub/rub074/0000_treadmill_norm_stageii.csv,120.04801920768381,60.0,2000,1000,16.666666666666668,22.13,3,5.463333333333331,true
AMASS:BMLrub/rub105/0003_treadmill_jog_stageii.csv,AMASS,BMLrub,BMLrub/rub105/0003_treadmill_jog_stageii.csv,120.04801920768381,60.0,2000,1000,16.666666666666668,22.13,3,5.463333333333331,true
AMASS:BMLrub/rub072/0000_treadmill_norm_stageii.csv,AMASS,BMLrub,BMLrub/rub072/0000_treadmill_norm_stageii.csv,120.04801920768381,60.0,2000,1000,16.666666666666668,22.1,3,5.433333333333334,true
AMASS:EyesJapanDataset/kawaguchi/sitdown_standup-01-impolite-kawaguchi_stageii.csv,AMASS,EyesJapanDataset,EyesJapanDataset/kawaguchi/sitdown_standup-01-impolite-kawaguchi_stageii.csv,120.04801920768381,60.0,2000,1000,16.666666666666668,22.1,40,5.433333333333334,true
AMASS:BMLrub/rub034/0000_treadmill_norm_stageii.csv,AMASS,BMLrub,BMLrub/rub034/0000_treadmill_norm_stageii.csv,120.04801920768381,60.0,2000,1000,16.666666666666668,22.1,3,5.433333333333334,true
AMASS:CMU/02/02_10_stageii.csv,AMASS,CMU,CMU/02/02_10_stageii.csv,120.04801920768381,60.0,2000,1000,16.666666666666668,22.07,66,5.403333333333332,true
AMASS:KIT/675/dry_left_arm_06_stageii.csv,AMASS,KIT,KIT/675/dry_left_arm_06_stageii.csv,100.00000000000213,60.0,2000,1200,20.0,25.37,75,5.370000000000001,true
AMASS:CMU/142/142_06_stageii.csv,AMASS,CMU,CMU/142/142_06_stageii.csv,120.04801920768381,60.0,2000,1000,16.666666666666668,22.034,66,5.367333333333331,true
AMASS:BMLrub/rub065/0002_treadmill_slow_stageii.csv,AMASS,BMLrub,BMLrub/rub065/0002_treadmill_slow_stageii.csv,120.04801920768381,60.0,2000,1000,16.666666666666668,22.03,3,5.363333333333333,true
AMASS:BMLrub/rub035/0002_treadmill_slow_stageii.csv,AMASS,BMLrub,BMLrub/rub035/0002_treadmill_slow_stageii.csv,120.04801920768381,60.0,2000,1000,16.666666666666668,22.03,3,5.363333333333333,true
AMASS:BMLrub/rub072/0002_treadmill_slow_stageii.csv,AMASS,BMLrub,BMLrub/rub072/0002_treadmill_slow_stageii.csv,120.04801920768381,60.0,2000,1000,16.666666666666668,22.03,3,5.363333333333333,true
AMASS:BMLrub/rub065/0000_treadmill_norm_stageii.csv,AMASS,BMLrub,BMLrub/rub065/0000_treadmill_norm_stageii.csv,120.04801920768381,60.0,2000,1000,16.666666666666668,22.0,3,5.333333333333332,true
AMASS:BMLrub/rub069/0003_treadmill_jog_stageii.csv,AMASS,BMLrub,BMLrub/rub069/0003_treadmill_jog_stageii.csv,120.04801920768381,60.0,2000,1000,16.666666666666668,22.0,3,5.333333333333332,true
AMASS:CMU/111/111_38_stageii.csv,AMASS,CMU,CMU/111/111_38_stageii.csv,120.04801920768381,60.0,2000,1000,16.666666666666668,22.0,16,5.333333333333332,true
AMASS:BMLrub/rub087/0002_treadmill_slow_stageii.csv,AMASS,BMLrub,BMLrub/rub087/0002_treadmill_slow_stageii.csv,120.04801920768381,60.0,2000,1000,16.666666666666668,21.93,3,5.263333333333332,true
AMASS:BMLrub/rub059/0001_treadmill_fast_stageii.csv,AMASS,BMLrub,BMLrub/rub059/0001_treadmill_fast_stageii.csv,120.04801920768381,60.0,2000,1000,16.666666666666668,21.93,3,5.263333333333332,true
AMASS:TotalCapture/s1/freestyle1_stageii.csv,AMASS,TotalCapture,TotalCapture/s1/freestyle1_stageii.csv,60.024009603841904,60.0,2000,2000,33.319999999999794,38.534,48,5.214000000000205,true
AMASS:BMLrub/rub078/0003_treadmill_jog_stageii.csv,AMASS,BMLrub,BMLrub/rub078/0003_treadmill_jog_stageii.csv,120.04801920768381,60.0,2000,1000,16.666666666666668,21.87,3,5.203333333333333,true
AMASS:BMLrub/rub102/0003_treadmill_jog_stageii.csv,AMASS,BMLrub,BMLrub/rub102/0003_treadmill_jog_stageii.csv,120.04801920768381,60.0,2000,1000,16.666666666666668,21.87,3,5.203333333333333,true
AMASS:BMLrub/rub067/0002_treadmill_slow_stageii.csv,AMASS,BMLrub,BMLrub/rub067/0002_treadmill_slow_stageii.csv,120.04801920768381,60.0,2000,1000,16.666666666666668,21.87,3,5.203333333333333,true
AMASS:BMLrub/rub106/0020_catching_and_throwing_stageii.csv,AMASS,BMLrub,BMLrub/rub106/0020_catching_and_throwing_stageii.csv,120.04801920768381,60.0,2000,1000,16.666666666666668,21.8,40,5.133333333333333,true
AMASS:BMLrub/rub106/0003_treadmill_jog_stageii.csv,AMASS,BMLrub,BMLrub/rub106/0003_treadmill_jog_stageii.csv,120.04801920768381,60.0,2000,1000,16.666666666666668,21.8,3,5.133333333333333,true
AMASS:EyesJapanDataset/yokoyama/karate-07-kakato_otoshi-yokoyama_stageii.csv,AMASS,EyesJapanDataset,EyesJapanDataset/yokoyama/karate-07-kakato_otoshi-yokoyama_stageii.csv,120.04801920768381,60.0,2000,1000,16.666666666666668,21.8,79,5.133333333333333,true
AMASS:BMLrub/rub065/0001_treadmill_fast_stageii.csv,AMASS,BMLrub,BMLrub/rub065/0001_treadmill_fast_stageii.csv,120.04801920768381,60.0,2000,1000,16.666666666666668,21.8,3,5.133333333333333,true
AMASS:BMLrub/rub106/0002_treadmill_slow_stageii.csv,AMASS,BMLrub,BMLrub/rub106/0002_treadmill_slow_stageii.csv,120.04801920768381,60.0,2000,1000,16.666666666666668,21.8,3,5.133333333333333,true
AMASS:CMU/01/01_08_stageii.csv,AMASS,CMU,CMU/01/01_08_stageii.csv,120.04801920768381,60.0,2000,1000,16.666666666666668,21.77,38,5.103333333333332,true
AMASS:BMLrub/rub070/0003_treadmill_jog_stageii.csv,AMASS,BMLrub,BMLrub/rub070/0003_treadmill_jog_stageii.csv,120.04801920768381,60.0,2000,1000,16.666666666666668,21.77,3,5.103333333333332,true
AMASS:BMLrub/rub031/0027_catching_and_throwing_stageii.csv,AMASS,BMLrub,BMLrub/rub031/0027_catching_and_throwing_stageii.csv,120.04801920768381,60.0,2000,1000,16.666666666666668,21.77,83,5.103333333333332,true
AMASS:BMLrub/rub036/0002_treadmill_slow_stageii.csv,AMASS,BMLrub,BMLrub/rub036/0002_treadmill_slow_stageii.csv,120.04801920768381,60.0,2000,1000,16.666666666666668,21.77,19,5.103333333333332,true
AMASS:BMLrub/rub034/0002_treadmill_slow_stageii.csv,AMASS,BMLrub,BMLrub/rub034/0002_treadmill_slow_stageii.csv,120.04801920768381,60.0,2000,1000,16.666666666666668,21.77,3,5.103333333333332,true
AMASS:BMLrub/rub075/0000_treadmill_norm_stageii.csv,AMASS,BMLrub,BMLrub/rub075/0000_treadmill_norm_stageii.csv,120.04801920768381,60.0,2000,1000,16.666666666666668,21.7,3,5.033333333333331,true
AMASS:BMLrub/rub069/0001_treadmill_fast_stageii.csv,AMASS,BMLrub,BMLrub/rub069/0001_treadmill_fast_stageii.csv,120.04801920768381,60.0,2000,1000,16.666666666666668,21.7,3,5.033333333333331,true
AMASS:BMLrub/rub051/0021_catching_and_throwing_stageii.csv,AMASS,BMLrub,BMLrub/rub051/0021_catching_and_throwing_stageii.csv,120.04801920768381,60.0,2000,1000,16.666666666666668,21.67,57,5.003333333333334,true
AMASS:CMU/126/126_01_stageii.csv,AMASS,CMU,CMU/126/126_01_stageii.csv,120.04801920768381,60.0,2000,1000,16.666666666666668,21.634,6,4.9673333333333325,true
AMASS:BMLrub/rub078/0027_circle_walk_stageii.csv,AMASS,BMLrub,BMLrub/rub078/0027_circle_walk_stageii.csv,120.04801920768381,60.0,2000,1000,16.666666666666668,21.63,3,4.963333333333331,true
AMASS:BMLrub/rub078/0000_treadmill_norm_stageii.csv,AMASS,BMLrub,BMLrub/rub078/0000_treadmill_norm_stageii.csv,120.04801920768381,60.0,2000,1000,16.666666666666668,21.57,3,4.903333333333332,true
AMASS:BMLrub/rub010/0020_catching_and_throwing_stageii.csv,AMASS,BMLrub,BMLrub/rub010/0020_catching_and_throwing_stageii.csv,120.04801920768381,60.0,2000,1000,16.666666666666668,21.57,78,4.903333333333332,true
AMASS:KIT/3/Preparing_the_dough06_stageii.csv,AMASS,KIT,KIT/3/Preparing_the_dough06_stageii.csv,100.00000000000213,60.0,2000,1200,20.0,24.9,49,4.899999999999999,true
AMASS:CMU/91/91_07_stageii.csv,AMASS,CMU,CMU/91/91_07_stageii.csv,120.04801920768381,60.0,2000,1000,16.666666666666668,21.534,10,4.867333333333331,true
AMASS:MPIHDM05/tr/HDM_tr_03-11_02_120_stageii.csv,AMASS,MPIHDM05,MPIHDM05/tr/HDM_tr_03-11_02_120_stageii.csv,120.04801920768381,60.0,2000,1000,16.666666666666668,21.534,109,4.867333333333331,true
AMASS:BMLrub/rub061/0003_treadmill_jog_stageii.csv,AMASS,BMLrub,BMLrub/rub061/0003_treadmill_jog_stageii.csv,120.04801920768381,60.0,2000,1000,16.666666666666668,21.53,3,4.863333333333333,true
AMASS:BMLrub/rub103/0002_treadmill_slow_stageii.csv,AMASS,BMLrub,BMLrub/rub103/0002_treadmill_slow_stageii.csv,120.04801920768381,60.0,2000,1000,16.666666666666668,21.5,3,4.833333333333332,true
AMASS:BMLrub/rub059/0003_treadmill_jog_stageii.csv,AMASS,BMLrub,BMLrub/rub059/0003_treadmill_jog_stageii.csv,120.04801920768381,60.0,2000,1000,16.666666666666668,21.5,3,4.833333333333332,true
AMASS:BMLrub/rub036/0001_treadmill_fast_stageii.csv,AMASS,BMLrub,BMLrub/rub036/0001_treadmill_fast_stageii.csv,120.04801920768381,60.0,2000,1000,16.666666666666668,21.5,3,4.833333333333332,true
AMASS:BMLrub/rub029/0003_treadmill_jog_stageii.csv,AMASS,BMLrub,BMLrub/rub029/0003_treadmill_jog_stageii.csv,120.04801920768381,60.0,2000,1000,16.666666666666668,21.47,3,4.803333333333331,true
AMASS:SFU/0005/0005_2FeetJump001_stageii.csv,AMASS,SFU,SFU/0005/0005_2FeetJump001_stageii.csv,120.04801920768381,60.0,2000,1000,16.666666666666668,21.47,50,4.803333333333331,true
AMASS:BMLrub/rub037/0002_treadmill_slow_stageii.csv,AMASS,BMLrub,BMLrub/rub037/0002_treadmill_slow_stageii.csv,120.04801920768381,60.0,2000,1000,16.666666666666668,21.47,3,4.803333333333331,true
AMASS:CMU/30/30_14_stageii.csv,AMASS,CMU,CMU/30/30_14_stageii.csv,120.04801920768381,60.0,2000,1000,16.666666666666668,21.47,73,4.803333333333331,true
AMASS:MPImosh/50007/stretches_stageii.csv,AMASS,MPImosh,MPImosh/50007/stretches_stageii.csv,120.04801920768381,60.0,2000,1000,16.666666666666668,21.434,15,4.767333333333333,true
AMASS:BMLrub/rub066/0003_treadmill_jog_stageii.csv,AMASS,BMLrub,BMLrub/rub066/0003_treadmill_jog_stageii.csv,120.04801920768381,60.0,2000,1000,16.666666666666668,21.4,3,4.733333333333331,true
AMASS:BMLrub/rub060/0003_treadmill_jog_stageii.csv,AMASS,BMLrub,BMLrub/rub060/0003_treadmill_jog_stageii.csv,120.04801920768381,60.0,2000,1000,16.666666666666668,21.4,3,4.733333333333331,true
AMASS:BMLrub/rub079/0002_treadmill_slow_stageii.csv,AMASS,BMLrub,BMLrub/rub079/0002_treadmill_slow_stageii.csv,120.04801920768381,60.0,2000,1000,16.666666666666668,21.4,3,4.733333333333331,true
AMASS:BMLrub/rub028/0021_catching_and_throwing_stageii.csv,AMASS,BMLrub,BMLrub/rub028/0021_catching_and_throwing_stageii.csv,120.04801920768381,60.0,2000,1000,16.666666666666668,21.4,62,4.733333333333331,true
AMASS:BMLrub/rub047/0003_treadmill_jog_stageii.csv,AMASS,BMLrub,BMLrub/rub047/0003_treadmill_jog_stageii.csv,120.04801920768381,60.0,2000,1000,16.666666666666668,21.37,3,4.703333333333333,true
AMASS:BMLrub/rub100/0021_catching_and_throwing_stageii.csv,AMASS,BMLrub,BMLrub/rub100/0021_catching_and_throwing_stageii.csv,120.04801920768381,60.0,2000,1000,16.666666666666668,21.37,37,4.703333333333333,true
AMASS:BMLrub/rub067/0030_scamper_stageii.csv,AMASS,BMLrub,BMLrub/rub067/0030_scamper_stageii.csv,120.04801920768381,60.0,2000,1000,16.666666666666668,21.334,32,4.667333333333332,true
AMASS:BMLrub/rub103/0001_treadmill_fast_stageii.csv,AMASS,BMLrub,BMLrub/rub103/0001_treadmill_fast_stageii.csv,120.04801920768381,60.0,2000,1000,16.666666666666668,21.3,3,4.633333333333333,true
AMASS:BMLrub/rub069/0021_catching_and_throwing_stageii.csv,AMASS,BMLrub,BMLrub/rub069/0021_catching_and_throwing_stageii.csv,120.04801920768381,60.0,2000,1000,16.666666666666668,21.3,68,4.633333333333333,true
AMASS:BMLrub/rub075/0002_treadmill_slow_stageii.csv,AMASS,BMLrub,BMLrub/rub075/0002_treadmill_slow_stageii.csv,120.04801920768381,60.0,2000,1000,16.666666666666668,21.3,14,4.633333333333333,true
AMASS:BMLrub/rub103/0003_treadmill_jog_stageii.csv,AMASS,BMLrub,BMLrub/rub103/0003_treadmill_jog_stageii.csv,120.04801920768381,60.0,2000,1000,16.666666666666668,21.3,3,4.633333333333333,true
AMASS:CMU/85/85_04_stageii.csv,AMASS,CMU,CMU/85/85_04_stageii.csv,120.04801920768381,60.0,2000,1000,16.666666666666668,21.3,4,4.633333333333333,true
AMASS:BMLrub/rub029/0001_treadmill_fast_stageii.csv,AMASS,BMLrub,BMLrub/rub029/0001_treadmill_fast_stageii.csv,120.04801920768381,60.0,2000,1000,16.666666666666668,21.3,3,4.633333333333333,true
AMASS:BMLrub/rub062/0000_treadmill_norm_stageii.csv,AMASS,BMLrub,BMLrub/rub062/0000_treadmill_norm_stageii.csv,120.04801920768381,60.0,2000,1000,16.666666666666668,21.3,3,4.633333333333333,true
AMASS:BMLrub/rub063/0000_treadmill_norm_stageii.csv,AMASS,BMLrub,BMLrub/rub063/0000_treadmill_norm_stageii.csv,120.04801920768381,60.0,2000,1000,16.666666666666668,21.3,3,4.633333333333333,true
AMASS:CMU/137/137_36_stageii.csv,AMASS,CMU,CMU/137/137_36_stageii.csv,120.04801920768381,60.0,2000,1000,16.666666666666668,21.3,38,4.633333333333333,true
AMASS:BMLrub/rub035/0000_treadmill_norm_stageii.csv,AMASS,BMLrub,BMLrub/rub035/0000_treadmill_norm_stageii.csv,120.04801920768381,60.0,2000,1000,16.666666666666668,21.27,3,4.603333333333332,true
AMASS:CMU/80/80_63_stageii.csv,AMASS,CMU,CMU/80/80_63_stageii.csv,60.024009603841904,60.0,2000,2000,33.319999999999794,37.9,12,4.580000000000204,true
AMASS:BMLrub/rub061/0000_treadmill_norm_stageii.csv,AMASS,BMLrub,BMLrub/rub061/0000_treadmill_norm_stageii.csv,120.04801920768381,60.0,2000,1000,16.666666666666668,21.23,3,4.563333333333333,true
AMASS:BMLrub/rub079/0000_treadmill_norm_stageii.csv,AMASS,BMLrub,BMLrub/rub079/0000_treadmill_norm_stageii.csv,120.04801920768381,60.0,2000,1000,16.666666666666668,21.23,3,4.563333333333333,true
AMASS:BMLrub/rub061/0001_treadmill_fast_stageii.csv,AMASS,BMLrub,BMLrub/rub061/0001_treadmill_fast_stageii.csv,120.04801920768381,60.0,2000,1000,16.666666666666668,21.23,3,4.563333333333333,true
AMASS:CMU/60/60_13_stageii.csv,AMASS,CMU,CMU/60/60_13_stageii.csv,60.024009603841904,60.0,2000,2000,33.319999999999794,37.87,17,4.550000000000203,true
AMASS:EyesJapanDataset/aita/pose-19-funny-aita_stageii.csv,AMASS,EyesJapanDataset,EyesJapanDataset/aita/pose-19-funny-aita_stageii.csv,120.04801920768381,60.0,2000,1000,16.666666666666668,21.2,28,4.533333333333331,true
AMASS:EyesJapanDataset/kawaguchi/gesture_etc-39-giant_baba-kawaguchi_stageii.csv,AMASS,EyesJapanDataset,EyesJapanDataset/kawaguchi/gesture_etc-39-giant_baba-kawaguchi_stageii.csv,120.04801920768381,60.0,2000,1000,16.666666666666668,21.2,54,4.533333333333331,true
AMASS:SFU/0017/0017_JumpAndRoll001_stageii.csv,AMASS,SFU,SFU/0017/0017_JumpAndRoll001_stageii.csv,120.04801920768381,60.0,2000,1000,16.666666666666668,21.134,39,4.4673333333333325,true
AMASS:EyesJapanDataset/kawaguchi/pose-02-rest-kawaguchi_stageii.csv,AMASS,EyesJapanDataset,EyesJapanDataset/kawaguchi/pose-02-rest-kawaguchi_stageii.csv,120.04801920768381,60.0,2000,1000,16.666666666666668,21.134,76,4.4673333333333325,true
AMASS:BMLrub/rub077/0027_circle_walk_stageii.csv,AMASS,BMLrub,BMLrub/rub077/0027_circle_walk_stageii.csv,120.04801920768381,60.0,2000,1000,16.666666666666668,21.13,4,4.463333333333331,true
AMASS:MPIHDM05/bk/HDM_bk_02-03_01_120_stageii.csv,AMASS,MPIHDM05,MPIHDM05/bk/HDM_bk_02-03_01_120_stageii.csv,120.04801920768381,60.0,2000,1000,16.666666666666668,21.1,79,4.433333333333334,true
AMASS:BMLrub/rub022/0020_catching_and_throwing_stageii.csv,AMASS,BMLrub,BMLrub/rub022/0020_catching_and_throwing_stageii.csv,120.04801920768381,60.0,2000,1000,16.666666666666668,21.1,70,4.433333333333334,true
AMASS:BMLrub/rub105/0002_treadmill_slow_stageii.csv,AMASS,BMLrub,BMLrub/rub105/0002_treadmill_slow_stageii.csv,120.04801920768381,60.0,2000,1000,16.666666666666668,21.1,3,4.433333333333334,true
AMASS:BMLrub/rub070/0000_treadmill_norm_stageii.csv,AMASS,BMLrub,BMLrub/rub070/0000_treadmill_norm_stageii.csv,120.04801920768381,60.0,2000,1000,16.666666666666668,21.07,3,4.403333333333332,true
AMASS:EyesJapanDataset/kawaguchi/greeting-03-election-kawaguchi_stageii.csv,AMASS,EyesJapanDataset,EyesJapanDataset/kawaguchi/greeting-03-election-kawaguchi_stageii.csv,120.04801920768381,60.0,2000,1000,16.666666666666668,21.034,19,4.367333333333331,true
AMASS:BMLrub/rub014/0027_circle_walk_stageii.csv,AMASS,BMLrub,BMLrub/rub014/0027_circle_walk_stageii.csv,120.04801920768381,60.0,2000,1000,16.666666666666668,21.034,15,4.367333333333331,true
AMASS:BMLrub/rub071/0002_treadmill_slow_stageii.csv,AMASS,BMLrub,BMLrub/rub071/0002_treadmill_slow_stageii.csv,120.04801920768381,60.0,2000,1000,16.666666666666668,21.03,3,4.363333333333333,true
AMASS:BMLrub/rub029/0000_treadmill_norm_stageii.csv,AMASS,BMLrub,BMLrub/rub029/0000_treadmill_norm_stageii.csv,120.04801920768381,60.0,2000,1000,16.666666666666668,21.0,3,4.333333333333332,true
AMASS:CMU/126/126_07_stageii.csv,AMASS,CMU,CMU/126/126_07_stageii.csv,120.04801920768381,60.0,2000,1000,16.666666666666668,20.97,3,4.303333333333331,true
AMASS:BMLrub/rub071/0003_treadmill_jog_stageii.csv,AMASS,BMLrub,BMLrub/rub071/0003_treadmill_jog_stageii.csv,120.04801920768381,60.0,2000,1000,16.666666666666668,20.97,3,4.303333333333331,true
AMASS:BMLrub/rub015/0003_treadmill_jog_stageii.csv,AMASS,BMLrub,BMLrub/rub015/0003_treadmill_jog_stageii.csv,120.04801920768381,60.0,2000,1000,16.666666666666668,20.97,3,4.303333333333331,true
AMASS:BMLrub/rub058/0003_treadmill_jog_stageii.csv,AMASS,BMLrub,BMLrub/rub058/0003_treadmill_jog_stageii.csv,120.04801920768381,60.0,2000,1000,16.666666666666668,20.93,3,4.263333333333332,true
AMASS:CMU/126/126_06_stageii.csv,AMASS,CMU,CMU/126/126_06_stageii.csv,120.04801920768381,60.0,2000,1000,16.666666666666668,20.9,9,4.233333333333331,true
AMASS:BMLrub/rub015/0022_catching_and_throwing_stageii.csv,AMASS,BMLrub,BMLrub/rub015/0022_catching_and_throwing_stageii.csv,120.04801920768381,60.0,2000,1000,16.666666666666668,20.834,42,4.167333333333332,true
AMASS:BMLrub/rub064/0000_treadmill_norm_stageii.csv,AMASS,BMLrub,BMLrub/rub064/0000_treadmill_norm_stageii.csv,120.04801920768381,60.0,2000,1000,16.666666666666668,20.83,3,4.16333333333333,true
AMASS:BMLrub/rub070/0001_treadmill_fast_stageii.csv,AMASS,BMLrub,BMLrub/rub070/0001_treadmill_fast_stageii.csv,120.04801920768381,60.0,2000,1000,16.666666666666668,20.83,3,4.16333333333333,true
AMASS:KIT/675/double_pour_and_mixing03_stageii.csv,AMASS,KIT,KIT/675/double_pour_and_mixing03_stageii.csv,100.00000000000213,60.0,2000,1200,20.0,24.134,21,4.134,true
AMASS:MPImosh/50025/hips_stageii.csv,AMASS,MPImosh,MPImosh/50025/hips_stageii.csv,120.04801920768381,60.0,2000,1000,16.666666666666668,20.8,3,4.133333333333333,true
AMASS:BMLrub/rub064/0001_treadmill_fast_stageii.csv,AMASS,BMLrub,BMLrub/rub064/0001_treadmill_fast_stageii.csv,120.04801920768381,60.0,2000,1000,16.666666666666668,20.77,3,4.103333333333332,true
AMASS:CMU/137/137_35_stageii.csv,AMASS,CMU,CMU/137/137_35_stageii.csv,120.04801920768381,60.0,2000,1000,16.666666666666668,20.77,44,4.103333333333332,true
AMASS:CMU/60/60_01_stageii.csv,AMASS,CMU,CMU/60/60_01_stageii.csv,60.024009603841904,60.0,2000,2000,33.319999999999794,37.37,77,4.050000000000203,true
AMASS:CMU/61/61_01_stageii.csv,AMASS,CMU,CMU/61/61_01_stageii.csv,60.024009603841904,60.0,2000,2000,33.319999999999794,37.37,11,4.050000000000203,true
AMASS:BMLrub/rub015/0028_circle_walk_stageii.csv,AMASS,BMLrub,BMLrub/rub015/0028_circle_walk_stageii.csv,120.04801920768381,60.0,2000,1000,16.666666666666668,20.7,4,4.033333333333331,true
AMASS:BMLrub/rub025/0003_treadmill_jog_stageii.csv,AMASS,BMLrub,BMLrub/rub025/0003_treadmill_jog_stageii.csv,120.04801920768381,60.0,2000,1000,16.666666666666668,20.6,3,3.9333333333333336,true
AMASS:BMLrub/rub109/0030_scamper_stageii.csv,AMASS,BMLrub,BMLrub/rub109/0030_scamper_stageii.csv,120.04801920768381,60.0,2000,1000,16.666666666666668,20.6,48,3.9333333333333336,true
AMASS:BMLrub/rub060/0002_treadmill_slow_stageii.csv,AMASS,BMLrub,BMLrub/rub060/0002_treadmill_slow_stageii.csv,120.04801920768381,60.0,2000,1000,16.666666666666668,20.6,3,3.9333333333333336,true
AMASS:MPImosh/00093/stretches_stageii.csv,AMASS,MPImosh,MPImosh/00093/stretches_stageii.csv,120.04801920768381,60.0,2000,1000,16.666666666666668,20.6,125,3.9333333333333336,true
AMASS:CMU/137/137_09_stageii.csv,AMASS,CMU,CMU/137/137_09_stageii.csv,120.04801920768381,60.0,2000,1000,16.666666666666668,20.6,25,3.9333333333333336,true
AMASS:MPILimits/03101/ulr1b_stageii.csv,AMASS,MPILimits,MPILimits/03101/ulr1b_stageii.csv,120.04801920768381,60.0,2000,1000,16.666666666666668,20.57,45,3.9033333333333324,true
AMASS:BMLrub/rub037/0001_treadmill_fast_stageii.csv,AMASS,BMLrub,BMLrub/rub037/0001_treadmill_fast_stageii.csv,120.04801920768381,60.0,2000,1000,16.666666666666668,20.57,3,3.9033333333333324,true
AMASS:BMLmovi/Subject_89_F_MoSh/Subject_89_F_1_stageii.csv,AMASS,BMLmovi,BMLmovi/Subject_89_F_MoSh/Subject_89_F_1_stageii.csv,120.04801920768381,60.0,2000,1000,16.666666666666668,20.57,29,3.9033333333333324,true
AMASS:CMU/13/13_30_stageii.csv,AMASS,CMU,CMU/13/13_30_stageii.csv,120.04801920768381,60.0,2000,1000,16.666666666666668,20.57,25,3.9033333333333324,true
AMASS:BMLrub/rub060/0001_treadmill_fast_stageii.csv,AMASS,BMLrub,BMLrub/rub060/0001_treadmill_fast_stageii.csv,120.04801920768381,60.0,2000,1000,16.666666666666668,20.53,3,3.8633333333333333,true
AMASS:CMU/144/144_01_stageii.csv,AMASS,CMU,CMU/144/144_01_stageii.csv,120.04801920768381,60.0,2000,1000,16.666666666666668,20.5,54,3.833333333333332,true
AMASS:CMU/135/135_05_stageii.csv,AMASS,CMU,CMU/135/135_05_stageii.csv,120.04801920768381,60.0,2000,1000,16.666666666666668,20.5,12,3.833333333333332,true
AMASS:BMLrub/rub064/0002_treadmill_slow_stageii.csv,AMASS,BMLrub,BMLrub/rub064/0002_treadmill_slow_stageii.csv,120.04801920768381,60.0,2000,1000,16.666666666666668,20.5,3,3.833333333333332,true
AMASS:KIT/441/PizzaDelivery03_stageii.csv,AMASS,KIT,KIT/441/PizzaDelivery03_stageii.csv,100.00000000000213,60.0,2000,1200,20.0,23.77,69,3.7699999999999996,true
AMASS:MPIHDM05/mm/HDM_mm_02-01_02_120_stageii.csv,AMASS,MPIHDM05,MPIHDM05/mm/HDM_mm_02-01_02_120_stageii.csv,120.04801920768381,60.0,2000,1000,16.666666666666668,20.434,93,3.767333333333333,true
AMASS:BMLrub/rub058/0001_treadmill_fast_stageii.csv,AMASS,BMLrub,BMLrub/rub058/0001_treadmill_fast_stageii.csv,120.04801920768381,60.0,2000,1000,16.666666666666668,20.43,4,3.763333333333332,true
AMASS:BMLrub/rub057/0000_treadmill_norm_stageii.csv,AMASS,BMLrub,BMLrub/rub057/0000_treadmill_norm_stageii.csv,120.04801920768381,60.0,2000,1000,16.666666666666668,20.43,3,3.763333333333332,true
AMASS:CMU/135/135_11_stageii.csv,AMASS,CMU,CMU/135/135_11_stageii.csv,120.04801920768381,60.0,2000,1000,16.666666666666668,20.4,6,3.7333333333333307,true
AMASS:BMLrub/rub058/0030_scamper_stageii.csv,AMASS,BMLrub,BMLrub/rub058/0030_scamper_stageii.csv,120.04801920768381,60.0,2000,1000,16.666666666666668,20.4,50,3.7333333333333307,true
AMASS:BMLrub/rub098/0021_catching_and_throwing_stageii.csv,AMASS,BMLrub,BMLrub/rub098/0021_catching_and_throwing_stageii.csv,120.04801920768381,60.0,2000,1000,16.666666666666668,20.37,43,3.703333333333333,true
AMASS:BMLrub/rub049/0001_treadmill_slow_stageii.csv,AMASS,BMLrub,BMLrub/rub049/0001_treadmill_slow_stageii.csv,120.04801920768381,60.0,2000,1000,16.666666666666668,20.33,3,3.6633333333333304,true
AMASS:BMLrub/rub080/0027_circle_walk_stageii.csv,AMASS,BMLrub,BMLrub/rub080/0027_circle_walk_stageii.csv,120.04801920768381,60.0,2000,1000,16.666666666666668,20.3,4,3.633333333333333,true
AMASS:MPIHDM05/dg/HDM_dg_02-03_01_120_stageii.csv,AMASS,MPIHDM05,MPIHDM05/dg/HDM_dg_02-03_01_120_stageii.csv,120.04801920768381,60.0,2000,1000,16.666666666666668,20.3,84,3.633333333333333,true
AMASS:BMLrub/rub052/0003_treadmill_jog_stageii.csv,AMASS,BMLrub,BMLrub/rub052/0003_treadmill_jog_stageii.csv,120.04801920768381,60.0,2000,1000,16.666666666666668,20.27,3,3.6033333333333317,true
AMASS:BMLrub/rub102/0002_treadmill_slow_stageii.csv,AMASS,BMLrub,BMLrub/rub102/0002_treadmill_slow_stageii.csv,120.04801920768381,60.0,2000,1000,16.666666666666668,20.23,3,3.5633333333333326,true
AMASS:KIT/675/dry_left_arm_04_stageii.csv,AMASS,KIT,KIT/675/dry_left_arm_04_stageii.csv,100.00000000000213,60.0,2000,1200,20.0,23.534,64,3.533999999999999,true
AMASS:BMLrub/rub069/0002_treadmill_slow_stageii.csv,AMASS,BMLrub,BMLrub/rub069/0002_treadmill_slow_stageii.csv,120.04801920768381,60.0,2000,1000,16.666666666666668,20.2,3,3.5333333333333314,true
AMASS:CMU/126/126_12_stageii.csv,AMASS,CMU,CMU/126/126_12_stageii.csv,120.04801920768381,60.0,2000,1000,16.666666666666668,20.17,3,3.503333333333334,true
AMASS:EyesJapanDataset/kawaguchi/gesture_etc-35-west_side-kawaguchi_stageii.csv,AMASS,EyesJapanDataset,EyesJapanDataset/kawaguchi/gesture_etc-35-west_side-kawaguchi_stageii.csv,120.04801920768381,60.0,2000,1000,16.666666666666668,20.17,21,3.503333333333334,true
AMASS:KIT/572/dance_waltz12_stageii.csv,AMASS,KIT,KIT/572/dance_waltz12_stageii.csv,100.00000000000213,60.0,2000,1200,20.0,23.5,94,3.5,true
AMASS:BMLrub/rub047/0001_treadmill_fast_stageii.csv,AMASS,BMLrub,BMLrub/rub047/0001_treadmill_fast_stageii.csv,120.04801920768381,60.0,2000,1000,16.666666666666668,20.13,3,3.463333333333331,true
AMASS:BMLrub/rub046/0002_treadmill_slow_stageii.csv,AMASS,BMLrub,BMLrub/rub046/0002_treadmill_slow_stageii.csv,120.04801920768381,60.0,2000,1000,16.666666666666668,20.13,3,3.463333333333331,true
AMASS:BMLrub/rub047/0002_treadmill_slow_stageii.csv,AMASS,BMLrub,BMLrub/rub047/0002_treadmill_slow_stageii.csv,120.04801920768381,60.0,2000,1000,16.666666666666668,20.1,3,3.4333333333333336,true
AMASS:ACCAD/Male2MartialArtsExtended_c3d/Extended_1_stageii.csv,AMASS,ACCAD,ACCAD/Male2MartialArtsExtended_c3d/Extended_1_stageii.csv,120.04801920768381,60.0,2000,1000,16.666666666666668,20.07,18,3.4033333333333324,true
AMASS:EyesJapanDataset/kawaguchi/sitdown_standup-11-one_knee_drawn_up-kawaguchi_stageii.csv,AMASS,EyesJapanDataset,EyesJapanDataset/kawaguchi/sitdown_standup-11-one_knee_drawn_up-kawaguchi_stageii.csv,120.04801920768381,60.0,2000,1000,16.666666666666668,20.034,29,3.367333333333331,true
AMASS:EyesJapanDataset/aita/throw_toss-03-under-aita_stageii.csv,AMASS,EyesJapanDataset,EyesJapanDataset/aita/throw_toss-03-under-aita_stageii.csv,120.04801920768381,60.0,2000,1000,16.666666666666668,20.034,24,3.367333333333331,true
AMASS:BMLrub/rub102/0001_treadmill_fast_stageii.csv,AMASS,BMLrub,BMLrub/rub102/0001_treadmill_fast_stageii.csv,120.04801920768381,60.0,2000,1000,16.666666666666668,20.03,3,3.3633333333333333,true
AMASS:BMLrub/rub039/0027_circle_walk_stageii.csv,AMASS,BMLrub,BMLrub/rub039/0027_circle_walk_stageii.csv,120.04801920768381,60.0,2000,1000,16.666666666666668,20.03,4,3.3633333333333333,true
AMASS:KIT/675/dry_right_arm_015_stageii.csv,AMASS,KIT,KIT/675/dry_right_arm_015_stageii.csv,100.00000000000213,60.0,2000,1200,20.0,23.334,44,3.3339999999999996,true
AMASS:EyesJapanDataset/takiguchi/walk-05-backward-takiguchi_stageii.csv,AMASS,EyesJapanDataset,EyesJapanDataset/takiguchi/walk-05-backward-takiguchi_stageii.csv,120.04801920768381,60.0,2000,1000,16.666666666666668,20.0,56,3.333333333333332,true
AMASS:BMLrub/rub024/0001_treadmill_fast_stageii.csv,AMASS,BMLrub,BMLrub/rub024/0001_treadmill_fast_stageii.csv,120.04801920768381,60.0,2000,1000,16.666666666666668,20.0,3,3.333333333333332,true
AMASS:ACCAD/Female1General_c3d/A11_-_crawl_forward_stageii.csv,AMASS,ACCAD,ACCAD/Female1General_c3d/A11_-_crawl_forward_stageii.csv,120.04801920768381,60.0,2000,1000,16.666666666666668,20.0,18,3.333333333333332,true
AMASS:BMLrub/rub055/0000_treadmill_norm_stageii.csv,AMASS,BMLrub,BMLrub/rub055/0000_treadmill_norm_stageii.csv,120.04801920768381,60.0,2000,1000,16.666666666666668,20.0,3,3.333333333333332,true
AMASS:KIT/675/dry_left_arm_11_stageii.csv,AMASS,KIT,KIT/675/dry_left_arm_11_stageii.csv,100.00000000000213,60.0,2000,1200,20.0,23.333,42,3.3329999999999984,true
AMASS:CMU/13/13_10_stageii.csv,AMASS,CMU,CMU/13/13_10_stageii.csv,120.04801920768381,60.0,2000,1000,16.666666666666668,19.97,10,3.303333333333331,true
AMASS:BMLrub/rub049/0000_treadmill_norm_stageii.csv,AMASS,BMLrub,BMLrub/rub049/0000_treadmill_norm_stageii.csv,120.04801920768381,60.0,2000,1000,16.666666666666668,19.97,3,3.303333333333331,true
AMASS:BMLrub/rub057/0001_treadmill_fast_stageii.csv,AMASS,BMLrub,BMLrub/rub057/0001_treadmill_fast_stageii.csv,120.04801920768381,60.0,2000,1000,16.666666666666668,19.97,3,3.303333333333331,true
AMASS:KIT/675/dry_right_arm_005_stageii.csv,AMASS,KIT,KIT/675/dry_right_arm_005_stageii.csv,100.00000000000213,60.0,2000,1200,20.0,23.3,49,3.3000000000000007,true
AMASS:EyesJapanDataset/kawaguchi/throw_toss-17-pass_to_back_light-kawaguchi_stageii.csv,AMASS,EyesJapanDataset,EyesJapanDataset/kawaguchi/throw_toss-17-pass_to_back_light-kawaguchi_stageii.csv,120.04801920768381,60.0,2000,1000,16.666666666666668,19.93,5,3.263333333333332,true
AMASS:MPImosh/50027/misc_dancing_hiphop_stageii.csv,AMASS,MPImosh,MPImosh/50027/misc_dancing_hiphop_stageii.csv,120.04801920768381,60.0,2000,1000,16.666666666666668,19.9,26,3.2333333333333307,true
AMASS:BMLrub/rub050/0003_treadmill_jog_stageii.csv,AMASS,BMLrub,BMLrub/rub050/0003_treadmill_jog_stageii.csv,120.04801920768381,60.0,2000,1000,16.666666666666668,19.9,3,3.2333333333333307,true
AMASS:CMU/30/30_02_stageii.csv,AMASS,CMU,CMU/30/30_02_stageii.csv,120.04801920768381,60.0,2000,1000,16.666666666666668,19.87,39,3.203333333333333,true
AMASS:KIT/1226/Trial_83_stageii.csv,AMASS,KIT,KIT/1226/Trial_83_stageii.csv,100.00000000000213,60.0,2000,1200,20.0,23.2,63,3.1999999999999993,true
AMASS:SFU/0017/0017_WushuKicks001_stageii.csv,AMASS,SFU,SFU/0017/0017_WushuKicks001_stageii.csv,120.04801920768381,60.0,2000,1000,16.666666666666668,19.834,91,3.167333333333332,true
AMASS:BMLrub/rub052/0001_treadmill_fast_stageii.csv,AMASS,BMLrub,BMLrub/rub052/0001_treadmill_fast_stageii.csv,120.04801920768381,60.0,2000,1000,16.666666666666668,19.8,3,3.133333333333333,true
AMASS:BMLrub/rub023/0027_circle_walk_stageii.csv,AMASS,BMLrub,BMLrub/rub023/0027_circle_walk_stageii.csv,120.04801920768381,60.0,2000,1000,16.666666666666668,19.8,3,3.133333333333333,true
AMASS:BMLrub/rub054/0002_treadmill_slow_stageii.csv,AMASS,BMLrub,BMLrub/rub054/0002_treadmill_slow_stageii.csv,120.04801920768381,60.0,2000,1000,16.666666666666668,19.77,3,3.1033333333333317,true
AMASS:BMLrub/rub055/0002_treadmill_slow_stageii.csv,AMASS,BMLrub,BMLrub/rub055/0002_treadmill_slow_stageii.csv,120.04801920768381,60.0,2000,1000,16.666666666666668,19.77,3,3.1033333333333317,true
AMASS:KIT/442/drinking02_stageii.csv,AMASS,KIT,KIT/442/drinking02_stageii.csv,100.00000000000213,60.0,2000,1200,20.0,23.1,13,3.1000000000000014,true
AMASS:KIT/441/drinking02_stageii.csv,AMASS,KIT,KIT/441/drinking02_stageii.csv,100.00000000000213,60.0,2000,1200,20.0,23.1,10,3.1000000000000014,true
AMASS:BMLrub/rub055/0001_treadmill_fast_stageii.csv,AMASS,BMLrub,BMLrub/rub055/0001_treadmill_fast_stageii.csv,120.04801920768381,60.0,2000,1000,16.666666666666668,19.73,3,3.0633333333333326,true
AMASS:BMLrub/rub018/0027_circle_walk_stageii.csv,AMASS,BMLrub,BMLrub/rub018/0027_circle_walk_stageii.csv,120.04801920768381,60.0,2000,1000,16.666666666666668,19.73,3,3.0633333333333326,true
AMASS:KIT/912/912_3_18_stageii.csv,AMASS,KIT,KIT/912/912_3_18_stageii.csv,100.00000000000213,60.0,2000,1200,20.0,23.034,26,3.033999999999999,true
AMASS:KIT/3/912_3_18_stageii.csv,AMASS,KIT,KIT/3/912_3_18_stageii.csv,100.00000000000213,60.0,2000,1200,20.0,23.034,74,3.033999999999999,true
AMASS:BMLrub/rub023/0002_treadmill_slow_stageii.csv,AMASS,BMLrub,BMLrub/rub023/0002_treadmill_slow_stageii.csv,120.04801920768381,60.0,2000,1000,16.666666666666668,19.7,3,3.0333333333333314,true
AMASS:BMLrub/rub071/0021_catching_and_throwing_stageii.csv,AMASS,BMLrub,BMLrub/rub071/0021_catching_and_throwing_stageii.csv,120.04801920768381,60.0,2000,1000,16.666666666666668,19.67,76,3.003333333333334,true
AMASS:TCDhandMocap/ExperimentDatabase/FingerTP_stageii.csv,AMASS,TCDhandMocap,TCDhandMocap/ExperimentDatabase/FingerTP_stageii.csv,150.08254539997057,60.0,2000,800,13.333333333333334,16.33,4,2.9966666666666644,true
AMASS:BMLrub/rub053/0001_treadmill_fast_stageii.csv,AMASS,BMLrub,BMLrub/rub053/0001_treadmill_fast_stageii.csv,120.04801920768381,60.0,2000,1000,16.666666666666668,19.63,3,2.963333333333331,true
AMASS:BMLrub/rub027/0003_treadmill_jog_stageii.csv,AMASS,BMLrub,BMLrub/rub027/0003_treadmill_jog_stageii.csv,120.04801920768381,60.0,2000,1000,16.666666666666668,19.6,3,2.9333333333333336,true
AMASS:BMLrub/rub045/0000_treadmill_norm_stageii.csv,AMASS,BMLrub,BMLrub/rub045/0000_treadmill_norm_stageii.csv,120.04801920768381,60.0,2000,1000,16.666666666666668,19.57,3,2.9033333333333324,true
AMASS:BMLrub/rub073/0027_circle_walk_stageii.csv,AMASS,BMLrub,BMLrub/rub073/0027_circle_walk_stageii.csv,120.04801920768381,60.0,2000,1000,16.666666666666668,19.57,3,2.9033333333333324,true
AMASS:BMLrub/rub045/0002_treadmill_slow_stageii.csv,AMASS,BMLrub,BMLrub/rub045/0002_treadmill_slow_stageii.csv,120.04801920768381,60.0,2000,1000,16.666666666666668,19.57,3,2.9033333333333324,true
AMASS:BMLrub/rub033/0001_treadmill_fast_stageii.csv,AMASS,BMLrub,BMLrub/rub033/0001_treadmill_fast_stageii.csv,120.04801920768381,60.0,2000,1000,16.666666666666668,19.57,3,2.9033333333333324,true
AMASS:KIT/3/Transfuse07_stageii.csv,AMASS,KIT,KIT/3/Transfuse07_stageii.csv,100.00000000000213,60.0,2000,1200,20.0,22.9,18,2.8999999999999986,true
AMASS:BMLrub/rub018/0021_catching_and_throwing_stageii.csv,AMASS,BMLrub,BMLrub/rub018/0021_catching_and_throwing_stageii.csv,120.04801920768381,60.0,2000,1000,16.666666666666668,19.534,18,2.867333333333331,true
AMASS:BMLrub/rub023/0000_treadmill_norm_stageii.csv,AMASS,BMLrub,BMLrub/rub023/0000_treadmill_norm_stageii.csv,120.04801920768381,60.0,2000,1000,16.666666666666668,19.53,3,2.8633333333333333,true
AMASS:BMLrub/rub050/0000_treadmill_norm_stageii.csv,AMASS,BMLrub,BMLrub/rub050/0000_treadmill_norm_stageii.csv,120.04801920768381,60.0,2000,1000,16.666666666666668,19.53,3,2.8633333333333333,true
AMASS:BMLrub/rub032/0001_treadmill_fast_stageii.csv,AMASS,BMLrub,BMLrub/rub032/0001_treadmill_fast_stageii.csv,120.04801920768381,60.0,2000,1000,16.666666666666668,19.53,3,2.8633333333333333,true
AMASS:BMLrub/rub027/0000_treadmill_norm_stageii.csv,AMASS,BMLrub,BMLrub/rub027/0000_treadmill_norm_stageii.csv,120.04801920768381,60.0,2000,1000,16.666666666666668,19.5,3,2.833333333333332,true
AMASS:BMLrub/rub053/0000_treadmill_norm_stageii.csv,AMASS,BMLrub,BMLrub/rub053/0000_treadmill_norm_stageii.csv,120.04801920768381,60.0,2000,1000,16.666666666666668,19.43,3,2.763333333333332,true
AMASS:BMLrub/rub045/0003_treadmill_jog_stageii.csv,AMASS,BMLrub,BMLrub/rub045/0003_treadmill_jog_stageii.csv,120.04801920768381,60.0,2000,1000,16.666666666666668,19.4,3,2.7333333333333307,true
AMASS:BMLrub/rub046/0000_treadmill_norm_stageii.csv,AMASS,BMLrub,BMLrub/rub046/0000_treadmill_norm_stageii.csv,120.04801920768381,60.0,2000,1000,16.666666666666668,19.37,3,2.703333333333333,true
AMASS:BMLrub/rub048/0001_treadmill_fast_stageii.csv,AMASS,BMLrub,BMLrub/rub048/0001_treadmill_fast_stageii.csv,120.04801920768381,60.0,2000,1000,16.666666666666668,19.37,4,2.703333333333333,true
AMASS:CMU/144/144_02_stageii.csv,AMASS,CMU,CMU/144/144_02_stageii.csv,120.04801920768381,60.0,2000,1000,16.666666666666668,19.37,67,2.703333333333333,true
AMASS:KIT/441/PizzaDelivery04_stageii.csv,AMASS,KIT,KIT/441/PizzaDelivery04_stageii.csv,100.00000000000213,60.0,2000,1200,20.0,22.634,53,2.6340000000000003,true
AMASS:KIT/675/double_pour_and_mixing04_stageii.csv,AMASS,KIT,KIT/675/double_pour_and_mixing04_stageii.csv,100.00000000000213,60.0,2000,1200,20.0,22.634,56,2.6340000000000003,true
AMASS:KIT/442/PizzaDelivery04_stageii.csv,AMASS,KIT,KIT/442/PizzaDelivery04_stageii.csv,100.00000000000213,60.0,2000,1200,20.0,22.634,52,2.6340000000000003,true
AMASS:BMLrub/rub031/0003_treadmill_jog_stageii.csv,AMASS,BMLrub,BMLrub/rub031/0003_treadmill_jog_stageii.csv,120.04801920768381,60.0,2000,1000,16.666666666666668,19.3,3,2.633333333333333,true
AMASS:CMU/13/13_01_stageii.csv,AMASS,CMU,CMU/13/13_01_stageii.csv,120.04801920768381,60.0,2000,1000,16.666666666666668,19.3,36,2.633333333333333,true
AMASS:CMU/80/80_67_stageii.csv,AMASS,CMU,CMU/80/80_67_stageii.csv,60.024009603841904,60.0,2000,2000,33.319999999999794,35.934,97,2.6140000000002033,true
AMASS:CMU/32/32_19_stageii.csv,AMASS,CMU,CMU/32/32_19_stageii.csv,120.04801920768381,60.0,2000,1000,16.666666666666668,19.27,11,2.6033333333333317,true
AMASS:MPILimits/03099/op3_stageii.csv,AMASS,MPILimits,MPILimits/03099/op3_stageii.csv,120.04801920768381,60.0,2000,1000,16.666666666666668,19.27,21,2.6033333333333317,true
AMASS:CMU/32/32_04_stageii.csv,AMASS,CMU,CMU/32/32_04_stageii.csv,120.04801920768381,60.0,2000,1000,16.666666666666668,19.27,48,2.6033333333333317,true
AMASS:BMLrub/rub056/0021_catching_and_throwing_stageii.csv,AMASS,BMLrub,BMLrub/rub056/0021_catching_and_throwing_stageii.csv,120.04801920768381,60.0,2000,1000,16.666666666666668,19.234,52,2.567333333333334,true
AMASS:BMLrub/rub015/0002_treadmill_slow_stageii.csv,AMASS,BMLrub,BMLrub/rub015/0002_treadmill_slow_stageii.csv,120.04801920768381,60.0,2000,1000,16.666666666666668,19.23,3,2.5633333333333326,true
AMASS:BMLrub/rub053/0002_treadmill_slow_stageii.csv,AMASS,BMLrub,BMLrub/rub053/0002_treadmill_slow_stageii.csv,120.04801920768381,60.0,2000,1000,16.666666666666668,19.23,3,2.5633333333333326,true
AMASS:BMLrub/rub031/0002_treadmill_slow_stageii.csv,AMASS,BMLrub,BMLrub/rub031/0002_treadmill_slow_stageii.csv,120.04801920768381,60.0,2000,1000,16.666666666666668,19.23,3,2.5633333333333326,true
AMASS:BMLrub/rub048/0000_treadmill_norm_stageii.csv,AMASS,BMLrub,BMLrub/rub048/0000_treadmill_norm_stageii.csv,120.04801920768381,60.0,2000,1000,16.666666666666668,19.23,3,2.5633333333333326,true
AMASS:BMLrub/rub048/0002_treadmill_slow_stageii.csv,AMASS,BMLrub,BMLrub/rub048/0002_treadmill_slow_stageii.csv,120.04801920768381,60.0,2000,1000,16.666666666666668,19.2,3,2.5333333333333314,true
AMASS:BMLrub/rub053/0003_treadmill_jog_stageii.csv,AMASS,BMLrub,BMLrub/rub053/0003_treadmill_jog_stageii.csv,120.04801920768381,60.0,2000,1000,16.666666666666668,19.2,3,2.5333333333333314,true
AMASS:KIT/675/dry_right_arm_012_stageii.csv,AMASS,KIT,KIT/675/dry_right_arm_012_stageii.csv,100.00000000000213,60.0,2000,1200,20.0,22.5,42,2.5,true
AMASS:KIT/572/dance_waltz14_stageii.csv,AMASS,KIT,KIT/572/dance_waltz14_stageii.csv,100.00000000000213,60.0,2000,1200,20.0,22.47,159,2.469999999999999,true
AMASS:CMU/131/131_09_stageii.csv,AMASS,CMU,CMU/131/131_09_stageii.csv,120.04801920768381,60.0,2000,1000,16.666666666666668,19.134,11,2.4673333333333325,true
AMASS:BMLrub/rub111/0003_treadmill_jog_stageii.csv,AMASS,BMLrub,BMLrub/rub111/0003_treadmill_jog_stageii.csv,120.04801920768381,60.0,2000,1000,16.666666666666668,19.13,3,2.463333333333331,true
AMASS:BMLrub/rub060/0027_circle_walk1_stageii.csv,AMASS,BMLrub,BMLrub/rub060/0027_circle_walk1_stageii.csv,120.04801920768381,60.0,2000,1000,16.666666666666668,19.1,4,2.4333333333333336,true
AMASS:BMLrub/rub051/0002_treadmill_slow_stageii.csv,AMASS,BMLrub,BMLrub/rub051/0002_treadmill_slow_stageii.csv,120.04801920768381,60.0,2000,1000,16.666666666666668,19.1,3,2.4333333333333336,true
AMASS:BMLrub/rub024/0000_treadmill_norm_stageii.csv,AMASS,BMLrub,BMLrub/rub024/0000_treadmill_norm_stageii.csv,120.04801920768381,60.0,2000,1000,16.666666666666668,19.1,3,2.4333333333333336,true
AMASS:BMLrub/rub021/0001_treadmill_fast_stageii.csv,AMASS,BMLrub,BMLrub/rub021/0001_treadmill_fast_stageii.csv,120.04801920768381,60.0,2000,1000,16.666666666666668,19.07,3,2.4033333333333324,true
AMASS:CMU/144/144_28_stageii.csv,AMASS,CMU,CMU/144/144_28_stageii.csv,120.04801920768381,60.0,2000,1000,16.666666666666668,19.07,35,2.4033333333333324,true
AMASS:CMU/29/29_08_stageii.csv,AMASS,CMU,CMU/29/29_08_stageii.csv,120.04801920768381,60.0,2000,1000,16.666666666666668,19.034,41,2.367333333333331,true
AMASS:BMLrub/rub028/0001_treadmill_fast_stageii.csv,AMASS,BMLrub,BMLrub/rub028/0001_treadmill_fast_stageii.csv,120.04801920768381,60.0,2000,1000,16.666666666666668,19.03,3,2.3633333333333333,true
AMASS:BMLrub/rub051/0000_treadmill_norm_stageii.csv,AMASS,BMLrub,BMLrub/rub051/0000_treadmill_norm_stageii.csv,120.04801920768381,60.0,2000,1000,16.666666666666668,19.03,3,2.3633333333333333,true
AMASS:CMU/60/60_15_stageii.csv,AMASS,CMU,CMU/60/60_15_stageii.csv,60.024009603841904,60.0,2000,2000,33.319999999999794,35.67,16,2.3500000000002075,true
AMASS:CMU/61/61_15_stageii.csv,AMASS,CMU,CMU/61/61_15_stageii.csv,60.024009603841904,60.0,2000,2000,33.319999999999794,35.67,29,2.3500000000002075,true
AMASS:CMU/114/114_09_stageii.csv,AMASS,CMU,CMU/114/114_09_stageii.csv,120.04801920768381,60.0,2000,1000,16.666666666666668,19.0,36,2.333333333333332,true
AMASS:BMLrub/rub012/0000_treadmill_norm_stageii.csv,AMASS,BMLrub,BMLrub/rub012/0000_treadmill_norm_stageii.csv,120.04801920768381,60.0,2000,1000,16.666666666666668,18.97,9,2.303333333333331,true
AMASS:CMU/111/111_21_stageii.csv,AMASS,CMU,CMU/111/111_21_stageii.csv,120.04801920768381,60.0,2000,1000,16.666666666666668,18.97,12,2.303333333333331,true
AMASS:BMLrub/rub092/0026_scamper_stageii.csv,AMASS,BMLrub,BMLrub/rub092/0026_scamper_stageii.csv,120.04801920768381,60.0,2000,1000,16.666666666666668,18.97,36,2.303333333333331,true
AMASS:BMLrub/rub051/0030_scamper_stageii.csv,AMASS,BMLrub,BMLrub/rub051/0030_scamper_stageii.csv,120.04801920768381,60.0,2000,1000,16.666666666666668,18.934,24,2.267333333333333,true
AMASS:CMU/144/144_20_stageii.csv,AMASS,CMU,CMU/144/144_20_stageii.csv,120.04801920768381,60.0,2000,1000,16.666666666666668,18.934,12,2.267333333333333,true
AMASS:BMLrub/rub017/0021_catching_and_throwing_stageii.csv,AMASS,BMLrub,BMLrub/rub017/0021_catching_and_throwing_stageii.csv,120.04801920768381,60.0,2000,1000,16.666666666666668,18.9,75,2.2333333333333307,true
AMASS:BMLrub/rub104/0027_circle_walk_stageii.csv,AMASS,BMLrub,BMLrub/rub104/0027_circle_walk_stageii.csv,120.04801920768381,60.0,2000,1000,16.666666666666668,18.9,4,2.2333333333333307,true
AMASS:BMLrub/rub026/0027_circle_walk_stageii.csv,AMASS,BMLrub,BMLrub/rub026/0027_circle_walk_stageii.csv,120.04801920768381,60.0,2000,1000,16.666666666666668,18.87,4,2.203333333333333,true
AMASS:KIT/1297/wipe15_stageii.csv,AMASS,KIT,KIT/1297/wipe15_stageii.csv,100.00000000000213,60.0,2000,1200,20.0,22.2,52,2.1999999999999993,true
AMASS:CMU/29/29_03_stageii.csv,AMASS,CMU,CMU/29/29_03_stageii.csv,120.04801920768381,60.0,2000,1000,16.666666666666668,18.834,13,2.167333333333332,true
AMASS:BMLrub/rub017/0002_treadmill_slow_stageii.csv,AMASS,BMLrub,BMLrub/rub017/0002_treadmill_slow_stageii.csv,120.04801920768381,60.0,2000,1000,16.666666666666668,18.83,3,2.1633333333333304,true
AMASS:BMLrub/rub026/0002_treadmill_slow_stageii.csv,AMASS,BMLrub,BMLrub/rub026/0002_treadmill_slow_stageii.csv,120.04801920768381,60.0,2000,1000,16.666666666666668,18.83,3,2.1633333333333304,true
AMASS:BMLrub/rub021/0021_catching_and_throwing_stageii.csv,AMASS,BMLrub,BMLrub/rub021/0021_catching_and_throwing_stageii.csv,120.04801920768381,60.0,2000,1000,16.666666666666668,18.8,69,2.133333333333333,true
AMASS:BMLrub/rub048/0003_treadmill_jog_stageii.csv,AMASS,BMLrub,BMLrub/rub048/0003_treadmill_jog_stageii.csv,120.04801920768381,60.0,2000,1000,16.666666666666668,18.77,3,2.1033333333333317,true
AMASS:KIT/675/dry_right_arm_004_stageii.csv,AMASS,KIT,KIT/675/dry_right_arm_004_stageii.csv,100.00000000000213,60.0,2000,1200,20.0,22.1,42,2.1000000000000014,true
AMASS:KIT/675/dry_left_arm_13_stageii.csv,AMASS,KIT,KIT/675/dry_left_arm_13_stageii.csv,100.00000000000213,60.0,2000,1200,20.0,22.07,57,2.0700000000000003,true
AMASS:CMU/137/137_10_stageii.csv,AMASS,CMU,CMU/137/137_10_stageii.csv,120.04801920768381,60.0,2000,1000,16.666666666666668,18.733,20,2.0663333333333327,true
AMASS:BMLrub/rub017/0003_treadmill_jog_stageii.csv,AMASS,BMLrub,BMLrub/rub017/0003_treadmill_jog_stageii.csv,120.04801920768381,60.0,2000,1000,16.666666666666668,18.73,3,2.0633333333333326,true
AMASS:KIT/1297/wipe16_stageii.csv,AMASS,KIT,KIT/1297/wipe16_stageii.csv,100.00000000000213,60.0,2000,1200,20.0,22.034,31,2.033999999999999,true
AMASS:BMLrub/rub029/0021_catching_and_throwing_stageii.csv,AMASS,BMLrub,BMLrub/rub029/0021_catching_and_throwing_stageii.csv,120.04801920768381,60.0,2000,1000,16.666666666666668,18.7,89,2.0333333333333314,true
AMASS:MPILimits/03101/ulr1c_stageii.csv,AMASS,MPILimits,MPILimits/03101/ulr1c_stageii.csv,120.04801920768381,60.0,2000,1000,16.666666666666668,18.7,31,2.0333333333333314,true
AMASS:MPIHDM05/mm/HDM_mm_02-03_03_120_stageii.csv,AMASS,MPIHDM05,MPIHDM05/mm/HDM_mm_02-03_03_120_stageii.csv,120.04801920768381,60.0,2000,1000,16.666666666666668,18.67,18,2.003333333333334,true
AMASS:BMLrub/rub020/0000_treadmill_norm_stageii.csv,AMASS,BMLrub,BMLrub/rub020/0000_treadmill_norm_stageii.csv,120.04801920768381,60.0,2000,1000,16.666666666666668,18.67,3,2.003333333333334,true
AMASS:KIT/675/dry_left_arm_12_stageii.csv,AMASS,KIT,KIT/675/dry_left_arm_12_stageii.csv,100.00000000000213,60.0,2000,1200,20.0,22.0,61,2.0,true
AMASS:CMU/02/02_06_stageii.csv,AMASS,CMU,CMU/02/02_06_stageii.csv,120.04801920768381,60.0,2000,1000,16.666666666666668,18.634,72,1.9673333333333325,true
AMASS:BMLrub/rub076/0027_circle_walk_stageii.csv,AMASS,BMLrub,BMLrub/rub076/0027_circle_walk_stageii.csv,120.04801920768381,60.0,2000,1000,16.666666666666668,18.63,3,1.9633333333333312,true
AMASS:BMLrub/rub079/0026_circle_walk_stageii.csv,AMASS,BMLrub,BMLrub/rub079/0026_circle_walk_stageii.csv,120.04801920768381,60.0,2000,1000,16.666666666666668,18.57,20,1.9033333333333324,true
AMASS:MPIHDM05/dg/HDM_dg_02-03_03_120_stageii.csv,AMASS,MPIHDM05,MPIHDM05/dg/HDM_dg_02-03_03_120_stageii.csv,120.04801920768381,60.0,2000,1000,16.666666666666668,18.57,51,1.9033333333333324,true
AMASS:KIT/572/dance_waltz13_stageii.csv,AMASS,KIT,KIT/572/dance_waltz13_stageii.csv,100.00000000000213,60.0,2000,1200,20.0,21.87,124,1.870000000000001,true
AMASS:CMU/105/105_12_stageii.csv,AMASS,CMU,CMU/105/105_12_stageii.csv,120.04801920768381,60.0,2000,1000,16.666666666666668,18.534,20,1.867333333333331,true
AMASS:CMU/91/91_12_stageii.csv,AMASS,CMU,CMU/91/91_12_stageii.csv,120.04801920768381,60.0,2000,1000,16.666666666666668,18.534,53,1.867333333333331,true
AMASS:KIT/675/dry_left_arm_14_stageii.csv,AMASS,KIT,KIT/675/dry_left_arm_14_stageii.csv,100.00000000000213,60.0,2000,1200,20.0,21.834,46,1.8339999999999996,true
AMASS:BMLrub/rub027/0002_treadmill_slow_stageii.csv,AMASS,BMLrub,BMLrub/rub027/0002_treadmill_slow_stageii.csv,120.04801920768381,60.0,2000,1000,16.666666666666668,18.5,3,1.8333333333333321,true
AMASS:BMLmovi/Subject_39_F_MoSh/Subject_39_F_16_stageii.csv,AMASS,BMLmovi,BMLmovi/Subject_39_F_MoSh/Subject_39_F_16_stageii.csv,120.04801920768381,60.0,2000,1000,16.666666666666668,18.5,15,1.8333333333333321,true
AMASS:BMLrub/rub026/0001_treadmill_fast_stageii.csv,AMASS,BMLrub,BMLrub/rub026/0001_treadmill_fast_stageii.csv,120.04801920768381,60.0,2000,1000,16.666666666666668,18.5,3,1.8333333333333321,true
AMASS:CMU/60/60_11_stageii.csv,AMASS,CMU,CMU/60/60_11_stageii.csv,60.024009603841904,60.0,2000,2000,33.319999999999794,35.133,13,1.8130000000002084,true
AMASS:BMLrub/rub027/0001_treadmill_fast_stageii.csv,AMASS,BMLrub,BMLrub/rub027/0001_treadmill_fast_stageii.csv,120.04801920768381,60.0,2000,1000,16.666666666666668,18.47,3,1.803333333333331,true
AMASS:TCDhandMocap/ExperimentDatabase/writing001_stageii.csv,AMASS,TCDhandMocap,TCDhandMocap/ExperimentDatabase/writing001_stageii.csv,120.04801920768381,60.0,2000,1000,16.666666666666668,18.434,9,1.7673333333333332,true
AMASS:MPIHDM05/tr/HDM_tr_03-11_03_120_stageii.csv,AMASS,MPIHDM05,MPIHDM05/tr/HDM_tr_03-11_03_120_stageii.csv,120.04801920768381,60.0,2000,1000,16.666666666666668,18.434,19,1.7673333333333332,true
AMASS:CMU/77/77_29_stageii.csv,AMASS,CMU,CMU/77/77_29_stageii.csv,60.024009603841904,60.0,2000,2000,33.319999999999794,35.07,117,1.750000000000206,true
AMASS:BMLrub/rub083/0027_circle_walk_stageii.csv,AMASS,BMLrub,BMLrub/rub083/0027_circle_walk_stageii.csv,120.04801920768381,60.0,2000,1000,16.666666666666668,18.4,20,1.7333333333333307,true
AMASS:BMLrub/rub020/0002_treadmill_slow_stageii.csv,AMASS,BMLrub,BMLrub/rub020/0002_treadmill_slow_stageii.csv,120.04801920768381,60.0,2000,1000,16.666666666666668,18.4,3,1.7333333333333307,true
AMASS:MPIHDM05/mm/HDM_mm_02-03_02_120_stageii.csv,AMASS,MPIHDM05,MPIHDM05/mm/HDM_mm_02-03_02_120_stageii.csv,120.04801920768381,60.0,2000,1000,16.666666666666668,18.4,45,1.7333333333333307,true
AMASS:BMLrub/rub023/0003_treadmill_jog_stageii.csv,AMASS,BMLrub,BMLrub/rub023/0003_treadmill_jog_stageii.csv,120.04801920768381,60.0,2000,1000,16.666666666666668,18.4,3,1.7333333333333307,true
AMASS:CMU/61/61_02_stageii.csv,AMASS,CMU,CMU/61/61_02_stageii.csv,60.024009603841904,60.0,2000,2000,33.319999999999794,35.034,14,1.7140000000002047,true
AMASS:CMU/60/60_02_stageii.csv,AMASS,CMU,CMU/60/60_02_stageii.csv,60.024009603841904,60.0,2000,2000,33.319999999999794,35.033,17,1.713000000000207,true
AMASS:BMLrub/rub015/0001_treadmill_fast_stageii.csv,AMASS,BMLrub,BMLrub/rub015/0001_treadmill_fast_stageii.csv,120.04801920768381,60.0,2000,1000,16.666666666666668,18.37,3,1.7033333333333331,true
AMASS:BMLrub/rub012/0028_circle_walk_stageii.csv,AMASS,BMLrub,BMLrub/rub012/0028_circle_walk_stageii.csv,120.04801920768381,60.0,2000,1000,16.666666666666668,18.37,4,1.7033333333333331,true
AMASS:KIT/3/912_3_12_stageii.csv,AMASS,KIT,KIT/3/912_3_12_stageii.csv,100.00000000000213,60.0,2000,1200,20.0,21.67,30,1.6700000000000017,true
AMASS:BMLrub/rub041/0003_treadmill_jog_stageii.csv,AMASS,BMLrub,BMLrub/rub041/0003_treadmill_jog_stageii.csv,120.04801920768381,60.0,2000,1000,16.666666666666668,18.33,3,1.6633333333333304,true
AMASS:BMLrub/rub015/0000_treadmill_norm_stageii.csv,AMASS,BMLrub,BMLrub/rub015/0000_treadmill_norm_stageii.csv,120.04801920768381,60.0,2000,1000,16.666666666666668,18.3,3,1.6333333333333329,true
AMASS:CMU/113/113_18_stageii.csv,AMASS,CMU,CMU/113/113_18_stageii.csv,120.04801920768381,60.0,2000,1000,16.666666666666668,18.3,24,1.6333333333333329,true
AMASS:BMLrub/rub018/0000_treadmill_norm_stageii.csv,AMASS,BMLrub,BMLrub/rub018/0000_treadmill_norm_stageii.csv,120.04801920768381,60.0,2000,1000,16.666666666666668,18.27,3,1.6033333333333317,true
AMASS:CMU/91/91_29_stageii.csv,AMASS,CMU,CMU/91/91_29_stageii.csv,120.04801920768381,60.0,2000,1000,16.666666666666668,18.2,22,1.5333333333333314,true
AMASS:CMU/105/105_29_stageii.csv,AMASS,CMU,CMU/105/105_29_stageii.csv,120.04801920768381,60.0,2000,1000,16.666666666666668,18.2,3,1.5333333333333314,true
AMASS:TotalCapture/s2/freestyle2_stageii.csv,AMASS,TotalCapture,TotalCapture/s2/freestyle2_stageii.csv,60.024009603841904,60.0,2000,2000,33.319999999999794,34.834,120,1.514000000000209,true
AMASS:BMLrub/rub021/0000_treadmill_norm_stageii.csv,AMASS,BMLrub,BMLrub/rub021/0000_treadmill_norm_stageii.csv,120.04801920768381,60.0,2000,1000,16.666666666666668,18.17,3,1.5033333333333339,true
AMASS:KIT/675/dry_left_arm_07_stageii.csv,AMASS,KIT,KIT/675/dry_left_arm_07_stageii.csv,100.00000000000213,60.0,2000,1200,20.0,21.5,48,1.5,true
AMASS:BMLrub/rub084/0002_treadmill_slow_stageii.csv,AMASS,BMLrub,BMLrub/rub084/0002_treadmill_slow_stageii.csv,120.04801920768381,60.0,2000,1000,16.666666666666668,18.13,3,1.4633333333333312,true
AMASS:BMLrub/rub102/0027_circle_walk_stageii.csv,AMASS,BMLrub,BMLrub/rub102/0027_circle_walk_stageii.csv,120.04801920768381,60.0,2000,1000,16.666666666666668,18.1,4,1.4333333333333336,true
AMASS:BMLrub/rub031/0001_treadmill_fast_stageii.csv,AMASS,BMLrub,BMLrub/rub031/0001_treadmill_fast_stageii.csv,120.04801920768381,60.0,2000,1000,16.666666666666668,18.1,3,1.4333333333333336,true
AMASS:CMU/137/137_02_stageii.csv,AMASS,CMU,CMU/137/137_02_stageii.csv,120.04801920768381,60.0,2000,1000,16.666666666666668,18.07,38,1.4033333333333324,true
AMASS:KIT/675/dry_left_arm_09_stageii.csv,AMASS,KIT,KIT/675/dry_left_arm_09_stageii.csv,100.00000000000213,60.0,2000,1200,20.0,21.4,72,1.3999999999999986,true
AMASS:KIT/572/dance_waltz11_stageii.csv,AMASS,KIT,KIT/572/dance_waltz11_stageii.csv,100.00000000000213,60.0,2000,1200,20.0,21.4,89,1.3999999999999986,true
AMASS:CMU/137/137_01_stageii.csv,AMASS,CMU,CMU/137/137_01_stageii.csv,120.04801920768381,60.0,2000,1000,16.666666666666668,18.034,16,1.367333333333331,true
AMASS:CMU/91/91_04_stageii.csv,AMASS,CMU,CMU/91/91_04_stageii.csv,120.04801920768381,60.0,2000,1000,16.666666666666668,18.033,13,1.3663333333333334,true
AMASS:CMU/105/105_04_stageii.csv,AMASS,CMU,CMU/105/105_04_stageii.csv,120.04801920768381,60.0,2000,1000,16.666666666666668,18.033,12,1.3663333333333334,true
AMASS:BMLrub/rub022/0000_treadmill_norm_stageii.csv,AMASS,BMLrub,BMLrub/rub022/0000_treadmill_norm_stageii.csv,120.04801920768381,60.0,2000,1000,16.666666666666668,18.0,3,1.3333333333333321,true
AMASS:CMU/135/135_09_stageii.csv,AMASS,CMU,CMU/135/135_09_stageii.csv,120.04801920768381,60.0,2000,1000,16.666666666666668,17.934,58,1.2673333333333332,true
AMASS:CMU/27/27_03_stageii.csv,AMASS,CMU,CMU/27/27_03_stageii.csv,120.04801920768381,60.0,2000,1000,16.666666666666668,17.934,51,1.2673333333333332,true
AMASS:EyesJapanDataset/kawaguchi/gesture_etc-42-hung_over-kawaguchi_stageii.csv,AMASS,EyesJapanDataset,EyesJapanDataset/kawaguchi/gesture_etc-42-hung_over-kawaguchi_stageii.csv,120.04801920768381,60.0,2000,1000,16.666666666666668,17.934,18,1.2673333333333332,true
AMASS:BMLrub/rub018/0002_treadmill_slow_stageii.csv,AMASS,BMLrub,BMLrub/rub018/0002_treadmill_slow_stageii.csv,120.04801920768381,60.0,2000,1000,16.666666666666668,17.9,3,1.2333333333333307,true
AMASS:MPImosh/00043/stretches_stageii.csv,AMASS,MPImosh,MPImosh/00043/stretches_stageii.csv,100.00000000000213,60.0,2000,1200,20.0,21.233,27,1.2330000000000005,true
AMASS:CMU/80/80_66_stageii.csv,AMASS,CMU,CMU/80/80_66_stageii.csv,60.024009603841904,60.0,2000,2000,33.319999999999794,34.534,49,1.2140000000002047,true
AMASS:MPIHDM05/bk/HDM_bk_02-03_03_120_stageii.csv,AMASS,MPIHDM05,MPIHDM05/bk/HDM_bk_02-03_03_120_stageii.csv,120.04801920768381,60.0,2000,1000,16.666666666666668,17.87,20,1.2033333333333331,true
AMASS:BMLrub/rub075/0021_catching_and_throwing_stageii.csv,AMASS,BMLrub,BMLrub/rub075/0021_catching_and_throwing_stageii.csv,120.04801920768381,60.0,2000,1000,16.666666666666668,17.834,72,1.1673333333333318,true
AMASS:BMLrub/rub016/0003_treadmill_jog_stageii.csv,AMASS,BMLrub,BMLrub/rub016/0003_treadmill_jog_stageii.csv,120.04801920768381,60.0,2000,1000,16.666666666666668,17.8,3,1.1333333333333329,true
AMASS:BMLrub/rub060/0028_circle_walk2_stageii.csv,AMASS,BMLrub,BMLrub/rub060/0028_circle_walk2_stageii.csv,120.04801920768381,60.0,2000,1000,16.666666666666668,17.77,3,1.1033333333333317,true
AMASS:KIT/675/dry_right_arm_008_stageii.csv,AMASS,KIT,KIT/675/dry_right_arm_008_stageii.csv,100.00000000000213,60.0,2000,1200,20.0,21.1,44,1.1000000000000014,true
AMASS:MPImosh/00093/misc_stageii.csv,AMASS,MPImosh,MPImosh/00093/misc_stageii.csv,120.04801920768381,60.0,2000,1000,16.666666666666668,17.734,14,1.067333333333334,true
AMASS:ACCAD/Male2MartialArtsExtended_c3d/Extended_2_stageii.csv,AMASS,ACCAD,ACCAD/Male2MartialArtsExtended_c3d/Extended_2_stageii.csv,120.04801920768381,60.0,2000,1000,16.666666666666668,17.734,30,1.067333333333334,true
AMASS:BMLrub/rub033/0002_treadmill_slow_stageii.csv,AMASS,BMLrub,BMLrub/rub033/0002_treadmill_slow_stageii.csv,120.04801920768381,60.0,2000,1000,16.666666666666668,17.73,3,1.0633333333333326,true
AMASS:CMU/80/80_60_stageii.csv,AMASS,CMU,CMU/80/80_60_stageii.csv,60.024009603841904,60.0,2000,2000,33.319999999999794,34.334,61,1.014000000000209,true
AMASS:CMU/136/136_17_stageii.csv,AMASS,CMU,CMU/136/136_17_stageii.csv,120.04801920768381,60.0,2000,1000,16.666666666666668,17.67,17,1.0033333333333339,true
AMASS:EyesJapanDataset/kawaguchi/pose-05-cross_leg-kawaguchi_stageii.csv,AMASS,EyesJapanDataset,EyesJapanDataset/kawaguchi/pose-05-cross_leg-kawaguchi_stageii.csv,120.04801920768381,60.0,2000,1000,16.666666666666668,17.67,17,1.0033333333333339,true
AMASS:EyesJapanDataset/kawaguchi/gesture_etc-33-watch_here-kawaguchi_stageii.csv,AMASS,EyesJapanDataset,EyesJapanDataset/kawaguchi/gesture_etc-33-watch_here-kawaguchi_stageii.csv,120.04801920768381,60.0,2000,1000,16.666666666666668,17.67,20,1.0033333333333339,true
AMASS:BMLmovi/Subject_11_F_MoSh/Subject_11_F_21_stageii.csv,AMASS,BMLmovi,BMLmovi/Subject_11_F_MoSh/Subject_11_F_21_stageii.csv,120.04801920768381,60.0,2000,1000,16.666666666666668,17.67,28,1.0033333333333339,true
AMASS:KIT/675/dry_right_arm_007_stageii.csv,AMASS,KIT,KIT/675/dry_right_arm_007_stageii.csv,100.00000000000213,60.0,2000,1200,20.0,21.0,33,1.0,true
AMASS:KIT/675/dry_right_arm_009_stageii.csv,AMASS,KIT,KIT/675/dry_right_arm_009_stageii.csv,100.00000000000213,60.0,2000,1200,20.0,21.0,39,1.0,true
AMASS:SFU/0007/0007_Cartwheel001_stageii.csv,AMASS,SFU,SFU/0007/0007_Cartwheel001_stageii.csv,120.04801920768381,60.0,2000,1000,16.666666666666668,17.6,21,0.9333333333333336,true
AMASS:CMU/105/105_22_stageii.csv,AMASS,CMU,CMU/105/105_22_stageii.csv,120.04801920768381,60.0,2000,1000,16.666666666666668,17.57,30,0.9033333333333324,true
AMASS:CMU/91/91_22_stageii.csv,AMASS,CMU,CMU/91/91_22_stageii.csv,120.04801920768381,60.0,2000,1000,16.666666666666668,17.57,52,0.9033333333333324,true
AMASS:KIT/675/dry_right_arm_002_stageii.csv,AMASS,KIT,KIT/675/dry_right_arm_002_stageii.csv,100.00000000000213,60.0,2000,1200,20.0,20.87,29,0.870000000000001,true
AMASS:KIT/912/912_3_10_stageii.csv,AMASS,KIT,KIT/912/912_3_10_stageii.csv,100.00000000000213,60.0,2000,1200,20.0,20.87,12,0.870000000000001,true
AMASS:KIT/675/dry_right_arm_010_stageii.csv,AMASS,KIT,KIT/675/dry_right_arm_010_stageii.csv,100.00000000000213,60.0,2000,1200,20.0,20.87,45,0.870000000000001,true
AMASS:MPIHDM05/mm/HDM_mm_05-02_02_120_stageii.csv,AMASS,MPIHDM05,MPIHDM05/mm/HDM_mm_05-02_02_120_stageii.csv,120.04801920768381,60.0,2000,1000,16.666666666666668,17.534,41,0.8673333333333311,true
AMASS:BMLrub/rub030/0001_treadmill_fast_stageii.csv,AMASS,BMLrub,BMLrub/rub030/0001_treadmill_fast_stageii.csv,120.04801920768381,60.0,2000,1000,16.666666666666668,17.53,3,0.8633333333333333,true
AMASS:CMU/49/49_02_stageii.csv,AMASS,CMU,CMU/49/49_02_stageii.csv,120.04801920768381,60.0,2000,1000,16.666666666666668,17.4,61,0.7333333333333307,true
AMASS:CMU/91/91_26_stageii.csv,AMASS,CMU,CMU/91/91_26_stageii.csv,120.04801920768381,60.0,2000,1000,16.666666666666668,17.37,26,0.7033333333333331,true
AMASS:BMLrub/rub099/0027_circle_walk_stageii.csv,AMASS,BMLrub,BMLrub/rub099/0027_circle_walk_stageii.csv,120.04801920768381,60.0,2000,1000,16.666666666666668,17.37,4,0.7033333333333331,true
AMASS:CMU/105/105_26_stageii.csv,AMASS,CMU,CMU/105/105_26_stageii.csv,120.04801920768381,60.0,2000,1000,16.666666666666668,17.37,27,0.7033333333333331,true
AMASS:KIT/3/912_3_02_stageii.csv,AMASS,KIT,KIT/3/912_3_02_stageii.csv,100.00000000000213,60.0,2000,1200,20.0,20.7,47,0.6999999999999993,true
AMASS:KIT/912/912_3_02_stageii.csv,AMASS,KIT,KIT/912/912_3_02_stageii.csv,100.00000000000213,60.0,2000,1200,20.0,20.7,45,0.6999999999999993,true
AMASS:BMLrub/rub038/0021_catching_and_throwing_stageii.csv,AMASS,BMLrub,BMLrub/rub038/0021_catching_and_throwing_stageii.csv,120.04801920768381,60.0,2000,1000,16.666666666666668,17.334,73,0.6673333333333318,true
AMASS:BMLrub/rub030/0000_treadmill_norm_stageii.csv,AMASS,BMLrub,BMLrub/rub030/0000_treadmill_norm_stageii.csv,120.04801920768381,60.0,2000,1000,16.666666666666668,17.3,3,0.6333333333333329,true
AMASS:BMLrub/rub103/0027_circle_walk_stageii.csv,AMASS,BMLrub,BMLrub/rub103/0027_circle_walk_stageii.csv,120.04801920768381,60.0,2000,1000,16.666666666666668,17.3,13,0.6333333333333329,true
AMASS:CMU/28/28_10_stageii.csv,AMASS,CMU,CMU/28/28_10_stageii.csv,120.04801920768381,60.0,2000,1000,16.666666666666668,17.3,3,0.6333333333333329,true
AMASS:CMU/55/55_12_stageii.csv,AMASS,CMU,CMU/55/55_12_stageii.csv,120.04801920768381,60.0,2000,1000,16.666666666666668,17.3,4,0.6333333333333329,true
AMASS:BMLrub/rub031/0000_treadmill_norm_stageii.csv,AMASS,BMLrub,BMLrub/rub031/0000_treadmill_norm_stageii.csv,120.04801920768381,60.0,2000,1000,16.666666666666668,17.3,3,0.6333333333333329,true
AMASS:KIT/675/dry_left_arm_01_stageii.csv,AMASS,KIT,KIT/675/dry_left_arm_01_stageii.csv,100.00000000000213,60.0,2000,1200,20.0,20.633,38,0.6329999999999991,true
AMASS:CMU/24/24_01_stageii.csv,AMASS,CMU,CMU/24/24_01_stageii.csv,120.04801920768381,60.0,2000,1000,16.666666666666668,17.27,77,0.6033333333333317,true
AMASS:BMLrub/rub072/0027_circle_walk_stageii.csv,AMASS,BMLrub,BMLrub/rub072/0027_circle_walk_stageii.csv,120.04801920768381,60.0,2000,1000,16.666666666666668,17.27,4,0.6033333333333317,true
AMASS:KIT/675/dry_right_arm_013_stageii.csv,AMASS,KIT,KIT/675/dry_right_arm_013_stageii.csv,100.00000000000213,60.0,2000,1200,20.0,20.57,24,0.5700000000000003,true
AMASS:MPIHDM05/dg/HDM_dg_05-02_02_120_stageii.csv,AMASS,MPIHDM05,MPIHDM05/dg/HDM_dg_05-02_02_120_stageii.csv,120.04801920768381,60.0,2000,1000,16.666666666666668,17.2,46,0.5333333333333314,true
AMASS:KIT/572/dance_waltz15_stageii.csv,AMASS,KIT,KIT/572/dance_waltz15_stageii.csv,100.00000000000213,60.0,2000,1200,20.0,20.5,13,0.5,true
AMASS:CMU/88/88_11_stageii.csv,AMASS,CMU,CMU/88/88_11_stageii.csv,60.024009603841904,60.0,2000,2000,33.319999999999794,33.8,100,0.48000000000020293,true
AMASS:CMU/28/28_02_stageii.csv,AMASS,CMU,CMU/28/28_02_stageii.csv,120.04801920768381,60.0,2000,1000,16.666666666666668,17.134,15,0.4673333333333325,true
AMASS:ACCAD/Male2General_c3d/A12-_Crawl_Backwards_stageii.csv,AMASS,ACCAD,ACCAD/Male2General_c3d/A12-_Crawl_Backwards_stageii.csv,120.04801920768381,60.0,2000,1000,16.666666666666668,17.03,3,0.3633333333333333,true
AMASS:CMU/80/80_20_stageii.csv,AMASS,CMU,CMU/80/80_20_stageii.csv,60.024009603841904,60.0,2000,2000,33.319999999999794,33.67,96,0.3500000000002075,true
AMASS:TotalCapture/s4/freestyle1_stageii.csv,AMASS,TotalCapture,TotalCapture/s4/freestyle1_stageii.csv,60.024009603841904,60.0,2000,2000,33.319999999999794,33.67,83,0.3500000000002075,true
AMASS:CMU/32/32_21_stageii.csv,AMASS,CMU,CMU/32/32_21_stageii.csv,120.04801920768381,60.0,2000,1000,16.666666666666668,17.0,4,0.33333333333333215,true
AMASS:CMU/137/137_40_stageii.csv,AMASS,CMU,CMU/137/137_40_stageii.csv,120.04801920768381,60.0,2000,1000,16.666666666666668,17.0,30,0.33333333333333215,true
AMASS:KIT/1226/Trial_84_stageii.csv,AMASS,KIT,KIT/1226/Trial_84_stageii.csv,100.00000000000213,60.0,2000,1200,20.0,20.333,12,0.3329999999999984,true
AMASS:KIT/3/912_3_14_stageii.csv,AMASS,KIT,KIT/3/912_3_14_stageii.csv,100.00000000000213,60.0,2000,1200,20.0,20.3,34,0.3000000000000007,true
AMASS:KIT/912/912_3_14_stageii.csv,AMASS,KIT,KIT/912/912_3_14_stageii.csv,100.00000000000213,60.0,2000,1200,20.0,20.3,31,0.3000000000000007,true
AMASS:CMU/94/94_16_stageii.csv,AMASS,CMU,CMU/94/94_16_stageii.csv,120.04801920768381,60.0,2000,1000,16.666666666666668,16.934,20,0.2673333333333332,true
AMASS:CMU/113/113_06_stageii.csv,AMASS,CMU,CMU/113/113_06_stageii.csv,120.04801920768381,60.0,2000,1000,16.666666666666668,16.9,42,0.23333333333333073,true
AMASS:CMU/54/54_18_stageii.csv,AMASS,CMU,CMU/54/54_18_stageii.csv,120.04801920768381,60.0,2000,1000,16.666666666666668,16.87,8,0.20333333333333314,true
AMASS:KIT/883/wipe_head_vertical03_stageii.csv,AMASS,KIT,KIT/883/wipe_head_vertical03_stageii.csv,100.00000000000213,60.0,2000,1200,20.0,20.17,20,0.1700000000000017,true
AMASS:CMU/137/137_38_stageii.csv,AMASS,CMU,CMU/137/137_38_stageii.csv,120.04801920768381,60.0,2000,1000,16.666666666666668,16.834,12,0.16733333333333178,true
AMASS:MPImosh/50007/misc_1_stageii.csv,AMASS,MPImosh,MPImosh/50007/misc_1_stageii.csv,120.04801920768381,60.0,2000,1000,16.666666666666668,16.834,22,0.16733333333333178,true
AMASS:BMLmovi/Subject_38_F_MoSh/Subject_38_F_21_stageii.csv,AMASS,BMLmovi,BMLmovi/Subject_38_F_MoSh/Subject_38_F_21_stageii.csv,120.04801920768381,60.0,2000,1000,16.666666666666668,16.833,26,0.16633333333333056,true
AMASS:KIT/675/double_pour_and_mixing13_stageii.csv,AMASS,KIT,KIT/675/double_pour_and_mixing13_stageii.csv,100.00000000000213,60.0,2000,1200,20.0,20.134,54,0.13400000000000034,true
AMASS:BMLrub/rub016/0002_treadmill_slow_stageii.csv,AMASS,BMLrub,BMLrub/rub016/0002_treadmill_slow_stageii.csv,120.04801920768381,60.0,2000,1000,16.666666666666668,16.8,3,0.13333333333333286,true
AMASS:KIT/675/dry_left_arm_08_stageii.csv,AMASS,KIT,KIT/675/dry_left_arm_08_stageii.csv,100.00000000000213,60.0,2000,1200,20.0,20.1,54,0.10000000000000142,true
AMASS:KIT/675/dry_right_arm_014_stageii.csv,AMASS,KIT,KIT/675/dry_right_arm_014_stageii.csv,100.00000000000213,60.0,2000,1200,20.0,20.1,27,0.10000000000000142,true
AMASS:BMLrub/rub007/0002_treadmill_slow_stageii.csv,AMASS,BMLrub,BMLrub/rub007/0002_treadmill_slow_stageii.csv,120.04801920768381,60.0,2000,1000,16.666666666666668,16.7,12,0.03333333333333144,false
AMASS:EyesJapanDataset/kaiwa/accident-14-dodge_turn_down-kaiwa_stageii.csv,AMASS,EyesJapanDataset,EyesJapanDataset/kaiwa/accident-14-dodge_turn_down-kaiwa_stageii.csv,120.04801920768381,60.0,2000,1000,16.666666666666668,16.67,38,0.0033333333333338544,false
AMASS:MOYO_smplx_neutral/train/220923/03596/220923_yogi_body_hands_03596_Scorpion_pose_or_vrischikasana-a_stageii.csv,AMASS,MOYO_smplx_neutral,MOYO_smplx_neutral/train/220923/03596/220923_yogi_body_hands_03596_Scorpion_pose_or_vrischikasana-a_stageii.csv,60.02040693835911,60.0,2000,2000,33.32199999999996,,,,false
AMASS:CMU/137/137_14_stageii.csv,AMASS,CMU,CMU/137/137_14_stageii.csv,120.04801920768381,60.0,2000,1000,16.666666666666668,,,,false
AMASS:GRAB/s10/hand_pick_all_stageii.csv,AMASS,GRAB,GRAB/s10/hand_pick_all_stageii.csv,120.04801920768381,60.0,2000,1000,16.666666666666668,,,,false
AMASS:EyesJapanDataset/hamada/gesture_etc-14-apologize-hamada_stageii.csv,AMASS,EyesJapanDataset,EyesJapanDataset/hamada/gesture_etc-14-apologize-hamada_stageii.csv,120.04801920768381,60.0,2000,1000,16.666666666666668,,,,false
AMASS:BMLrub/rub051/0001_treadmill_fast_stageii.csv,AMASS,BMLrub,BMLrub/rub051/0001_treadmill_fast_stageii.csv,120.04801920768381,60.0,2000,1000,16.666666666666668,,,,false
AMASS:HUMAN4D/Subject3_Medhi/RGB_SittingStanding_S3_01_stageii.csv,AMASS,HUMAN4D,HUMAN4D/Subject3_Medhi/RGB_SittingStanding_S3_01_stageii.csv,120.04801920768381,60.0,2000,1000,16.666666666666668,,,,false
AMASS:EyesJapanDataset/hamada/accident-02-dodge_fast-hamada_stageii.csv,AMASS,EyesJapanDataset,EyesJapanDataset/hamada/accident-02-dodge_fast-hamada_stageii.csv,120.04801920768381,60.0,2000,1000,16.666666666666668,,,,false
AMASS:WEIZMANN/70/Slow_EllipseCW(2)_stageii.csv,AMASS,WEIZMANN,WEIZMANN/70/Slow_EllipseCW(2)_stageii.csv,100.00000000000213,60.0,2000,1200,20.0,,,,false
AMASS:GRAB/s6/pyramidlarge_pick_all_stageii.csv,AMASS,GRAB,GRAB/s6/pyramidlarge_pick_all_stageii.csv,120.04801920768381,60.0,2000,1000,16.666666666666668,,,,false
AMASS:EyesJapanDataset/shiono/walk-03-sneak-shiono_stageii.csv,AMASS,EyesJapanDataset,EyesJapanDataset/shiono/walk-03-sneak-shiono_stageii.csv,120.04801920768381,60.0,2000,1000,16.666666666666668,,,,false
AMASS:BMLrub/rub105/0001_treadmill_fast_stageii.csv,AMASS,BMLrub,BMLrub/rub105/0001_treadmill_fast_stageii.csv,120.04801920768381,60.0,2000,1000,16.666666666666668,,,,false
AMASS:WEIZMANN/69/Fast_StraightShort(3)_stageii.csv,AMASS,WEIZMANN,WEIZMANN/69/Fast_StraightShort(3)_stageii.csv,100.00000000000213,60.0,2000,1200,20.0,,,,false
AMASS:EyesJapanDataset/hamada/walk-22-look_around-hamada_stageii.csv,AMASS,EyesJapanDataset,EyesJapanDataset/hamada/walk-22-look_around-hamada_stageii.csv,120.04801920768381,60.0,2000,1000,16.666666666666668,,,,false
AMASS:MPIHDM05/dg/HDM_dg_08-01_01_120_stageii.csv,AMASS,MPIHDM05,MPIHDM05/dg/HDM_dg_08-01_01_120_stageii.csv,120.04801920768381,60.0,2000,1000,16.666666666666668,,,,false
AMASS:EyesJapanDataset/kanno/walk-05-backward-kanno_stageii.csv,AMASS,EyesJapanDataset,EyesJapanDataset/kanno/walk-05-backward-kanno_stageii.csv,120.04801920768381,60.0,2000,1000,16.666666666666668,,,,false
AMASS:CMU/77/77_31_stageii.csv,AMASS,CMU,CMU/77/77_31_stageii.csv,60.024009603841904,60.0,2000,2000,33.319999999999794,,,,false
AMASS:BMLrub/rub092/0023_circle_walk_stageii.csv,AMASS,BMLrub,BMLrub/rub092/0023_circle_walk_stageii.csv,120.04801920768381,60.0,2000,1000,16.666666666666668,,,,false
AMASS:KIT/1346/Experiment3_subject1346_wash_leg_position_vertical_01_stageii.csv,AMASS,KIT,KIT/1346/Experiment3_subject1346_wash_leg_position_vertical_01_stageii.csv,100.00000000000213,60.0,2000,1200,20.0,,,,false
AMASS:EyesJapanDataset/shiono/gesture_etc-32-no-shiono_stageii.csv,AMASS,EyesJapanDataset,EyesJapanDataset/shiono/gesture_etc-32-no-shiono_stageii.csv,120.04801920768381,60.0,2000,1000,16.666666666666668,,,,false
AMASS:CMU/01/01_07_stageii.csv,AMASS,CMU,CMU/01/01_07_stageii.csv,120.04801920768381,60.0,2000,1000,16.666666666666668,,,,false
AMASS:MOYO_smplx_neutral/train/221004/03596/221004_yogi_nexus_body_hands_03596_Feathered_Peacock_Pose_or_Pincha_Mayurasana_-b_stageii.csv,AMASS,MOYO_smplx_neutral,MOYO_smplx_neutral/train/221004/03596/221004_yogi_nexus_body_hands_03596_Feathered_Peacock_Pose_or_Pincha_Mayurasana_-b_stageii.csv,60.024009603841904,60.0,2000,2000,33.319999999999794,,,,false
AMASS:CMU/36/36_18_stageii.csv,AMASS,CMU,CMU/36/36_18_stageii.csv,120.04801920768381,60.0,2000,1000,16.666666666666668,,,,false
AMASS:BMLrub/rub085/0027_circle_walk_stageii.csv,AMASS,BMLrub,BMLrub/rub085/0027_circle_walk_stageii.csv,120.04801920768381,60.0,2000,1000,16.666666666666668,,,,false
AMASS:BMLrub/rub025/0000_treadmill_norm_stageii.csv,AMASS,BMLrub,BMLrub/rub025/0000_treadmill_norm_stageii.csv,120.04801920768381,60.0,2000,1000,16.666666666666668,,,,false
AMASS:MPILimits/03100/lar1_stageii.csv,AMASS,MPILimits,MPILimits/03100/lar1_stageii.csv,120.04801920768381,60.0,2000,1000,16.666666666666668,,,,false
AMASS:EyesJapanDataset/hamada/pose-05-cross_leg-hamada_stageii.csv,AMASS,EyesJapanDataset,EyesJapanDataset/hamada/pose-05-cross_leg-hamada_stageii.csv,120.04801920768381,60.0,2000,1000,16.666666666666668,,,,false
AMASS:SOMA/soma_subject1/throw_003_stageii.csv,AMASS,SOMA,SOMA/soma_subject1/throw_003_stageii.csv,120.04801920768381,60.0,2000,1000,16.666666666666668,,,,false
AMASS:EyesJapanDataset/kawaguchi/pain-02-stomachache-kawaguchi_stageii.csv,AMASS,EyesJapanDataset,EyesJapanDataset/kawaguchi/pain-02-stomachache-kawaguchi_stageii.csv,120.04801920768381,60.0,2000,1000,16.666666666666668,,,,false
AMASS:HUMAN4D/Subject4_Carine/RGB_SittingDown_S4_01_stageii.csv,AMASS,HUMAN4D,HUMAN4D/Subject4_Carine/RGB_SittingDown_S4_01_stageii.csv,120.04801920768381,60.0,2000,1000,16.666666666666668,,,,false
AMASS:GRAB/s6/flute_pick_all_stageii.csv,AMASS,GRAB,GRAB/s6/flute_pick_all_stageii.csv,120.04801920768381,60.0,2000,1000,16.666666666666668,,,,false
AMASS:EyesJapanDataset/aita/pose-07-pray_cross-aita_stageii.csv,AMASS,EyesJapanDataset,EyesJapanDataset/aita/pose-07-pray_cross-aita_stageii.csv,120.04801920768381,60.0,2000,1000,16.666666666666668,,,,false
AMASS:SOMA/soma_subject2/lift_001_stageii.csv,AMASS,SOMA,SOMA/soma_subject2/lift_001_stageii.csv,120.04801920768381,60.0,2000,1000,16.666666666666668,,,,false
AMASS:EyesJapanDataset/kawaguchi/throw_toss-05-both_hands_over_heavy-kawaguchi_stageii.csv,AMASS,EyesJapanDataset,EyesJapanDataset/kawaguchi/throw_toss-05-both_hands_over_heavy-kawaguchi_stageii.csv,120.04801920768381,60.0,2000,1000,16.666666666666668,,,,false
AMASS:ACCAD/Female1General_c3d/A12_-_crawl_backwards_stageii.csv,AMASS,ACCAD,ACCAD/Female1General_c3d/A12_-_crawl_backwards_stageii.csv,120.04801920768381,60.0,2000,1000,16.666666666666668,,,,false
AMASS:DanceDB/20150927_VasoAristeidou/Vasso_Bored_v1_01_stageii.csv,AMASS,DanceDB,DanceDB/20150927_VasoAristeidou/Vasso_Bored_v1_01_stageii.csv,120.04801920768381,60.0,2000,1000,16.666666666666668,,,,false
AMASS:EyesJapanDataset/shiono/throw_toss-19-pass_to_front_light-shiono_stageii.csv,AMASS,EyesJapanDataset,EyesJapanDataset/shiono/throw_toss-19-pass_to_front_light-shiono_stageii.csv,120.04801920768381,60.0,2000,1000,16.666666666666668,,,,false
AMASS:MPIHDM05/dg/HDM_dg_03-03_02_120_stageii.csv,AMASS,MPIHDM05,MPIHDM05/dg/HDM_dg_03-03_02_120_stageii.csv,120.04801920768381,60.0,2000,1000,16.666666666666668,,,,false
AMASS:GRAB/s6/alarmclock_pick_all_stageii.csv,AMASS,GRAB,GRAB/s6/alarmclock_pick_all_stageii.csv,120.04801920768381,60.0,2000,1000,16.666666666666668,,,,false
AMASS:CMU/54/54_22_stageii.csv,AMASS,CMU,CMU/54/54_22_stageii.csv,120.04801920768381,60.0,2000,1000,16.666666666666668,,,,false
AMASS:MPIHDM05/bk/HDM_bk_03-03_03_120_stageii.csv,AMASS,MPIHDM05,MPIHDM05/bk/HDM_bk_03-03_03_120_stageii.csv,120.04801920768381,60.0,2000,1000,16.666666666666668,,,,false
AMASS:BMLrub/rub100/0026_circle_walk_stageii.csv,AMASS,BMLrub,BMLrub/rub100/0026_circle_walk_stageii.csv,120.04801920768381,60.0,2000,1000,16.666666666666668,,,,false
AMASS:EyesJapanDataset/takiguchi/jump-06-rope_normal_run_fast-takiguchi_stageii.csv,AMASS,EyesJapanDataset,EyesJapanDataset/takiguchi/jump-06-rope_normal_run_fast-takiguchi_stageii.csv,120.04801920768381,60.0,2000,1000,16.666666666666668,,,,false
AMASS:MOYO_smplx_neutral/train/220926/03596/220926_yogi_body_hands_03596_Yogic_sleep_pose-a_stageii.csv,AMASS,MOYO_smplx_neutral,MOYO_smplx_neutral/train/220926/03596/220926_yogi_body_hands_03596_Yogic_sleep_pose-a_stageii.csv,60.016804705317256,60.0,2000,2000,33.324000000000126,,,,false
AMASS:HumanEva/S3/ThrowCatch_3_stageii.csv,AMASS,HumanEva,HumanEva/S3/ThrowCatch_3_stageii.csv,120.04801920768381,60.0,2000,1000,16.666666666666668,,,,false
AMASS:TCDhandMocap/ExperimentDatabase/Talking02_stageii.csv,AMASS,TCDhandMocap,TCDhandMocap/ExperimentDatabase/Talking02_stageii.csv,120.04801920768381,60.0,2000,1000,16.666666666666668,,,,false
AMASS:BMLrub/rub042/0027_circle_walk_stageii.csv,AMASS,BMLrub,BMLrub/rub042/0027_circle_walk_stageii.csv,120.04801920768381,60.0,2000,1000,16.666666666666668,,,,false
AMASS:CMU/54/54_16_stageii.csv,AMASS,CMU,CMU/54/54_16_stageii.csv,120.04801920768381,60.0,2000,1000,16.666666666666668,,,,false
AMASS:HumanEva/S1/Walking_3_stageii.csv,AMASS,HumanEva,HumanEva/S1/Walking_3_stageii.csv,120.04801920768381,60.0,2000,1000,16.666666666666668,,,,false
AMASS:WEIZMANN/69/Normal_EllipseCW(2)_stageii.csv,AMASS,WEIZMANN,WEIZMANN/69/Normal_EllipseCW(2)_stageii.csv,100.00000000000213,60.0,2000,1200,20.0,,,,false
AMASS:BMLrub/rub067/0000_treadmill_norm_stageii.csv,AMASS,BMLrub,BMLrub/rub067/0000_treadmill_norm_stageii.csv,120.04801920768381,60.0,2000,1000,16.666666666666668,,,,false
AMASS:EyesJapanDataset/kaiwa/walk-16-push_by_hand-kaiwa_stageii.csv,AMASS,EyesJapanDataset,EyesJapanDataset/kaiwa/walk-16-push_by_hand-kaiwa_stageii.csv,120.04801920768381,60.0,2000,1000,16.666666666666668,,,,false
AMASS:SOMA/soma_subject2/lift_002_stageii.csv,AMASS,SOMA,SOMA/soma_subject2/lift_002_stageii.csv,120.04801920768381,60.0,2000,1000,16.666666666666668,,,,false
AMASS:WEIZMANN/68/Fast_StraightShort(1)_stageii.csv,AMASS,WEIZMANN,WEIZMANN/68/Fast_StraightShort(1)_stageii.csv,100.00000000000213,60.0,2000,1200,20.0,,,,false
AMASS:CMU/142/142_04_stageii.csv,AMASS,CMU,CMU/142/142_04_stageii.csv,120.04801920768381,60.0,2000,1000,16.666666666666668,,,,false
AMASS:WEIZMANN/67/Normal_Fig8(1)_stageii.csv,AMASS,WEIZMANN,WEIZMANN/67/Normal_Fig8(1)_stageii.csv,100.00000000000213,60.0,2000,1200,20.0,,,,false
AMASS:GRAB/s6/stapler_pick_all_stageii.csv,AMASS,GRAB,GRAB/s6/stapler_pick_all_stageii.csv,120.04801920768381,60.0,2000,1000,16.666666666666668,,,,false
AMASS:GRAB/s8/fryingpan_pick_all_stageii.csv,AMASS,GRAB,GRAB/s8/fryingpan_pick_all_stageii.csv,120.04801920768381,60.0,2000,1000,16.666666666666668,,,,false
AMASS:WEIZMANN/70/Fast_StraightShort(1)_stageii.csv,AMASS,WEIZMANN,WEIZMANN/70/Fast_StraightShort(1)_stageii.csv,100.00000000000213,60.0,2000,1200,20.0,,,,false
AMASS:KIT/1346/Experiment3_subject1346_wash_leg_position_smallcircles_01_stageii.csv,AMASS,KIT,KIT/1346/Experiment3_subject1346_wash_leg_position_smallcircles_01_stageii.csv,100.00000000000213,60.0,2000,1200,20.0,,,,false
AMASS:EyesJapanDataset/hamada/greeting-07-bow-hamada_stageii.csv,AMASS,EyesJapanDataset,EyesJapanDataset/hamada/greeting-07-bow-hamada_stageii.csv,120.04801920768381,60.0,2000,1000,16.666666666666668,,,,false
AMASS:EyesJapanDataset/kaiwa/greeting-02-bye-kaiwa_stageii.csv,AMASS,EyesJapanDataset,EyesJapanDataset/kaiwa/greeting-02-bye-kaiwa_stageii.csv,120.04801920768381,60.0,2000,1000,16.666666666666668,,,,false
AMASS:DanceDB/20151003_ElenaKyriakou/Elena_Relaxed_v1_C3D_stageii.csv,AMASS,DanceDB,DanceDB/20151003_ElenaKyriakou/Elena_Relaxed_v1_C3D_stageii.csv,120.04801920768381,60.0,2000,1000,16.666666666666668,,,,false
AMASS:BMLrub/rub112/0030_scamper_stageii.csv,AMASS,BMLrub,BMLrub/rub112/0030_scamper_stageii.csv,120.04801920768381,60.0,2000,1000,16.666666666666668,,,,false
AMASS:MPIHDM05/mm/HDM_mm_05-02_03_120_stageii.csv,AMASS,MPIHDM05,MPIHDM05/mm/HDM_mm_05-02_03_120_stageii.csv,120.04801920768381,60.0,2000,1000,16.666666666666668,,,,false
AMASS:BMLrub/rub097/0003_treadmill_jog_stageii.csv,AMASS,BMLrub,BMLrub/rub097/0003_treadmill_jog_stageii.csv,120.04801920768381,60.0,2000,1000,16.666666666666668,,,,false
AMASS:EyesJapanDataset/hamada/gesture_etc-27-hit_cockroach-hamada_stageii.csv,AMASS,EyesJapanDataset,EyesJapanDataset/hamada/gesture_etc-27-hit_cockroach-hamada_stageii.csv,120.04801920768381,60.0,2000,1000,16.666666666666668,,,,false
AMASS:MOYO_smplx_neutral/train/221004/03596/221004_yogi_nexus_body_hands_03596_Pigeon_Pose_or_Kapotasana_-a_stageii.csv,AMASS,MOYO_smplx_neutral,MOYO_smplx_neutral/train/221004/03596/221004_yogi_nexus_body_hands_03596_Pigeon_Pose_or_Kapotasana_-a_stageii.csv,59.988002399521825,60.0,2000,2000,33.33999999999904,,,,false
AMASS:BMLrub/rub095/0021_catching_and_throwing_stageii.csv,AMASS,BMLrub,BMLrub/rub095/0021_catching_and_throwing_stageii.csv,120.04801920768381,60.0,2000,1000,16.666666666666668,,,,false
AMASS:CMU/105/105_05_stageii.csv,AMASS,CMU,CMU/105/105_05_stageii.csv,120.04801920768381,60.0,2000,1000,16.666666666666668,,,,false
AMASS:BMLrub/rub081/0000_treadmill_norm_stageii.csv,AMASS,BMLrub,BMLrub/rub081/0000_treadmill_norm_stageii.csv,120.04801920768381,60.0,2000,1000,16.666666666666668,,,,false
AMASS:EyesJapanDataset/hamada/pose-17-one_leg-hamada_stageii.csv,AMASS,EyesJapanDataset,EyesJapanDataset/hamada/pose-17-one_leg-hamada_stageii.csv,120.04801920768381,60.0,2000,1000,16.666666666666668,,,,false
AMASS:CMU/113/113_05_stageii.csv,AMASS,CMU,CMU/113/113_05_stageii.csv,120.04801920768381,60.0,2000,1000,16.666666666666668,,,,false
AMASS:KIT/1226/Trial_85_stageii.csv,AMASS,KIT,KIT/1226/Trial_85_stageii.csv,100.00000000000213,60.0,2000,1200,20.0,,,,false
AMASS:CMU/82/82_05_stageii.csv,AMASS,CMU,CMU/82/82_05_stageii.csv,120.04801920768381,60.0,2000,1000,16.666666666666668,,,,false
AMASS:EyesJapanDataset/kawaguchi/gesture_etc-20-swing_chair-kawaguchi_stageii.csv,AMASS,EyesJapanDataset,EyesJapanDataset/kawaguchi/gesture_etc-20-swing_chair-kawaguchi_stageii.csv,120.04801920768381,60.0,2000,1000,16.666666666666668,,,,false
AMASS:GRAB/s8/elephant_pick_all_stageii.csv,AMASS,GRAB,GRAB/s8/elephant_pick_all_stageii.csv,120.04801920768381,60.0,2000,1000,16.666666666666668,,,,false
AMASS:BMLrub/rub050/0001_treadmill_fast_stageii.csv,AMASS,BMLrub,BMLrub/rub050/0001_treadmill_fast_stageii.csv,120.04801920768381,60.0,2000,1000,16.666666666666668,,,,false
AMASS:MOYO_smplx_neutral/train/220926/03596/220926_yogi_body_hands_03596_Yogic_sleep_pose-b_stageii.csv,AMASS,MOYO_smplx_neutral,MOYO_smplx_neutral/train/220926/03596/220926_yogi_body_hands_03596_Yogic_sleep_pose-b_stageii.csv,60.016804705317654,60.0,2000,2000,33.323999999999906,,,,false
AMASS:HUMAN4D/Subject4_Carine/INF_PunchingKicking_S4_01_stageii.csv,AMASS,HUMAN4D,HUMAN4D/Subject4_Carine/INF_PunchingKicking_S4_01_stageii.csv,120.04801920768381,60.0,2000,1000,16.666666666666668,,,,false
AMASS:GRAB/s5/duck_pick_all_stageii.csv,AMASS,GRAB,GRAB/s5/duck_pick_all_stageii.csv,120.04801920768381,60.0,2000,1000,16.666666666666668,,,,false
AMASS:GRAB/s9/eyeglasses_pick_all_stageii.csv,AMASS,GRAB,GRAB/s9/eyeglasses_pick_all_stageii.csv,120.04801920768381,60.0,2000,1000,16.666666666666668,,,,false
AMASS:WEIZMANN/69/Fast_CircleCW(6)_stageii.csv,AMASS,WEIZMANN,WEIZMANN/69/Fast_CircleCW(6)_stageii.csv,100.00000000000213,60.0,2000,1200,20.0,,,,false
AMASS:EyesJapanDataset/hamada/gesture_etc-46-vomit_of_blood-hamada_stageii.csv,AMASS,EyesJapanDataset,EyesJapanDataset/hamada/gesture_etc-46-vomit_of_blood-hamada_stageii.csv,120.04801920768381,60.0,2000,1000,16.666666666666668,,,,false
AMASS:SOMA/soma_subject1/lift_003_stageii.csv,AMASS,SOMA,SOMA/soma_subject1/lift_003_stageii.csv,120.04801920768381,60.0,2000,1000,16.666666666666668,,,,false
AMASS:CMU/62/62_10_stageii.csv,AMASS,CMU,CMU/62/62_10_stageii.csv,60.024009603841904,60.0,2000,2000,33.319999999999794,,,,false
AMASS:TCDhandMocap/ExperimentDatabase/Waving_stageii.csv,AMASS,TCDhandMocap,TCDhandMocap/ExperimentDatabase/Waving_stageii.csv,120.04801920768381,60.0,2000,1000,16.666666666666668,,,,false
AMASS:GRAB/s7/cubelarge_pick_all_stageii.csv,AMASS,GRAB,GRAB/s7/cubelarge_pick_all_stageii.csv,120.04801920768381,60.0,2000,1000,16.666666666666668,,,,false
AMASS:EyesJapanDataset/takiguchi/greeting-05-salute_(chest)-takiguchi_stageii.csv,AMASS,EyesJapanDataset,EyesJapanDataset/takiguchi/greeting-05-salute_(chest)-takiguchi_stageii.csv,120.04801920768381,60.0,2000,1000,16.666666666666668,,,,false
AMASS:HUMAN4D/Subject4_Carine/INF_SittingStanding_S4_01_stageii.csv,AMASS,HUMAN4D,HUMAN4D/Subject4_Carine/INF_SittingStanding_S4_01_stageii.csv,120.04801920768381,60.0,2000,1000,16.666666666666668,,,,false
AMASS:BMLrub/rub109/0021_catching_and_throwing_stageii.csv,AMASS,BMLrub,BMLrub/rub109/0021_catching_and_throwing_stageii.csv,120.04801920768381,60.0,2000,1000,16.666666666666668,,,,false
AMASS:HUMAN4D/Subject3_Medhi/INF_WatchingScaryMovie_S3_01_stageii.csv,AMASS,HUMAN4D,HUMAN4D/Subject3_Medhi/INF_WatchingScaryMovie_S3_01_stageii.csv,120.04801920768381,60.0,2000,1000,16.666666666666668,,,,false
AMASS:EyesJapanDataset/aita/pose-17-one_leg-aita_stageii.csv,AMASS,EyesJapanDataset,EyesJapanDataset/aita/pose-17-one_leg-aita_stageii.csv,120.04801920768381,60.0,2000,1000,16.666666666666668,,,,false
AMASS:CMU/142/142_15_stageii.csv,AMASS,CMU,CMU/142/142_15_stageii.csv,120.04801920768381,60.0,2000,1000,16.666666666666668,,,,false
AMASS:EyesJapanDataset/hamada/greeting-10-card_exchange-hamada_stageii.csv,AMASS,EyesJapanDataset,EyesJapanDataset/hamada/greeting-10-card_exchange-hamada_stageii.csv,120.04801920768381,60.0,2000,1000,16.666666666666668,,,,false
AMASS:MPImosh/00031/stretches_stageii.csv,AMASS,MPImosh,MPImosh/00031/stretches_stageii.csv,120.04801920768381,60.0,2000,1000,16.666666666666668,,,,false
AMASS:DanceDB/20151003_AndriaMichaelidou/Andria_Sad_v2_C3D_stageii.csv,AMASS,DanceDB,DanceDB/20151003_AndriaMichaelidou/Andria_Sad_v2_C3D_stageii.csv,120.04801920768381,60.0,2000,1000,16.666666666666668,,,,false
AMASS:GRAB/s5/airplane_pick_all_stageii.csv,AMASS,GRAB,GRAB/s5/airplane_pick_all_stageii.csv,120.04801920768381,60.0,2000,1000,16.666666666666668,,,,false
AMASS:MOYO_smplx_neutral/train/220923/03596/220923_yogi_body_hands_03596_Bridge_Pose_or_Setu_Bandha_Sarvangasana_-e_stageii.csv,AMASS,MOYO_smplx_neutral,MOYO_smplx_neutral/train/220923/03596/220923_yogi_body_hands_03596_Bridge_Pose_or_Setu_Bandha_Sarvangasana_-e_stageii.csv,60.024009603841904,60.0,2000,2000,33.319999999999794,,,,false
AMASS:HUMAN4D/Subject2_Aude/RGB_PunchingKicking_S2_01_stageii.csv,AMASS,HUMAN4D,HUMAN4D/Subject2_Aude/RGB_PunchingKicking_S2_01_stageii.csv,120.04801920768381,60.0,2000,1000,16.666666666666668,,,,false
AMASS:MOYO_smplx_neutral/train/221004/03596/221004_yogi_nexus_body_hands_03596_Cockerel_Pose-b_stageii.csv,AMASS,MOYO_smplx_neutral,MOYO_smplx_neutral/train/221004/03596/221004_yogi_nexus_body_hands_03596_Cockerel_Pose-b_stageii.csv,60.01644450579459,60.0,2000,2000,33.3242,,,,false
AMASS:KIT/1346/Experiment3_subject1346_wash_leg_position_horizontal_01_stageii.csv,AMASS,KIT,KIT/1346/Experiment3_subject1346_wash_leg_position_horizontal_01_stageii.csv,100.00000000000213,60.0,2000,1200,20.0,,,,false
AMASS:HUMAN4D/Subject4_Carine/INF_Talking_S4_01_stageii.csv,AMASS,HUMAN4D,HUMAN4D/Subject4_Carine/INF_Talking_S4_01_stageii.csv,120.04801920768381,60.0,2000,1000,16.666666666666668,,,,false
AMASS:SFU/0018/0018_Walking001_stageii.csv,AMASS,SFU,SFU/0018/0018_Walking001_stageii.csv,120.04801920768381,60.0,2000,1000,16.666666666666668,,,,false
AMASS:CMU/144/144_03_stageii.csv,AMASS,CMU,CMU/144/144_03_stageii.csv,120.04801920768381,60.0,2000,1000,16.666666666666668,,,,false
AMASS:MOYO_smplx_neutral/train/220926/03596/220926_yogi_body_hands_03596_Fish_Pose_or_Matsyasana_-a_stageii.csv,AMASS,MOYO_smplx_neutral,MOYO_smplx_neutral/train/220926/03596/220926_yogi_body_hands_03596_Fish_Pose_or_Matsyasana_-a_stageii.csv,60.02400960384111,60.0,2000,2000,33.320000000000235,,,,false
AMASS:BMLrub/rub098/0001_treadmill_fast_stageii.csv,AMASS,BMLrub,BMLrub/rub098/0001_treadmill_fast_stageii.csv,120.04801920768381,60.0,2000,1000,16.666666666666668,,,,false
AMASS:DanceDB/20151003_ElenaKyriakou/Elena_Pleased_v2_C3D_stageii.csv,AMASS,DanceDB,DanceDB/20151003_ElenaKyriakou/Elena_Pleased_v2_C3D_stageii.csv,120.04801920768381,60.0,2000,1000,16.666666666666668,,,,false
AMASS:BMLrub/rub090/0003_treadmill_jog_stageii.csv,AMASS,BMLrub,BMLrub/rub090/0003_treadmill_jog_stageii.csv,120.04801920768381,60.0,2000,1000,16.666666666666668,,,,false
AMASS:MOYO_smplx_neutral/train/220926/03596/220926_yogi_body_hands_03596_Plow_Pose_or_Halasana_-b_stageii.csv,AMASS,MOYO_smplx_neutral,MOYO_smplx_neutral/train/220926/03596/220926_yogi_body_hands_03596_Plow_Pose_or_Halasana_-b_stageii.csv,60.024009603841904,60.0,2000,2000,33.319999999999794,,,,false
AMASS:KIT/675/Experiment3a_03_stageii.csv,AMASS,KIT,KIT/675/Experiment3a_03_stageii.csv,100.00000000000213,60.0,2000,1200,20.0,,,,false
AMASS:MOYO_smplx_neutral/extra/220926/03596/220926_yogi_body_hands_03596_Half_Lord_of_the_Fishes_Pose_or_Ardha_Matsyendrasana_-b_2_stageii.csv,AMASS,MOYO_smplx_neutral,MOYO_smplx_neutral/extra/220926/03596/220926_yogi_body_hands_03596_Half_Lord_of_the_Fishes_Pose_or_Ardha_Matsyendrasana_-b_2_stageii.csv,60.024009603841506,60.0,2000,2000,33.320000000000014,,,,false
AMASS:GRAB/s2/stanfordbunny_pick_all_stageii.csv,AMASS,GRAB,GRAB/s2/stanfordbunny_pick_all_stageii.csv,120.04801920768381,60.0,2000,1000,16.666666666666668,,,,false
AMASS:GRAB/s9/stapler_pick_all_stageii.csv,AMASS,GRAB,GRAB/s9/stapler_pick_all_stageii.csv,120.04801920768381,60.0,2000,1000,16.666666666666668,,,,false
AMASS:EyesJapanDataset/kawaguchi/throw_toss-10-javelin-kawaguchi_stageii.csv,AMASS,EyesJapanDataset,EyesJapanDataset/kawaguchi/throw_toss-10-javelin-kawaguchi_stageii.csv,120.04801920768381,60.0,2000,1000,16.666666666666668,,,,false
AMASS:DanceDB/20151003_AndriaMichaelidou/Andria_Bored_v1_C3D_stageii.csv,AMASS,DanceDB,DanceDB/20151003_AndriaMichaelidou/Andria_Bored_v1_C3D_stageii.csv,120.04801920768381,60.0,2000,1000,16.666666666666668,,,,false
AMASS:EyesJapanDataset/takiguchi/accident-04-damage_right_leg-takiguchi_stageii.csv,AMASS,EyesJapanDataset,EyesJapanDataset/takiguchi/accident-04-damage_right_leg-takiguchi_stageii.csv,120.04801920768381,60.0,2000,1000,16.666666666666668,,,,false
AMASS:MOYO_smplx_neutral/train/220923/03596/220923_yogi_body_hands_03596_Side_Crane_Crow_Pose_or_Parsva_Bakasana_-c_stageii.csv,AMASS,MOYO_smplx_neutral,MOYO_smplx_neutral/train/220923/03596/220923_yogi_body_hands_03596_Side_Crane_Crow_Pose_or_Parsva_Bakasana_-c_stageii.csv,60.024009603841904,60.0,2000,2000,33.319999999999794,,,,false
AMASS:MPIHDM05/tr/HDM_tr_03-02_04_120_stageii.csv,AMASS,MPIHDM05,MPIHDM05/tr/HDM_tr_03-02_04_120_stageii.csv,120.04801920768381,60.0,2000,1000,16.666666666666668,,,,false
AMASS:HUMAN4D/Subject3_Medhi/RGB_Basketball_S3_01_stageii.csv,AMASS,HUMAN4D,HUMAN4D/Subject3_Medhi/RGB_Basketball_S3_01_stageii.csv,120.04801920768381,60.0,2000,1000,16.666666666666668,,,,false
AMASS:HUMAN4D/Subject1_2_Karim/RGB_PlayingCards_S1S2_01_stageii.csv,AMASS,HUMAN4D,HUMAN4D/Subject1_2_Karim/RGB_PlayingCards_S1S2_01_stageii.csv,120.04801920768381,60.0,2000,1000,16.666666666666668,,,,false
AMASS:EyesJapanDataset/kanno/walk-26-exhausted-kanno_stageii.csv,AMASS,EyesJapanDataset,EyesJapanDataset/kanno/walk-26-exhausted-kanno_stageii.csv,120.04801920768381,60.0,2000,1000,16.666666666666668,,,,false
AMASS:MPImosh/50027/stretches_stageii.csv,AMASS,MPImosh,MPImosh/50027/stretches_stageii.csv,120.04801920768381,60.0,2000,1000,16.666666666666668,,,,false
AMASS:CMU/91/91_20_stageii.csv,AMASS,CMU,CMU/91/91_20_stageii.csv,120.04801920768381,60.0,2000,1000,16.666666666666668,,,,false
AMASS:MPIHDM05/mm/HDM_mm_03-05_02_120_stageii.csv,AMASS,MPIHDM05,MPIHDM05/mm/HDM_mm_03-05_02_120_stageii.csv,120.04801920768381,60.0,2000,1000,16.666666666666668,,,,false
AMASS:EyesJapanDataset/hamada/throw_toss-06-both_hands_under_light-hamada_stageii.csv,AMASS,EyesJapanDataset,EyesJapanDataset/hamada/throw_toss-06-both_hands_under_light-hamada_stageii.csv,120.04801920768381,60.0,2000,1000,16.666666666666668,,,,false
AMASS:GRAB/s9/bowl_pick_all_stageii.csv,AMASS,GRAB,GRAB/s9/bowl_pick_all_stageii.csv,120.04801920768381,60.0,2000,1000,16.666666666666668,,,,false
AMASS:CMU/36/36_05_stageii.csv,AMASS,CMU,CMU/36/36_05_stageii.csv,120.04801920768381,60.0,2000,1000,16.666666666666668,,,,false
AMASS:GRAB/s2/cylinderlarge_pick_all_stageii.csv,AMASS,GRAB,GRAB/s2/cylinderlarge_pick_all_stageii.csv,120.04801920768381,60.0,2000,1000,16.666666666666668,,,,false
AMASS:SOMA/soma_subject1/random_003_stageii.csv,AMASS,SOMA,SOMA/soma_subject1/random_003_stageii.csv,120.04801920768381,60.0,2000,1000,16.666666666666668,,,,false
AMASS:BMLrub/rub084/0027_circle_walk_stageii.csv,AMASS,BMLrub,BMLrub/rub084/0027_circle_walk_stageii.csv,120.04801920768381,60.0,2000,1000,16.666666666666668,,,,false
AMASS:GRAB/s1/eyeglasses_pick_all_stageii.csv,AMASS,GRAB,GRAB/s1/eyeglasses_pick_all_stageii.csv,120.04801920768381,60.0,2000,1000,16.666666666666668,,,,false
AMASS:SOMA/soma_subject2/dance_002_stageii.csv,AMASS,SOMA,SOMA/soma_subject2/dance_002_stageii.csv,120.04801920768381,60.0,2000,1000,16.666666666666668,,,,false
AMASS:EyesJapanDataset/aita/throw_toss-12-dart-aita_stageii.csv,AMASS,EyesJapanDataset,EyesJapanDataset/aita/throw_toss-12-dart-aita_stageii.csv,120.04801920768381,60.0,2000,1000,16.666666666666668,,,,false
AMASS:HUMAN4D/Subject2_Aude/INF_Bending_S2_01_stageii.csv,AMASS,HUMAN4D,HUMAN4D/Subject2_Aude/INF_Bending_S2_01_stageii.csv,120.04801920768381,60.0,2000,1000,16.666666666666668,,,,false
AMASS:EyesJapanDataset/hamada/greeting-01-hello-hamada_stageii.csv,AMASS,EyesJapanDataset,EyesJapanDataset/hamada/greeting-01-hello-hamada_stageii.csv,120.04801920768381,60.0,2000,1000,16.666666666666668,,,,false
AMASS:BMLrub/rub057/0029_scamper_stageii.csv,AMASS,BMLrub,BMLrub/rub057/0029_scamper_stageii.csv,120.04801920768381,60.0,2000,1000,16.666666666666668,,,,false
AMASS:GRAB/s8/waterbottle_pick_all_stageii.csv,AMASS,GRAB,GRAB/s8/waterbottle_pick_all_stageii.csv,120.04801920768381,60.0,2000,1000,16.666666666666668,,,,false
AMASS:HumanEva/S3/Box_1_stageii.csv,AMASS,HumanEva,HumanEva/S3/Box_1_stageii.csv,120.04801920768381,60.0,2000,1000,16.666666666666668,,,,false
AMASS:MPIHDM05/dg/HDM_dg_03-03_01_120_stageii.csv,AMASS,MPIHDM05,MPIHDM05/dg/HDM_dg_03-03_01_120_stageii.csv,120.04801920768381,60.0,2000,1000,16.666666666666668,,,,false
AMASS:CMU/137/137_15_stageii.csv,AMASS,CMU,CMU/137/137_15_stageii.csv,120.04801920768381,60.0,2000,1000,16.666666666666668,,,,false
AMASS:EyesJapanDataset/aita/walk-03-sneak-aita_stageii.csv,AMASS,EyesJapanDataset,EyesJapanDataset/aita/walk-03-sneak-aita_stageii.csv,120.04801920768381,60.0,2000,1000,16.666666666666668,,,,false
AMASS:EyesJapanDataset/hamada/greeting-04-salute_(head)-hamada_stageii.csv,AMASS,EyesJapanDataset,EyesJapanDataset/hamada/greeting-04-salute_(head)-hamada_stageii.csv,120.04801920768381,60.0,2000,1000,16.666666666666668,,,,false
AMASS:EyesJapanDataset/kawaguchi/turn-03-look_at-kawaguchi_stageii.csv,AMASS,EyesJapanDataset,EyesJapanDataset/kawaguchi/turn-03-look_at-kawaguchi_stageii.csv,120.04801920768381,60.0,2000,1000,16.666666666666668,,,,false
AMASS:SOMA/soma_subject2/dance_005_stageii.csv,AMASS,SOMA,SOMA/soma_subject2/dance_005_stageii.csv,120.04801920768381,60.0,2000,1000,16.666666666666668,,,,false
AMASS:GRAB/s7/airplane_pick_all_Retake_stageii.csv,AMASS,GRAB,GRAB/s7/airplane_pick_all_Retake_stageii.csv,120.04801920768381,60.0,2000,1000,16.666666666666668,,,,false
AMASS:MOYO_smplx_neutral/train/220926/03596/220926_yogi_body_hands_03596_Rajakapotasana-a_stageii.csv,AMASS,MOYO_smplx_neutral,MOYO_smplx_neutral/train/220926/03596/220926_yogi_body_hands_03596_Rajakapotasana-a_stageii.csv,60.02400960384111,60.0,2000,2000,33.320000000000235,,,,false
AMASS:BMLrub/rub073/0003_treadmill_jog_stageii.csv,AMASS,BMLrub,BMLrub/rub073/0003_treadmill_jog_stageii.csv,120.04801920768381,60.0,2000,1000,16.666666666666668,,,,false
AMASS:SOMA/soma_subject1/walk_002_stageii.csv,AMASS,SOMA,SOMA/soma_subject1/walk_002_stageii.csv,120.04801920768381,60.0,2000,1000,16.666666666666668,,,,false
AMASS:EyesJapanDataset/kanno/gesture_etc-43-brush_teeth-kanno_stageii.csv,AMASS,EyesJapanDataset,EyesJapanDataset/kanno/gesture_etc-43-brush_teeth-kanno_stageii.csv,120.04801920768381,60.0,2000,1000,16.666666666666668,,,,false
AMASS:BMLrub/rub017/0000_treadmill_norm_stageii.csv,AMASS,BMLrub,BMLrub/rub017/0000_treadmill_norm_stageii.csv,120.04801920768381,60.0,2000,1000,16.666666666666668,,,,false
AMASS:SFU/0017/0017_JumpingOnBench001_stageii.csv,AMASS,SFU,SFU/0017/0017_JumpingOnBench001_stageii.csv,120.04801920768381,60.0,2000,1000,16.666666666666668,,,,false
AMASS:SOMA/soma_subject2/walk_002_stageii.csv,AMASS,SOMA,SOMA/soma_subject2/walk_002_stageii.csv,120.04801920768381,60.0,2000,1000,16.666666666666668,,,,false
AMASS:SOMA/soma_subject1/sit_003_stageii.csv,AMASS,SOMA,SOMA/soma_subject1/sit_003_stageii.csv,120.04801920768381,60.0,2000,1000,16.666666666666668,,,,false
AMASS:EyesJapanDataset/kanno/pose-12-body_building-kanno_stageii.csv,AMASS,EyesJapanDataset,EyesJapanDataset/kanno/pose-12-body_building-kanno_stageii.csv,120.04801920768381,60.0,2000,1000,16.666666666666668,,,,false
AMASS:EyesJapanDataset/kudo/gesture_etc-33-watch_here-kudo_stageii.csv,AMASS,EyesJapanDataset,EyesJapanDataset/kudo/gesture_etc-33-watch_here-kudo_stageii.csv,120.04801920768381,60.0,2000,1000,16.666666666666668,,,,false
AMASS:HUMAN4D/Subject3_Medhi/INF_Basketball_S3_01_stageii.csv,AMASS,HUMAN4D,HUMAN4D/Subject3_Medhi/INF_Basketball_S3_01_stageii.csv,120.04801920768381,60.0,2000,1000,16.666666666666668,,,,false
AMASS:DanceDB/20150927_VasoAristeidou/Vasso_Satisfied_v1_01_stageii.csv,AMASS,DanceDB,DanceDB/20150927_VasoAristeidou/Vasso_Satisfied_v1_01_stageii.csv,120.04801920768381,60.0,2000,1000,16.666666666666668,,,,false
AMASS:BMLrub/rub039/0002_treadmill_slow_stageii.csv,AMASS,BMLrub,BMLrub/rub039/0002_treadmill_slow_stageii.csv,120.04801920768381,60.0,2000,1000,16.666666666666668,,,,false
AMASS:CMU/80/80_64_stageii.csv,AMASS,CMU,CMU/80/80_64_stageii.csv,60.024009603841904,60.0,2000,2000,33.319999999999794,,,,false
AMASS:GRAB/s8/cubelarge_pick_all_stageii.csv,AMASS,GRAB,GRAB/s8/cubelarge_pick_all_stageii.csv,120.04801920768381,60.0,2000,1000,16.666666666666668,,,,false
AMASS:TotalCapture/s1/walking2_stageii.csv,AMASS,TotalCapture,TotalCapture/s1/walking2_stageii.csv,60.02400960383551,60.0,2000,2000,33.32000000000335,,,,false
AMASS:HUMAN4D/Subject2_Aude/INF_SittingFloor_S2_01_stageii.csv,AMASS,HUMAN4D,HUMAN4D/Subject2_Aude/INF_SittingFloor_S2_01_stageii.csv,120.04801920768381,60.0,2000,1000,16.666666666666668,,,,false
AMASS:HUMAN4D/Subject3_Medhi/INF_StretchingTalking_S3_01_stageii.csv,AMASS,HUMAN4D,HUMAN4D/Subject3_Medhi/INF_StretchingTalking_S3_01_stageii.csv,120.04801920768381,60.0,2000,1000,16.666666666666668,,,,false
AMASS:HUMAN4D/Subject3_Medhi/RGB_WatchingScaryMovie_S3_01_stageii.csv,AMASS,HUMAN4D,HUMAN4D/Subject3_Medhi/RGB_WatchingScaryMovie_S3_01_stageii.csv,120.04801920768381,60.0,2000,1000,16.666666666666668,,,,false
AMASS:GRAB/s6/piggybank_pick_all_Retake_stageii.csv,AMASS,GRAB,GRAB/s6/piggybank_pick_all_Retake_stageii.csv,120.04801920768381,60.0,2000,1000,16.666666666666668,,,,false
AMASS:CMU/36/36_31_stageii.csv,AMASS,CMU,CMU/36/36_31_stageii.csv,120.04801920768381,60.0,2000,1000,16.666666666666668,,,,false
AMASS:WEIZMANN/66/Fast_StraightShort(2)_stageii.csv,AMASS,WEIZMANN,WEIZMANN/66/Fast_StraightShort(2)_stageii.csv,100.00000000000213,60.0,2000,1200,20.0,,,,false
AMASS:GRAB/s5/binoculars_pick_all_stageii.csv,AMASS,GRAB,GRAB/s5/binoculars_pick_all_stageii.csv,120.04801920768381,60.0,2000,1000,16.666666666666668,,,,false
AMASS:GRAB/s1/spheremedium_pick_all_stageii.csv,AMASS,GRAB,GRAB/s1/spheremedium_pick_all_stageii.csv,120.04801920768381,60.0,2000,1000,16.666666666666668,,,,false
AMASS:CMU/94/94_12_stageii.csv,AMASS,CMU,CMU/94/94_12_stageii.csv,120.04801920768381,60.0,2000,1000,16.666666666666668,,,,false
AMASS:CMU/144/144_22_stageii.csv,AMASS,CMU,CMU/144/144_22_stageii.csv,120.04801920768381,60.0,2000,1000,16.666666666666668,,,,false
AMASS:HumanEva/S1/Gestures_3_stageii.csv,AMASS,HumanEva,HumanEva/S1/Gestures_3_stageii.csv,120.04801920768381,60.0,2000,1000,16.666666666666668,,,,false
AMASS:MPImosh/00008/stretches_stageii.csv,AMASS,MPImosh,MPImosh/00008/stretches_stageii.csv,120.04801920768381,60.0,2000,1000,16.666666666666668,,,,false
AMASS:EyesJapanDataset/hamada/gesture_etc-03-set_3-hamada_stageii.csv,AMASS,EyesJapanDataset,EyesJapanDataset/hamada/gesture_etc-03-set_3-hamada_stageii.csv,120.04801920768381,60.0,2000,1000,16.666666666666668,,,,false
AMASS:GRAB/s4/hand_pick_all_stageii.csv,AMASS,GRAB,GRAB/s4/hand_pick_all_stageii.csv,120.04801920768381,60.0,2000,1000,16.666666666666668,,,,false
AMASS:MOYO_smplx_neutral/test/220926/03596/220926_yogi_body_hands_03596_Upward_Facing_Two-Foot_Staff_Pose_or_Dwi_Pada_Viparita_Dandasana_-a_stageii.csv,AMASS,MOYO_smplx_neutral,MOYO_smplx_neutral/test/220926/03596/220926_yogi_body_hands_03596_Upward_Facing_Two-Foot_Staff_Pose_or_Dwi_Pada_Viparita_Dandasana_-a_stageii.csv,60.024009603841904,60.0,2000,2000,33.319999999999794,,,,false
AMASS:TotalCapture/s2/acting1_stageii.csv,AMASS,TotalCapture,TotalCapture/s2/acting1_stageii.csv,60.01752511733427,60.0,2000,2000,33.32359999999999,,,,false
AMASS:DanceDB/20151003_ElenaKyriakou/Elena_Sad_v2_C3D_stageii.csv,AMASS,DanceDB,DanceDB/20151003_ElenaKyriakou/Elena_Sad_v2_C3D_stageii.csv,120.04801920768381,60.0,2000,1000,16.666666666666668,,,,false
AMASS:WEIZMANN/67/Fast_StraightShort(2)_stageii.csv,AMASS,WEIZMANN,WEIZMANN/67/Fast_StraightShort(2)_stageii.csv,100.00000000000213,60.0,2000,1200,20.0,,,,false
AMASS:DanceDB/20151003_ElenaKyriakou/Elena_Angry_v2_C3D_stageii.csv,AMASS,DanceDB,DanceDB/20151003_ElenaKyriakou/Elena_Angry_v2_C3D_stageii.csv,120.04801920768381,60.0,2000,1000,16.666666666666668,,,,false
AMASS:BMLrub/rub048/0027_circle_walk_stageii.csv,AMASS,BMLrub,BMLrub/rub048/0027_circle_walk_stageii.csv,120.04801920768381,60.0,2000,1000,16.666666666666668,,,,false
AMASS:HUMAN4D/Subject2_Aude/RGB_Running_S2_02_stageii.csv,AMASS,HUMAN4D,HUMAN4D/Subject2_Aude/RGB_Running_S2_02_stageii.csv,120.04801920768381,60.0,2000,1000,16.666666666666668,,,,false
AMASS:CMU/13/13_14_stageii.csv,AMASS,CMU,CMU/13/13_14_stageii.csv,120.04801920768381,60.0,2000,1000,16.666666666666668,,,,false
AMASS:KIT/1346/Experiment3a_subject1346_legs_02_stageii.csv,AMASS,KIT,KIT/1346/Experiment3a_subject1346_legs_02_stageii.csv,100.00000000000213,60.0,2000,1200,20.0,,,,false
AMASS:DanceDB/20151003_ElenaKyriakou/Elena_Bored_v2_C3D_stageii.csv,AMASS,DanceDB,DanceDB/20151003_ElenaKyriakou/Elena_Bored_v2_C3D_stageii.csv,120.04801920768381,60.0,2000,1000,16.666666666666668,,,,false
AMASS:GRAB/s7/hammer_pick_all_stageii.csv,AMASS,GRAB,GRAB/s7/hammer_pick_all_stageii.csv,120.04801920768381,60.0,2000,1000,16.666666666666668,,,,false
AMASS:CMU/36/36_19_stageii.csv,AMASS,CMU,CMU/36/36_19_stageii.csv,120.04801920768381,60.0,2000,1000,16.666666666666668,,,,false
AMASS:EyesJapanDataset/hamada/walk-06-catwalk-hamada_stageii.csv,AMASS,EyesJapanDataset,EyesJapanDataset/hamada/walk-06-catwalk-hamada_stageii.csv,120.04801920768381,60.0,2000,1000,16.666666666666668,,,,false
AMASS:HumanEva/S3/Walking_3_stageii.csv,AMASS,HumanEva,HumanEva/S3/Walking_3_stageii.csv,120.04801920768381,60.0,2000,1000,16.666666666666668,,,,false
AMASS:CMU/105/105_24_stageii.csv,AMASS,CMU,CMU/105/105_24_stageii.csv,120.04801920768381,60.0,2000,1000,16.666666666666668,,,,false
AMASS:MOYO_smplx_neutral/train/221004/03596/221004_yogi_nexus_body_hands_03596_Peacock_Pose_or_Mayurasana_-b_stageii.csv,AMASS,MOYO_smplx_neutral,MOYO_smplx_neutral/train/221004/03596/221004_yogi_nexus_body_hands_03596_Peacock_Pose_or_Mayurasana_-b_stageii.csv,60.02400960384111,60.0,2000,2000,33.320000000000235,,,,false
AMASS:SOMA/soma_subject1/random_001_stageii.csv,AMASS,SOMA,SOMA/soma_subject1/random_001_stageii.csv,120.04801920768381,60.0,2000,1000,16.666666666666668,,,,false
AMASS:EyesJapanDataset/kaiwa/walk-27-thinking-kaiwa_stageii.csv,AMASS,EyesJapanDataset,EyesJapanDataset/kaiwa/walk-27-thinking-kaiwa_stageii.csv,120.04801920768381,60.0,2000,1000,16.666666666666668,,,,false
AMASS:MOYO_smplx_neutral/train/221004/03596/221004_yogi_nexus_body_hands_03596_Split_pose-c_stageii.csv,AMASS,MOYO_smplx_neutral,MOYO_smplx_neutral/train/221004/03596/221004_yogi_nexus_body_hands_03596_Split_pose-c_stageii.csv,60.024009603841904,60.0,2000,2000,33.319999999999794,,,,false
AMASS:BMLrub/rub009/0027_circle_walk_stageii.csv,AMASS,BMLrub,BMLrub/rub009/0027_circle_walk_stageii.csv,120.04801920768381,60.0,2000,1000,16.666666666666668,,,,false
AMASS:EyesJapanDataset/aita/gesture_etc-08-stretch-aita_stageii.csv,AMASS,EyesJapanDataset,EyesJapanDataset/aita/gesture_etc-08-stretch-aita_stageii.csv,120.04801920768381,60.0,2000,1000,16.666666666666668,,,,false
AMASS:HUMAN4D/Subject2_Aude/INF_SittingStanding_S2_01_stageii.csv,AMASS,HUMAN4D,HUMAN4D/Subject2_Aude/INF_SittingStanding_S2_01_stageii.csv,120.04801920768381,60.0,2000,1000,16.666666666666668,,,,false
AMASS:CMU/105/105_08_stageii.csv,AMASS,CMU,CMU/105/105_08_stageii.csv,120.04801920768381,60.0,2000,1000,16.666666666666668,,,,false
AMASS:GRAB/s1/camera_pick_all_stageii.csv,AMASS,GRAB,GRAB/s1/camera_pick_all_stageii.csv,120.04801920768381,60.0,2000,1000,16.666666666666668,,,,false
AMASS:DanceDB/20151003_AndriaMichaelidou/Andria_Excited_v2_C3D_stageii.csv,AMASS,DanceDB,DanceDB/20151003_AndriaMichaelidou/Andria_Excited_v2_C3D_stageii.csv,120.04801920768381,60.0,2000,1000,16.666666666666668,,,,false
AMASS:CMU/36/36_23_stageii.csv,AMASS,CMU,CMU/36/36_23_stageii.csv,120.04801920768381,60.0,2000,1000,16.666666666666668,,,,false
AMASS:DanceDB/20151003_AndriaMichaelidou/Andria_Tired_v2_C3D_stageii.csv,AMASS,DanceDB,DanceDB/20151003_AndriaMichaelidou/Andria_Tired_v2_C3D_stageii.csv,120.04801920768381,60.0,2000,1000,16.666666666666668,,,,false
AMASS:DanceDB/20151003_AndriaMichaelidou/Andria_Bored_v2_C3D_stageii.csv,AMASS,DanceDB,DanceDB/20151003_AndriaMichaelidou/Andria_Bored_v2_C3D_stageii.csv,120.04801920768381,60.0,2000,1000,16.666666666666668,,,,false
AMASS:MOYO_smplx_neutral/train/221004/03596/221004_yogi_nexus_body_hands_03596_Fish_Pose_or_Matsyasana_-a_stageii.csv,AMASS,MOYO_smplx_neutral,MOYO_smplx_neutral/train/221004/03596/221004_yogi_nexus_body_hands_03596_Fish_Pose_or_Matsyasana_-a_stageii.csv,60.024009603841904,60.0,2000,2000,33.319999999999794,,,,false
AMASS:BMLrub/rub039/0003_treadmill_jog_stageii.csv,AMASS,BMLrub,BMLrub/rub039/0003_treadmill_jog_stageii.csv,120.04801920768381,60.0,2000,1000,16.666666666666668,,,,false
AMASS:KIT/1346/Experiment3_subject1346_wash_leg_position_bigcircles_01_stageii.csv,AMASS,KIT,KIT/1346/Experiment3_subject1346_wash_leg_position_bigcircles_01_stageii.csv,100.00000000000213,60.0,2000,1200,20.0,,,,false
AMASS:GRAB/s2/pyramidlarge_pick_all_stageii.csv,AMASS,GRAB,GRAB/s2/pyramidlarge_pick_all_stageii.csv,120.04801920768381,60.0,2000,1000,16.666666666666668,,,,false
AMASS:BMLrub/rub027/0027_circle_walk_stageii.csv,AMASS,BMLrub,BMLrub/rub027/0027_circle_walk_stageii.csv,120.04801920768381,60.0,2000,1000,16.666666666666668,,,,false
AMASS:CMU/55/55_26_stageii.csv,AMASS,CMU,CMU/55/55_26_stageii.csv,120.04801920768381,60.0,2000,1000,16.666666666666668,,,,false
AMASS:CMU/94/94_09_stageii.csv,AMASS,CMU,CMU/94/94_09_stageii.csv,120.04801920768381,60.0,2000,1000,16.666666666666668,,,,false
AMASS:MOYO_smplx_neutral/train/220923/03596/220923_yogi_body_hands_03596_Bridge_Pose_or_Setu_Bandha_Sarvangasana_-b_stageii.csv,AMASS,MOYO_smplx_neutral,MOYO_smplx_neutral/train/220923/03596/220923_yogi_body_hands_03596_Bridge_Pose_or_Setu_Bandha_Sarvangasana_-b_stageii.csv,60.024009603841904,60.0,2000,2000,33.319999999999794,,,,false
AMASS:GRAB/s1/pyramidmedium_pick_all_stageii.csv,AMASS,GRAB,GRAB/s1/pyramidmedium_pick_all_stageii.csv,120.04801920768381,60.0,2000,1000,16.666666666666668,,,,false
AMASS:GRAB/s8/phone_pick_all_stageii.csv,AMASS,GRAB,GRAB/s8/phone_pick_all_stageii.csv,120.04801920768381,60.0,2000,1000,16.666666666666668,,,,false
AMASS:CMU/144/144_07_stageii.csv,AMASS,CMU,CMU/144/144_07_stageii.csv,120.04801920768381,60.0,2000,1000,16.666666666666668,,,,false
AMASS:EyesJapanDataset/aita/throw_toss-11-disc-aita_stageii.csv,AMASS,EyesJapanDataset,EyesJapanDataset/aita/throw_toss-11-disc-aita_stageii.csv,120.04801920768381,60.0,2000,1000,16.666666666666668,,,,false
AMASS:HUMAN4D/Subject2_Aude/INF_LayingDown_S2_02_stageii.csv,AMASS,HUMAN4D,HUMAN4D/Subject2_Aude/INF_LayingDown_S2_02_stageii.csv,120.04801920768381,60.0,2000,1000,16.666666666666668,,,,false
AMASS:GRAB/s7/piggybank_pick_all_stageii.csv,AMASS,GRAB,GRAB/s7/piggybank_pick_all_stageii.csv,120.04801920768381,60.0,2000,1000,16.666666666666668,,,,false
AMASS:CMU/125/125_03_stageii.csv,AMASS,CMU,CMU/125/125_03_stageii.csv,120.04801920768381,60.0,2000,1000,16.666666666666668,,,,false
AMASS:CMU/31/31_16_stageii.csv,AMASS,CMU,CMU/31/31_16_stageii.csv,120.04801920768381,60.0,2000,1000,16.666666666666668,,,,false
AMASS:BMLrub/rub096/0021_catching_and_throwing_stageii.csv,AMASS,BMLrub,BMLrub/rub096/0021_catching_and_throwing_stageii.csv,120.04801920768381,60.0,2000,1000,16.666666666666668,,,,false
AMASS:SOMA/soma_subject1/kick_003_stageii.csv,AMASS,SOMA,SOMA/soma_subject1/kick_003_stageii.csv,120.04801920768381,60.0,2000,1000,16.666666666666668,,,,false
AMASS:MOYO_smplx_neutral/train/221004/03596/221004_yogi_nexus_body_hands_03596_Noose_Pose_or_Pasasana_-a_stageii.csv,AMASS,MOYO_smplx_neutral,MOYO_smplx_neutral/train/221004/03596/221004_yogi_nexus_body_hands_03596_Noose_Pose_or_Pasasana_-a_stageii.csv,60.024009603841904,60.0,2000,2000,33.319999999999794,,,,false
AMASS:MPIHDM05/mm/HDM_mm_05-02_01_120_stageii.csv,AMASS,MPIHDM05,MPIHDM05/mm/HDM_mm_05-02_01_120_stageii.csv,120.04801920768381,60.0,2000,1000,16.666666666666668,,,,false
AMASS:DanceDB/20150927_VasoAristeidou/Vasso_Neutral_v4_01_stageii.csv,AMASS,DanceDB,DanceDB/20150927_VasoAristeidou/Vasso_Neutral_v4_01_stageii.csv,120.04801920768381,60.0,2000,1000,16.666666666666668,,,,false
AMASS:GRAB/s1/toruslarge_pick_all_stageii.csv,AMASS,GRAB,GRAB/s1/toruslarge_pick_all_stageii.csv,120.04801920768381,60.0,2000,1000,16.666666666666668,,,,false
AMASS:GRAB/s7/eyeglasses_pick_all_stageii.csv,AMASS,GRAB,GRAB/s7/eyeglasses_pick_all_stageii.csv,120.04801920768381,60.0,2000,1000,16.666666666666668,,,,false
AMASS:GRAB/s6/spherelarge_pick_all_stageii.csv,AMASS,GRAB,GRAB/s6/spherelarge_pick_all_stageii.csv,120.04801920768381,60.0,2000,1000,16.666666666666668,,,,false
AMASS:GRAB/s3/waterbottle_pick_all_stageii.csv,AMASS,GRAB,GRAB/s3/waterbottle_pick_all_stageii.csv,120.04801920768381,60.0,2000,1000,16.666666666666668,,,,false
AMASS:WEIZMANN/66/Fast_StraightShort(3)_stageii.csv,AMASS,WEIZMANN,WEIZMANN/66/Fast_StraightShort(3)_stageii.csv,100.00000000000213,60.0,2000,1200,20.0,,,,false
AMASS:BMLrub/rub023/0001_treadmill_fast_stageii.csv,AMASS,BMLrub,BMLrub/rub023/0001_treadmill_fast_stageii.csv,120.04801920768381,60.0,2000,1000,16.666666666666668,,,,false
AMASS:EyesJapanDataset/kaiwa/throw_toss-09-shotput-kaiwa_stageii.csv,AMASS,EyesJapanDataset,EyesJapanDataset/kaiwa/throw_toss-09-shotput-kaiwa_stageii.csv,120.04801920768381,60.0,2000,1000,16.666666666666668,,,,false
AMASS:MPImosh/50009/misc_stageii.csv,AMASS,MPImosh,MPImosh/50009/misc_stageii.csv,100.00000000000213,60.0,2000,1200,20.0,,,,false
AMASS:BMLrub/rub046/0031_rom_stageii.csv,AMASS,BMLrub,BMLrub/rub046/0031_rom_stageii.csv,120.04801920768381,60.0,2000,1000,16.666666666666668,,,,false
AMASS:BMLrub/rub112/0021_catching_and_throwing_stageii.csv,AMASS,BMLrub,BMLrub/rub112/0021_catching_and_throwing_stageii.csv,120.04801920768381,60.0,2000,1000,16.666666666666668,,,,false
AMASS:GRAB/s5/cubesmall_pick_all_stageii.csv,AMASS,GRAB,GRAB/s5/cubesmall_pick_all_stageii.csv,120.04801920768381,60.0,2000,1000,16.666666666666668,,,,false
AMASS:EyesJapanDataset/hamada/gesture_etc-15-whip_-hamada_stageii.csv,AMASS,EyesJapanDataset,EyesJapanDataset/hamada/gesture_etc-15-whip_-hamada_stageii.csv,120.04801920768381,60.0,2000,1000,16.666666666666668,,,,false
AMASS:CMU/144/144_04_stageii.csv,AMASS,CMU,CMU/144/144_04_stageii.csv,120.04801920768381,60.0,2000,1000,16.666666666666668,,,,false
AMASS:DanceDB/20151003_ElenaKyriakou/Elena_Happy_v1_C3D_stageii.csv,AMASS,DanceDB,DanceDB/20151003_ElenaKyriakou/Elena_Happy_v1_C3D_stageii.csv,120.04801920768381,60.0,2000,1000,16.666666666666668,,,,false
AMASS:GRAB/s5/cylindersmall_pick_all_stageii.csv,AMASS,GRAB,GRAB/s5/cylindersmall_pick_all_stageii.csv,120.04801920768381,60.0,2000,1000,16.666666666666668,,,,false
AMASS:HUMAN4D/Subject4_Carine/RGB_JumpingJack_S4_01_stageii.csv,AMASS,HUMAN4D,HUMAN4D/Subject4_Carine/RGB_JumpingJack_S4_01_stageii.csv,120.04801920768381,60.0,2000,1000,16.666666666666668,,,,false
AMASS:HUMAN4D/Subject3_Medhi/RGB_SittingFloor_S3_01_stageii.csv,AMASS,HUMAN4D,HUMAN4D/Subject3_Medhi/RGB_SittingFloor_S3_01_stageii.csv,120.04801920768381,60.0,2000,1000,16.666666666666668,,,,false
AMASS:BMLrub/rub094/0000_treadmill_norm_stageii.csv,AMASS,BMLrub,BMLrub/rub094/0000_treadmill_norm_stageii.csv,120.04801920768381,60.0,2000,1000,16.666666666666668,,,,false
AMASS:EyesJapanDataset/kaiwa/accident-07-damage_left_arm-kaiwa_stageii.csv,AMASS,EyesJapanDataset,EyesJapanDataset/kaiwa/accident-07-damage_left_arm-kaiwa_stageii.csv,120.04801920768381,60.0,2000,1000,16.666666666666668,,,,false
AMASS:DanceDB/20151003_AndriaMichaelidou/Andria_Miserable_v1_C3D_stageii.csv,AMASS,DanceDB,DanceDB/20151003_AndriaMichaelidou/Andria_Miserable_v1_C3D_stageii.csv,120.04801920768381,60.0,2000,1000,16.666666666666668,,,,false
AMASS:EyesJapanDataset/kaiwa/sitdown_standup-09-squat_down-kaiwa_stageii.csv,AMASS,EyesJapanDataset,EyesJapanDataset/kaiwa/sitdown_standup-09-squat_down-kaiwa_stageii.csv,120.04801920768381,60.0,2000,1000,16.666666666666668,,,,false
AMASS:WEIZMANN/69/Normal_CircleCCW(2)_stageii.csv,AMASS,WEIZMANN,WEIZMANN/69/Normal_CircleCCW(2)_stageii.csv,100.00000000000213,60.0,2000,1200,20.0,,,,false
AMASS:MOYO_smplx_neutral/extra/221004/03596/221004_yogi_nexus_body_hands_03596_Warm_Up_stageii.csv,AMASS,MOYO_smplx_neutral,MOYO_smplx_neutral/extra/221004/03596/221004_yogi_nexus_body_hands_03596_Warm_Up_stageii.csv,60.016804705317455,60.0,2000,2000,33.32400000000002,,,,false
AMASS:WEIZMANN/67/Fast_AFig8CW(1)_stageii.csv,AMASS,WEIZMANN,WEIZMANN/67/Fast_AFig8CW(1)_stageii.csv,100.00000000000213,60.0,2000,1200,20.0,,,,false
AMASS:ACCAD/Male2MartialArtsExtended_c3d/Form_1_stageii.csv,AMASS,ACCAD,ACCAD/Male2MartialArtsExtended_c3d/Form_1_stageii.csv,120.04801920768381,60.0,2000,1000,16.666666666666668,,,,false
AMASS:CMU/01/01_03_stageii.csv,AMASS,CMU,CMU/01/01_03_stageii.csv,120.04801920768381,60.0,2000,1000,16.666666666666668,,,,false
AMASS:EyesJapanDataset/kaiwa/gesture_etc-45-feel_dizzy_-kaiwa_stageii.csv,AMASS,EyesJapanDataset,EyesJapanDataset/kaiwa/gesture_etc-45-feel_dizzy_-kaiwa_stageii.csv,120.04801920768381,60.0,2000,1000,16.666666666666668,,,,false
AMASS:EyesJapanDataset/hamada/greeting-05-salute_(chest)-hamada_stageii.csv,AMASS,EyesJapanDataset,EyesJapanDataset/hamada/greeting-05-salute_(chest)-hamada_stageii.csv,120.04801920768381,60.0,2000,1000,16.666666666666668,,,,false
AMASS:CMU/13/13_18_stageii.csv,AMASS,CMU,CMU/13/13_18_stageii.csv,120.04801920768381,60.0,2000,1000,16.666666666666668,,,,false
AMASS:EyesJapanDataset/shiono/pose-20-zombee-shiono_stageii.csv,AMASS,EyesJapanDataset,EyesJapanDataset/shiono/pose-20-zombee-shiono_stageii.csv,120.04801920768381,60.0,2000,1000,16.666666666666668,,,,false
AMASS:GRAB/s8/cylinderlarge_pick_all_stageii.csv,AMASS,GRAB,GRAB/s8/cylinderlarge_pick_all_stageii.csv,120.04801920768381,60.0,2000,1000,16.666666666666668,,,,false
AMASS:EyesJapanDataset/kanno/pose-19-funny-kanno_stageii.csv,AMASS,EyesJapanDataset,EyesJapanDataset/kanno/pose-19-funny-kanno_stageii.csv,120.04801920768381,60.0,2000,1000,16.666666666666668,,,,false
AMASS:CMU/55/55_08_stageii.csv,AMASS,CMU,CMU/55/55_08_stageii.csv,120.04801920768381,60.0,2000,1000,16.666666666666668,,,,false
AMASS:HUMAN4D/Subject2_Aude/INF_StretchingTalking_S2_01_stageii.csv,AMASS,HUMAN4D,HUMAN4D/Subject2_Aude/INF_StretchingTalking_S2_01_stageii.csv,120.04801920768381,60.0,2000,1000,16.666666666666668,,,,false
AMASS:GRAB/s1/cup_pick_all_stageii.csv,AMASS,GRAB,GRAB/s1/cup_pick_all_stageii.csv,120.04801920768381,60.0,2000,1000,16.666666666666668,,,,false
AMASS:HUMAN4D/Subject4_Carine/RGB_TalkingWalking_S4_01_stageii.csv,AMASS,HUMAN4D,HUMAN4D/Subject4_Carine/RGB_TalkingWalking_S4_01_stageii.csv,120.04801920768381,60.0,2000,1000,16.666666666666668,,,,false
AMASS:GRAB/s9/alarmclock_pick_all_stageii.csv,AMASS,GRAB,GRAB/s9/alarmclock_pick_all_stageii.csv,120.04801920768381,60.0,2000,1000,16.666666666666668,,,,false
AMASS:EyesJapanDataset/takiguchi/accident-12-twist_foot-takiguchi_stageii.csv,AMASS,EyesJapanDataset,EyesJapanDataset/takiguchi/accident-12-twist_foot-takiguchi_stageii.csv,120.04801920768381,60.0,2000,1000,16.666666666666668,,,,false
AMASS:HUMAN4D/Subject3_4_Medhi/INF_WatchingFootball_S3S4_01_stageii.csv,AMASS,HUMAN4D,HUMAN4D/Subject3_4_Medhi/INF_WatchingFootball_S3S4_01_stageii.csv,120.04801920768381,60.0,2000,1000,16.666666666666668,,,,false
AMASS:SOMA/soma_subject1/lift_001_stageii.csv,AMASS,SOMA,SOMA/soma_subject1/lift_001_stageii.csv,120.04801920768381,60.0,2000,1000,16.666666666666668,,,,false
AMASS:GRAB/s9/banana_pick_all_stageii.csv,AMASS,GRAB,GRAB/s9/banana_pick_all_stageii.csv,120.04801920768381,60.0,2000,1000,16.666666666666668,,,,false
AMASS:EyesJapanDataset/shiono/pose-09-pray_buddhism-shiono_stageii.csv,AMASS,EyesJapanDataset,EyesJapanDataset/shiono/pose-09-pray_buddhism-shiono_stageii.csv,120.04801920768381,60.0,2000,1000,16.666666666666668,,,,false
AMASS:BMLrub/rub059/0028_circle_walk_stageii.csv,AMASS,BMLrub,BMLrub/rub059/0028_circle_walk_stageii.csv,120.04801920768381,60.0,2000,1000,16.666666666666668,,,,false
AMASS:EyesJapanDataset/kudo/gesture_etc-14-apologize-kudo_stageii.csv,AMASS,EyesJapanDataset,EyesJapanDataset/kudo/gesture_etc-14-apologize-kudo_stageii.csv,120.04801920768381,60.0,2000,1000,16.666666666666668,,,,false
AMASS:CMU/29/29_24_stageii.csv,AMASS,CMU,CMU/29/29_24_stageii.csv,120.04801920768381,60.0,2000,1000,16.666666666666668,,,,false
AMASS:DanceDB/20151003_AndriaMichaelidou/Andria_Sad_v1_C3D_stageii.csv,AMASS,DanceDB,DanceDB/20151003_AndriaMichaelidou/Andria_Sad_v1_C3D_stageii.csv,120.04801920768381,60.0,2000,1000,16.666666666666668,,,,false
AMASS:CMU/77/77_28_stageii.csv,AMASS,CMU,CMU/77/77_28_stageii.csv,120.04801920768381,60.0,2000,1000,16.666666666666668,,,,false
AMASS:CMU/91/91_09_stageii.csv,AMASS,CMU,CMU/91/91_09_stageii.csv,120.04801920768381,60.0,2000,1000,16.666666666666668,,,,false
AMASS:BMLrub/rub010/0027_circle_walk_stageii.csv,AMASS,BMLrub,BMLrub/rub010/0027_circle_walk_stageii.csv,120.04801920768381,60.0,2000,1000,16.666666666666668,,,,false
AMASS:EyesJapanDataset/yamaoka/tennis-08-backhand_double-yamaoka_stageii.csv,AMASS,EyesJapanDataset,EyesJapanDataset/yamaoka/tennis-08-backhand_double-yamaoka_stageii.csv,120.04801920768381,60.0,2000,1000,16.666666666666668,,,,false
AMASS:TCDhandMocap/ExperimentDatabase/direction02_stageii.csv,AMASS,TCDhandMocap,TCDhandMocap/ExperimentDatabase/direction02_stageii.csv,120.04801920768381,60.0,2000,1000,16.666666666666668,,,,false
AMASS:HUMAN4D/Subject4_Carine/RGB_Bending_S4_01_stageii.csv,AMASS,HUMAN4D,HUMAN4D/Subject4_Carine/RGB_Bending_S4_01_stageii.csv,120.04801920768381,60.0,2000,1000,16.666666666666668,,,,false
AMASS:CMU/13/13_12_stageii.csv,AMASS,CMU,CMU/13/13_12_stageii.csv,120.04801920768381,60.0,2000,1000,16.666666666666668,,,,false
AMASS:HUMAN4D/Subject3_Medhi/INF_Talking_S3_01_stageii.csv,AMASS,HUMAN4D,HUMAN4D/Subject3_Medhi/INF_Talking_S3_01_stageii.csv,120.04801920768381,60.0,2000,1000,16.666666666666668,,,,false
AMASS:EyesJapanDataset/kaiwa/pose-04-drank-kaiwa_stageii.csv,AMASS,EyesJapanDataset,EyesJapanDataset/kaiwa/pose-04-drank-kaiwa_stageii.csv,120.04801920768381,60.0,2000,1000,16.666666666666668,,,,false
AMASS:BMLrub/rub078/0001_treadmill_fast_stageii.csv,AMASS,BMLrub,BMLrub/rub078/0001_treadmill_fast_stageii.csv,120.04801920768381,60.0,2000,1000,16.666666666666668,,,,false
AMASS:BMLrub/rub074/0002_treadmill_slow_stageii.csv,AMASS,BMLrub,BMLrub/rub074/0002_treadmill_slow_stageii.csv,120.04801920768381,60.0,2000,1000,16.666666666666668,,,,false
AMASS:EyesJapanDataset/shiono/walk-02-drank-shiono_stageii.csv,AMASS,EyesJapanDataset,EyesJapanDataset/shiono/walk-02-drank-shiono_stageii.csv,120.04801920768381,60.0,2000,1000,16.666666666666668,,,,false
AMASS:BMLrub/rub045/0001_treadmill_fast_stageii.csv,AMASS,BMLrub,BMLrub/rub045/0001_treadmill_fast_stageii.csv,120.04801920768381,60.0,2000,1000,16.666666666666668,,,,false
AMASS:SOMA/soma_subject1/dance_002_stageii.csv,AMASS,SOMA,SOMA/soma_subject1/dance_002_stageii.csv,120.04801920768381,60.0,2000,1000,16.666666666666668,,,,false
AMASS:GRAB/s4/cylinderlarge_pick_all_stageii.csv,AMASS,GRAB,GRAB/s4/cylinderlarge_pick_all_stageii.csv,120.04801920768381,60.0,2000,1000,16.666666666666668,,,,false
AMASS:HUMAN4D/Subject4_Carine/INF_Bending_S4_01_stageii.csv,AMASS,HUMAN4D,HUMAN4D/Subject4_Carine/INF_Bending_S4_01_stageii.csv,120.04801920768381,60.0,2000,1000,16.666666666666668,,,,false
AMASS:CMU/31/31_01_stageii.csv,AMASS,CMU,CMU/31/31_01_stageii.csv,120.04801920768381,60.0,2000,1000,16.666666666666668,,,,false
AMASS:GRAB/s4/stanfordbunny_pick_all_stageii.csv,AMASS,GRAB,GRAB/s4/stanfordbunny_pick_all_stageii.csv,120.04801920768381,60.0,2000,1000,16.666666666666668,,,,false
AMASS:HUMAN4D/Subject1_Karim/INF_SittingDown_S1_01_stageii.csv,AMASS,HUMAN4D,HUMAN4D/Subject1_Karim/INF_SittingDown_S1_01_stageii.csv,120.04801920768381,60.0,2000,1000,16.666666666666668,,,,false
AMASS:DanceDB/20150927_VasoAristeidou/Vasso_Neutral_v3_01_stageii.csv,AMASS,DanceDB,DanceDB/20150927_VasoAristeidou/Vasso_Neutral_v3_01_stageii.csv,120.04801920768381,60.0,2000,1000,16.666666666666668,,,,false
AMASS:GRAB/s7/cubemedium_pick_all_stageii.csv,AMASS,GRAB,GRAB/s7/cubemedium_pick_all_stageii.csv,120.04801920768381,60.0,2000,1000,16.666666666666668,,,,false
AMASS:MOYO_smplx_neutral/train/220926/03596/220926_yogi_body_hands_03596_Pigeon_Pose_or_Kapotasana_-a_stageii.csv,AMASS,MOYO_smplx_neutral,MOYO_smplx_neutral/train/220926/03596/220926_yogi_body_hands_03596_Pigeon_Pose_or_Kapotasana_-a_stageii.csv,60.01320290463908,60.0,2000,2000,33.325999999999965,,,,false
AMASS:HUMAN4D/Subject1_Karim/RGB_Talking_S1_01_stageii.csv,AMASS,HUMAN4D,HUMAN4D/Subject1_Karim/RGB_Talking_S1_01_stageii.csv,120.04801920768381,60.0,2000,1000,16.666666666666668,,,,false
AMASS:GRAB/s1/cylindermedium_pick_all_stageii.csv,AMASS,GRAB,GRAB/s1/cylindermedium_pick_all_stageii.csv,120.04801920768381,60.0,2000,1000,16.666666666666668,,,,false
AMASS:EyesJapanDataset/kaiwa/gesture_etc-38-hand_language-kaiwa_stageii.csv,AMASS,EyesJapanDataset,EyesJapanDataset/kaiwa/gesture_etc-38-hand_language-kaiwa_stageii.csv,120.04801920768381,60.0,2000,1000,16.666666666666668,,,,false
AMASS:BMLrub/rub088/0021_catching_and_throwing_stageii.csv,AMASS,BMLrub,BMLrub/rub088/0021_catching_and_throwing_stageii.csv,120.04801920768381,60.0,2000,1000,16.666666666666668,,,,false
AMASS:MOYO_smplx_neutral/train/220923/03596/220923_yogi_body_hands_03596_Side_Crane_Crow_Pose_or_Parsva_Bakasana_-b_stageii.csv,AMASS,MOYO_smplx_neutral,MOYO_smplx_neutral/train/220923/03596/220923_yogi_body_hands_03596_Side_Crane_Crow_Pose_or_Parsva_Bakasana_-b_stageii.csv,60.024009603841904,60.0,2000,2000,33.319999999999794,,,,false
AMASS:BMLrub/rub041/0001_treadmill_fast_stageii.csv,AMASS,BMLrub,BMLrub/rub041/0001_treadmill_fast_stageii.csv,120.04801920768381,60.0,2000,1000,16.666666666666668,,,,false
AMASS:CMU/94/94_07_stageii.csv,AMASS,CMU,CMU/94/94_07_stageii.csv,120.04801920768381,60.0,2000,1000,16.666666666666668,,,,false
AMASS:GRAB/s5/cylinderlarge_pick_all_stageii.csv,AMASS,GRAB,GRAB/s5/cylinderlarge_pick_all_stageii.csv,120.04801920768381,60.0,2000,1000,16.666666666666668,,,,false
AMASS:KIT/987/Experiment3b_02_stageii.csv,AMASS,KIT,KIT/987/Experiment3b_02_stageii.csv,100.00000000000213,60.0,2000,1200,20.0,,,,false
AMASS:EyesJapanDataset/kanno/pose-13-model-kanno_stageii.csv,AMASS,EyesJapanDataset,EyesJapanDataset/kanno/pose-13-model-kanno_stageii.csv,120.04801920768381,60.0,2000,1000,16.666666666666668,,,,false
AMASS:GRAB/s4/doorknob_pick_all_stageii.csv,AMASS,GRAB,GRAB/s4/doorknob_pick_all_stageii.csv,120.04801920768381,60.0,2000,1000,16.666666666666668,,,,false
AMASS:MPIHDM05/dg/HDM_dg_02-02_03_120_stageii.csv,AMASS,MPIHDM05,MPIHDM05/dg/HDM_dg_02-02_03_120_stageii.csv,120.04801920768381,60.0,2000,1000,16.666666666666668,,,,false
AMASS:GRAB/s1/watch_pick_all_stageii.csv,AMASS,GRAB,GRAB/s1/watch_pick_all_stageii.csv,120.04801920768381,60.0,2000,1000,16.666666666666668,,,,false
AMASS:HUMAN4D/Subject1_2_Aude/RGB_Dancing_S1S2_02_stageii.csv,AMASS,HUMAN4D,HUMAN4D/Subject1_2_Aude/RGB_Dancing_S1S2_02_stageii.csv,120.04801920768381,60.0,2000,1000,16.666666666666668,,,,false
AMASS:SOMA/soma_subject2/random_003_stageii.csv,AMASS,SOMA,SOMA/soma_subject2/random_003_stageii.csv,120.04801920768381,60.0,2000,1000,16.666666666666668,,,,false
AMASS:BMLrub/rub046/0001_treadmill_fast_stageii.csv,AMASS,BMLrub,BMLrub/rub046/0001_treadmill_fast_stageii.csv,120.04801920768381,60.0,2000,1000,16.666666666666668,,,,false
AMASS:MPIHDM05/dg/HDM_dg_02-01_02_120_stageii.csv,AMASS,MPIHDM05,MPIHDM05/dg/HDM_dg_02-01_02_120_stageii.csv,120.04801920768381,60.0,2000,1000,16.666666666666668,,,,false
AMASS:CMU/144/144_15_stageii.csv,AMASS,CMU,CMU/144/144_15_stageii.csv,120.04801920768381,60.0,2000,1000,16.666666666666668,,,,false
AMASS:MOYO_smplx_neutral/extra/220923/03596/220923_yogi_body_hands_03596_Cow_Face_Pose_or_Gomukhasana_-c_stageii.csv,AMASS,MOYO_smplx_neutral,MOYO_smplx_neutral/extra/220923/03596/220923_yogi_body_hands_03596_Cow_Face_Pose_or_Gomukhasana_-c_stageii.csv,60.024009603841904,60.0,2000,2000,33.319999999999794,,,,false
AMASS:BMLrub/rub006/0021_circle_walk_stageii.csv,AMASS,BMLrub,BMLrub/rub006/0021_circle_walk_stageii.csv,120.04801920768381,60.0,2000,1000,16.666666666666668,,,,false
AMASS:CMU/80/80_34_stageii.csv,AMASS,CMU,CMU/80/80_34_stageii.csv,60.024009603841904,60.0,2000,2000,33.319999999999794,,,,false
AMASS:CMU/01/01_05_stageii.csv,AMASS,CMU,CMU/01/01_05_stageii.csv,120.04801920768381,60.0,2000,1000,16.666666666666668,,,,false
AMASS:BMLrub/rub066/0001_treadmill_fast_stageii.csv,AMASS,BMLrub,BMLrub/rub066/0001_treadmill_fast_stageii.csv,120.04801920768381,60.0,2000,1000,16.666666666666668,,,,false
AMASS:EyesJapanDataset/aita/gesture_etc-05-touch_nose-aita_stageii.csv,AMASS,EyesJapanDataset,EyesJapanDataset/aita/gesture_etc-05-touch_nose-aita_stageii.csv,120.04801920768381,60.0,2000,1000,16.666666666666668,,,,false
AMASS:BMLrub/rub002/0021_circle_walk_stageii.csv,AMASS,BMLrub,BMLrub/rub002/0021_circle_walk_stageii.csv,120.04801920768381,60.0,2000,1000,16.666666666666668,,,,false
AMASS:BMLrub/rub050/0002_treadmill_slow_stageii.csv,AMASS,BMLrub,BMLrub/rub050/0002_treadmill_slow_stageii.csv,120.04801920768381,60.0,2000,1000,16.666666666666668,,,,false
AMASS:CMU/31/31_05_stageii.csv,AMASS,CMU,CMU/31/31_05_stageii.csv,120.04801920768381,60.0,2000,1000,16.666666666666668,,,,false
AMASS:SOMA/soma_subject1/random_002_stageii.csv,AMASS,SOMA,SOMA/soma_subject1/random_002_stageii.csv,120.04801920768381,60.0,2000,1000,16.666666666666668,,,,false
AMASS:GRAB/s2/cylindermedium_pick_all_stageii.csv,AMASS,GRAB,GRAB/s2/cylindermedium_pick_all_stageii.csv,120.04801920768381,60.0,2000,1000,16.666666666666668,,,,false
AMASS:KIT/883/wipe_head_vertical01_stageii.csv,AMASS,KIT,KIT/883/wipe_head_vertical01_stageii.csv,100.00000000000213,60.0,2000,1200,20.0,,,,false
AMASS:EyesJapanDataset/shiono/walk-05-backward-shiono_stageii.csv,AMASS,EyesJapanDataset,EyesJapanDataset/shiono/walk-05-backward-shiono_stageii.csv,120.04801920768381,60.0,2000,1000,16.666666666666668,,,,false
AMASS:MOYO_smplx_neutral/train/220926/03596/220926_yogi_body_hands_03596_Half_Lord_of_the_Fishes_Pose_or_Ardha_Matsyendrasana_-b_stageii.csv,AMASS,MOYO_smplx_neutral,MOYO_smplx_neutral/train/220926/03596/220926_yogi_body_hands_03596_Half_Lord_of_the_Fishes_Pose_or_Ardha_Matsyendrasana_-b_stageii.csv,60.024009603841506,60.0,2000,2000,33.320000000000014,,,,false
AMASS:EyesJapanDataset/hamada/greeting-03-election-hamada_stageii.csv,AMASS,EyesJapanDataset,EyesJapanDataset/hamada/greeting-03-election-hamada_stageii.csv,120.04801920768381,60.0,2000,1000,16.666666666666668,,,,false
AMASS:DanceDB/20151003_ElenaKyriakou/Elena_Tired_v1_C3D_stageii.csv,AMASS,DanceDB,DanceDB/20151003_ElenaKyriakou/Elena_Tired_v1_C3D_stageii.csv,120.04801920768381,60.0,2000,1000,16.666666666666668,,,,false
AMASS:DanceDB/20151003_ElenaKyriakou/Elena_Excited_v1_C3D_stageii.csv,AMASS,DanceDB,DanceDB/20151003_ElenaKyriakou/Elena_Excited_v1_C3D_stageii.csv,120.04801920768381,60.0,2000,1000,16.666666666666668,,,,false
AMASS:GRAB/s1/stapler_pick_all_stageii.csv,AMASS,GRAB,GRAB/s1/stapler_pick_all_stageii.csv,120.04801920768381,60.0,2000,1000,16.666666666666668,,,,false
AMASS:BMLrub/rub066/0000_treadmill_norm_stageii.csv,AMASS,BMLrub,BMLrub/rub066/0000_treadmill_norm_stageii.csv,120.04801920768381,60.0,2000,1000,16.666666666666668,,,,false
AMASS:MPIHDM05/dg/HDM_dg_03-03_03_120_stageii.csv,AMASS,MPIHDM05,MPIHDM05/dg/HDM_dg_03-03_03_120_stageii.csv,120.04801920768381,60.0,2000,1000,16.666666666666668,,,,false
AMASS:HUMAN4D/Subject3_4_Carine/INF_WatchingFootball_S3S4_01_stageii.csv,AMASS,HUMAN4D,HUMAN4D/Subject3_4_Carine/INF_WatchingFootball_S3S4_01_stageii.csv,120.04801920768381,60.0,2000,1000,16.666666666666668,,,,false
AMASS:BMLrub/rub070/0002_treadmill_slow_stageii.csv,AMASS,BMLrub,BMLrub/rub070/0002_treadmill_slow_stageii.csv,120.04801920768381,60.0,2000,1000,16.666666666666668,,,,false
AMASS:TotalCapture/s5/freestyle3_stageii.csv,AMASS,TotalCapture,TotalCapture/s5/freestyle3_stageii.csv,60.016804705317455,60.0,2000,2000,33.32400000000002,,,,false
AMASS:WEIZMANN/69/Fast_StraightShort(2)_stageii.csv,AMASS,WEIZMANN,WEIZMANN/69/Fast_StraightShort(2)_stageii.csv,100.00000000000213,60.0,2000,1200,20.0,,,,false
AMASS:HUMAN4D/Subject3_4_Medhi/RGB_Dancing_S3S4_01_stageii.csv,AMASS,HUMAN4D,HUMAN4D/Subject3_4_Medhi/RGB_Dancing_S3S4_01_stageii.csv,120.04801920768381,60.0,2000,1000,16.666666666666668,,,,false
AMASS:KIT/912/912_3_12_stageii.csv,AMASS,KIT,KIT/912/912_3_12_stageii.csv,100.00000000000213,60.0,2000,1200,20.0,,,,false
AMASS:HUMAN4D/Subject2_Aude/RGB_SittingFloor_S2_01_stageii.csv,AMASS,HUMAN4D,HUMAN4D/Subject2_Aude/RGB_SittingFloor_S2_01_stageii.csv,120.04801920768381,60.0,2000,1000,16.666666666666668,,,,false
AMASS:BMLrub/rub084/0000_treadmill_norm_stageii.csv,AMASS,BMLrub,BMLrub/rub084/0000_treadmill_norm_stageii.csv,120.04801920768381,60.0,2000,1000,16.666666666666668,,,,false
AMASS:GRAB/s1/waterbottle_pick_all_stageii.csv,AMASS,GRAB,GRAB/s1/waterbottle_pick_all_stageii.csv,120.04801920768381,60.0,2000,1000,16.666666666666668,,,,false
AMASS:EyesJapanDataset/hamada/pose-10-recall_blackmagic-hamada_stageii.csv,AMASS,EyesJapanDataset,EyesJapanDataset/hamada/pose-10-recall_blackmagic-hamada_stageii.csv,120.04801920768381,60.0,2000,1000,16.666666666666668,,,,false
AMASS:DanceDB/20150927_VasoAristeidou/Vasso_Miserable_v1_01_stageii.csv,AMASS,DanceDB,DanceDB/20150927_VasoAristeidou/Vasso_Miserable_v1_01_stageii.csv,120.04801920768381,60.0,2000,1000,16.666666666666668,,,,false
AMASS:GRAB/s4/spheresmall_pick_all_stageii.csv,AMASS,GRAB,GRAB/s4/spheresmall_pick_all_stageii.csv,120.04801920768381,60.0,2000,1000,16.666666666666668,,,,false
AMASS:GRAB/s7/wineglass_pick_all_stageii.csv,AMASS,GRAB,GRAB/s7/wineglass_pick_all_stageii.csv,120.04801920768381,60.0,2000,1000,16.666666666666668,,,,false
AMASS:GRAB/s8/piggybank_pick_all_stageii.csv,AMASS,GRAB,GRAB/s8/piggybank_pick_all_stageii.csv,120.04801920768381,60.0,2000,1000,16.666666666666668,,,,false
AMASS:EyesJapanDataset/kaiwa/turn-02-look_around-kaiwa_stageii.csv,AMASS,EyesJapanDataset,EyesJapanDataset/kaiwa/turn-02-look_around-kaiwa_stageii.csv,120.04801920768381,60.0,2000,1000,16.666666666666668,,,,false
AMASS:CMU/91/91_21_stageii.csv,AMASS,CMU,CMU/91/91_21_stageii.csv,120.04801920768381,60.0,2000,1000,16.666666666666668,,,,false
AMASS:GRAB/s8/watch_pick_all_stageii.csv,AMASS,GRAB,GRAB/s8/watch_pick_all_stageii.csv,120.04801920768381,60.0,2000,1000,16.666666666666668,,,,false
AMASS:HUMAN4D/Subject3_Medhi/RGB_InflightSafety_S3_01_stageii.csv,AMASS,HUMAN4D,HUMAN4D/Subject3_Medhi/RGB_InflightSafety_S3_01_stageii.csv,120.04801920768381,60.0,2000,1000,16.666666666666668,,,,false
AMASS:BMLrub/rub076/0003_treadmill_jog_stageii.csv,AMASS,BMLrub,BMLrub/rub076/0003_treadmill_jog_stageii.csv,120.04801920768381,60.0,2000,1000,16.666666666666668,,,,false
AMASS:HUMAN4D/Subject2_Aude/RGB_SittingStanding_S2_01_stageii.csv,AMASS,HUMAN4D,HUMAN4D/Subject2_Aude/RGB_SittingStanding_S2_01_stageii.csv,120.04801920768381,60.0,2000,1000,16.666666666666668,,,,false
AMASS:EyesJapanDataset/takiguchi/turn-04-cartwheels-takiguchi_stageii.csv,AMASS,EyesJapanDataset,EyesJapanDataset/takiguchi/turn-04-cartwheels-takiguchi_stageii.csv,120.04801920768381,60.0,2000,1000,16.666666666666668,,,,false
AMASS:CMU/29/29_17_stageii.csv,AMASS,CMU,CMU/29/29_17_stageii.csv,120.04801920768381,60.0,2000,1000,16.666666666666668,,,,false
AMASS:GRAB/s5/alarmclock_pick_all_stageii.csv,AMASS,GRAB,GRAB/s5/alarmclock_pick_all_stageii.csv,120.04801920768381,60.0,2000,1000,16.666666666666668,,,,false
AMASS:MPIHDM05/dg/HDM_dg_05-01_01_120_stageii.csv,AMASS,MPIHDM05,MPIHDM05/dg/HDM_dg_05-01_01_120_stageii.csv,120.04801920768381,60.0,2000,1000,16.666666666666668,,,,false
AMASS:TotalCapture/s2/walking2_stageii.csv,AMASS,TotalCapture,TotalCapture/s2/walking2_stageii.csv,60.016804705317455,60.0,2000,2000,33.32400000000002,,,,false
AMASS:GRAB/s5/doorknob_pick_all_stageii.csv,AMASS,GRAB,GRAB/s5/doorknob_pick_all_stageii.csv,120.04801920768381,60.0,2000,1000,16.666666666666668,,,,false
AMASS:CMU/91/91_34_stageii.csv,AMASS,CMU,CMU/91/91_34_stageii.csv,120.04801920768381,60.0,2000,1000,16.666666666666668,,,,false
AMASS:WEIZMANN/67/Fast_StraightShort(1)_stageii.csv,AMASS,WEIZMANN,WEIZMANN/67/Fast_StraightShort(1)_stageii.csv,100.00000000000213,60.0,2000,1200,20.0,,,,false
AMASS:MPILimits/03099/lar5_stageii.csv,AMASS,MPILimits,MPILimits/03099/lar5_stageii.csv,120.04801920768381,60.0,2000,1000,16.666666666666668,,,,false
AMASS:BMLrub/rub096/0000_treadmill_norm_stageii.csv,AMASS,BMLrub,BMLrub/rub096/0000_treadmill_norm_stageii.csv,120.04801920768381,60.0,2000,1000,16.666666666666668,,,,false
AMASS:BMLrub/rub062/0002_treadmill_slow_stageii.csv,AMASS,BMLrub,BMLrub/rub062/0002_treadmill_slow_stageii.csv,120.04801920768381,60.0,2000,1000,16.666666666666668,,,,false
AMASS:EyesJapanDataset/hamada/throw_toss-20-pass_to_front_heavy-hamada_stageii.csv,AMASS,EyesJapanDataset,EyesJapanDataset/hamada/throw_toss-20-pass_to_front_heavy-hamada_stageii.csv,120.04801920768381,60.0,2000,1000,16.666666666666668,,,,false
AMASS:EyesJapanDataset/hamada/turn-02-look_around-hamada_stageii.csv,AMASS,EyesJapanDataset,EyesJapanDataset/hamada/turn-02-look_around-hamada_stageii.csv,120.04801920768381,60.0,2000,1000,16.666666666666668,,,,false
AMASS:GRAB/s6/cylinderlarge_pick_all_stageii.csv,AMASS,GRAB,GRAB/s6/cylinderlarge_pick_all_stageii.csv,120.04801920768381,60.0,2000,1000,16.666666666666668,,,,false
AMASS:HUMAN4D/Subject1_2_Karim/RGB_Dancing_S1S2_02_stageii.csv,AMASS,HUMAN4D,HUMAN4D/Subject1_2_Karim/RGB_Dancing_S1S2_02_stageii.csv,120.04801920768381,60.0,2000,1000,16.666666666666668,,,,false
AMASS:CMU/94/94_03_stageii.csv,AMASS,CMU,CMU/94/94_03_stageii.csv,120.04801920768381,60.0,2000,1000,16.666666666666668,,,,false
AMASS:HUMAN4D/Subject4_Carine/RGB_PunchingKicking_S4_01_stageii.csv,AMASS,HUMAN4D,HUMAN4D/Subject4_Carine/RGB_PunchingKicking_S4_01_stageii.csv,120.04801920768381,60.0,2000,1000,16.666666666666668,,,,false
AMASS:GRAB/s7/flashlight_pick_all_stageii.csv,AMASS,GRAB,GRAB/s7/flashlight_pick_all_stageii.csv,120.04801920768381,60.0,2000,1000,16.666666666666668,,,,false
AMASS:SOMA/soma_subject1/dance_003_stageii.csv,AMASS,SOMA,SOMA/soma_subject1/dance_003_stageii.csv,120.04801920768381,60.0,2000,1000,16.666666666666668,,,,false
AMASS:CMU/55/55_21_stageii.csv,AMASS,CMU,CMU/55/55_21_stageii.csv,120.04801920768381,60.0,2000,1000,16.666666666666668,,,,false
AMASS:BMLrub/rub054/0003_treadmill_jog_stageii.csv,AMASS,BMLrub,BMLrub/rub054/0003_treadmill_jog_stageii.csv,120.04801920768381,60.0,2000,1000,16.666666666666668,,,,false
AMASS:DanceDB/20151003_ElenaKyriakou/Elena_Miserable_v1_C3D_stageii.csv,AMASS,DanceDB,DanceDB/20151003_ElenaKyriakou/Elena_Miserable_v1_C3D_stageii.csv,120.04801920768381,60.0,2000,1000,16.666666666666668,,,,false
AMASS:KIT/3/Experiment3a_back_02_stageii.csv,AMASS,KIT,KIT/3/Experiment3a_back_02_stageii.csv,100.00000000000213,60.0,2000,1200,20.0,,,,false
AMASS:MOYO_smplx_neutral/train/221004/03596/221004_yogi_nexus_body_hands_03596_Supta_Virasana_Vajrasana-c_stageii.csv,AMASS,MOYO_smplx_neutral,MOYO_smplx_neutral/train/221004/03596/221004_yogi_nexus_body_hands_03596_Supta_Virasana_Vajrasana-c_stageii.csv,60.024009603841904,60.0,2000,2000,33.319999999999794,,,,false
AMASS:EyesJapanDataset/yokoyama/karate-06-back_kick-yokoyama_stageii.csv,AMASS,EyesJapanDataset,EyesJapanDataset/yokoyama/karate-06-back_kick-yokoyama_stageii.csv,120.04801920768381,60.0,2000,1000,16.666666666666668,,,,false
AMASS:CMU/105/105_09_stageii.csv,AMASS,CMU,CMU/105/105_09_stageii.csv,120.04801920768381,60.0,2000,1000,16.666666666666668,,,,false
AMASS:BMLrub/rub046/0003_treadmill_jog_stageii.csv,AMASS,BMLrub,BMLrub/rub046/0003_treadmill_jog_stageii.csv,120.04801920768381,60.0,2000,1000,16.666666666666668,,,,false
AMASS:KIT/3/Transfuse02_stageii.csv,AMASS,KIT,KIT/3/Transfuse02_stageii.csv,100.00000000000213,60.0,2000,1200,20.0,,,,false
AMASS:GRAB/s5/elephant_pick_all_stageii.csv,AMASS,GRAB,GRAB/s5/elephant_pick_all_stageii.csv,120.04801920768381,60.0,2000,1000,16.666666666666668,,,,false
AMASS:EyesJapanDataset/hamada/pose-03-open_leg-hamada_stageii.csv,AMASS,EyesJapanDataset,EyesJapanDataset/hamada/pose-03-open_leg-hamada_stageii.csv,120.04801920768381,60.0,2000,1000,16.666666666666668,,,,false
AMASS:EyesJapanDataset/shiono/walk-18-shuffle_forward-shiono_stageii.csv,AMASS,EyesJapanDataset,EyesJapanDataset/shiono/walk-18-shuffle_forward-shiono_stageii.csv,120.04801920768381,60.0,2000,1000,16.666666666666668,,,,false
AMASS:GRAB/s4/piggybank_pick_all_stageii.csv,AMASS,GRAB,GRAB/s4/piggybank_pick_all_stageii.csv,120.04801920768381,60.0,2000,1000,16.666666666666668,,,,false
AMASS:GRAB/s3/airplane_pick_all_stageii.csv,AMASS,GRAB,GRAB/s3/airplane_pick_all_stageii.csv,120.04801920768381,60.0,2000,1000,16.666666666666668,,,,false
AMASS:GRAB/s1/bowl_pick_all_stageii.csv,AMASS,GRAB,GRAB/s1/bowl_pick_all_stageii.csv,120.04801920768381,60.0,2000,1000,16.666666666666668,,,,false
AMASS:BMLrub/rub061/0002_treadmill_slow_stageii.csv,AMASS,BMLrub,BMLrub/rub061/0002_treadmill_slow_stageii.csv,120.04801920768381,60.0,2000,1000,16.666666666666668,,,,false
AMASS:DanceDB/20151003_AndriaMichaelidou/Andria_Relaxed_v1_C3D_stageii.csv,AMASS,DanceDB,DanceDB/20151003_AndriaMichaelidou/Andria_Relaxed_v1_C3D_stageii.csv,120.04801920768381,60.0,2000,1000,16.666666666666668,,,,false
AMASS:KIT/675/dry_left_arm_15_stageii.csv,AMASS,KIT,KIT/675/dry_left_arm_15_stageii.csv,100.00000000000213,60.0,2000,1200,20.0,,,,false
AMASS:GRAB/s6/hand_pick_all_stageii.csv,AMASS,GRAB,GRAB/s6/hand_pick_all_stageii.csv,120.04801920768381,60.0,2000,1000,16.666666666666668,,,,false
AMASS:BMLrub/rub037/0000_treadmill_norm_stageii.csv,AMASS,BMLrub,BMLrub/rub037/0000_treadmill_norm_stageii.csv,120.04801920768381,60.0,2000,1000,16.666666666666668,,,,false
AMASS:EyesJapanDataset/kawaguchi/pain-01-headache-kawaguchi_stageii.csv,AMASS,EyesJapanDataset,EyesJapanDataset/kawaguchi/pain-01-headache-kawaguchi_stageii.csv,120.04801920768381,60.0,2000,1000,16.666666666666668,,,,false
AMASS:EyesJapanDataset/kaiwa/accident-10-spasm-kaiwa_stageii.csv,AMASS,EyesJapanDataset,EyesJapanDataset/kaiwa/accident-10-spasm-kaiwa_stageii.csv,120.04801920768381,60.0,2000,1000,16.666666666666668,,,,false
AMASS:EyesJapanDataset/hamada/gesture_etc-51-cramp-hamada_stageii.csv,AMASS,EyesJapanDataset,EyesJapanDataset/hamada/gesture_etc-51-cramp-hamada_stageii.csv,120.04801920768381,60.0,2000,1000,16.666666666666668,,,,false
AMASS:CMU/111/111_41_stageii.csv,AMASS,CMU,CMU/111/111_41_stageii.csv,120.04801920768381,60.0,2000,1000,16.666666666666668,,,,false
AMASS:MPIHDM05/dg/HDM_dg_01-02_02_120_stageii.csv,AMASS,MPIHDM05,MPIHDM05/dg/HDM_dg_01-02_02_120_stageii.csv,120.04801920768381,60.0,2000,1000,16.666666666666668,,,,false
AMASS:BMLrub/rub026/0003_treadmill_jog_stageii.csv,AMASS,BMLrub,BMLrub/rub026/0003_treadmill_jog_stageii.csv,120.04801920768381,60.0,2000,1000,16.666666666666668,,,,false
AMASS:GRAB/s4/binoculars_pick_all_stageii.csv,AMASS,GRAB,GRAB/s4/binoculars_pick_all_stageii.csv,120.04801920768381,60.0,2000,1000,16.666666666666668,,,,false
AMASS:DanceDB/20151003_AndriaMichaelidou/Andria_Satisfied_v2_C3D_stageii.csv,AMASS,DanceDB,DanceDB/20151003_AndriaMichaelidou/Andria_Satisfied_v2_C3D_stageii.csv,120.04801920768381,60.0,2000,1000,16.666666666666668,,,,false
AMASS:WEIZMANN/68/Fast_StraightShort(2)_stageii.csv,AMASS,WEIZMANN,WEIZMANN/68/Fast_StraightShort(2)_stageii.csv,100.00000000000213,60.0,2000,1200,20.0,,,,false
AMASS:MOYO_smplx_neutral/train/221004/03596/221004_yogi_nexus_body_hands_03596_Plow_Pose_or_Halasana_-b_stageii.csv,AMASS,MOYO_smplx_neutral,MOYO_smplx_neutral/train/221004/03596/221004_yogi_nexus_body_hands_03596_Plow_Pose_or_Halasana_-b_stageii.csv,60.024009603841904,60.0,2000,2000,33.319999999999794,,,,false
AMASS:HUMAN4D/Subject1_Karim/INF_PunchingKicking_S1_01_stageii.csv,AMASS,HUMAN4D,HUMAN4D/Subject1_Karim/INF_PunchingKicking_S1_01_stageii.csv,120.04801920768381,60.0,2000,1000,16.666666666666668,,,,false
AMASS:CMU/144/144_05_stageii.csv,AMASS,CMU,CMU/144/144_05_stageii.csv,120.04801920768381,60.0,2000,1000,16.666666666666668,,,,false
AMASS:GRAB/s1/stamp_pick_all_stageii.csv,AMASS,GRAB,GRAB/s1/stamp_pick_all_stageii.csv,120.04801920768381,60.0,2000,1000,16.666666666666668,,,,false
AMASS:EyesJapanDataset/takiguchi/walk-03-sneak-takiguchi_stageii.csv,AMASS,EyesJapanDataset,EyesJapanDataset/takiguchi/walk-03-sneak-takiguchi_stageii.csv,120.04801920768381,60.0,2000,1000,16.666666666666668,,,,false
AMASS:SOMA/soma_subject2/sit_002_stageii.csv,AMASS,SOMA,SOMA/soma_subject2/sit_002_stageii.csv,120.04801920768381,60.0,2000,1000,16.666666666666668,,,,false
AMASS:EyesJapanDataset/kaiwa/accident-08-damage_rightfoot-kaiwa_stageii.csv,AMASS,EyesJapanDataset,EyesJapanDataset/kaiwa/accident-08-damage_rightfoot-kaiwa_stageii.csv,120.04801920768381,60.0,2000,1000,16.666666666666668,,,,false
AMASS:CMU/54/54_10_stageii.csv,AMASS,CMU,CMU/54/54_10_stageii.csv,120.04801920768381,60.0,2000,1000,16.666666666666668,,,,false
AMASS:HUMAN4D/Subject1_Karim/INF_SittingStanding_S1_01_stageii.csv,AMASS,HUMAN4D,HUMAN4D/Subject1_Karim/INF_SittingStanding_S1_01_stageii.csv,120.04801920768381,60.0,2000,1000,16.666666666666668,,,,false
AMASS:WEIZMANN/69/Fast_AFig8CW(1)_stageii.csv,AMASS,WEIZMANN,WEIZMANN/69/Fast_AFig8CW(1)_stageii.csv,100.00000000000213,60.0,2000,1200,20.0,,,,false
AMASS:KIT/3/Experiment3b_legs_01_stageii.csv,AMASS,KIT,KIT/3/Experiment3b_legs_01_stageii.csv,100.00000000000213,60.0,2000,1200,20.0,,,,false
AMASS:HUMAN4D/Subject1_2_Aude/RGB_PlayingCards_S1S2_01_stageii.csv,AMASS,HUMAN4D,HUMAN4D/Subject1_2_Aude/RGB_PlayingCards_S1S2_01_stageii.csv,120.04801920768381,60.0,2000,1000,16.666666666666668,,,,false
AMASS:KIT/987/Experiment3a_08_stageii.csv,AMASS,KIT,KIT/987/Experiment3a_08_stageii.csv,100.00000000000213,60.0,2000,1200,20.0,,,,false
AMASS:GRAB/s6/spheremedium_pick_all_stageii.csv,AMASS,GRAB,GRAB/s6/spheremedium_pick_all_stageii.csv,120.04801920768381,60.0,2000,1000,16.666666666666668,,,,false
AMASS:EyesJapanDataset/takiguchi/throw_toss-13-pass_to_right_light-takiguchi_stageii.csv,AMASS,EyesJapanDataset,EyesJapanDataset/takiguchi/throw_toss-13-pass_to_right_light-takiguchi_stageii.csv,120.04801920768381,60.0,2000,1000,16.666666666666668,,,,false
AMASS:BMLrub/rub093/0021_catching_and_throwing_stageii.csv,AMASS,BMLrub,BMLrub/rub093/0021_catching_and_throwing_stageii.csv,120.04801920768381,60.0,2000,1000,16.666666666666668,,,,false
AMASS:CMU/105/105_27_stageii.csv,AMASS,CMU,CMU/105/105_27_stageii.csv,120.04801920768381,60.0,2000,1000,16.666666666666668,,,,false
AMASS:MOYO_smplx_neutral/test/221004/03596/221004_yogi_nexus_body_hands_03596_Wide-Angle_Seated_Forward_Bend_pose_or_Upavistha_Konasana_-d_stageii.csv,AMASS,MOYO_smplx_neutral,MOYO_smplx_neutral/test/221004/03596/221004_yogi_nexus_body_hands_03596_Wide-Angle_Seated_Forward_Bend_pose_or_Upavistha_Konasana_-d_stageii.csv,60.024009603841904,60.0,2000,2000,33.319999999999794,,,,false
AMASS:MOYO_smplx_neutral/train/221004/03596/221004_yogi_nexus_body_hands_03596_Scorpion_pose_or_vrischikasana-a_stageii.csv,AMASS,MOYO_smplx_neutral,MOYO_smplx_neutral/train/221004/03596/221004_yogi_nexus_body_hands_03596_Scorpion_pose_or_vrischikasana-a_stageii.csv,60.024009603841506,60.0,2000,2000,33.320000000000014,,,,false
AMASS:EyesJapanDataset/hamada/turn-04-cartwheels-hamada_stageii.csv,AMASS,EyesJapanDataset,EyesJapanDataset/hamada/turn-04-cartwheels-hamada_stageii.csv,120.04801920768381,60.0,2000,1000,16.666666666666668,,,,false
AMASS:TotalCapture/s4/rom3_stageii.csv,AMASS,TotalCapture,TotalCapture/s4/rom3_stageii.csv,59.988002399520234,60.0,2000,2000,33.339999999999925,,,,false
AMASS:GRAB/s5/piggybank_pick_all_stageii.csv,AMASS,GRAB,GRAB/s5/piggybank_pick_all_stageii.csv,120.04801920768381,60.0,2000,1000,16.666666666666668,,,,false
AMASS:HUMAN4D/Subject3_Medhi/INF_SittingStanding_S3_01_stageii.csv,AMASS,HUMAN4D,HUMAN4D/Subject3_Medhi/INF_SittingStanding_S3_01_stageii.csv,120.04801920768381,60.0,2000,1000,16.666666666666668,,,,false
AMASS:GRAB/s8/stapler_pick_all_stageii.csv,AMASS,GRAB,GRAB/s8/stapler_pick_all_stageii.csv,120.04801920768381,60.0,2000,1000,16.666666666666668,,,,false
AMASS:KIT/674/wash_front03_stageii.csv,AMASS,KIT,KIT/674/wash_front03_stageii.csv,100.00000000000213,60.0,2000,1200,20.0,,,,false
AMASS:GRAB/s1/mouse_use_1_stageii.csv,AMASS,GRAB,GRAB/s1/mouse_use_1_stageii.csv,120.04801920768381,60.0,2000,1000,16.666666666666668,,,,false
AMASS:WEIZMANN/67/Fast_CircleCCW(2)_stageii.csv,AMASS,WEIZMANN,WEIZMANN/67/Fast_CircleCCW(2)_stageii.csv,100.00000000000213,60.0,2000,1200,20.0,,,,false
AMASS:MPIHDM05/mm/HDM_mm_05-03_02_120_stageii.csv,AMASS,MPIHDM05,MPIHDM05/mm/HDM_mm_05-03_02_120_stageii.csv,120.04801920768381,60.0,2000,1000,16.666666666666668,,,,false
AMASS:CMU/114/114_03_stageii.csv,AMASS,CMU,CMU/114/114_03_stageii.csv,120.04801920768381,60.0,2000,1000,16.666666666666668,,,,false
AMASS:EyesJapanDataset/kaiwa/pose-05-cross_leg-kaiwa_stageii.csv,AMASS,EyesJapanDataset,EyesJapanDataset/kaiwa/pose-05-cross_leg-kaiwa_stageii.csv,120.04801920768381,60.0,2000,1000,16.666666666666668,,,,false
AMASS:MOYO_smplx_neutral/train/220923/03596/220923_yogi_body_hands_03596_Feathered_Peacock_Pose_or_Pincha_Mayurasana_-a_stageii.csv,AMASS,MOYO_smplx_neutral,MOYO_smplx_neutral/train/220923/03596/220923_yogi_body_hands_03596_Feathered_Peacock_Pose_or_Pincha_Mayurasana_-a_stageii.csv,60.024009603841904,60.0,2000,2000,33.319999999999794,,,,false
AMASS:BMLrub/rub059/0000_treadmill_norm_stageii.csv,AMASS,BMLrub,BMLrub/rub059/0000_treadmill_norm_stageii.csv,120.04801920768381,60.0,2000,1000,16.666666666666668,,,,false
AMASS:EyesJapanDataset/hamada/accident-03-damage_head-hamada_stageii.csv,AMASS,EyesJapanDataset,EyesJapanDataset/hamada/accident-03-damage_head-hamada_stageii.csv,120.04801920768381,60.0,2000,1000,16.666666666666668,,,,false
AMASS:MOYO_smplx_neutral/train/221004/03596/221004_yogi_nexus_body_hands_03596_Locust_Pose_or_Salabhasana_-c_stageii.csv,AMASS,MOYO_smplx_neutral,MOYO_smplx_neutral/train/221004/03596/221004_yogi_nexus_body_hands_03596_Locust_Pose_or_Salabhasana_-c_stageii.csv,60.024009603841904,60.0,2000,2000,33.319999999999794,,,,false
AMASS:MOYO_smplx_neutral/train/221004/03596/221004_yogi_nexus_body_hands_03596_Split_pose-a_stageii.csv,AMASS,MOYO_smplx_neutral,MOYO_smplx_neutral/train/221004/03596/221004_yogi_nexus_body_hands_03596_Split_pose-a_stageii.csv,60.024009603841904,60.0,2000,2000,33.319999999999794,,,,false
AMASS:CMU/91/91_35_stageii.csv,AMASS,CMU,CMU/91/91_35_stageii.csv,120.04801920768381,60.0,2000,1000,16.666666666666668,,,,false
AMASS:CMU/13/13_17_stageii.csv,AMASS,CMU,CMU/13/13_17_stageii.csv,120.04801920768381,60.0,2000,1000,16.666666666666668,,,,false
AMASS:HUMAN4D/Subject3_4_Medhi/INF_Dancing_S3S4_01_stageii.csv,AMASS,HUMAN4D,HUMAN4D/Subject3_4_Medhi/INF_Dancing_S3S4_01_stageii.csv,120.04801920768381,60.0,2000,1000,16.666666666666668,,,,false
AMASS:BMLrub/rub083/0001_treadmill_fast_stageii.csv,AMASS,BMLrub,BMLrub/rub083/0001_treadmill_fast_stageii.csv,120.04801920768381,60.0,2000,1000,16.666666666666668,,,,false
AMASS:EyesJapanDataset/hamada/pain-07-arthritic-hamada_stageii.csv,AMASS,EyesJapanDataset,EyesJapanDataset/hamada/pain-07-arthritic-hamada_stageii.csv,120.04801920768381,60.0,2000,1000,16.666666666666668,,,,false
AMASS:EyesJapanDataset/shiono/gesture_etc-33-watch_here-shiono_stageii.csv,AMASS,EyesJapanDataset,EyesJapanDataset/shiono/gesture_etc-33-watch_here-shiono_stageii.csv,120.04801920768381,60.0,2000,1000,16.666666666666668,,,,false
AMASS:CMU/135/135_06_stageii.csv,AMASS,CMU,CMU/135/135_06_stageii.csv,120.04801920768381,60.0,2000,1000,16.666666666666668,,,,false
AMASS:MOYO_smplx_neutral/test/220926/03596/220926_yogi_body_hands_03596_Wide-Angle_Seated_Forward_Bend_pose_or_Upavistha_Konasana_-a_stageii.csv,AMASS,MOYO_smplx_neutral,MOYO_smplx_neutral/test/220926/03596/220926_yogi_body_hands_03596_Wide-Angle_Seated_Forward_Bend_pose_or_Upavistha_Konasana_-a_stageii.csv,60.024009603841904,60.0,2000,2000,33.319999999999794,,,,false
AMASS:GRAB/s5/spheremedium_pick_all_stageii.csv,AMASS,GRAB,GRAB/s5/spheremedium_pick_all_stageii.csv,120.04801920768381,60.0,2000,1000,16.666666666666668,,,,false
AMASS:MPImosh/00046/misc_2_stageii.csv,AMASS,MPImosh,MPImosh/00046/misc_2_stageii.csv,100.00000000000213,60.0,2000,1200,20.0,,,,false
AMASS:MOYO_smplx_neutral/train/221004/03596/221004_yogi_nexus_body_hands_03596_Peacock_Pose_or_Mayurasana_-a_stageii.csv,AMASS,MOYO_smplx_neutral,MOYO_smplx_neutral/train/221004/03596/221004_yogi_nexus_body_hands_03596_Peacock_Pose_or_Mayurasana_-a_stageii.csv,60.024009603841904,60.0,2000,2000,33.319999999999794,,,,false
AMASS:BMLrub/rub054/0000_treadmill_norm_stageii.csv,AMASS,BMLrub,BMLrub/rub054/0000_treadmill_norm_stageii.csv,120.04801920768381,60.0,2000,1000,16.666666666666668,,,,false
AMASS:HUMAN4D/Subject1_Karim/INF_StretchingTalking_S1_01_stageii.csv,AMASS,HUMAN4D,HUMAN4D/Subject1_Karim/INF_StretchingTalking_S1_01_stageii.csv,120.04801920768381,60.0,2000,1000,16.666666666666668,,,,false
AMASS:MPIHDM05/dg/HDM_dg_05-02_01_120_stageii.csv,AMASS,MPIHDM05,MPIHDM05/dg/HDM_dg_05-02_01_120_stageii.csv,120.04801920768381,60.0,2000,1000,16.666666666666668,,,,false
AMASS:CMU/36/36_28_stageii.csv,AMASS,CMU,CMU/36/36_28_stageii.csv,120.04801920768381,60.0,2000,1000,16.666666666666668,,,,false
AMASS:CMU/32/32_05_stageii.csv,AMASS,CMU,CMU/32/32_05_stageii.csv,120.04801920768381,60.0,2000,1000,16.666666666666668,,,,false
AMASS:BMLrub/rub041/0029_scamper_rom_stageii.csv,AMASS,BMLrub,BMLrub/rub041/0029_scamper_rom_stageii.csv,120.04801920768381,60.0,2000,1000,16.666666666666668,,,,false
AMASS:HUMAN4D/Subject2_Aude/RGB_PickingDroppingObj_S2_01_stageii.csv,AMASS,HUMAN4D,HUMAN4D/Subject2_Aude/RGB_PickingDroppingObj_S2_01_stageii.csv,120.04801920768381,60.0,2000,1000,16.666666666666668,,,,false
AMASS:HUMAN4D/Subject2_Aude/INF_Basketball_S2_01_stageii.csv,AMASS,HUMAN4D,HUMAN4D/Subject2_Aude/INF_Basketball_S2_01_stageii.csv,120.04801920768381,60.0,2000,1000,16.666666666666668,,,,false
AMASS:HUMAN4D/Subject4_Carine/RGB_Talking_S4_01_stageii.csv,AMASS,HUMAN4D,HUMAN4D/Subject4_Carine/RGB_Talking_S4_01_stageii.csv,120.04801920768381,60.0,2000,1000,16.666666666666668,,,,false
AMASS:CMU/32/32_22_stageii.csv,AMASS,CMU,CMU/32/32_22_stageii.csv,120.04801920768381,60.0,2000,1000,16.666666666666668,,,,false
AMASS:EyesJapanDataset/yamaoka/tennis-07-backhand-yamaoka_stageii.csv,AMASS,EyesJapanDataset,EyesJapanDataset/yamaoka/tennis-07-backhand-yamaoka_stageii.csv,120.04801920768381,60.0,2000,1000,16.666666666666668,,,,false
AMASS:GRAB/s5/cubemedium_pick_all_stageii.csv,AMASS,GRAB,GRAB/s5/cubemedium_pick_all_stageii.csv,120.04801920768381,60.0,2000,1000,16.666666666666668,,,,false
AMASS:GRAB/s9/piggybank_pick_all_Retake_stageii.csv,AMASS,GRAB,GRAB/s9/piggybank_pick_all_Retake_stageii.csv,120.04801920768381,60.0,2000,1000,16.666666666666668,,,,false
AMASS:EyesJapanDataset/shiono/gesture_etc-47-big_drum-shiono_stageii.csv,AMASS,EyesJapanDataset,EyesJapanDataset/shiono/gesture_etc-47-big_drum-shiono_stageii.csv,120.04801920768381,60.0,2000,1000,16.666666666666668,,,,false
AMASS:WEIZMANN/66/Fast_CircleCW(1)_stageii.csv,AMASS,WEIZMANN,WEIZMANN/66/Fast_CircleCW(1)_stageii.csv,100.00000000000213,60.0,2000,1200,20.0,,,,false
AMASS:EyesJapanDataset/kaiwa/gesture_etc-25-magic-kaiwa_stageii.csv,AMASS,EyesJapanDataset,EyesJapanDataset/kaiwa/gesture_etc-25-magic-kaiwa_stageii.csv,120.04801920768381,60.0,2000,1000,16.666666666666668,,,,false
AMASS:BMLrub/rub022/0003_treadmill_jog_stageii.csv,AMASS,BMLrub,BMLrub/rub022/0003_treadmill_jog_stageii.csv,120.04801920768381,60.0,2000,1000,16.666666666666668,,,,false
AMASS:GRAB/s9/cup_pick_all_stageii.csv,AMASS,GRAB,GRAB/s9/cup_pick_all_stageii.csv,120.04801920768381,60.0,2000,1000,16.666666666666668,,,,false
AMASS:HUMAN4D/Subject1_Karim/INF_WatchingScaryMovie_S1_01_stageii.csv,AMASS,HUMAN4D,HUMAN4D/Subject1_Karim/INF_WatchingScaryMovie_S1_01_stageii.csv,120.04801920768381,60.0,2000,1000,16.666666666666668,,,,false
AMASS:GRAB/s1/gamecontroller_play_1_stageii.csv,AMASS,GRAB,GRAB/s1/gamecontroller_play_1_stageii.csv,120.04801920768381,60.0,2000,1000,16.666666666666668,,,,false
AMASS:BMLmovi/Subject_75_F_MoSh/Subject_75_F_12_stageii.csv,AMASS,BMLmovi,BMLmovi/Subject_75_F_MoSh/Subject_75_F_12_stageii.csv,120.04801920768381,60.0,2000,1000,16.666666666666668,,,,false
AMASS:DanceDB/20151003_ElenaKyriakou/Elena_Satisfied_v2_C3D_stageii.csv,AMASS,DanceDB,DanceDB/20151003_ElenaKyriakou/Elena_Satisfied_v2_C3D_stageii.csv,120.04801920768381,60.0,2000,1000,16.666666666666668,,,,false
AMASS:GRAB/s6/wineglass_pick_all_stageii.csv,AMASS,GRAB,GRAB/s6/wineglass_pick_all_stageii.csv,120.04801920768381,60.0,2000,1000,16.666666666666668,,,,false
AMASS:HUMAN4D/Subject3_Medhi/RGB_PickingDroppingObj_S3_01_stageii.csv,AMASS,HUMAN4D,HUMAN4D/Subject3_Medhi/RGB_PickingDroppingObj_S3_01_stageii.csv,120.04801920768381,60.0,2000,1000,16.666666666666668,,,,false
AMASS:MOYO_smplx_neutral/test/220926/03596/220926_yogi_body_hands_03596_Bharadvajas_Twist_pose_or_Bharadvajasana_I_-a_stageii.csv,AMASS,MOYO_smplx_neutral,MOYO_smplx_neutral/test/220926/03596/220926_yogi_body_hands_03596_Bharadvajas_Twist_pose_or_Bharadvajasana_I_-a_stageii.csv,60.024009603841904,60.0,2000,2000,33.319999999999794,,,,false
AMASS:CMU/36/36_32_stageii.csv,AMASS,CMU,CMU/36/36_32_stageii.csv,120.04801920768381,60.0,2000,1000,16.666666666666668,,,,false
AMASS:CMU/113/113_29_stageii.csv,AMASS,CMU,CMU/113/113_29_stageii.csv,120.04801920768381,60.0,2000,1000,16.666666666666668,,,,false
AMASS:HUMAN4D/Subject3_Medhi/INF_SittingFloor_S3_01_stageii.csv,AMASS,HUMAN4D,HUMAN4D/Subject3_Medhi/INF_SittingFloor_S3_01_stageii.csv,120.04801920768381,60.0,2000,1000,16.666666666666668,,,,false
AMASS:CMU/29/29_22_stageii.csv,AMASS,CMU,CMU/29/29_22_stageii.csv,120.04801920768381,60.0,2000,1000,16.666666666666668,,,,false
AMASS:EyesJapanDataset/aita/pose-06-hangon-aita_stageii.csv,AMASS,EyesJapanDataset,EyesJapanDataset/aita/pose-06-hangon-aita_stageii.csv,120.04801920768381,60.0,2000,1000,16.666666666666668,,,,false
AMASS:BMLrub/rub032/0002_treadmill_slow_stageii.csv,AMASS,BMLrub,BMLrub/rub032/0002_treadmill_slow_stageii.csv,120.04801920768381,60.0,2000,1000,16.666666666666668,,,,false
AMASS:MOYO_smplx_neutral/train/221004/03596/221004_yogi_nexus_body_hands_03596_Supta_Baddha_Konasana_-b_stageii.csv,AMASS,MOYO_smplx_neutral,MOYO_smplx_neutral/train/221004/03596/221004_yogi_nexus_body_hands_03596_Supta_Baddha_Konasana_-b_stageii.csv,60.024009603841904,60.0,2000,2000,33.319999999999794,,,,false
AMASS:SOMA/soma_subject2/random_004_stageii.csv,AMASS,SOMA,SOMA/soma_subject2/random_004_stageii.csv,120.04801920768381,60.0,2000,1000,16.666666666666668,,,,false
AMASS:EyesJapanDataset/kanno/walk-29-look_down-kanno_stageii.csv,AMASS,EyesJapanDataset,EyesJapanDataset/kanno/walk-29-look_down-kanno_stageii.csv,120.04801920768381,60.0,2000,1000,16.666666666666668,,,,false
AMASS:BMLrub/rub114/0003_treadmill_jog_stageii.csv,AMASS,BMLrub,BMLrub/rub114/0003_treadmill_jog_stageii.csv,120.04801920768381,60.0,2000,1000,16.666666666666668,,,,false
AMASS:DanceDB/20150927_VasoAristeidou/Vasso_Angry_v1_01_stageii.csv,AMASS,DanceDB,DanceDB/20150927_VasoAristeidou/Vasso_Angry_v1_01_stageii.csv,120.04801920768381,60.0,2000,1000,16.666666666666668,,,,false
AMASS:MPImosh/00059/stretches_stageii.csv,AMASS,MPImosh,MPImosh/00059/stretches_stageii.csv,120.04801920768381,60.0,2000,1000,16.666666666666668,,,,false
AMASS:GRAB/s1/cubelarge_pick_all_stageii.csv,AMASS,GRAB,GRAB/s1/cubelarge_pick_all_stageii.csv,120.04801920768381,60.0,2000,1000,16.666666666666668,,,,false
AMASS:CMU/26/26_03_stageii.csv,AMASS,CMU,CMU/26/26_03_stageii.csv,120.04801920768381,60.0,2000,1000,16.666666666666668,,,,false
AMASS:CMU/86/86_09_stageii.csv,AMASS,CMU,CMU/86/86_09_stageii.csv,120.04801920768381,60.0,2000,1000,16.666666666666668,,,,false
AMASS:GRAB/s1/alarmclock_pick_all_stageii.csv,AMASS,GRAB,GRAB/s1/alarmclock_pick_all_stageii.csv,120.04801920768381,60.0,2000,1000,16.666666666666668,,,,false
AMASS:GRAB/s9/duck_pick_all_stageii.csv,AMASS,GRAB,GRAB/s9/duck_pick_all_stageii.csv,120.04801920768381,60.0,2000,1000,16.666666666666668,,,,false
AMASS:HUMAN4D/Subject4_Carine/RGB_LayingDown_S4_01_stageii.csv,AMASS,HUMAN4D,HUMAN4D/Subject4_Carine/RGB_LayingDown_S4_01_stageii.csv,120.04801920768381,60.0,2000,1000,16.666666666666668,,,,false
AMASS:TotalCapture/s1/walking3_stageii.csv,AMASS,TotalCapture,TotalCapture/s1/walking3_stageii.csv,60.016804705317654,60.0,2000,2000,33.323999999999906,,,,false
AMASS:BMLrub/rub110/0002_treadmill_slow_stageii.csv,AMASS,BMLrub,BMLrub/rub110/0002_treadmill_slow_stageii.csv,120.04801920768381,60.0,2000,1000,16.666666666666668,,,,false
AMASS:GRAB/s2/headphones_pick_all_stageii.csv,AMASS,GRAB,GRAB/s2/headphones_pick_all_stageii.csv,120.04801920768381,60.0,2000,1000,16.666666666666668,,,,false
AMASS:EyesJapanDataset/kawaguchi/greeting-09-certificate-kawaguchi_stageii.csv,AMASS,EyesJapanDataset,EyesJapanDataset/kawaguchi/greeting-09-certificate-kawaguchi_stageii.csv,120.04801920768381,60.0,2000,1000,16.666666666666668,,,,false
AMASS:GRAB/s6/mug_pick_all_stageii.csv,AMASS,GRAB,GRAB/s6/mug_pick_all_stageii.csv,120.04801920768381,60.0,2000,1000,16.666666666666668,,,,false
AMASS:GRAB/s8/stanfordbunny_pick_all_stageii.csv,AMASS,GRAB,GRAB/s8/stanfordbunny_pick_all_stageii.csv,120.04801920768381,60.0,2000,1000,16.666666666666668,,,,false
AMASS:BMLrub/rub032/0000_treadmill_norm_stageii.csv,AMASS,BMLrub,BMLrub/rub032/0000_treadmill_norm_stageii.csv,120.04801920768381,60.0,2000,1000,16.666666666666668,,,,false
AMASS:CMU/36/36_26_stageii.csv,AMASS,CMU,CMU/36/36_26_stageii.csv,120.04801920768381,60.0,2000,1000,16.666666666666668,,,,false
AMASS:EyesJapanDataset/kanno/accident-03-damage_head-kanno_stageii.csv,AMASS,EyesJapanDataset,EyesJapanDataset/kanno/accident-03-damage_head-kanno_stageii.csv,120.04801920768381,60.0,2000,1000,16.666666666666668,,,,false
AMASS:CMU/142/142_18_stageii.csv,AMASS,CMU,CMU/142/142_18_stageii.csv,120.04801920768381,60.0,2000,1000,16.666666666666668,,,,false
AMASS:BMLrub/rub036/0032_scamper_stageii.csv,AMASS,BMLrub,BMLrub/rub036/0032_scamper_stageii.csv,120.04801920768381,60.0,2000,1000,16.666666666666668,,,,false
AMASS:TotalCapture/s5/walking2_stageii.csv,AMASS,TotalCapture,TotalCapture/s5/walking2_stageii.csv,60.01320290463908,60.0,2000,2000,33.325999999999965,,,,false
AMASS:GRAB/s1/gamecontroller_pick_all_stageii.csv,AMASS,GRAB,GRAB/s1/gamecontroller_pick_all_stageii.csv,120.04801920768381,60.0,2000,1000,16.666666666666668,,,,false
AMASS:MPIHDM05/bk/HDM_bk_05-02_02_120_stageii.csv,AMASS,MPIHDM05,MPIHDM05/bk/HDM_bk_05-02_02_120_stageii.csv,120.04801920768381,60.0,2000,1000,16.666666666666668,,,,false
AMASS:CMU/31/31_06_stageii.csv,AMASS,CMU,CMU/31/31_06_stageii.csv,120.04801920768381,60.0,2000,1000,16.666666666666668,,,,false
AMASS:MOYO_smplx_neutral/train/220923/03596/220923_yogi_body_hands_03596_Cockerel_Pose-b_stageii.csv,AMASS,MOYO_smplx_neutral,MOYO_smplx_neutral/train/220923/03596/220923_yogi_body_hands_03596_Cockerel_Pose-b_stageii.csv,60.016804705317455,60.0,2000,2000,33.32400000000002,,,,false
AMASS:DanceDB/20151003_ElenaKyriakou/Elena_Annoyed_v2_C3D_stageii.csv,AMASS,DanceDB,DanceDB/20151003_ElenaKyriakou/Elena_Annoyed_v2_C3D_stageii.csv,120.04801920768381,60.0,2000,1000,16.666666666666668,,,,false
AMASS:DanceDB/20151003_AndriaMichaelidou/Andria_Annoyed_v2_C3D_stageii.csv,AMASS,DanceDB,DanceDB/20151003_AndriaMichaelidou/Andria_Annoyed_v2_C3D_stageii.csv,120.04801920768381,60.0,2000,1000,16.666666666666668,,,,false
AMASS:EyesJapanDataset/kanno/greeting-08-shakehands-kanno_stageii.csv,AMASS,EyesJapanDataset,EyesJapanDataset/kanno/greeting-08-shakehands-kanno_stageii.csv,120.04801920768381,60.0,2000,1000,16.666666666666668,,,,false
AMASS:GRAB/s5/spherelarge_pick_all_stageii.csv,AMASS,GRAB,GRAB/s5/spherelarge_pick_all_stageii.csv,120.04801920768381,60.0,2000,1000,16.666666666666668,,,,false
AMASS:EyesJapanDataset/hamada/walk-14-backpack-hamada_stageii.csv,AMASS,EyesJapanDataset,EyesJapanDataset/hamada/walk-14-backpack-hamada_stageii.csv,120.04801920768381,60.0,2000,1000,16.666666666666668,,,,false
AMASS:CMU/139/139_29_stageii.csv,AMASS,CMU,CMU/139/139_29_stageii.csv,60.024009603841904,60.0,2000,2000,33.319999999999794,,,,false
AMASS:GRAB/s1/cylinderlarge_pick_all_stageii.csv,AMASS,GRAB,GRAB/s1/cylinderlarge_pick_all_stageii.csv,120.04801920768381,60.0,2000,1000,16.666666666666668,,,,false
AMASS:KIT/675/dry_right_arm_001_stageii.csv,AMASS,KIT,KIT/675/dry_right_arm_001_stageii.csv,100.00000000000213,60.0,2000,1200,20.0,,,,false
AMASS:KIT/675/dry_left_arm_10_stageii.csv,AMASS,KIT,KIT/675/dry_left_arm_10_stageii.csv,100.00000000000213,60.0,2000,1200,20.0,,,,false
AMASS:EyesJapanDataset/ichige/soccer-24-dribble_shoot-ichige_stageii.csv,AMASS,EyesJapanDataset,EyesJapanDataset/ichige/soccer-24-dribble_shoot-ichige_stageii.csv,120.04801920768381,60.0,2000,1000,16.666666666666668,,,,false
AMASS:ACCAD/Female1General_c3d/A4_-_look_stageii.csv,AMASS,ACCAD,ACCAD/Female1General_c3d/A4_-_look_stageii.csv,120.04801920768381,60.0,2000,1000,16.666666666666668,,,,false
AMASS:BMLrub/rub044/0001_treadmill_fast_stageii.csv,AMASS,BMLrub,BMLrub/rub044/0001_treadmill_fast_stageii.csv,120.04801920768381,60.0,2000,1000,16.666666666666668,,,,false
AMASS:EyesJapanDataset/takiguchi/throw_toss-04-both_hands_over_light-takiguchi_stageii.csv,AMASS,EyesJapanDataset,EyesJapanDataset/takiguchi/throw_toss-04-both_hands_over_light-takiguchi_stageii.csv,120.04801920768381,60.0,2000,1000,16.666666666666668,,,,false
AMASS:CMU/28/28_17_stageii.csv,AMASS,CMU,CMU/28/28_17_stageii.csv,120.04801920768381,60.0,2000,1000,16.666666666666668,,,,false
AMASS:EyesJapanDataset/hamada/walk-11-baggage_on_the_head-hamada_stageii.csv,AMASS,EyesJapanDataset,EyesJapanDataset/hamada/walk-11-baggage_on_the_head-hamada_stageii.csv,120.04801920768381,60.0,2000,1000,16.666666666666668,,,,false
AMASS:GRAB/s7/doorknob_pick_all_stageii.csv,AMASS,GRAB,GRAB/s7/doorknob_pick_all_stageii.csv,120.04801920768381,60.0,2000,1000,16.666666666666668,,,,false
AMASS:SFU/0007/0007_Walking001_stageii.csv,AMASS,SFU,SFU/0007/0007_Walking001_stageii.csv,120.04801920768381,60.0,2000,1000,16.666666666666668,,,,false
AMASS:CMU/132/132_50_stageii.csv,AMASS,CMU,CMU/132/132_50_stageii.csv,120.04801920768381,60.0,2000,1000,16.666666666666668,,,,false
AMASS:EyesJapanDataset/kaiwa/gesture_etc-17-drink-kaiwa_stageii.csv,AMASS,EyesJapanDataset,EyesJapanDataset/kaiwa/gesture_etc-17-drink-kaiwa_stageii.csv,120.04801920768381,60.0,2000,1000,16.666666666666668,,,,false
AMASS:CMU/111/111_31_stageii.csv,AMASS,CMU,CMU/111/111_31_stageii.csv,120.04801920768381,60.0,2000,1000,16.666666666666668,,,,false
AMASS:DanceDB/20150927_VasoAristeidou/Vasso_Excited_v1_01_stageii.csv,AMASS,DanceDB,DanceDB/20150927_VasoAristeidou/Vasso_Excited_v1_01_stageii.csv,120.04801920768381,60.0,2000,1000,16.666666666666668,,,,false
AMASS:EyesJapanDataset/kawaguchi/pose-08-pray_buddhismintone-kawaguchi_stageii.csv,AMASS,EyesJapanDataset,EyesJapanDataset/kawaguchi/pose-08-pray_buddhismintone-kawaguchi_stageii.csv,120.04801920768381,60.0,2000,1000,16.666666666666668,,,,false
AMASS:HUMAN4D/Subject3_Medhi/INF_PunchingKicking_S3_01_stageii.csv,AMASS,HUMAN4D,HUMAN4D/Subject3_Medhi/INF_PunchingKicking_S3_01_stageii.csv,120.04801920768381,60.0,2000,1000,16.666666666666668,,,,false
AMASS:HUMAN4D/Subject3_Medhi/RGB_TalkingWalking_S3_01_stageii.csv,AMASS,HUMAN4D,HUMAN4D/Subject3_Medhi/RGB_TalkingWalking_S3_01_stageii.csv,120.04801920768381,60.0,2000,1000,16.666666666666668,,,,false
AMASS:BMLrub/rub064/0027_circle_walk_stageii.csv,AMASS,BMLrub,BMLrub/rub064/0027_circle_walk_stageii.csv,120.04801920768381,60.0,2000,1000,16.666666666666668,,,,false
AMASS:EyesJapanDataset/aita/gesture_etc-37-gay-aita_stageii.csv,AMASS,EyesJapanDataset,EyesJapanDataset/aita/gesture_etc-37-gay-aita_stageii.csv,120.04801920768381,60.0,2000,1000,16.666666666666668,,,,false
AMASS:MOYO_smplx_neutral/train/221004/03596/221004_yogi_nexus_body_hands_03596_Feathered_Peacock_Pose_or_Pincha_Mayurasana_-c_stageii.csv,AMASS,MOYO_smplx_neutral,MOYO_smplx_neutral/train/221004/03596/221004_yogi_nexus_body_hands_03596_Feathered_Peacock_Pose_or_Pincha_Mayurasana_-c_stageii.csv,60.02400960384111,60.0,2000,2000,33.320000000000235,,,,false
AMASS:WEIZMANN/69/Fast_StraightShort(4)_stageii.csv,AMASS,WEIZMANN,WEIZMANN/69/Fast_StraightShort(4)_stageii.csv,100.00000000000213,60.0,2000,1200,20.0,,,,false
AMASS:MOYO_smplx_neutral/train/221004/03596/221004_yogi_nexus_body_hands_03596_Rajakapotasana-d_stageii.csv,AMASS,MOYO_smplx_neutral,MOYO_smplx_neutral/train/221004/03596/221004_yogi_nexus_body_hands_03596_Rajakapotasana-d_stageii.csv,60.024009603841904,60.0,2000,2000,33.319999999999794,,,,false
AMASS:CMU/36/36_29_stageii.csv,AMASS,CMU,CMU/36/36_29_stageii.csv,120.04801920768381,60.0,2000,1000,16.666666666666668,,,,false
AMASS:BMLrub/rub065/0003_treadmill_jog_stageii.csv,AMASS,BMLrub,BMLrub/rub065/0003_treadmill_jog_stageii.csv,120.04801920768381,60.0,2000,1000,16.666666666666668,,,,false
AMASS:HUMAN4D/Subject4_Carine/INF_TalkingWalking_S4_01_stageii.csv,AMASS,HUMAN4D,HUMAN4D/Subject4_Carine/INF_TalkingWalking_S4_01_stageii.csv,120.04801920768381,60.0,2000,1000,16.666666666666668,,,,false
AMASS:EyesJapanDataset/kaiwa/pose-20-zombee-kaiwa_stageii.csv,AMASS,EyesJapanDataset,EyesJapanDataset/kaiwa/pose-20-zombee-kaiwa_stageii.csv,120.04801920768381,60.0,2000,1000,16.666666666666668,,,,false
AMASS:HUMAN4D/Subject3_Medhi/RGB_Talking_S3_01_stageii.csv,AMASS,HUMAN4D,HUMAN4D/Subject3_Medhi/RGB_Talking_S3_01_stageii.csv,120.04801920768381,60.0,2000,1000,16.666666666666668,,,,false
AMASS:EyesJapanDataset/kanno/jump-09-rope_cross-kanno_stageii.csv,AMASS,EyesJapanDataset,EyesJapanDataset/kanno/jump-09-rope_cross-kanno_stageii.csv,120.04801920768381,60.0,2000,1000,16.666666666666668,,,,false
AMASS:EyesJapanDataset/kanno/walk-10-shoulder_bag-kanno_stageii.csv,AMASS,EyesJapanDataset,EyesJapanDataset/kanno/walk-10-shoulder_bag-kanno_stageii.csv,120.04801920768381,60.0,2000,1000,16.666666666666668,,,,false
AMASS:GRAB/s9/camera_pick_all_stageii.csv,AMASS,GRAB,GRAB/s9/camera_pick_all_stageii.csv,120.04801920768381,60.0,2000,1000,16.666666666666668,,,,false
AMASS:EyesJapanDataset/takiguchi/jump-01-normal-takiguchi_stageii.csv,AMASS,EyesJapanDataset,EyesJapanDataset/takiguchi/jump-01-normal-takiguchi_stageii.csv,120.04801920768381,60.0,2000,1000,16.666666666666668,,,,false
AMASS:GRAB/s4/wineglass_pick_all_stageii.csv,AMASS,GRAB,GRAB/s4/wineglass_pick_all_stageii.csv,120.04801920768381,60.0,2000,1000,16.666666666666668,,,,false
AMASS:DanceDB/20151003_ElenaKyriakou/Elena_Annoyed_v1_C3D_stageii.csv,AMASS,DanceDB,DanceDB/20151003_ElenaKyriakou/Elena_Annoyed_v1_C3D_stageii.csv,120.04801920768381,60.0,2000,1000,16.666666666666668,,,,false
AMASS:GRAB/s1/spherelarge_pick_all_stageii.csv,AMASS,GRAB,GRAB/s1/spherelarge_pick_all_stageii.csv,120.04801920768381,60.0,2000,1000,16.666666666666668,,,,false
AMASS:CMU/139/139_31_stageii.csv,AMASS,CMU,CMU/139/139_31_stageii.csv,60.024009603841904,60.0,2000,2000,33.319999999999794,,,,false
AMASS:CMU/30/30_09_stageii.csv,AMASS,CMU,CMU/30/30_09_stageii.csv,120.04801920768381,60.0,2000,1000,16.666666666666668,,,,false
AMASS:EyesJapanDataset/aita/throw_toss-05-both_hands_over_heavy-aita_stageii.csv,AMASS,EyesJapanDataset,EyesJapanDataset/aita/throw_toss-05-both_hands_over_heavy-aita_stageii.csv,120.04801920768381,60.0,2000,1000,16.666666666666668,,,,false
AMASS:KIT/969/Trial_84_stageii.csv,AMASS,KIT,KIT/969/Trial_84_stageii.csv,100.00000000000213,60.0,2000,1200,20.0,,,,false
AMASS:GRAB/s1/knife_pick_all_stageii.csv,AMASS,GRAB,GRAB/s1/knife_pick_all_stageii.csv,120.04801920768381,60.0,2000,1000,16.666666666666668,,,,false
AMASS:MPILimits/03100/uar2_stageii.csv,AMASS,MPILimits,MPILimits/03100/uar2_stageii.csv,120.04801920768381,60.0,2000,1000,16.666666666666668,,,,false
AMASS:HUMAN4D/Subject1_Karim/INF_PickingDroppingObj_S1_01_stageii.csv,AMASS,HUMAN4D,HUMAN4D/Subject1_Karim/INF_PickingDroppingObj_S1_01_stageii.csv,120.04801920768381,60.0,2000,1000,16.666666666666668,,,,false
AMASS:DanceDB/20150927_VasoAristeidou/Vasso_Annoyed_v1_01_stageii.csv,AMASS,DanceDB,DanceDB/20150927_VasoAristeidou/Vasso_Annoyed_v1_01_stageii.csv,120.04801920768381,60.0,2000,1000,16.666666666666668,,,,false
AMASS:HUMAN4D/Subject1_2_Aude/INF_Dancing_S1S2_02_stageii.csv,AMASS,HUMAN4D,HUMAN4D/Subject1_2_Aude/INF_Dancing_S1S2_02_stageii.csv,120.04801920768381,60.0,2000,1000,16.666666666666668,,,,false
AMASS:EyesJapanDataset/aita/pain-05-backache-aita_stageii.csv,AMASS,EyesJapanDataset,EyesJapanDataset/aita/pain-05-backache-aita_stageii.csv,120.04801920768381,60.0,2000,1000,16.666666666666668,,,,false
AMASS:BMLrub/rub108/0002_treadmill_slow_stageii.csv,AMASS,BMLrub,BMLrub/rub108/0002_treadmill_slow_stageii.csv,120.04801920768381,60.0,2000,1000,16.666666666666668,,,,false
AMASS:SOMA/soma_subject1/squat_002_stageii.csv,AMASS,SOMA,SOMA/soma_subject1/squat_002_stageii.csv,120.04801920768381,60.0,2000,1000,16.666666666666668,,,,false
AMASS:HUMAN4D/Subject1_Karim/RGB_TalkingWalking_S1_01_stageii.csv,AMASS,HUMAN4D,HUMAN4D/Subject1_Karim/RGB_TalkingWalking_S1_01_stageii.csv,120.04801920768381,60.0,2000,1000,16.666666666666668,,,,false
AMASS:MOYO_smplx_neutral/train/221004/03596/221004_yogi_nexus_body_hands_03596_Fish_Pose_or_Matsyasana_-c_stageii.csv,AMASS,MOYO_smplx_neutral,MOYO_smplx_neutral/train/221004/03596/221004_yogi_nexus_body_hands_03596_Fish_Pose_or_Matsyasana_-c_stageii.csv,60.024009603841904,60.0,2000,2000,33.319999999999794,,,,false
AMASS:MOYO_smplx_neutral/test/220926/03596/220926_yogi_body_hands_03596_Tortoise_Pose-a_stageii.csv,AMASS,MOYO_smplx_neutral,MOYO_smplx_neutral/test/220926/03596/220926_yogi_body_hands_03596_Tortoise_Pose-a_stageii.csv,60.01320290463908,60.0,2000,2000,33.325999999999965,,,,false
AMASS:HUMAN4D/Subject1_Karim/RGB_Running_S1_02_stageii.csv,AMASS,HUMAN4D,HUMAN4D/Subject1_Karim/RGB_Running_S1_02_stageii.csv,120.04801920768381,60.0,2000,1000,16.666666666666668,,,,false
AMASS:GRAB/s3/wineglass_pick_all_stageii.csv,AMASS,GRAB,GRAB/s3/wineglass_pick_all_stageii.csv,120.04801920768381,60.0,2000,1000,16.666666666666668,,,,false
AMASS:EyesJapanDataset/yamaoka/tennis-18-catch_netball-yamaoka_stageii.csv,AMASS,EyesJapanDataset,EyesJapanDataset/yamaoka/tennis-18-catch_netball-yamaoka_stageii.csv,120.04801920768381,60.0,2000,1000,16.666666666666668,,,,false
AMASS:DanceDB/20151003_ElenaKyriakou/Elena_Relaxed_v2_C3D_stageii.csv,AMASS,DanceDB,DanceDB/20151003_ElenaKyriakou/Elena_Relaxed_v2_C3D_stageii.csv,120.04801920768381,60.0,2000,1000,16.666666666666668,,,,false
AMASS:GRAB/s9/waterbottle_pick_all_stageii.csv,AMASS,GRAB,GRAB/s9/waterbottle_pick_all_stageii.csv,120.04801920768381,60.0,2000,1000,16.666666666666668,,,,false
AMASS:DanceDB/20150927_VasoAristeidou/Vasso_Happy_v1_01_stageii.csv,AMASS,DanceDB,DanceDB/20150927_VasoAristeidou/Vasso_Happy_v1_01_stageii.csv,120.04801920768381,60.0,2000,1000,16.666666666666668,,,,false
AMASS:GRAB/s1/wineglass_pick_all_stageii.csv,AMASS,GRAB,GRAB/s1/wineglass_pick_all_stageii.csv,120.04801920768381,60.0,2000,1000,16.666666666666668,,,,false
AMASS:CMU/54/54_02_stageii.csv,AMASS,CMU,CMU/54/54_02_stageii.csv,120.04801920768381,60.0,2000,1000,16.666666666666668,,,,false
AMASS:CMU/144/144_26_stageii.csv,AMASS,CMU,CMU/144/144_26_stageii.csv,120.04801920768381,60.0,2000,1000,16.666666666666668,,,,false
AMASS:BMLrub/rub025/0021_throwing_hard1_stageii.csv,AMASS,BMLrub,BMLrub/rub025/0021_throwing_hard1_stageii.csv,120.04801920768381,60.0,2000,1000,16.666666666666668,,,,false
AMASS:TotalCapture/s4/freestyle3_stageii.csv,AMASS,TotalCapture,TotalCapture/s4/freestyle3_stageii.csv,60.02400960384111,60.0,2000,2000,33.320000000000235,,,,false
AMASS:HUMAN4D/Subject3_4_Medhi/RGB_WatchingFootball_S3S4_01_stageii.csv,AMASS,HUMAN4D,HUMAN4D/Subject3_4_Medhi/RGB_WatchingFootball_S3S4_01_stageii.csv,120.04801920768381,60.0,2000,1000,16.666666666666668,,,,false
AMASS:GRAB/s7/banana_pick_all_stageii.csv,AMASS,GRAB,GRAB/s7/banana_pick_all_stageii.csv,120.04801920768381,60.0,2000,1000,16.666666666666668,,,,false
AMASS:GRAB/s1/banana_pick_all_stageii.csv,AMASS,GRAB,GRAB/s1/banana_pick_all_stageii.csv,120.04801920768381,60.0,2000,1000,16.666666666666668,,,,false
AMASS:GRAB/s9/stamp_pick_all_stageii.csv,AMASS,GRAB,GRAB/s9/stamp_pick_all_stageii.csv,120.04801920768381,60.0,2000,1000,16.666666666666668,,,,false
AMASS:GRAB/s8/alarmclock_pick_all_stageii.csv,AMASS,GRAB,GRAB/s8/alarmclock_pick_all_stageii.csv,120.04801920768381,60.0,2000,1000,16.666666666666668,,,,false
AMASS:HUMAN4D/Subject4_Carine/RGB_PickingDroppingObj_S4_01_stageii.csv,AMASS,HUMAN4D,HUMAN4D/Subject4_Carine/RGB_PickingDroppingObj_S4_01_stageii.csv,120.04801920768381,60.0,2000,1000,16.666666666666668,,,,false
AMASS:MPIHDM05/bk/HDM_bk_01-02_03_120_stageii.csv,AMASS,MPIHDM05,MPIHDM05/bk/HDM_bk_01-02_03_120_stageii.csv,120.04801920768381,60.0,2000,1000,16.666666666666668,,,,false
AMASS:GRAB/s1/cubemedium_pick_all_stageii.csv,AMASS,GRAB,GRAB/s1/cubemedium_pick_all_stageii.csv,120.04801920768381,60.0,2000,1000,16.666666666666668,,,,false
AMASS:BMLrub/rub047/0000_treadmill_norm_stageii.csv,AMASS,BMLrub,BMLrub/rub047/0000_treadmill_norm_stageii.csv,120.04801920768381,60.0,2000,1000,16.666666666666668,,,,false
AMASS:EyesJapanDataset/aita/gesture_etc-50-syuriken-aita_stageii.csv,AMASS,EyesJapanDataset,EyesJapanDataset/aita/gesture_etc-50-syuriken-aita_stageii.csv,120.04801920768381,60.0,2000,1000,16.666666666666668,,,,false
AMASS:BMLrub/rub031/0028_circle_walk_stageii.csv,AMASS,BMLrub,BMLrub/rub031/0028_circle_walk_stageii.csv,120.04801920768381,60.0,2000,1000,16.666666666666668,,,,false
AMASS:BMLrub/rub024/0002_treadmill_slow_stageii.csv,AMASS,BMLrub,BMLrub/rub024/0002_treadmill_slow_stageii.csv,120.04801920768381,60.0,2000,1000,16.666666666666668,,,,false
AMASS:EyesJapanDataset/shiono/throw_toss-13-pass_to_right_light-shiono_stageii.csv,AMASS,EyesJapanDataset,EyesJapanDataset/shiono/throw_toss-13-pass_to_right_light-shiono_stageii.csv,120.04801920768381,60.0,2000,1000,16.666666666666668,,,,false
AMASS:HUMAN4D/Subject2_Aude/RGB_Talking_S2_01_stageii.csv,AMASS,HUMAN4D,HUMAN4D/Subject2_Aude/RGB_Talking_S2_01_stageii.csv,120.04801920768381,60.0,2000,1000,16.666666666666668,,,,false
AMASS:BMLrub/rub018/0003_treadmill_jog_stageii.csv,AMASS,BMLrub,BMLrub/rub018/0003_treadmill_jog_stageii.csv,120.04801920768381,60.0,2000,1000,16.666666666666668,,,,false
AMASS:GRAB/s8/bowl_pick_all_stageii.csv,AMASS,GRAB,GRAB/s8/bowl_pick_all_stageii.csv,120.04801920768381,60.0,2000,1000,16.666666666666668,,,,false
AMASS:CMU/28/28_19_stageii.csv,AMASS,CMU,CMU/28/28_19_stageii.csv,120.04801920768381,60.0,2000,1000,16.666666666666668,,,,false
AMASS:CMU/94/94_15_stageii.csv,AMASS,CMU,CMU/94/94_15_stageii.csv,120.04801920768381,60.0,2000,1000,16.666666666666668,,,,false
AMASS:BMLrub/rub024/0030_scamper_stageii.csv,AMASS,BMLrub,BMLrub/rub024/0030_scamper_stageii.csv,120.04801920768381,60.0,2000,1000,16.666666666666668,,,,false
AMASS:CMU/111/111_39_stageii.csv,AMASS,CMU,CMU/111/111_39_stageii.csv,120.04801920768381,60.0,2000,1000,16.666666666666668,,,,false
AMASS:CMU/30/30_23_stageii.csv,AMASS,CMU,CMU/30/30_23_stageii.csv,120.04801920768381,60.0,2000,1000,16.666666666666668,,,,false
AMASS:EyesJapanDataset/aita/pose-01-normal-aita_stageii.csv,AMASS,EyesJapanDataset,EyesJapanDataset/aita/pose-01-normal-aita_stageii.csv,120.04801920768381,60.0,2000,1000,16.666666666666668,,,,false
AMASS:GRAB/s4/stapler_pick_all_stageii.csv,AMASS,GRAB,GRAB/s4/stapler_pick_all_stageii.csv,120.04801920768381,60.0,2000,1000,16.666666666666668,,,,false
AMASS:HUMAN4D/Subject1_Karim/INF_Talking_S1_01_stageii.csv,AMASS,HUMAN4D,HUMAN4D/Subject1_Karim/INF_Talking_S1_01_stageii.csv,120.04801920768381,60.0,2000,1000,16.666666666666668,,,,false
AMASS:BMLrub/rub095/0030_scamper_stageii.csv,AMASS,BMLrub,BMLrub/rub095/0030_scamper_stageii.csv,120.04801920768381,60.0,2000,1000,16.666666666666668,,,,false
AMASS:EyesJapanDataset/takiguchi/jump-05-rope_normal_run-takiguchi_stageii.csv,AMASS,EyesJapanDataset,EyesJapanDataset/takiguchi/jump-05-rope_normal_run-takiguchi_stageii.csv,120.04801920768381,60.0,2000,1000,16.666666666666668,,,,false
AMASS:HUMAN4D/Subject1_Karim/RGB_WatchingScaryMovie_S1_01_stageii.csv,AMASS,HUMAN4D,HUMAN4D/Subject1_Karim/RGB_WatchingScaryMovie_S1_01_stageii.csv,120.04801920768381,60.0,2000,1000,16.666666666666668,,,,false
AMASS:EyesJapanDataset/hamada/sitdown_standup-15-move_chair-hamada_stageii.csv,AMASS,EyesJapanDataset,EyesJapanDataset/hamada/sitdown_standup-15-move_chair-hamada_stageii.csv,120.04801920768381,60.0,2000,1000,16.666666666666668,,,,false
AMASS:EyesJapanDataset/shiono/gesture_etc-23-mobile_call-shiono_stageii.csv,AMASS,EyesJapanDataset,EyesJapanDataset/shiono/gesture_etc-23-mobile_call-shiono_stageii.csv,120.04801920768381,60.0,2000,1000,16.666666666666668,,,,false
AMASS:HUMAN4D/Subject4_Carine/RGB_BasketBall_S4_01_stageii.csv,AMASS,HUMAN4D,HUMAN4D/Subject4_Carine/RGB_BasketBall_S4_01_stageii.csv,120.04801920768381,60.0,2000,1000,16.666666666666668,,,,false
AMASS:CMU/31/31_15_stageii.csv,AMASS,CMU,CMU/31/31_15_stageii.csv,120.04801920768381,60.0,2000,1000,16.666666666666668,,,,false
AMASS:GRAB/s4/train_pick_all_stageii.csv,AMASS,GRAB,GRAB/s4/train_pick_all_stageii.csv,120.04801920768381,60.0,2000,1000,16.666666666666668,,,,false
AMASS:BMLrub/rub047/0021_catching_and_throwing_stageii.csv,AMASS,BMLrub,BMLrub/rub047/0021_catching_and_throwing_stageii.csv,120.04801920768381,60.0,2000,1000,16.666666666666668,,,,false
AMASS:EyesJapanDataset/kaiwa/gesture_etc-22-mobile_receive-kaiwa_stageii.csv,AMASS,EyesJapanDataset,EyesJapanDataset/kaiwa/gesture_etc-22-mobile_receive-kaiwa_stageii.csv,120.04801920768381,60.0,2000,1000,16.666666666666668,,,,false
AMASS:EyesJapanDataset/aita/gesture_etc-29-pantomime-aita_stageii.csv,AMASS,EyesJapanDataset,EyesJapanDataset/aita/gesture_etc-29-pantomime-aita_stageii.csv,120.04801920768381,60.0,2000,1000,16.666666666666668,,,,false
AMASS:MOYO_smplx_neutral/test/221004/03596/221004_yogi_nexus_body_hands_03596_Bharadvajas_Twist_pose_or_Bharadvajasana_I_-a_stageii.csv,AMASS,MOYO_smplx_neutral,MOYO_smplx_neutral/test/221004/03596/221004_yogi_nexus_body_hands_03596_Bharadvajas_Twist_pose_or_Bharadvajasana_I_-a_stageii.csv,60.024009603841904,60.0,2000,2000,33.319999999999794,,,,false
AMASS:EyesJapanDataset/hamada/walk-23-shuffle_oneleg-hamada_stageii.csv,AMASS,EyesJapanDataset,EyesJapanDataset/hamada/walk-23-shuffle_oneleg-hamada_stageii.csv,120.04801920768381,60.0,2000,1000,16.666666666666668,,,,false
AMASS:BMLrub/rub029/0027_circle_walk_stageii.csv,AMASS,BMLrub,BMLrub/rub029/0027_circle_walk_stageii.csv,120.04801920768381,60.0,2000,1000,16.666666666666668,,,,false
AMASS:GRAB/s9/apple_pick_all_stageii.csv,AMASS,GRAB,GRAB/s9/apple_pick_all_stageii.csv,120.04801920768381,60.0,2000,1000,16.666666666666668,,,,false
AMASS:BMLrub/rub093/0000_treadmill_norm_stageii.csv,AMASS,BMLrub,BMLrub/rub093/0000_treadmill_norm_stageii.csv,120.04801920768381,60.0,2000,1000,16.666666666666668,,,,false
AMASS:CMU/13/13_15_stageii.csv,AMASS,CMU,CMU/13/13_15_stageii.csv,120.04801920768381,60.0,2000,1000,16.666666666666668,,,,false
AMASS:DanceDB/20151003_ElenaKyriakou/Elena_Happy_v2_C3D_stageii.csv,AMASS,DanceDB,DanceDB/20151003_ElenaKyriakou/Elena_Happy_v2_C3D_stageii.csv,120.04801920768381,60.0,2000,1000,16.666666666666668,,,,false
AMASS:EyesJapanDataset/takiguchi/jump-11-warmup-takiguchi_stageii.csv,AMASS,EyesJapanDataset,EyesJapanDataset/takiguchi/jump-11-warmup-takiguchi_stageii.csv,120.04801920768381,60.0,2000,1000,16.666666666666668,,,,false
AMASS:CMU/80/80_58_stageii.csv,AMASS,CMU,CMU/80/80_58_stageii.csv,60.024009603841904,60.0,2000,2000,33.319999999999794,,,,false
AMASS:GRAB/s9/cubemedium_pick_all_stageii.csv,AMASS,GRAB,GRAB/s9/cubemedium_pick_all_stageii.csv,120.04801920768381,60.0,2000,1000,16.666666666666668,,,,false
AMASS:MOYO_smplx_neutral/extra/221004/03596/221004_yogi_nexus_body_hands_03596_Sun_Salutation_Flow_stageii.csv,AMASS,MOYO_smplx_neutral,MOYO_smplx_neutral/extra/221004/03596/221004_yogi_nexus_body_hands_03596_Sun_Salutation_Flow_stageii.csv,60.02400960383551,60.0,2000,2000,33.32000000000335,,,,false
AMASS:CMU/126/126_03_stageii.csv,AMASS,CMU,CMU/126/126_03_stageii.csv,120.04801920768381,60.0,2000,1000,16.666666666666668,,,,false
AMASS:BMLrub/rub086/0000_treadmill_norm_stageii.csv,AMASS,BMLrub,BMLrub/rub086/0000_treadmill_norm_stageii.csv,120.04801920768381,60.0,2000,1000,16.666666666666668,,,,false
AMASS:CMU/125/125_01_stageii.csv,AMASS,CMU,CMU/125/125_01_stageii.csv,120.04801920768381,60.0,2000,1000,16.666666666666668,,,,false
AMASS:EyesJapanDataset/aita/accident-13-damage_back-aita_stageii.csv,AMASS,EyesJapanDataset,EyesJapanDataset/aita/accident-13-damage_back-aita_stageii.csv,120.04801920768381,60.0,2000,1000,16.666666666666668,,,,false
AMASS:HUMAN4D/Subject1_Karim/INF_LayingDown_S1_01_stageii.csv,AMASS,HUMAN4D,HUMAN4D/Subject1_Karim/INF_LayingDown_S1_01_stageii.csv,120.04801920768381,60.0,2000,1000,16.666666666666668,,,,false
AMASS:MPIHDM05/tr/HDM_tr_03-10_02_120_stageii.csv,AMASS,MPIHDM05,MPIHDM05/tr/HDM_tr_03-10_02_120_stageii.csv,120.04801920768381,60.0,2000,1000,16.666666666666668,,,,false
AMASS:EyesJapanDataset/hamada/gesture_etc-09-scratch-hamada_stageii.csv,AMASS,EyesJapanDataset,EyesJapanDataset/hamada/gesture_etc-09-scratch-hamada_stageii.csv,120.04801920768381,60.0,2000,1000,16.666666666666668,,,,false
AMASS:BMLrub/rub026/0030_scamper_stageii.csv,AMASS,BMLrub,BMLrub/rub026/0030_scamper_stageii.csv,120.04801920768381,60.0,2000,1000,16.666666666666668,,,,false
AMASS:GRAB/s2/toruslarge_pick_all_stageii.csv,AMASS,GRAB,GRAB/s2/toruslarge_pick_all_stageii.csv,120.04801920768381,60.0,2000,1000,16.666666666666668,,,,false
AMASS:EyesJapanDataset/kanno/walk-04-fast-kanno_stageii.csv,AMASS,EyesJapanDataset,EyesJapanDataset/kanno/walk-04-fast-kanno_stageii.csv,120.04801920768381,60.0,2000,1000,16.666666666666668,,,,false
AMASS:DanceDB/20151003_AndriaMichaelidou/Andria_Excited_v1_C3D_stageii.csv,AMASS,DanceDB,DanceDB/20151003_AndriaMichaelidou/Andria_Excited_v1_C3D_stageii.csv,120.04801920768381,60.0,2000,1000,16.666666666666668,,,,false
AMASS:CMU/80/80_69_stageii.csv,AMASS,CMU,CMU/80/80_69_stageii.csv,59.988002399521825,60.0,2000,2000,33.33999999999904,,,,false
AMASS:GRAB/s7/gamecontroller_pick_all_stageii.csv,AMASS,GRAB,GRAB/s7/gamecontroller_pick_all_stageii.csv,120.04801920768381,60.0,2000,1000,16.666666666666668,,,,false
AMASS:BMLrub/rub062/0001_treadmill_fast_stageii.csv,AMASS,BMLrub,BMLrub/rub062/0001_treadmill_fast_stageii.csv,120.04801920768381,60.0,2000,1000,16.666666666666668,,,,false
AMASS:CMU/105/105_01_stageii.csv,AMASS,CMU,CMU/105/105_01_stageii.csv,120.04801920768381,60.0,2000,1000,16.666666666666668,,,,false
AMASS:MPILimits/03099/op9_stageii.csv,AMASS,MPILimits,MPILimits/03099/op9_stageii.csv,120.04801920768381,60.0,2000,1000,16.666666666666668,,,,false
AMASS:DanceDB/20151003_AndriaMichaelidou/Andria_Relaxed_v2_C3D_stageii.csv,AMASS,DanceDB,DanceDB/20151003_AndriaMichaelidou/Andria_Relaxed_v2_C3D_stageii.csv,120.04801920768381,60.0,2000,1000,16.666666666666668,,,,false
AMASS:EyesJapanDataset/kanno/walk-15-pull-kanno_stageii.csv,AMASS,EyesJapanDataset,EyesJapanDataset/kanno/walk-15-pull-kanno_stageii.csv,120.04801920768381,60.0,2000,1000,16.666666666666668,,,,false
AMASS:DanceDB/20120807_CliodelaVara/Clio_Haniotikos_C3D_stageii.csv,AMASS,DanceDB,DanceDB/20120807_CliodelaVara/Clio_Haniotikos_C3D_stageii.csv,120.04801920768381,60.0,2000,1000,16.666666666666668,,,,false
AMASS:DanceDB/20151003_ElenaKyriakou/Elena_Afraid_v2_C3D_stageii.csv,AMASS,DanceDB,DanceDB/20151003_ElenaKyriakou/Elena_Afraid_v2_C3D_stageii.csv,120.04801920768381,60.0,2000,1000,16.666666666666668,,,,false
AMASS:EyesJapanDataset/kaiwa/pose-01-normal-kaiwa_stageii.csv,AMASS,EyesJapanDataset,EyesJapanDataset/kaiwa/pose-01-normal-kaiwa_stageii.csv,120.04801920768381,60.0,2000,1000,16.666666666666668,,,,false
AMASS:EyesJapanDataset/shiono/gesture_etc-03-set_3-shiono_stageii.csv,AMASS,EyesJapanDataset,EyesJapanDataset/shiono/gesture_etc-03-set_3-shiono_stageii.csv,120.04801920768381,60.0,2000,1000,16.666666666666668,,,,false
AMASS:HUMAN4D/Subject1_2_Aude/INF_WatchingFootball_S1S2_01_stageii.csv,AMASS,HUMAN4D,HUMAN4D/Subject1_2_Aude/INF_WatchingFootball_S1S2_01_stageii.csv,120.04801920768381,60.0,2000,1000,16.666666666666668,,,,false
AMASS:GRAB/s8/toothpaste_pick_all_stageii.csv,AMASS,GRAB,GRAB/s8/toothpaste_pick_all_stageii.csv,120.04801920768381,60.0,2000,1000,16.666666666666668,,,,false
AMASS:SFU/0008/0008_Walking001_stageii.csv,AMASS,SFU,SFU/0008/0008_Walking001_stageii.csv,120.04801920768381,60.0,2000,1000,16.666666666666668,,,,false
AMASS:MOYO_smplx_neutral/test/221004/03596/221004_yogi_nexus_body_hands_03596_Wide-Angle_Seated_Forward_Bend_pose_or_Upavistha_Konasana_-c_stageii.csv,AMASS,MOYO_smplx_neutral,MOYO_smplx_neutral/test/221004/03596/221004_yogi_nexus_body_hands_03596_Wide-Angle_Seated_Forward_Bend_pose_or_Upavistha_Konasana_-c_stageii.csv,60.024009603841904,60.0,2000,2000,33.319999999999794,,,,false
AMASS:BMLrub/rub003/0021_circle_walk_stageii.csv,AMASS,BMLrub,BMLrub/rub003/0021_circle_walk_stageii.csv,120.04801920768381,60.0,2000,1000,16.666666666666668,,,,false
AMASS:EyesJapanDataset/aita/gesture_etc-21-clapping-aita_stageii.csv,AMASS,EyesJapanDataset,EyesJapanDataset/aita/gesture_etc-21-clapping-aita_stageii.csv,120.04801920768381,60.0,2000,1000,16.666666666666668,,,,false
AMASS:HumanEva/S1/Gestures_1_stageii.csv,AMASS,HumanEva,HumanEva/S1/Gestures_1_stageii.csv,120.04801920768381,60.0,2000,1000,16.666666666666668,,,,false
AMASS:GRAB/s4/stamp_pick_all_stageii.csv,AMASS,GRAB,GRAB/s4/stamp_pick_all_stageii.csv,120.04801920768381,60.0,2000,1000,16.666666666666668,,,,false
AMASS:EyesJapanDataset/kudo/gesture_etc-12-juggling_real-kudo_stageii.csv,AMASS,EyesJapanDataset,EyesJapanDataset/kudo/gesture_etc-12-juggling_real-kudo_stageii.csv,120.04801920768381,60.0,2000,1000,16.666666666666668,,,,false
AMASS:EyesJapanDataset/hamada/accident-13-damage_back-hamada_stageii.csv,AMASS,EyesJapanDataset,EyesJapanDataset/hamada/accident-13-damage_back-hamada_stageii.csv,120.04801920768381,60.0,2000,1000,16.666666666666668,,,,false
AMASS:BMLrub/rub078/0029_scamper_stageii.csv,AMASS,BMLrub,BMLrub/rub078/0029_scamper_stageii.csv,120.04801920768381,60.0,2000,1000,16.666666666666668,,,,false
AMASS:HUMAN4D/Subject2_Aude/RGB_Bending_S2_01_stageii.csv,AMASS,HUMAN4D,HUMAN4D/Subject2_Aude/RGB_Bending_S2_01_stageii.csv,120.04801920768381,60.0,2000,1000,16.666666666666668,,,,false
AMASS:BMLrub/rub098/0002_treadmill_slow_stageii.csv,AMASS,BMLrub,BMLrub/rub098/0002_treadmill_slow_stageii.csv,120.04801920768381,60.0,2000,1000,16.666666666666668,,,,false
AMASS:CMU/32/32_07_stageii.csv,AMASS,CMU,CMU/32/32_07_stageii.csv,120.04801920768381,60.0,2000,1000,16.666666666666668,,,,false
AMASS:CMU/105/105_07_stageii.csv,AMASS,CMU,CMU/105/105_07_stageii.csv,120.04801920768381,60.0,2000,1000,16.666666666666668,,,,false
AMASS:HUMAN4D/Subject1_Karim/RGB_Bending_S1_01_stageii.csv,AMASS,HUMAN4D,HUMAN4D/Subject1_Karim/RGB_Bending_S1_01_stageii.csv,120.04801920768381,60.0,2000,1000,16.666666666666668,,,,false
AMASS:BMLrub/rub110/0003_treadmill_jog_stageii.csv,AMASS,BMLrub,BMLrub/rub110/0003_treadmill_jog_stageii.csv,120.04801920768381,60.0,2000,1000,16.666666666666668,,,,false
AMASS:MOYO_smplx_neutral/train/220926/03596/220926_yogi_body_hands_03596_Rajakapotasana-b_stageii.csv,AMASS,MOYO_smplx_neutral,MOYO_smplx_neutral/train/220926/03596/220926_yogi_body_hands_03596_Rajakapotasana-b_stageii.csv,60.016804705317654,60.0,2000,2000,33.323999999999906,,,,false
AMASS:EyesJapanDataset/hamada/gesture_etc-25-magic-hamada_stageii.csv,AMASS,EyesJapanDataset,EyesJapanDataset/hamada/gesture_etc-25-magic-hamada_stageii.csv,120.04801920768381,60.0,2000,1000,16.666666666666668,,,,false
AMASS:HUMAN4D/Subject1_2_Karim/INF_Dancing_S1S2_02_stageii.csv,AMASS,HUMAN4D,HUMAN4D/Subject1_2_Karim/INF_Dancing_S1S2_02_stageii.csv,120.04801920768381,60.0,2000,1000,16.666666666666668,,,,false
AMASS:EyesJapanDataset/takiguchi/jump-07-rope_double-takiguchi_stageii.csv,AMASS,EyesJapanDataset,EyesJapanDataset/takiguchi/jump-07-rope_double-takiguchi_stageii.csv,120.04801920768381,60.0,2000,1000,16.666666666666668,,,,false
AMASS:EyesJapanDataset/kaiwa/sitdown_standup-03-chair_back-kaiwa_stageii.csv,AMASS,EyesJapanDataset,EyesJapanDataset/kaiwa/sitdown_standup-03-chair_back-kaiwa_stageii.csv,120.04801920768381,60.0,2000,1000,16.666666666666668,,,,false
AMASS:GRAB/s1/stanfordbunny_pick_all_stageii.csv,AMASS,GRAB,GRAB/s1/stanfordbunny_pick_all_stageii.csv,120.04801920768381,60.0,2000,1000,16.666666666666668,,,,false
AMASS:BMLrub/rub083/0002_treadmill_slow_stageii.csv,AMASS,BMLrub,BMLrub/rub083/0002_treadmill_slow_stageii.csv,120.04801920768381,60.0,2000,1000,16.666666666666668,,,,false
AMASS:MOYO_smplx_neutral/extra/220926/03596/220926_yogi_body_hands_03596_Sun_Salutation_Flow__stageii.csv,AMASS,MOYO_smplx_neutral,MOYO_smplx_neutral/extra/220926/03596/220926_yogi_body_hands_03596_Sun_Salutation_Flow__stageii.csv,60.02040693835891,60.0,2000,2000,33.322000000000074,,,,false
AMASS:GRAB/s8/banana_pick_all_stageii.csv,AMASS,GRAB,GRAB/s8/banana_pick_all_stageii.csv,120.04801920768381,60.0,2000,1000,16.666666666666668,,,,false
AMASS:GRAB/s2/mug_pick_all_stageii.csv,AMASS,GRAB,GRAB/s2/mug_pick_all_stageii.csv,120.04801920768381,60.0,2000,1000,16.666666666666668,,,,false
AMASS:GRAB/s7/alarmclock_pick_all_stageii.csv,AMASS,GRAB,GRAB/s7/alarmclock_pick_all_stageii.csv,120.04801920768381,60.0,2000,1000,16.666666666666668,,,,false
AMASS:GRAB/s5/train_pick_all_stageii.csv,AMASS,GRAB,GRAB/s5/train_pick_all_stageii.csv,120.04801920768381,60.0,2000,1000,16.666666666666668,,,,false
AMASS:GRAB/s7/stanfordbunny_pick_all_stageii.csv,AMASS,GRAB,GRAB/s7/stanfordbunny_pick_all_stageii.csv,120.04801920768381,60.0,2000,1000,16.666666666666668,,,,false
AMASS:BMLrub/rub101/0001_treadmill_fast_stageii.csv,AMASS,BMLrub,BMLrub/rub101/0001_treadmill_fast_stageii.csv,120.04801920768381,60.0,2000,1000,16.666666666666668,,,,false
AMASS:MPIHDM05/bk/HDM_bk_03-05_02_120_stageii.csv,AMASS,MPIHDM05,MPIHDM05/bk/HDM_bk_03-05_02_120_stageii.csv,120.04801920768381,60.0,2000,1000,16.666666666666668,,,,false
AMASS:BMLrub/rub061/0030_scamper1_stageii.csv,AMASS,BMLrub,BMLrub/rub061/0030_scamper1_stageii.csv,120.04801920768381,60.0,2000,1000,16.666666666666668,,,,false
AMASS:MPIHDM05/dg/HDM_dg_06-04_01_120_stageii.csv,AMASS,MPIHDM05,MPIHDM05/dg/HDM_dg_06-04_01_120_stageii.csv,120.04801920768381,60.0,2000,1000,16.666666666666668,,,,false
AMASS:GRAB/s5/cylindermedium_pick_all_stageii.csv,AMASS,GRAB,GRAB/s5/cylindermedium_pick_all_stageii.csv,120.04801920768381,60.0,2000,1000,16.666666666666668,,,,false
AMASS:EyesJapanDataset/aita/greeting-01-hello-aita_stageii.csv,AMASS,EyesJapanDataset,EyesJapanDataset/aita/greeting-01-hello-aita_stageii.csv,120.04801920768381,60.0,2000,1000,16.666666666666668,,,,false
AMASS:EyesJapanDataset/kaiwa/gesture_etc-07-over_stretch-kaiwa_stageii.csv,AMASS,EyesJapanDataset,EyesJapanDataset/kaiwa/gesture_etc-07-over_stretch-kaiwa_stageii.csv,120.04801920768381,60.0,2000,1000,16.666666666666668,,,,false
AMASS:CMU/28/28_06_stageii.csv,AMASS,CMU,CMU/28/28_06_stageii.csv,120.04801920768381,60.0,2000,1000,16.666666666666668,,,,false
AMASS:BMLrub/rub033/0003_treadmill_jog_stageii.csv,AMASS,BMLrub,BMLrub/rub033/0003_treadmill_jog_stageii.csv,120.04801920768381,60.0,2000,1000,16.666666666666668,,,,false
AMASS:BMLrub/rub067/0003_treadmill_jog_stageii.csv,AMASS,BMLrub,BMLrub/rub067/0003_treadmill_jog_stageii.csv,120.04801920768381,60.0,2000,1000,16.666666666666668,,,,false
AMASS:EyesJapanDataset/aita/gesture_etc-33-watch_here-aita_stageii.csv,AMASS,EyesJapanDataset,EyesJapanDataset/aita/gesture_etc-33-watch_here-aita_stageii.csv,120.04801920768381,60.0,2000,1000,16.666666666666668,,,,false
AMASS:HUMAN4D/Subject3_4_Carine/RGB_Dancing_S3S4_01_stageii.csv,AMASS,HUMAN4D,HUMAN4D/Subject3_4_Carine/RGB_Dancing_S3S4_01_stageii.csv,120.04801920768381,60.0,2000,1000,16.666666666666668,,,,false
AMASS:MOYO_smplx_neutral/train/220923/03596/220923_yogi_body_hands_03596_Feathered_Peacock_Pose_or_Pincha_Mayurasana_-b_stageii.csv,AMASS,MOYO_smplx_neutral,MOYO_smplx_neutral/train/220923/03596/220923_yogi_body_hands_03596_Feathered_Peacock_Pose_or_Pincha_Mayurasana_-b_stageii.csv,60.024009603841904,60.0,2000,2000,33.319999999999794,,,,false
AMASS:EyesJapanDataset/kanno/gesture_etc-36-shame-kanno_stageii.csv,AMASS,EyesJapanDataset,EyesJapanDataset/kanno/gesture_etc-36-shame-kanno_stageii.csv,120.04801920768381,60.0,2000,1000,16.666666666666668,,,,false
AMASS:CMU/142/142_09_stageii.csv,AMASS,CMU,CMU/142/142_09_stageii.csv,120.04801920768381,60.0,2000,1000,16.666666666666668,,,,false
AMASS:DanceDB/20151003_ElenaKyriakou/Elena_Miserable_v2_C3D_stageii.csv,AMASS,DanceDB,DanceDB/20151003_ElenaKyriakou/Elena_Miserable_v2_C3D_stageii.csv,120.04801920768381,60.0,2000,1000,16.666666666666668,,,,false
AMASS:MPIHDM05/mm/HDM_mm_08-01_01_120_stageii.csv,AMASS,MPIHDM05,MPIHDM05/mm/HDM_mm_08-01_01_120_stageii.csv,120.04801920768381,60.0,2000,1000,16.666666666666668,,,,false
AMASS:MOYO_smplx_neutral/train/221004/03596/221004_yogi_nexus_body_hands_03596_Rajakapotasana-c_stageii.csv,AMASS,MOYO_smplx_neutral,MOYO_smplx_neutral/train/221004/03596/221004_yogi_nexus_body_hands_03596_Rajakapotasana-c_stageii.csv,60.024009603841904,60.0,2000,2000,33.319999999999794,,,,false
AMASS:DanceDB/20151003_ElenaKyriakou/Elena_Pleased_v1_C3D_stageii.csv,AMASS,DanceDB,DanceDB/20151003_ElenaKyriakou/Elena_Pleased_v1_C3D_stageii.csv,120.04801920768381,60.0,2000,1000,16.666666666666668,,,,false
AMASS:EyesJapanDataset/hamada/accident-11-fall_down-hamada_stageii.csv,AMASS,EyesJapanDataset,EyesJapanDataset/hamada/accident-11-fall_down-hamada_stageii.csv,120.04801920768381,60.0,2000,1000,16.666666666666668,,,,false
AMASS:EyesJapanDataset/yamaoka/tennis-01-forehand-yamaoka_stageii.csv,AMASS,EyesJapanDataset,EyesJapanDataset/yamaoka/tennis-01-forehand-yamaoka_stageii.csv,120.04801920768381,60.0,2000,1000,16.666666666666668,,,,false
AMASS:EyesJapanDataset/hamada/throw_toss-15-pass_to_left_light-hamada_stageii.csv,AMASS,EyesJapanDataset,EyesJapanDataset/hamada/throw_toss-15-pass_to_left_light-hamada_stageii.csv,120.04801920768381,60.0,2000,1000,16.666666666666668,,,,false
AMASS:GRAB/s6/toothpaste_pick_all_stageii.csv,AMASS,GRAB,GRAB/s6/toothpaste_pick_all_stageii.csv,120.04801920768381,60.0,2000,1000,16.666666666666668,,,,false
AMASS:DanceDB/20151003_AndriaMichaelidou/Andria_Annoyed_v1_C3D_stageii.csv,AMASS,DanceDB,DanceDB/20151003_AndriaMichaelidou/Andria_Annoyed_v1_C3D_stageii.csv,120.04801920768381,60.0,2000,1000,16.666666666666668,,,,false
AMASS:BMLrub/rub109/0027_circle_walk_stageii.csv,AMASS,BMLrub,BMLrub/rub109/0027_circle_walk_stageii.csv,120.04801920768381,60.0,2000,1000,16.666666666666668,,,,false
AMASS:BMLrub/rub021/0002_treadmill_slow_stageii.csv,AMASS,BMLrub,BMLrub/rub021/0002_treadmill_slow_stageii.csv,120.04801920768381,60.0,2000,1000,16.666666666666668,,,,false
AMASS:MPIHDM05/tr/HDM_tr_03-05_02_120_stageii.csv,AMASS,MPIHDM05,MPIHDM05/tr/HDM_tr_03-05_02_120_stageii.csv,120.04801920768381,60.0,2000,1000,16.666666666666668,,,,false
AMASS:CMU/94/94_01_stageii.csv,AMASS,CMU,CMU/94/94_01_stageii.csv,120.04801920768381,60.0,2000,1000,16.666666666666668,,,,false
AMASS:BMLrub/rub044/0002_treadmill_slow_stageii.csv,AMASS,BMLrub,BMLrub/rub044/0002_treadmill_slow_stageii.csv,120.04801920768381,60.0,2000,1000,16.666666666666668,,,,false
AMASS:HUMAN4D/Subject2_Aude/RGB_TalkingWalking_S2_01_stageii.csv,AMASS,HUMAN4D,HUMAN4D/Subject2_Aude/RGB_TalkingWalking_S2_01_stageii.csv,120.04801920768381,60.0,2000,1000,16.666666666666668,,,,false
AMASS:MPILimits/03101/ulr1d_stageii.csv,AMASS,MPILimits,MPILimits/03101/ulr1d_stageii.csv,120.04801920768381,60.0,2000,1000,16.666666666666668,,,,false
AMASS:EyesJapanDataset/hamada/gesture_etc-26-hit_mosquito-hamada_stageii.csv,AMASS,EyesJapanDataset,EyesJapanDataset/hamada/gesture_etc-26-hit_mosquito-hamada_stageii.csv,120.04801920768381,60.0,2000,1000,16.666666666666668,,,,false
AMASS:MOYO_smplx_neutral/val/220926/03596/220926_yogi_body_hands_03596_Supta_Virasana_Vajrasana-b_stageii.csv,AMASS,MOYO_smplx_neutral,MOYO_smplx_neutral/val/220926/03596/220926_yogi_body_hands_03596_Supta_Virasana_Vajrasana-b_stageii.csv,60.024009603841904,60.0,2000,2000,33.319999999999794,,,,false
AMASS:DanceDB/20151003_ElenaKyriakou/Elena_Excited_v2_C3D_stageii.csv,AMASS,DanceDB,DanceDB/20151003_ElenaKyriakou/Elena_Excited_v2_C3D_stageii.csv,120.04801920768381,60.0,2000,1000,16.666666666666668,,,,false
AMASS:EyesJapanDataset/aita/gesture_etc-41-mosh-aita_stageii.csv,AMASS,EyesJapanDataset,EyesJapanDataset/aita/gesture_etc-41-mosh-aita_stageii.csv,120.04801920768381,60.0,2000,1000,16.666666666666668,,,,false
AMASS:HUMAN4D/Subject1_2_Karim/INF_WatchingFootball_S1S2_01_stageii.csv,AMASS,HUMAN4D,HUMAN4D/Subject1_2_Karim/INF_WatchingFootball_S1S2_01_stageii.csv,120.04801920768381,60.0,2000,1000,16.666666666666668,,,,false
AMASS:GRAB/s1/phone_pick_all_stageii.csv,AMASS,GRAB,GRAB/s1/phone_pick_all_stageii.csv,120.04801920768381,60.0,2000,1000,16.666666666666668,,,,false
AMASS:MOYO_smplx_neutral/train/221004/03596/221004_yogi_nexus_body_hands_03596_Bridge_Pose_or_Setu_Bandha_Sarvangasana_-e_stageii.csv,AMASS,MOYO_smplx_neutral,MOYO_smplx_neutral/train/221004/03596/221004_yogi_nexus_body_hands_03596_Bridge_Pose_or_Setu_Bandha_Sarvangasana_-e_stageii.csv,60.024009603841904,60.0,2000,2000,33.319999999999794,,,,false
AMASS:WEIZMANN/66/Fast_StraightShort(1)_stageii.csv,AMASS,WEIZMANN,WEIZMANN/66/Fast_StraightShort(1)_stageii.csv,100.00000000000213,60.0,2000,1200,20.0,,,,false
AMASS:BMLrub/rub022/0026_circle_walk_stageii.csv,AMASS,BMLrub,BMLrub/rub022/0026_circle_walk_stageii.csv,120.04801920768381,60.0,2000,1000,16.666666666666668,,,,false
AMASS:MOYO_smplx_neutral/train/220923/03596/220923_yogi_body_hands_03596_Fish_Pose_or_Matsyasana_-c_stageii.csv,AMASS,MOYO_smplx_neutral,MOYO_smplx_neutral/train/220923/03596/220923_yogi_body_hands_03596_Fish_Pose_or_Matsyasana_-c_stageii.csv,60.024009603840305,60.0,2000,2000,33.32000000000068,,,,false
AMASS:GRAB/s8/hand_pick_all_stageii.csv,AMASS,GRAB,GRAB/s8/hand_pick_all_stageii.csv,120.04801920768381,60.0,2000,1000,16.666666666666668,,,,false
AMASS:CMU/91/91_27_stageii.csv,AMASS,CMU,CMU/91/91_27_stageii.csv,120.04801920768381,60.0,2000,1000,16.666666666666668,,,,false
AMASS:DanceDB/20151003_AndriaMichaelidou/Andria_Afraid_v1_C3D_stageii.csv,AMASS,DanceDB,DanceDB/20151003_AndriaMichaelidou/Andria_Afraid_v1_C3D_stageii.csv,120.04801920768381,60.0,2000,1000,16.666666666666668,,,,false
AMASS:HUMAN4D/Subject4_Carine/RGB_Running_S4_01_stageii.csv,AMASS,HUMAN4D,HUMAN4D/Subject4_Carine/RGB_Running_S4_01_stageii.csv,120.04801920768381,60.0,2000,1000,16.666666666666668,,,,false
AMASS:MPIHDM05/tr/HDM_tr_03-03_03_120_stageii.csv,AMASS,MPIHDM05,MPIHDM05/tr/HDM_tr_03-03_03_120_stageii.csv,120.04801920768381,60.0,2000,1000,16.666666666666668,,,,false
AMASS:GRAB/s5/cup_pick_all_stageii.csv,AMASS,GRAB,GRAB/s5/cup_pick_all_stageii.csv,120.04801920768381,60.0,2000,1000,16.666666666666668,,,,false
AMASS:EyesJapanDataset/kanno/jump-07-rope_double-kanno_stageii.csv,AMASS,EyesJapanDataset,EyesJapanDataset/kanno/jump-07-rope_double-kanno_stageii.csv,120.04801920768381,60.0,2000,1000,16.666666666666668,,,,false
AMASS:DanceDB/20151003_ElenaKyriakou/Elena_Angry_v1_C3D_stageii.csv,AMASS,DanceDB,DanceDB/20151003_ElenaKyriakou/Elena_Angry_v1_C3D_stageii.csv,120.04801920768381,60.0,2000,1000,16.666666666666668,,,,false
AMASS:BMLrub/rub060/0000_treadmill_norm_stageii.csv,AMASS,BMLrub,BMLrub/rub060/0000_treadmill_norm_stageii.csv,120.04801920768381,60.0,2000,1000,16.666666666666668,,,,false
AMASS:HUMAN4D/Subject2_Aude/INF_WatchingScaryMovie_S2_01_stageii.csv,AMASS,HUMAN4D,HUMAN4D/Subject2_Aude/INF_WatchingScaryMovie_S2_01_stageii.csv,120.04801920768381,60.0,2000,1000,16.666666666666668,,,,false
AMASS:GRAB/s5/cubelarge_pick_all_stageii.csv,AMASS,GRAB,GRAB/s5/cubelarge_pick_all_stageii.csv,120.04801920768381,60.0,2000,1000,16.666666666666668,,,,false
AMASS:MOYO_smplx_neutral/train/221004/03596/221004_yogi_nexus_body_hands_03596_Rajakapotasana-b_stageii.csv,AMASS,MOYO_smplx_neutral,MOYO_smplx_neutral/train/221004/03596/221004_yogi_nexus_body_hands_03596_Rajakapotasana-b_stageii.csv,60.02400960383871,60.0,2000,2000,33.32000000000157,,,,false
AMASS:GRAB/s7/train_pick_all_stageii.csv,AMASS,GRAB,GRAB/s7/train_pick_all_stageii.csv,120.04801920768381,60.0,2000,1000,16.666666666666668,,,,false
AMASS:DanceDB/20150927_VasoAristeidou/Vasso_Neutral_v2_01_stageii.csv,AMASS,DanceDB,DanceDB/20150927_VasoAristeidou/Vasso_Neutral_v2_01_stageii.csv,120.04801920768381,60.0,2000,1000,16.666666666666668,,,,false
AMASS:DanceDB/20151003_ElenaKyriakou/Elena_Tired_v2_C3D_stageii.csv,AMASS,DanceDB,DanceDB/20151003_ElenaKyriakou/Elena_Tired_v2_C3D_stageii.csv,120.04801920768381,60.0,2000,1000,16.666666666666668,,,,false
AMASS:DanceDB/20151003_AndriaMichaelidou/Andria_Pleased_v1_C3D_stageii.csv,AMASS,DanceDB,DanceDB/20151003_AndriaMichaelidou/Andria_Pleased_v1_C3D_stageii.csv,120.04801920768381,60.0,2000,1000,16.666666666666668,,,,false
AMASS:BMLrub/rub044/0000_treadmill_norm_stageii.csv,AMASS,BMLrub,BMLrub/rub044/0000_treadmill_norm_stageii.csv,120.04801920768381,60.0,2000,1000,16.666666666666668,,,,false
AMASS:GRAB/s9/cylindermedium_pick_all_stageii.csv,AMASS,GRAB,GRAB/s9/cylindermedium_pick_all_stageii.csv,120.04801920768381,60.0,2000,1000,16.666666666666668,,,,false
AMASS:CMU/105/105_28_stageii.csv,AMASS,CMU,CMU/105/105_28_stageii.csv,120.04801920768381,60.0,2000,1000,16.666666666666668,,,,false
AMASS:GRAB/s1/cubesmall_pick_all_stageii.csv,AMASS,GRAB,GRAB/s1/cubesmall_pick_all_stageii.csv,120.04801920768381,60.0,2000,1000,16.666666666666668,,,,false
AMASS:EyesJapanDataset/hamada/jump-11-warmup-hamada_stageii.csv,AMASS,EyesJapanDataset,EyesJapanDataset/hamada/jump-11-warmup-hamada_stageii.csv,120.04801920768381,60.0,2000,1000,16.666666666666668,,,,false
AMASS:BMLrub/rub080/0002_treadmill_slow_stageii.csv,AMASS,BMLrub,BMLrub/rub080/0002_treadmill_slow_stageii.csv,120.04801920768381,60.0,2000,1000,16.666666666666668,,,,false
AMASS:BMLrub/rub036/0000_treadmill_norm_stageii.csv,AMASS,BMLrub,BMLrub/rub036/0000_treadmill_norm_stageii.csv,120.04801920768381,60.0,2000,1000,16.666666666666668,,,,false
AMASS:TotalCapture/s1/acting1_stageii.csv,AMASS,TotalCapture,TotalCapture/s1/acting1_stageii.csv,59.988002399521825,60.0,2000,2000,33.33999999999904,,,,false
AMASS:HUMAN4D/Subject2_Aude/RGB_Basketball_S2_01_stageii.csv,AMASS,HUMAN4D,HUMAN4D/Subject2_Aude/RGB_Basketball_S2_01_stageii.csv,120.04801920768381,60.0,2000,1000,16.666666666666668,,,,false
AMASS:BMLrub/rub053/0021_catching_and_throwing_stageii.csv,AMASS,BMLrub,BMLrub/rub053/0021_catching_and_throwing_stageii.csv,120.04801920768381,60.0,2000,1000,16.666666666666668,,,,false
AMASS:BMLrub/rub083/0030_scamper_stageii.csv,AMASS,BMLrub,BMLrub/rub083/0030_scamper_stageii.csv,120.04801920768381,60.0,2000,1000,16.666666666666668,,,,false
AMASS:EyesJapanDataset/hamada/accident-10-spasm-hamada_stageii.csv,AMASS,EyesJapanDataset,EyesJapanDataset/hamada/accident-10-spasm-hamada_stageii.csv,120.04801920768381,60.0,2000,1000,16.666666666666668,,,,false
AMASS:CMU/13/13_24_stageii.csv,AMASS,CMU,CMU/13/13_24_stageii.csv,120.04801920768381,60.0,2000,1000,16.666666666666668,,,,false
AMASS:EyesJapanDataset/kanno/walk-08-lookfor-kanno_stageii.csv,AMASS,EyesJapanDataset,EyesJapanDataset/kanno/walk-08-lookfor-kanno_stageii.csv,120.04801920768381,60.0,2000,1000,16.666666666666668,,,,false
AMASS:HUMAN4D/Subject3_Medhi/INF_LayingDown_S3_01_stageii.csv,AMASS,HUMAN4D,HUMAN4D/Subject3_Medhi/INF_LayingDown_S3_01_stageii.csv,120.04801920768381,60.0,2000,1000,16.666666666666668,,,,false
AMASS:GRAB/s6/stamp_pick_all_stageii.csv,AMASS,GRAB,GRAB/s6/stamp_pick_all_stageii.csv,120.04801920768381,60.0,2000,1000,16.666666666666668,,,,false
AMASS:EyesJapanDataset/shiono/greeting-04-salute_(head)-shiono_stageii.csv,AMASS,EyesJapanDataset,EyesJapanDataset/shiono/greeting-04-salute_(head)-shiono_stageii.csv,120.04801920768381,60.0,2000,1000,16.666666666666668,,,,false
AMASS:BMLrub/rub091/0000_treadmill_norm_stageii.csv,AMASS,BMLrub,BMLrub/rub091/0000_treadmill_norm_stageii.csv,120.04801920768381,60.0,2000,1000,16.666666666666668,,,,false
AMASS:BMLrub/rub041/0027_circle_walk_stageii.csv,AMASS,BMLrub,BMLrub/rub041/0027_circle_walk_stageii.csv,120.04801920768381,60.0,2000,1000,16.666666666666668,,,,false
AMASS:EyesJapanDataset/aita/greeting-05-salute_(chest)-aita_stageii.csv,AMASS,EyesJapanDataset,EyesJapanDataset/aita/greeting-05-salute_(chest)-aita_stageii.csv,120.04801920768381,60.0,2000,1000,16.666666666666668,,,,false
AMASS:GRAB/s9/toothpaste_pick_all_stageii.csv,AMASS,GRAB,GRAB/s9/toothpaste_pick_all_stageii.csv,120.04801920768381,60.0,2000,1000,16.666666666666668,,,,false
AMASS:EyesJapanDataset/shiono/gesture_etc-21-clapping-shiono_stageii.csv,AMASS,EyesJapanDataset,EyesJapanDataset/shiono/gesture_etc-21-clapping-shiono_stageii.csv,120.04801920768381,60.0,2000,1000,16.666666666666668,,,,false
AMASS:KIT/1226/Trial_81_stageii.csv,AMASS,KIT,KIT/1226/Trial_81_stageii.csv,100.00000000000213,60.0,2000,1200,20.0,,,,false
AMASS:BMLrub/rub094/0027_circle_walk_stageii.csv,AMASS,BMLrub,BMLrub/rub094/0027_circle_walk_stageii.csv,120.04801920768381,60.0,2000,1000,16.666666666666668,,,,false
AMASS:HUMAN4D/Subject3_Medhi/RGB_StretchingTalking_S3_01_stageii.csv,AMASS,HUMAN4D,HUMAN4D/Subject3_Medhi/RGB_StretchingTalking_S3_01_stageii.csv,120.04801920768381,60.0,2000,1000,16.666666666666668,,,,false
AMASS:BMLrub/rub106/0000_treadmill_norm_stageii.csv,AMASS,BMLrub,BMLrub/rub106/0000_treadmill_norm_stageii.csv,120.04801920768381,60.0,2000,1000,16.666666666666668,,,,false
AMASS:HUMAN4D/Subject3_Medhi/INF_PickingDroppingObj_S3_01_stageii.csv,AMASS,HUMAN4D,HUMAN4D/Subject3_Medhi/INF_PickingDroppingObj_S3_01_stageii.csv,120.04801920768381,60.0,2000,1000,16.666666666666668,,,,false
AMASS:CMU/55/55_18_stageii.csv,AMASS,CMU,CMU/55/55_18_stageii.csv,120.04801920768381,60.0,2000,1000,16.666666666666668,,,,false
AMASS:GRAB/s1/pyramidlarge_pick_all_stageii.csv,AMASS,GRAB,GRAB/s1/pyramidlarge_pick_all_stageii.csv,120.04801920768381,60.0,2000,1000,16.666666666666668,,,,false
AMASS:MOYO_smplx_neutral/train/220923/03596/220923_yogi_body_hands_03596_Peacock_Pose_or_Mayurasana_-b_stageii.csv,AMASS,MOYO_smplx_neutral,MOYO_smplx_neutral/train/220923/03596/220923_yogi_body_hands_03596_Peacock_Pose_or_Mayurasana_-b_stageii.csv,60.024009603840305,60.0,2000,2000,33.32000000000068,,,,false
AMASS:CMU/32/32_08_stageii.csv,AMASS,CMU,CMU/32/32_08_stageii.csv,120.04801920768381,60.0,2000,1000,16.666666666666668,,,,false
AMASS:EyesJapanDataset/aita/accident-08-damage_rightfoot-aita_stageii.csv,AMASS,EyesJapanDataset,EyesJapanDataset/aita/accident-08-damage_rightfoot-aita_stageii.csv,120.04801920768381,60.0,2000,1000,16.666666666666668,,,,false
AMASS:CMU/28/28_16_stageii.csv,AMASS,CMU,CMU/28/28_16_stageii.csv,120.04801920768381,60.0,2000,1000,16.666666666666668,,,,false
AMASS:DanceDB/20151003_AndriaMichaelidou/Andria_Happy_v2_C3D_stageii.csv,AMASS,DanceDB,DanceDB/20151003_AndriaMichaelidou/Andria_Happy_v2_C3D_stageii.csv,120.04801920768381,60.0,2000,1000,16.666666666666668,,,,false
AMASS:DanceDB/20151003_AndriaMichaelidou/Andria_Angry_v1_C3D_stageii.csv,AMASS,DanceDB,DanceDB/20151003_AndriaMichaelidou/Andria_Angry_v1_C3D_stageii.csv,120.04801920768381,60.0,2000,1000,16.666666666666668,,,,false
AMASS:EyesJapanDataset/takiguchi/pose-01-normal-takiguchi_stageii.csv,AMASS,EyesJapanDataset,EyesJapanDataset/takiguchi/pose-01-normal-takiguchi_stageii.csv,120.04801920768381,60.0,2000,1000,16.666666666666668,,,,false
AMASS:WEIZMANN/70/Normal_Fig8(1)_1_stageii.csv,AMASS,WEIZMANN,WEIZMANN/70/Normal_Fig8(1)_1_stageii.csv,100.00000000000213,60.0,2000,1200,20.0,,,,false
AMASS:CMU/30/30_08_stageii.csv,AMASS,CMU,CMU/30/30_08_stageii.csv,120.04801920768381,60.0,2000,1000,16.666666666666668,,,,false
AMASS:CMU/111/111_33_stageii.csv,AMASS,CMU,CMU/111/111_33_stageii.csv,120.04801920768381,60.0,2000,1000,16.666666666666668,,,,false
AMASS:MOYO_smplx_neutral/test/220926/03596/220926_yogi_body_hands_03596_Wide-Angle_Seated_Forward_Bend_pose_or_Upavistha_Konasana_-d_stageii.csv,AMASS,MOYO_smplx_neutral,MOYO_smplx_neutral/test/220926/03596/220926_yogi_body_hands_03596_Wide-Angle_Seated_Forward_Bend_pose_or_Upavistha_Konasana_-d_stageii.csv,60.02400960383871,60.0,2000,2000,33.32000000000157,,,,false
AMASS:EyesJapanDataset/kanno/walk-02-drank-kanno_stageii.csv,AMASS,EyesJapanDataset,EyesJapanDataset/kanno/walk-02-drank-kanno_stageii.csv,120.04801920768381,60.0,2000,1000,16.666666666666668,,,,false
AMASS:HUMAN4D/Subject3_4_Carine/INF_Dancing_S3S4_01_stageii.csv,AMASS,HUMAN4D,HUMAN4D/Subject3_4_Carine/INF_Dancing_S3S4_01_stageii.csv,120.04801920768381,60.0,2000,1000,16.666666666666668,,,,false
AMASS:DanceDB/20151003_AndriaMichaelidou/Andria_Angry_v2_C3D_stageii.csv,AMASS,DanceDB,DanceDB/20151003_AndriaMichaelidou/Andria_Angry_v2_C3D_stageii.csv,120.04801920768381,60.0,2000,1000,16.666666666666668,,,,false
AMASS:SOMA/soma_subject1/kick_002_stageii.csv,AMASS,SOMA,SOMA/soma_subject1/kick_002_stageii.csv,120.04801920768381,60.0,2000,1000,16.666666666666668,,,,false
AMASS:DanceDB/20150927_VasoAristeidou/Vasso_Tired_v1_stageii.csv,AMASS,DanceDB,DanceDB/20150927_VasoAristeidou/Vasso_Tired_v1_stageii.csv,120.04801920768381,60.0,2000,1000,16.666666666666668,,,,false
AMASS:BMLrub/rub034/0003_treadmill_jog_stageii.csv,AMASS,BMLrub,BMLrub/rub034/0003_treadmill_jog_stageii.csv,120.04801920768381,60.0,2000,1000,16.666666666666668,,,,false
AMASS:GRAB/s10/phone_pick_all_stageii.csv,AMASS,GRAB,GRAB/s10/phone_pick_all_stageii.csv,120.04801920768381,60.0,2000,1000,16.666666666666668,,,,false
AMASS:GRAB/s7/mug_pick_all_stageii.csv,AMASS,GRAB,GRAB/s7/mug_pick_all_stageii.csv,120.04801920768381,60.0,2000,1000,16.666666666666668,,,,false
AMASS:KIT/1346/Experiment3_subject1346_random_03_stageii.csv,AMASS,KIT,KIT/1346/Experiment3_subject1346_random_03_stageii.csv,100.00000000000213,60.0,2000,1200,20.0,,,,false
AMASS:CMU/80/80_68_stageii.csv,AMASS,CMU,CMU/80/80_68_stageii.csv,60.02400960384111,60.0,2000,2000,33.320000000000235,,,,false
AMASS:MOYO_smplx_neutral/train/220923/03596/220923_yogi_body_hands_03596_Supta_Virasana_Vajrasana-c_stageii.csv,AMASS,MOYO_smplx_neutral,MOYO_smplx_neutral/train/220923/03596/220923_yogi_body_hands_03596_Supta_Virasana_Vajrasana-c_stageii.csv,60.024009603841904,60.0,2000,2000,33.319999999999794,,,,false
AMASS:GRAB/s2/train_pick_all_stageii.csv,AMASS,GRAB,GRAB/s2/train_pick_all_stageii.csv,120.04801920768381,60.0,2000,1000,16.666666666666668,,,,false
AMASS:MPIHDM05/dg/HDM_dg_01-04_01_120_stageii.csv,AMASS,MPIHDM05,MPIHDM05/dg/HDM_dg_01-04_01_120_stageii.csv,120.04801920768381,60.0,2000,1000,16.666666666666668,,,,false
AMASS:GRAB/s9/pyramidmedium_pick_all_Retake_stageii.csv,AMASS,GRAB,GRAB/s9/pyramidmedium_pick_all_Retake_stageii.csv,120.04801920768381,60.0,2000,1000,16.666666666666668,,,,false
AMASS:HUMAN4D/Subject1_Karim/RGB_SitingStanding_S1_01_stageii.csv,AMASS,HUMAN4D,HUMAN4D/Subject1_Karim/RGB_SitingStanding_S1_01_stageii.csv,120.04801920768381,60.0,2000,1000,16.666666666666668,,,,false
AMASS:MOYO_smplx_neutral/train/221004/03596/221004_yogi_nexus_body_hands_03596_Lord_of_the_Dance_Pose_or_Natarajasana_-b_stageii.csv,AMASS,MOYO_smplx_neutral,MOYO_smplx_neutral/train/221004/03596/221004_yogi_nexus_body_hands_03596_Lord_of_the_Dance_Pose_or_Natarajasana_-b_stageii.csv,60.02400960384111,60.0,2000,2000,33.320000000000235,,,,false
AMASS:EyesJapanDataset/kanno/gesture_etc-50-syuriken-kanno_stageii.csv,AMASS,EyesJapanDataset,EyesJapanDataset/kanno/gesture_etc-50-syuriken-kanno_stageii.csv,120.04801920768381,60.0,2000,1000,16.666666666666668,,,,false
AMASS:MOYO_smplx_neutral/train/221004/03596/221004_yogi_nexus_body_hands_03596_Scorpion_pose_or_vrischikasana-c_stageii.csv,AMASS,MOYO_smplx_neutral,MOYO_smplx_neutral/train/221004/03596/221004_yogi_nexus_body_hands_03596_Scorpion_pose_or_vrischikasana-c_stageii.csv,60.024009603841904,60.0,2000,2000,33.319999999999794,,,,false
AMASS:WEIZMANN/69/Fast_StraightShort(1)_stageii.csv,AMASS,WEIZMANN,WEIZMANN/69/Fast_StraightShort(1)_stageii.csv,100.00000000000213,60.0,2000,1200,20.0,,,,false
AMASS:CMU/31/31_02_stageii.csv,AMASS,CMU,CMU/31/31_02_stageii.csv,120.04801920768381,60.0,2000,1000,16.666666666666668,,,,false
AMASS:MPIHDM05/tr/HDM_tr_02-01_02_120_stageii.csv,AMASS,MPIHDM05,MPIHDM05/tr/HDM_tr_02-01_02_120_stageii.csv,120.04801920768381,60.0,2000,1000,16.666666666666668,,,,false
AMASS:EyesJapanDataset/kaiwa/pose-12-body_building-kaiwa_stageii.csv,AMASS,EyesJapanDataset,EyesJapanDataset/kaiwa/pose-12-body_building-kaiwa_stageii.csv,120.04801920768381,60.0,2000,1000,16.666666666666668,,,,false
AMASS:GRAB/s7/cylinderlarge_pick_all_stageii.csv,AMASS,GRAB,GRAB/s7/cylinderlarge_pick_all_stageii.csv,120.04801920768381,60.0,2000,1000,16.666666666666668,,,,false
AMASS:HUMAN4D/Subject1_2_Aude/RGB_WatchingFootball_S1S2_02_stageii.csv,AMASS,HUMAN4D,HUMAN4D/Subject1_2_Aude/RGB_WatchingFootball_S1S2_02_stageii.csv,120.04801920768381,60.0,2000,1000,16.666666666666668,,,,false
AMASS:BMLrub/rub096/0003_treadmill_jog_stageii.csv,AMASS,BMLrub,BMLrub/rub096/0003_treadmill_jog_stageii.csv,120.04801920768381,60.0,2000,1000,16.666666666666668,,,,false
AMASS:GRAB/s5/stanfordbunny_pick_all_stageii.csv,AMASS,GRAB,GRAB/s5/stanfordbunny_pick_all_stageii.csv,120.04801920768381,60.0,2000,1000,16.666666666666668,,,,false
AMASS:BMLrub/rub034/0031_rom_stageii.csv,AMASS,BMLrub,BMLrub/rub034/0031_rom_stageii.csv,120.04801920768381,60.0,2000,1000,16.666666666666668,,,,false
AMASS:HUMAN4D/Subject4_Carine/INF_StretchingTalking_S4_01_stageii.csv,AMASS,HUMAN4D,HUMAN4D/Subject4_Carine/INF_StretchingTalking_S4_01_stageii.csv,120.04801920768381,60.0,2000,1000,16.666666666666668,,,,false
AMASS:GRAB/s9/mouse_pick_all_stageii.csv,AMASS,GRAB,GRAB/s9/mouse_pick_all_stageii.csv,120.04801920768381,60.0,2000,1000,16.666666666666668,,,,false
AMASS:EyesJapanDataset/kanno/accident-11-fall_down-kanno_stageii.csv,AMASS,EyesJapanDataset,EyesJapanDataset/kanno/accident-11-fall_down-kanno_stageii.csv,120.04801920768381,60.0,2000,1000,16.666666666666668,,,,false
AMASS:EyesJapanDataset/shiono/gesture_etc-49-taiko_under-shiono_stageii.csv,AMASS,EyesJapanDataset,EyesJapanDataset/shiono/gesture_etc-49-taiko_under-shiono_stageii.csv,120.04801920768381,60.0,2000,1000,16.666666666666668,,,,false
AMASS:GRAB/s1/phone_call_1_stageii.csv,AMASS,GRAB,GRAB/s1/phone_call_1_stageii.csv,120.04801920768381,60.0,2000,1000,16.666666666666668,,,,false
AMASS:HUMAN4D/Subject2_Aude/INF_PunchingKicking_S2_01_stageii.csv,AMASS,HUMAN4D,HUMAN4D/Subject2_Aude/INF_PunchingKicking_S2_01_stageii.csv,120.04801920768381,60.0,2000,1000,16.666666666666668,,,,false
AMASS:GRAB/s6/duck_pick_all_stageii.csv,AMASS,GRAB,GRAB/s6/duck_pick_all_stageii.csv,120.04801920768381,60.0,2000,1000,16.666666666666668,,,,false
AMASS:CMU/54/54_17_stageii.csv,AMASS,CMU,CMU/54/54_17_stageii.csv,120.04801920768381,60.0,2000,1000,16.666666666666668,,,,false
AMASS:SOMA/soma_subject2/run_003_stageii.csv,AMASS,SOMA,SOMA/soma_subject2/run_003_stageii.csv,120.04801920768381,60.0,2000,1000,16.666666666666668,,,,false
AMASS:BMLrub/rub072/0001_treadmill_fast_stageii.csv,AMASS,BMLrub,BMLrub/rub072/0001_treadmill_fast_stageii.csv,120.04801920768381,60.0,2000,1000,16.666666666666668,,,,false
AMASS:BMLrub/rub033/0000_treadmill_norm_stageii.csv,AMASS,BMLrub,BMLrub/rub033/0000_treadmill_norm_stageii.csv,120.04801920768381,60.0,2000,1000,16.666666666666668,,,,false
AMASS:WEIZMANN/69/Fast_CircleCW(7)_stageii.csv,AMASS,WEIZMANN,WEIZMANN/69/Fast_CircleCW(7)_stageii.csv,100.00000000000213,60.0,2000,1200,20.0,,,,false
AMASS:HUMAN4D/Subject2_Aude/INF_Talking_S2_01_stageii.csv,AMASS,HUMAN4D,HUMAN4D/Subject2_Aude/INF_Talking_S2_01_stageii.csv,120.04801920768381,60.0,2000,1000,16.666666666666668,,,,false
AMASS:EyesJapanDataset/hamada/gesture_etc-18-eat-hamada_stageii.csv,AMASS,EyesJapanDataset,EyesJapanDataset/hamada/gesture_etc-18-eat-hamada_stageii.csv,120.04801920768381,60.0,2000,1000,16.666666666666668,,,,false
AMASS:KIT/442/PizzaDelivery03_stageii.csv,AMASS,KIT,KIT/442/PizzaDelivery03_stageii.csv,100.00000000000213,60.0,2000,1200,20.0,,,,false
AMASS:EyesJapanDataset/kanno/greeting-01-hello-kanno_stageii.csv,AMASS,EyesJapanDataset,EyesJapanDataset/kanno/greeting-01-hello-kanno_stageii.csv,120.04801920768381,60.0,2000,1000,16.666666666666668,,,,false
AMASS:EyesJapanDataset/shiono/pose-18-applause-shiono_stageii.csv,AMASS,EyesJapanDataset,EyesJapanDataset/shiono/pose-18-applause-shiono_stageii.csv,120.04801920768381,60.0,2000,1000,16.666666666666668,,,,false
AMASS:DanceDB/20151003_AndriaMichaelidou/Andria_Tired_v1_C3D_stageii.csv,AMASS,DanceDB,DanceDB/20151003_AndriaMichaelidou/Andria_Tired_v1_C3D_stageii.csv,120.04801920768381,60.0,2000,1000,16.666666666666668,,,,false
AMASS:EyesJapanDataset/kaiwa/gesture_etc-31-ok-kaiwa_stageii.csv,AMASS,EyesJapanDataset,EyesJapanDataset/kaiwa/gesture_etc-31-ok-kaiwa_stageii.csv,120.04801920768381,60.0,2000,1000,16.666666666666668,,,,false
AMASS:GRAB/s8/wineglass_pick_all_stageii.csv,AMASS,GRAB,GRAB/s8/wineglass_pick_all_stageii.csv,120.04801920768381,60.0,2000,1000,16.666666666666668,,,,false
AMASS:CMU/144/144_14_stageii.csv,AMASS,CMU,CMU/144/144_14_stageii.csv,120.04801920768381,60.0,2000,1000,16.666666666666668,,,,false
AMASS:DanceDB/20151003_AndriaMichaelidou/Andria_Satisfied_v1_C3D_stageii.csv,AMASS,DanceDB,DanceDB/20151003_AndriaMichaelidou/Andria_Satisfied_v1_C3D_stageii.csv,120.04801920768381,60.0,2000,1000,16.666666666666668,,,,false
AMASS:HUMAN4D/Subject1_Karim/INF_TalkingWalking_S1_01_stageii.csv,AMASS,HUMAN4D,HUMAN4D/Subject1_Karim/INF_TalkingWalking_S1_01_stageii.csv,120.04801920768381,60.0,2000,1000,16.666666666666668,,,,false
AMASS:CMU/105/105_21_stageii.csv,AMASS,CMU,CMU/105/105_21_stageii.csv,120.04801920768381,60.0,2000,1000,16.666666666666668,,,,false
AMASS:GRAB/s7/binoculars_pick_all_stageii.csv,AMASS,GRAB,GRAB/s7/binoculars_pick_all_stageii.csv,120.04801920768381,60.0,2000,1000,16.666666666666668,,,,false
AMASS:GRAB/s10/mug_pick_all_stageii.csv,AMASS,GRAB,GRAB/s10/mug_pick_all_stageii.csv,120.04801920768381,60.0,2000,1000,16.666666666666668,,,,false
AMASS:MOYO_smplx_neutral/val/220926/03596/220926_yogi_body_hands_03596_Upward_Bow_Wheel_Pose_or_Urdhva_Dhanurasana_-a_stageii.csv,AMASS,MOYO_smplx_neutral,MOYO_smplx_neutral/val/220926/03596/220926_yogi_body_hands_03596_Upward_Bow_Wheel_Pose_or_Urdhva_Dhanurasana_-a_stageii.csv,60.024009603841904,60.0,2000,2000,33.319999999999794,,,,false
AMASS:EyesJapanDataset/kawaguchi/turn-01-call-kawaguchi_stageii.csv,AMASS,EyesJapanDataset,EyesJapanDataset/kawaguchi/turn-01-call-kawaguchi_stageii.csv,120.04801920768381,60.0,2000,1000,16.666666666666668,,,,false
AMASS:CMU/61/61_09_stageii.csv,AMASS,CMU,CMU/61/61_09_stageii.csv,60.024009603841904,60.0,2000,2000,33.319999999999794,,,,false
AMASS:BMLrub/rub045/0031_scamper_stageii.csv,AMASS,BMLrub,BMLrub/rub045/0031_scamper_stageii.csv,120.04801920768381,60.0,2000,1000,16.666666666666668,,,,false
AMASS:CMU/80/80_62_stageii.csv,AMASS,CMU,CMU/80/80_62_stageii.csv,60.024009603841904,60.0,2000,2000,33.319999999999794,,,,false
AMASS:EyesJapanDataset/kaiwa/gesture_etc-34-peace-kaiwa_stageii.csv,AMASS,EyesJapanDataset,EyesJapanDataset/kaiwa/gesture_etc-34-peace-kaiwa_stageii.csv,120.04801920768381,60.0,2000,1000,16.666666666666668,,,,false
AMASS:DanceDB/20151003_AndriaMichaelidou/Andria_Afraid_v2_C3D_stageii.csv,AMASS,DanceDB,DanceDB/20151003_AndriaMichaelidou/Andria_Afraid_v2_C3D_stageii.csv,120.04801920768381,60.0,2000,1000,16.666666666666668,,,,false
AMASS:EyesJapanDataset/kawaguchi/greeting-02-bye-kawaguchi_stageii.csv,AMASS,EyesJapanDataset,EyesJapanDataset/kawaguchi/greeting-02-bye-kawaguchi_stageii.csv,120.04801920768381,60.0,2000,1000,16.666666666666668,,,,false
AMASS:BMLrub/rub068/0000_treadmill_norm_stageii.csv,AMASS,BMLrub,BMLrub/rub068/0000_treadmill_norm_stageii.csv,120.04801920768381,60.0,2000,1000,16.666666666666668,,,,false
AMASS:EyesJapanDataset/kaiwa/accident-05-damage_right_arm-kaiwa_stageii.csv,AMASS,EyesJapanDataset,EyesJapanDataset/kaiwa/accident-05-damage_right_arm-kaiwa_stageii.csv,120.04801920768381,60.0,2000,1000,16.666666666666668,,,,false
AMASS:BMLrub/rub085/0021_catching_and_throwing_stageii.csv,AMASS,BMLrub,BMLrub/rub085/0021_catching_and_throwing_stageii.csv,120.04801920768381,60.0,2000,1000,16.666666666666668,,,,false
AMASS:BMLrub/rub089/0000_treadmill_norm_stageii.csv,AMASS,BMLrub,BMLrub/rub089/0000_treadmill_norm_stageii.csv,120.04801920768381,60.0,2000,1000,16.666666666666668,,,,false
AMASS:GRAB/s6/hammer_pick_all_stageii.csv,AMASS,GRAB,GRAB/s6/hammer_pick_all_stageii.csv,120.04801920768381,60.0,2000,1000,16.666666666666668,,,,false
AMASS:BMLrub/rub036/0003_treadmill_jog_stageii.csv,AMASS,BMLrub,BMLrub/rub036/0003_treadmill_jog_stageii.csv,120.04801920768381,60.0,2000,1000,16.666666666666668,,,,false
AMASS:BMLrub/rub027/0021_catching_and_throwing_stageii.csv,AMASS,BMLrub,BMLrub/rub027/0021_catching_and_throwing_stageii.csv,120.04801920768381,60.0,2000,1000,16.666666666666668,,,,false
AMASS:BMLrub/rub012/0001_treadmill_fast_stageii.csv,AMASS,BMLrub,BMLrub/rub012/0001_treadmill_fast_stageii.csv,120.04801920768381,60.0,2000,1000,16.666666666666668,,,,false
AMASS:MOYO_smplx_neutral/train/221004/03596/221004_yogi_nexus_body_hands_03596_Feathered_Peacock_Pose_or_Pincha_Mayurasana_-a_stageii.csv,AMASS,MOYO_smplx_neutral,MOYO_smplx_neutral/train/221004/03596/221004_yogi_nexus_body_hands_03596_Feathered_Peacock_Pose_or_Pincha_Mayurasana_-a_stageii.csv,60.024009603841904,60.0,2000,2000,33.319999999999794,,,,false
AMASS:SOMA/soma_subject1/lift_002_stageii.csv,AMASS,SOMA,SOMA/soma_subject1/lift_002_stageii.csv,120.04801920768381,60.0,2000,1000,16.666666666666668,,,,false
AMASS:GRAB/s8/toruslarge_pick_all_stageii.csv,AMASS,GRAB,GRAB/s8/toruslarge_pick_all_stageii.csv,120.04801920768381,60.0,2000,1000,16.666666666666668,,,,false
AMASS:BMLrub/rub063/0021_catching_and_throwing_stageii.csv,AMASS,BMLrub,BMLrub/rub063/0021_catching_and_throwing_stageii.csv,120.04801920768381,60.0,2000,1000,16.666666666666668,,,,false
AMASS:EyesJapanDataset/takiguchi/pose-16-handstand-takiguchi_stageii.csv,AMASS,EyesJapanDataset,EyesJapanDataset/takiguchi/pose-16-handstand-takiguchi_stageii.csv,120.04801920768381,60.0,2000,1000,16.666666666666668,,,,false
AMASS:MOYO_smplx_neutral/val/220926/03596/220926_yogi_body_hands_03596_Side-Reclining_Leg_Lift_pose_or_Anantasana_-a_stageii.csv,AMASS,MOYO_smplx_neutral,MOYO_smplx_neutral/val/220926/03596/220926_yogi_body_hands_03596_Side-Reclining_Leg_Lift_pose_or_Anantasana_-a_stageii.csv,60.024009603841904,60.0,2000,2000,33.319999999999794,,,,false
AMASS:DanceDB/20151003_ElenaKyriakou/Elena_Neutral_v2_C3D_stageii.csv,AMASS,DanceDB,DanceDB/20151003_ElenaKyriakou/Elena_Neutral_v2_C3D_stageii.csv,120.04801920768381,60.0,2000,1000,16.666666666666668,,,,false
AMASS:HUMAN4D/Subject2_Aude/INF_PickingDroppingObj_S2_01_stageii.csv,AMASS,HUMAN4D,HUMAN4D/Subject2_Aude/INF_PickingDroppingObj_S2_01_stageii.csv,120.04801920768381,60.0,2000,1000,16.666666666666668,,,,false
AMASS:KIT/3/912_3_10_stageii.csv,AMASS,KIT,KIT/3/912_3_10_stageii.csv,100.00000000000213,60.0,2000,1200,20.0,,,,false
AMASS:BMLrub/rub057/0002_treadmill_slow_stageii.csv,AMASS,BMLrub,BMLrub/rub057/0002_treadmill_slow_stageii.csv,120.04801920768381,60.0,2000,1000,16.666666666666668,,,,false
AMASS:HUMAN4D/Subject4_Carine/INF_SittingDown_S4_01_stageii.csv,AMASS,HUMAN4D,HUMAN4D/Subject4_Carine/INF_SittingDown_S4_01_stageii.csv,120.04801920768381,60.0,2000,1000,16.666666666666668,,,,false
AMASS:HUMAN4D/Subject4_Carine/RGB_SittingStanding_S4_01_stageii.csv,AMASS,HUMAN4D,HUMAN4D/Subject4_Carine/RGB_SittingStanding_S4_01_stageii.csv,120.04801920768381,60.0,2000,1000,16.666666666666668,,,,false
AMASS:GRAB/s1/toothbrush_pick_all_stageii.csv,AMASS,GRAB,GRAB/s1/toothbrush_pick_all_stageii.csv,120.04801920768381,60.0,2000,1000,16.666666666666668,,,,false
AMASS:CMU/40/40_02_stageii.csv,AMASS,CMU,CMU/40/40_02_stageii.csv,120.04801920768381,60.0,2000,1000,16.666666666666668,,,,false
AMASS:HUMAN4D/Subject4_Carine/RGB_StretchingTalking_S4_01_stageii.csv,AMASS,HUMAN4D,HUMAN4D/Subject4_Carine/RGB_StretchingTalking_S4_01_stageii.csv,120.04801920768381,60.0,2000,1000,16.666666666666668,,,,false
AMASS:GRAB/s8/hammer_pick_all_stageii.csv,AMASS,GRAB,GRAB/s8/hammer_pick_all_stageii.csv,120.04801920768381,60.0,2000,1000,16.666666666666668,,,,false
AMASS:KIT/1346/Experiment3_subject1346_wash_leg_position_horizontal_02_stageii.csv,AMASS,KIT,KIT/1346/Experiment3_subject1346_wash_leg_position_horizontal_02_stageii.csv,100.00000000000213,60.0,2000,1200,20.0,,,,false
AMASS:EyesJapanDataset/hamada/jump-10-rope_long-hamada_stageii.csv,AMASS,EyesJapanDataset,EyesJapanDataset/hamada/jump-10-rope_long-hamada_stageii.csv,120.04801920768381,60.0,2000,1000,16.666666666666668,,,,false
AMASS:CMU/02/02_07_stageii.csv,AMASS,CMU,CMU/02/02_07_stageii.csv,120.04801920768381,60.0,2000,1000,16.666666666666668,,,,false
AMASS:DanceDB/20151003_ElenaKyriakou/Elena_Bored_v1_C3D_stageii.csv,AMASS,DanceDB,DanceDB/20151003_ElenaKyriakou/Elena_Bored_v1_C3D_stageii.csv,120.04801920768381,60.0,2000,1000,16.666666666666668,,,,false
AMASS:EyesJapanDataset/aita/gesture_etc-07-over_stretch-aita_stageii.csv,AMASS,EyesJapanDataset,EyesJapanDataset/aita/gesture_etc-07-over_stretch-aita_stageii.csv,120.04801920768381,60.0,2000,1000,16.666666666666668,,,,false
AMASS:EyesJapanDataset/aita/jump-13-matrix-aita_stageii.csv,AMASS,EyesJapanDataset,EyesJapanDataset/aita/jump-13-matrix-aita_stageii.csv,120.04801920768381,60.0,2000,1000,16.666666666666668,,,,false
AMASS:GRAB/s1/piggybank_pick_all_stageii.csv,AMASS,GRAB,GRAB/s1/piggybank_pick_all_stageii.csv,120.04801920768381,60.0,2000,1000,16.666666666666668,,,,false
AMASS:EyesJapanDataset/shiono/gesture_etc-29-pantomime-shiono_stageii.csv,AMASS,EyesJapanDataset,EyesJapanDataset/shiono/gesture_etc-29-pantomime-shiono_stageii.csv,120.04801920768381,60.0,2000,1000,16.666666666666668,,,,false
AMASS:EyesJapanDataset/hamada/throw_toss-18-pass_to_back_heavy-hamada_stageii.csv,AMASS,EyesJapanDataset,EyesJapanDataset/hamada/throw_toss-18-pass_to_back_heavy-hamada_stageii.csv,120.04801920768381,60.0,2000,1000,16.666666666666668,,,,false
AMASS:BMLrub/rub059/0002_treadmill_slow_stageii.csv,AMASS,BMLrub,BMLrub/rub059/0002_treadmill_slow_stageii.csv,120.04801920768381,60.0,2000,1000,16.666666666666668,,,,false
AMASS:GRAB/s1/apple_pick_all_stageii.csv,AMASS,GRAB,GRAB/s1/apple_pick_all_stageii.csv,120.04801920768381,60.0,2000,1000,16.666666666666668,,,,false
AMASS:GRAB/s2/piggybank_pick_all_stageii.csv,AMASS,GRAB,GRAB/s2/piggybank_pick_all_stageii.csv,120.04801920768381,60.0,2000,1000,16.666666666666668,,,,false
AMASS:BMLrub/rub109/0001_treadmill_fast_stageii.csv,AMASS,BMLrub,BMLrub/rub109/0001_treadmill_fast_stageii.csv,120.04801920768381,60.0,2000,1000,16.666666666666668,,,,false
AMASS:BMLrub/rub035/0030_scamper_stageii.csv,AMASS,BMLrub,BMLrub/rub035/0030_scamper_stageii.csv,120.04801920768381,60.0,2000,1000,16.666666666666668,,,,false
AMASS:MPIHDM05/tr/HDM_tr_01-02_01_120_stageii.csv,AMASS,MPIHDM05,MPIHDM05/tr/HDM_tr_01-02_01_120_stageii.csv,120.04801920768381,60.0,2000,1000,16.666666666666668,,,,false
AMASS:TCDhandMocap/ExperimentDatabase/graspSphere_stageii.csv,AMASS,TCDhandMocap,TCDhandMocap/ExperimentDatabase/graspSphere_stageii.csv,120.04801920768381,60.0,2000,1000,16.666666666666668,,,,false
AMASS:EyesJapanDataset/hamada/sitdown_standup-10-observe-hamada_stageii.csv,AMASS,EyesJapanDataset,EyesJapanDataset/hamada/sitdown_standup-10-observe-hamada_stageii.csv,120.04801920768381,60.0,2000,1000,16.666666666666668,,,,false
AMASS:BMLrub/rub058/0000_treadmill_norm_stageii.csv,AMASS,BMLrub,BMLrub/rub058/0000_treadmill_norm_stageii.csv,120.04801920768381,60.0,2000,1000,16.666666666666668,,,,false
AMASS:MOYO_smplx_neutral/train/220923/03596/220923_yogi_body_hands_03596_Handstand_pose_or_Adho_Mukha_Vrksasana_-a_stageii.csv,AMASS,MOYO_smplx_neutral,MOYO_smplx_neutral/train/220923/03596/220923_yogi_body_hands_03596_Handstand_pose_or_Adho_Mukha_Vrksasana_-a_stageii.csv,60.024009603840305,60.0,2000,2000,33.32000000000068,,,,false
AMASS:GRAB/s9/torussmall_pick_all_stageii.csv,AMASS,GRAB,GRAB/s9/torussmall_pick_all_stageii.csv,120.04801920768381,60.0,2000,1000,16.666666666666668,,,,false
AMASS:HUMAN4D/Subject3_Medhi/RGB_LayingDown_S3_01_stageii.csv,AMASS,HUMAN4D,HUMAN4D/Subject3_Medhi/RGB_LayingDown_S3_01_stageii.csv,120.04801920768381,60.0,2000,1000,16.666666666666668,,,,false
AMASS:GRAB/s3/elephant_pick_all_stageii.csv,AMASS,GRAB,GRAB/s3/elephant_pick_all_stageii.csv,120.04801920768381,60.0,2000,1000,16.666666666666668,,,,false
AMASS:MPIHDM05/bk/HDM_bk_03-02_02_120_stageii.csv,AMASS,MPIHDM05,MPIHDM05/bk/HDM_bk_03-02_02_120_stageii.csv,120.04801920768381,60.0,2000,1000,16.666666666666668,,,,false
AMASS:CMU/31/31_19_stageii.csv,AMASS,CMU,CMU/31/31_19_stageii.csv,120.04801920768381,60.0,2000,1000,16.666666666666668,,,,false
AMASS:CMU/13/13_22_stageii.csv,AMASS,CMU,CMU/13/13_22_stageii.csv,120.04801920768381,60.0,2000,1000,16.666666666666668,,,,false
AMASS:CMU/142/142_01_stageii.csv,AMASS,CMU,CMU/142/142_01_stageii.csv,120.04801920768381,60.0,2000,1000,16.666666666666668,,,,false
AMASS:HUMAN4D/Subject3_Medhi/INF_TalkingWalking_S3_01_stageii.csv,AMASS,HUMAN4D,HUMAN4D/Subject3_Medhi/INF_TalkingWalking_S3_01_stageii.csv,120.04801920768381,60.0,2000,1000,16.666666666666668,,,,false
AMASS:BMLrub/rub057/0003_treadmill_jog_stageii.csv,AMASS,BMLrub,BMLrub/rub057/0003_treadmill_jog_stageii.csv,120.04801920768381,60.0,2000,1000,16.666666666666668,,,,false
AMASS:GRAB/s10/alarmclock_pick_all_Retake_stageii.csv,AMASS,GRAB,GRAB/s10/alarmclock_pick_all_Retake_stageii.csv,120.04801920768381,60.0,2000,1000,16.666666666666668,,,,false
AMASS:EyesJapanDataset/kanno/pose-16-handstand-kanno_stageii.csv,AMASS,EyesJapanDataset,EyesJapanDataset/kanno/pose-16-handstand-kanno_stageii.csv,120.04801920768381,60.0,2000,1000,16.666666666666668,,,,false
AMASS:HUMAN4D/Subject3_4_Carine/RGB_WatchingFootball_S3S4_01_stageii.csv,AMASS,HUMAN4D,HUMAN4D/Subject3_4_Carine/RGB_WatchingFootball_S3S4_01_stageii.csv,120.04801920768381,60.0,2000,1000,16.666666666666668,,,,false
AMASS:GRAB/s1/torusmedium_pick_all_stageii.csv,AMASS,GRAB,GRAB/s1/torusmedium_pick_all_stageii.csv,120.04801920768381,60.0,2000,1000,16.666666666666668,,,,false
AMASS:CMU/94/94_06_stageii.csv,AMASS,CMU,CMU/94/94_06_stageii.csv,120.04801920768381,60.0,2000,1000,16.666666666666668,,,,false
AMASS:GRAB/s8/train_pick_all_stageii.csv,AMASS,GRAB,GRAB/s8/train_pick_all_stageii.csv,120.04801920768381,60.0,2000,1000,16.666666666666668,,,,false
AMASS:CMU/83/83_22_stageii.csv,AMASS,CMU,CMU/83/83_22_stageii.csv,120.04801920768381,60.0,2000,1000,16.666666666666668,,,,false
AMASS:MOYO_smplx_neutral/train/221004/03596/221004_yogi_nexus_body_hands_03596_Rajakapotasana-a_stageii.csv,AMASS,MOYO_smplx_neutral,MOYO_smplx_neutral/train/221004/03596/221004_yogi_nexus_body_hands_03596_Rajakapotasana-a_stageii.csv,60.024009603841506,60.0,2000,2000,33.320000000000014,,,,false
AMASS:BMLrub/rub020/0001_treadmill_fast_stageii.csv,AMASS,BMLrub,BMLrub/rub020/0001_treadmill_fast_stageii.csv,120.04801920768381,60.0,2000,1000,16.666666666666668,,,,false
AMASS:GRAB/s6/apple_pick_all_stageii.csv,AMASS,GRAB,GRAB/s6/apple_pick_all_stageii.csv,120.04801920768381,60.0,2000,1000,16.666666666666668,,,,false
AMASS:EyesJapanDataset/aita/gesture_etc-45-feel_dizzy_-aita_stageii.csv,AMASS,EyesJapanDataset,EyesJapanDataset/aita/gesture_etc-45-feel_dizzy_-aita_stageii.csv,120.04801920768381,60.0,2000,1000,16.666666666666668,,,,false
AMASS:BMLrub/rub029/0002_treadmill_slow_stageii.csv,AMASS,BMLrub,BMLrub/rub029/0002_treadmill_slow_stageii.csv,120.04801920768381,60.0,2000,1000,16.666666666666668,,,,false
AMASS:BMLrub/rub072/0030_scamper_stageii.csv,AMASS,BMLrub,BMLrub/rub072/0030_scamper_stageii.csv,120.04801920768381,60.0,2000,1000,16.666666666666668,,,,false
AMASS:MOYO_smplx_neutral/train/220923/03596/220923_yogi_body_hands_03596_Feathered_Peacock_Pose_or_Pincha_Mayurasana_-c_stageii.csv,AMASS,MOYO_smplx_neutral,MOYO_smplx_neutral/train/220923/03596/220923_yogi_body_hands_03596_Feathered_Peacock_Pose_or_Pincha_Mayurasana_-c_stageii.csv,60.024009603841904,60.0,2000,2000,33.319999999999794,,,,false
AMASS:MOYO_smplx_neutral/train/220923/03596/220923_yogi_body_hands_03596_Split_pose-c_stageii.csv,AMASS,MOYO_smplx_neutral,MOYO_smplx_neutral/train/220923/03596/220923_yogi_body_hands_03596_Split_pose-c_stageii.csv,60.024009603841904,60.0,2000,2000,33.319999999999794,,,,false
AMASS:BMLrub/rub100/0002_treadmill_slow_stageii.csv,AMASS,BMLrub,BMLrub/rub100/0002_treadmill_slow_stageii.csv,120.04801920768381,60.0,2000,1000,16.666666666666668,,,,false
AMASS:WEIZMANN/68/Fast_CircleCW(1)_stageii.csv,AMASS,WEIZMANN,WEIZMANN/68/Fast_CircleCW(1)_stageii.csv,100.00000000000213,60.0,2000,1200,20.0,,,,false
AMASS:CMU/36/36_30_stageii.csv,AMASS,CMU,CMU/36/36_30_stageii.csv,120.04801920768381,60.0,2000,1000,16.666666666666668,,,,false
AMASS:GRAB/s8/duck_pick_all_stageii.csv,AMASS,GRAB,GRAB/s8/duck_pick_all_stageii.csv,120.04801920768381,60.0,2000,1000,16.666666666666668,,,,false
AMASS:BMLmovi/Subject_61_F_MoSh/Subject_61_F_3_stageii.csv,AMASS,BMLmovi,BMLmovi/Subject_61_F_MoSh/Subject_61_F_3_stageii.csv,120.04801920768381,60.0,2000,1000,16.666666666666668,,,,false
AMASS:HUMAN4D/Subject2_Aude/RGB_WatchingScaryMovie_S2_01_stageii.csv,AMASS,HUMAN4D,HUMAN4D/Subject2_Aude/RGB_WatchingScaryMovie_S2_01_stageii.csv,120.04801920768381,60.0,2000,1000,16.666666666666668,,,,false
AMASS:MOYO_smplx_neutral/train/220926/03596/220926_yogi_body_hands_03596_Fish_Pose_or_Matsyasana_-b_stageii.csv,AMASS,MOYO_smplx_neutral,MOYO_smplx_neutral/train/220926/03596/220926_yogi_body_hands_03596_Fish_Pose_or_Matsyasana_-b_stageii.csv,60.024009603841904,60.0,2000,2000,33.319999999999794,,,,false
AMASS:BMLrub/rub077/0000_treadmill_norm_stageii.csv,AMASS,BMLrub,BMLrub/rub077/0000_treadmill_norm_stageii.csv,120.04801920768381,60.0,2000,1000,16.666666666666668,,,,false
AMASS:TotalCapture/s3/walking2_stageii.csv,AMASS,TotalCapture,TotalCapture/s3/walking2_stageii.csv,60.02040693835911,60.0,2000,2000,33.32199999999996,,,,false
AMASS:GRAB/s1/elephant_pick_all_stageii.csv,AMASS,GRAB,GRAB/s1/elephant_pick_all_stageii.csv,120.04801920768381,60.0,2000,1000,16.666666666666668,,,,false
AMASS:MOYO_smplx_neutral/train/221004/03596/221004_yogi_nexus_body_hands_03596_Fish_Pose_or_Matsyasana_-b_stageii.csv,AMASS,MOYO_smplx_neutral,MOYO_smplx_neutral/train/221004/03596/221004_yogi_nexus_body_hands_03596_Fish_Pose_or_Matsyasana_-b_stageii.csv,60.024009603841506,60.0,2000,2000,33.320000000000014,,,,false
AMASS:DanceDB/20150927_VasoAristeidou/Vasso_Relaxed_v1_01_stageii.csv,AMASS,DanceDB,DanceDB/20150927_VasoAristeidou/Vasso_Relaxed_v1_01_stageii.csv,120.04801920768381,60.0,2000,1000,16.666666666666668,,,,false
AMASS:CMU/13/13_06_stageii.csv,AMASS,CMU,CMU/13/13_06_stageii.csv,120.04801920768381,60.0,2000,1000,16.666666666666668,,,,false
AMASS:MPIHDM05/dg/HDM_dg_02-01_03_120_stageii.csv,AMASS,MPIHDM05,MPIHDM05/dg/HDM_dg_02-01_03_120_stageii.csv,120.04801920768381,60.0,2000,1000,16.666666666666668,,,,false
AMASS:EyesJapanDataset/hamada/walk-25-tired-hamada_stageii.csv,AMASS,EyesJapanDataset,EyesJapanDataset/hamada/walk-25-tired-hamada_stageii.csv,120.04801920768381,60.0,2000,1000,16.666666666666668,,,,false
AMASS:EyesJapanDataset/kudo/gesture_etc-25-magic-kudo_stageii.csv,AMASS,EyesJapanDataset,EyesJapanDataset/kudo/gesture_etc-25-magic-kudo_stageii.csv,120.04801920768381,60.0,2000,1000,16.666666666666668,,,,false
AMASS:KIT/675/dry_left_arm_03_stageii.csv,AMASS,KIT,KIT/675/dry_left_arm_03_stageii.csv,100.00000000000213,60.0,2000,1200,20.0,,,,false
AMASS:HUMAN4D/Subject4_Carine/INF_LayingDown_S4_01_stageii.csv,AMASS,HUMAN4D,HUMAN4D/Subject4_Carine/INF_LayingDown_S4_01_stageii.csv,120.04801920768381,60.0,2000,1000,16.666666666666668,,,,false
AMASS:CMU/137/137_19_stageii.csv,AMASS,CMU,CMU/137/137_19_stageii.csv,120.04801920768381,60.0,2000,1000,16.666666666666668,,,,false
AMASS:GRAB/s1/toothpaste_pick_all_stageii.csv,AMASS,GRAB,GRAB/s1/toothpaste_pick_all_stageii.csv,120.04801920768381,60.0,2000,1000,16.666666666666668,,,,false
AMASS:GRAB/s3/cylinderlarge_pick_all_Retake_stageii.csv,AMASS,GRAB,GRAB/s3/cylinderlarge_pick_all_Retake_stageii.csv,120.04801920768381,60.0,2000,1000,16.666666666666668,,,,false
AMASS:GRAB/s2/cubesmall_pick_all_stageii.csv,AMASS,GRAB,GRAB/s2/cubesmall_pick_all_stageii.csv,120.04801920768381,60.0,2000,1000,16.666666666666668,,,,false
AMASS:CMU/105/105_10_stageii.csv,AMASS,CMU,CMU/105/105_10_stageii.csv,120.04801920768381,60.0,2000,1000,16.666666666666668,,,,false
AMASS:CMU/144/144_24_stageii.csv,AMASS,CMU,CMU/144/144_24_stageii.csv,120.04801920768381,60.0,2000,1000,16.666666666666668,,,,false
AMASS:EyesJapanDataset/hamada/gesture_etc-39-giant_baba-hamada_stageii.csv,AMASS,EyesJapanDataset,EyesJapanDataset/hamada/gesture_etc-39-giant_baba-hamada_stageii.csv,120.04801920768381,60.0,2000,1000,16.666666666666668,,,,false
AMASS:GRAB/s2/camera_pick_all_stageii.csv,AMASS,GRAB,GRAB/s2/camera_pick_all_stageii.csv,120.04801920768381,60.0,2000,1000,16.666666666666668,,,,false
AMASS:CMU/137/137_42_stageii.csv,AMASS,CMU,CMU/137/137_42_stageii.csv,120.04801920768381,60.0,2000,1000,16.666666666666668,,,,false
AMASS:DanceDB/20150927_VasoAristeidou/Vasso_Afraid_v1_01_stageii.csv,AMASS,DanceDB,DanceDB/20150927_VasoAristeidou/Vasso_Afraid_v1_01_stageii.csv,120.04801920768381,60.0,2000,1000,16.666666666666668,,,,false
AMASS:TotalCapture/s1/freestyle3_stageii.csv,AMASS,TotalCapture,TotalCapture/s1/freestyle3_stageii.csv,60.024009603841904,60.0,2000,2000,33.319999999999794,,,,false
AMASS:EyesJapanDataset/hamada/sitdown_standup-02-chair-hamada_stageii.csv,AMASS,EyesJapanDataset,EyesJapanDataset/hamada/sitdown_standup-02-chair-hamada_stageii.csv,120.04801920768381,60.0,2000,1000,16.666666666666668,,,,false
AMASS:EyesJapanDataset/kaiwa/pose-13-model-kaiwa_stageii.csv,AMASS,EyesJapanDataset,EyesJapanDataset/kaiwa/pose-13-model-kaiwa_stageii.csv,120.04801920768381,60.0,2000,1000,16.666666666666668,,,,false
AMASS:GRAB/s6/cup_pick_all_stageii.csv,AMASS,GRAB,GRAB/s6/cup_pick_all_stageii.csv,120.04801920768381,60.0,2000,1000,16.666666666666668,,,,false
AMASS:BMLrub/rub112/0003_treadmill_jog_stageii.csv,AMASS,BMLrub,BMLrub/rub112/0003_treadmill_jog_stageii.csv,120.04801920768381,60.0,2000,1000,16.666666666666668,,,,false
AMASS:KIT/725/Trial_02_stageii.csv,AMASS,KIT,KIT/725/Trial_02_stageii.csv,100.00000000000213,60.0,2000,1200,20.0,,,,false
AMASS:HUMAN4D/Subject1_Karim/RGB_PickingDroppingObj_S1_01_stageii.csv,AMASS,HUMAN4D,HUMAN4D/Subject1_Karim/RGB_PickingDroppingObj_S1_01_stageii.csv,120.04801920768381,60.0,2000,1000,16.666666666666668,,,,false
AMASS:EyesJapanDataset/kanno/pose-11-bended_knees-kanno_stageii.csv,AMASS,EyesJapanDataset,EyesJapanDataset/kanno/pose-11-bended_knees-kanno_stageii.csv,120.04801920768381,60.0,2000,1000,16.666666666666668,,,,false
AMASS:GRAB/s2/spherelarge_pick_all_stageii.csv,AMASS,GRAB,GRAB/s2/spherelarge_pick_all_stageii.csv,120.04801920768381,60.0,2000,1000,16.666666666666668,,,,false
AMASS:EyesJapanDataset/kanno/walk-17-push_by_back-kanno_stageii.csv,AMASS,EyesJapanDataset,EyesJapanDataset/kanno/walk-17-push_by_back-kanno_stageii.csv,120.04801920768381,60.0,2000,1000,16.666666666666668,,,,false
AMASS:WEIZMANN/67/Normal_AFig8CCW(3)_stageii.csv,AMASS,WEIZMANN,WEIZMANN/67/Normal_AFig8CCW(3)_stageii.csv,100.00000000000213,60.0,2000,1200,20.0,,,,false
AMASS:KIT/441/conversation04_stageii.csv,AMASS,KIT,KIT/441/conversation04_stageii.csv,100.00000000000213,60.0,2000,1200,20.0,,,,false
AMASS:CMU/132/132_44_stageii.csv,AMASS,CMU,CMU/132/132_44_stageii.csv,120.04801920768381,60.0,2000,1000,16.666666666666668,,,,false
AMASS:EyesJapanDataset/kanno/accident-15-knock_head_2-kanno_stageii.csv,AMASS,EyesJapanDataset,EyesJapanDataset/kanno/accident-15-knock_head_2-kanno_stageii.csv,120.04801920768381,60.0,2000,1000,16.666666666666668,,,,false
AMASS:HUMAN4D/Subject1_2_Karim/RGB_WatchingFootball_S1S2_02_stageii.csv,AMASS,HUMAN4D,HUMAN4D/Subject1_2_Karim/RGB_WatchingFootball_S1S2_02_stageii.csv,120.04801920768381,60.0,2000,1000,16.666666666666668,,,,false
AMASS:EyesJapanDataset/aita/walk-01-normal-aita_stageii.csv,AMASS,EyesJapanDataset,EyesJapanDataset/aita/walk-01-normal-aita_stageii.csv,120.04801920768381,60.0,2000,1000,16.666666666666668,,,,false
AMASS:BMLrub/rub025/0002_treadmill_slow_stageii.csv,AMASS,BMLrub,BMLrub/rub025/0002_treadmill_slow_stageii.csv,120.04801920768381,60.0,2000,1000,16.666666666666668,,,,false
AMASS:CMU/105/105_20_stageii.csv,AMASS,CMU,CMU/105/105_20_stageii.csv,120.04801920768381,60.0,2000,1000,16.666666666666668,,,,false
AMASS:DanceDB/20151003_AndriaMichaelidou/Andria_Pleased_v2_C3D_stageii.csv,AMASS,DanceDB,DanceDB/20151003_AndriaMichaelidou/Andria_Pleased_v2_C3D_stageii.csv,120.04801920768381,60.0,2000,1000,16.666666666666668,,,,false
AMASS:BMLrub/rub066/0002_treadmill_slow_stageii.csv,AMASS,BMLrub,BMLrub/rub066/0002_treadmill_slow_stageii.csv,120.04801920768381,60.0,2000,1000,16.666666666666668,,,,false
AMASS:EyesJapanDataset/kaiwa/gesture_etc-49-taiko_under-kaiwa_stageii.csv,AMASS,EyesJapanDataset,EyesJapanDataset/kaiwa/gesture_etc-49-taiko_under-kaiwa_stageii.csv,120.04801920768381,60.0,2000,1000,16.666666666666668,,,,false
AMASS:EyesJapanDataset/aita/gesture_etc-09-scratch-aita_stageii.csv,AMASS,EyesJapanDataset,EyesJapanDataset/aita/gesture_etc-09-scratch-aita_stageii.csv,120.04801920768381,60.0,2000,1000,16.666666666666668,,,,false
AMASS:CMU/13/13_16_stageii.csv,AMASS,CMU,CMU/13/13_16_stageii.csv,120.04801920768381,60.0,2000,1000,16.666666666666668,,,,false
AMASS:EyesJapanDataset/kaiwa/throw_toss-17-pass_to_back_light-kaiwa_stageii.csv,AMASS,EyesJapanDataset,EyesJapanDataset/kaiwa/throw_toss-17-pass_to_back_light-kaiwa_stageii.csv,120.04801920768381,60.0,2000,1000,16.666666666666668,,,,false
AMASS:DanceDB/20151003_ElenaKyriakou/Elena_Satisfied_v1_C3D_stageii.csv,AMASS,DanceDB,DanceDB/20151003_ElenaKyriakou/Elena_Satisfied_v1_C3D_stageii.csv,120.04801920768381,60.0,2000,1000,16.666666666666668,,,,false
AMASS:MOYO_smplx_neutral/test/221004/03596/221004_yogi_nexus_body_hands_03596_Upward_Facing_Two-Foot_Staff_Pose_or_Dwi_Pada_Viparita_Dandasana_-a_stageii.csv,AMASS,MOYO_smplx_neutral,MOYO_smplx_neutral/test/221004/03596/221004_yogi_nexus_body_hands_03596_Upward_Facing_Two-Foot_Staff_Pose_or_Dwi_Pada_Viparita_Dandasana_-a_stageii.csv,60.024009603841904,60.0,2000,2000,33.319999999999794,,,,false
AMASS:HUMAN4D/Subject3_Medhi/RGB_PunchingKicking_S3_01_stageii.csv,AMASS,HUMAN4D,HUMAN4D/Subject3_Medhi/RGB_PunchingKicking_S3_01_stageii.csv,120.04801920768381,60.0,2000,1000,16.666666666666668,,,,false
AMASS:TotalCapture/s1/acting3_stageii.csv,AMASS,TotalCapture,TotalCapture/s1/acting3_stageii.csv,60.02400960384111,60.0,2000,2000,33.320000000000235,,,,false
AMASS:BMLrub/rub021/0027_circle_walk_stageii.csv,AMASS,BMLrub,BMLrub/rub021/0027_circle_walk_stageii.csv,120.04801920768381,60.0,2000,1000,16.666666666666668,,,,false
AMASS:GRAB/s1/binoculars_pick_all_stageii.csv,AMASS,GRAB,GRAB/s1/binoculars_pick_all_stageii.csv,120.04801920768381,60.0,2000,1000,16.666666666666668,,,,false
AMASS:GRAB/s2/hand_pick_all_stageii.csv,AMASS,GRAB,GRAB/s2/hand_pick_all_stageii.csv,120.04801920768381,60.0,2000,1000,16.666666666666668,,,,false
AMASS:BMLrub/rub098/0027_circle_walk_stageii.csv,AMASS,BMLrub,BMLrub/rub098/0027_circle_walk_stageii.csv,120.04801920768381,60.0,2000,1000,16.666666666666668,,,,false
AMASS:GRAB/s2/cubelarge_pick_all_stageii.csv,AMASS,GRAB,GRAB/s2/cubelarge_pick_all_stageii.csv,120.04801920768381,60.0,2000,1000,16.666666666666668,,,,false
AMASS:CMU/49/49_21_stageii.csv,AMASS,CMU,CMU/49/49_21_stageii.csv,120.04801920768381,60.0,2000,1000,16.666666666666668,,,,false
AMASS:CMU/54/54_12_stageii.csv,AMASS,CMU,CMU/54/54_12_stageii.csv,120.04801920768381,60.0,2000,1000,16.666666666666668,,,,false
AMASS:GRAB/s6/eyeglasses_pick_all_stageii.csv,AMASS,GRAB,GRAB/s6/eyeglasses_pick_all_stageii.csv,120.04801920768381,60.0,2000,1000,16.666666666666668,,,,false
AMASS:GRAB/s6/toruslarge_pick_all_stageii.csv,AMASS,GRAB,GRAB/s6/toruslarge_pick_all_stageii.csv,120.04801920768381,60.0,2000,1000,16.666666666666668,,,,false
AMASS:CMU/62/62_06_stageii.csv,AMASS,CMU,CMU/62/62_06_stageii.csv,60.024009603841506,60.0,2000,2000,33.320000000000014,,,,false
AMASS:EyesJapanDataset/hamada/turn-03-look_at-hamada_stageii.csv,AMASS,EyesJapanDataset,EyesJapanDataset/hamada/turn-03-look_at-hamada_stageii.csv,120.04801920768381,60.0,2000,1000,16.666666666666668,,,,false
AMASS:GRAB/s8/torusmedium_pick_all_stageii.csv,AMASS,GRAB,GRAB/s8/torusmedium_pick_all_stageii.csv,120.04801920768381,60.0,2000,1000,16.666666666666668,,,,false
AMASS:GRAB/s6/airplane_pick_all_stageii.csv,AMASS,GRAB,GRAB/s6/airplane_pick_all_stageii.csv,120.04801920768381,60.0,2000,1000,16.666666666666668,,,,false
AMASS:BMLrub/rub026/0000_treadmill_norm_stageii.csv,AMASS,BMLrub,BMLrub/rub026/0000_treadmill_norm_stageii.csv,120.04801920768381,60.0,2000,1000,16.666666666666668,,,,false
AMASS:BMLrub/rub052/0002_treadmill_slow_stageii.csv,AMASS,BMLrub,BMLrub/rub052/0002_treadmill_slow_stageii.csv,120.04801920768381,60.0,2000,1000,16.666666666666668,,,,false
AMASS:BMLrub/rub054/0030_scamper_stageii.csv,AMASS,BMLrub,BMLrub/rub054/0030_scamper_stageii.csv,120.04801920768381,60.0,2000,1000,16.666666666666668,,,,false
AMASS:EyesJapanDataset/shiono/gesture_etc-45-feel_dizzy_-shiono_stageii.csv,AMASS,EyesJapanDataset,EyesJapanDataset/shiono/gesture_etc-45-feel_dizzy_-shiono_stageii.csv,120.04801920768381,60.0,2000,1000,16.666666666666668,,,,false
AMASS:GRAB/s8/headphones_pick_all_stageii.csv,AMASS,GRAB,GRAB/s8/headphones_pick_all_stageii.csv,120.04801920768381,60.0,2000,1000,16.666666666666668,,,,false
AMASS:GRAB/s9/elephant_pick_all_stageii.csv,AMASS,GRAB,GRAB/s9/elephant_pick_all_stageii.csv,120.04801920768381,60.0,2000,1000,16.666666666666668,,,,false
AMASS:EyesJapanDataset/hamada/gesture_etc-49-taiko_under-hamada_stageii.csv,AMASS,EyesJapanDataset,EyesJapanDataset/hamada/gesture_etc-49-taiko_under-hamada_stageii.csv,120.04801920768381,60.0,2000,1000,16.666666666666668,,,,false
AMASS:EyesJapanDataset/takiguchi/accident-13-damage_back-takiguchi_stageii.csv,AMASS,EyesJapanDataset,EyesJapanDataset/takiguchi/accident-13-damage_back-takiguchi_stageii.csv,120.04801920768381,60.0,2000,1000,16.666666666666668,,,,false
AMASS:DanceDB/20151003_ElenaKyriakou/Elena_Afraid_v1_C3D_stageii.csv,AMASS,DanceDB,DanceDB/20151003_ElenaKyriakou/Elena_Afraid_v1_C3D_stageii.csv,120.04801920768381,60.0,2000,1000,16.666666666666668,,,,false
AMASS:HUMAN4D/Subject1_Karim/RGB_PunshingKicking_S1_02_stageii.csv,AMASS,HUMAN4D,HUMAN4D/Subject1_Karim/RGB_PunshingKicking_S1_02_stageii.csv,120.04801920768381,60.0,2000,1000,16.666666666666668,,,,false
AMASS:EyesJapanDataset/hamada/greeting-02-bye-hamada_stageii.csv,AMASS,EyesJapanDataset,EyesJapanDataset/hamada/greeting-02-bye-hamada_stageii.csv,120.04801920768381,60.0,2000,1000,16.666666666666668,,,,false
AMASS:HUMAN4D/Subject1_Karim/RGB_StrechingTalking_S1_01_stageii.csv,AMASS,HUMAN4D,HUMAN4D/Subject1_Karim/RGB_StrechingTalking_S1_01_stageii.csv,120.04801920768381,60.0,2000,1000,16.666666666666668,,,,false
AMASS:HUMAN4D/Subject2_Aude/RGB_LayingDown_S2_01_stageii.csv,AMASS,HUMAN4D,HUMAN4D/Subject2_Aude/RGB_LayingDown_S2_01_stageii.csv,120.04801920768381,60.0,2000,1000,16.666666666666668,,,,false
AMASS:SOMA/soma_subject1/squat_003_stageii.csv,AMASS,SOMA,SOMA/soma_subject1/squat_003_stageii.csv,120.04801920768381,60.0,2000,1000,16.666666666666668,,,,false
AMASS:MPILimits/03100/uar5_stageii.csv,AMASS,MPILimits,MPILimits/03100/uar5_stageii.csv,120.04801920768381,60.0,2000,1000,16.666666666666668,,,,false
AMASS:WEIZMANN/70/Fast_StraightShort(2)_stageii.csv,AMASS,WEIZMANN,WEIZMANN/70/Fast_StraightShort(2)_stageii.csv,100.00000000000213,60.0,2000,1200,20.0,,,,false
AMASS:KIT/675/dry_right_arm_006_stageii.csv,AMASS,KIT,KIT/675/dry_right_arm_006_stageii.csv,100.00000000000213,60.0,2000,1200,20.0,,,,false
AMASS:SOMA/soma_subject2/squat_003_stageii.csv,AMASS,SOMA,SOMA/soma_subject2/squat_003_stageii.csv,120.04801920768381,60.0,2000,1000,16.666666666666668,,,,false
AMASS:MOYO_smplx_neutral/train/220926/03596/220926_yogi_body_hands_03596_Rajakapotasana-d_stageii.csv,AMASS,MOYO_smplx_neutral,MOYO_smplx_neutral/train/220926/03596/220926_yogi_body_hands_03596_Rajakapotasana-d_stageii.csv,60.024009603841904,60.0,2000,2000,33.319999999999794,,,,false
AMASS:CMU/55/55_27_stageii.csv,AMASS,CMU,CMU/55/55_27_stageii.csv,120.04801920768381,60.0,2000,1000,16.666666666666668,,,,false
AMASS:EyesJapanDataset/shiono/throw_toss-09-shotput-shiono_stageii.csv,AMASS,EyesJapanDataset,EyesJapanDataset/shiono/throw_toss-09-shotput-shiono_stageii.csv,120.04801920768381,60.0,2000,1000,16.666666666666668,,,,false
AMASS:HUMAN4D/Subject2_Aude/RGB_StretchingTalking_S2_01_stageii.csv,AMASS,HUMAN4D,HUMAN4D/Subject2_Aude/RGB_StretchingTalking_S2_01_stageii.csv,120.04801920768381,60.0,2000,1000,16.666666666666668,,,,false
AMASS:EyesJapanDataset/ichige/gesture_etc-23-mobile_call-ichige_stageii.csv,AMASS,EyesJapanDataset,EyesJapanDataset/ichige/gesture_etc-23-mobile_call-ichige_stageii.csv,120.04801920768381,60.0,2000,1000,16.666666666666668,,,,false
AMASS:BMLrub/rub025/0027_jumping1_stageii.csv,AMASS,BMLrub,BMLrub/rub025/0027_jumping1_stageii.csv,120.04801920768381,60.0,2000,1000,16.666666666666668,,,,false
AMASS:DanceDB/20150927_VasoAristeidou/Vasso_Sad_v1_01_stageii.csv,AMASS,DanceDB,DanceDB/20150927_VasoAristeidou/Vasso_Sad_v1_01_stageii.csv,120.04801920768381,60.0,2000,1000,16.666666666666668,,,,false
AMASS:CMU/105/105_34_stageii.csv,AMASS,CMU,CMU/105/105_34_stageii.csv,120.04801920768381,60.0,2000,1000,16.666666666666668,,,,false
AMASS:DanceDB/20151003_AndriaMichaelidou/Andria_Happy_v1_C3D_stageii.csv,AMASS,DanceDB,DanceDB/20151003_AndriaMichaelidou/Andria_Happy_v1_C3D_stageii.csv,120.04801920768381,60.0,2000,1000,16.666666666666668,,,,false
AMASS:EyesJapanDataset/hamada/walk-29-look_down-hamada_stageii.csv,AMASS,EyesJapanDataset,EyesJapanDataset/hamada/walk-29-look_down-hamada_stageii.csv,120.04801920768381,60.0,2000,1000,16.666666666666668,,,,false
AMASS:BMLrub/rub097/0001_treadmill_fast_stageii.csv,AMASS,BMLrub,BMLrub/rub097/0001_treadmill_fast_stageii.csv,120.04801920768381,60.0,2000,1000,16.666666666666668,,,,false
AMASS:BMLrub/rub042/0021_catching_and_throwing_stageii.csv,AMASS,BMLrub,BMLrub/rub042/0021_catching_and_throwing_stageii.csv,120.04801920768381,60.0,2000,1000,16.666666666666668,,,,false
AMASS:EyesJapanDataset/kanno/accident-05-damage_right_arm-kanno_stageii.csv,AMASS,EyesJapanDataset,EyesJapanDataset/kanno/accident-05-damage_right_arm-kanno_stageii.csv,120.04801920768381,60.0,2000,1000,16.666666666666668,,,,false
AMASS:CMU/40/40_09_stageii.csv,AMASS,CMU,CMU/40/40_09_stageii.csv,120.04801920768381,60.0,2000,1000,16.666666666666668,,,,false
AMASS:EyesJapanDataset/yamaoka/tennis-17-receive-yamaoka_stageii.csv,AMASS,EyesJapanDataset,EyesJapanDataset/yamaoka/tennis-17-receive-yamaoka_stageii.csv,120.04801920768381,60.0,2000,1000,16.666666666666668,,,,false
AMASS:CMU/55/55_02_stageii.csv,AMASS,CMU,CMU/55/55_02_stageii.csv,120.04801920768381,60.0,2000,1000,16.666666666666668,,,,false
AMASS:EyesJapanDataset/aita/greeting-09-certificate-aita_stageii.csv,AMASS,EyesJapanDataset,EyesJapanDataset/aita/greeting-09-certificate-aita_stageii.csv,120.04801920768381,60.0,2000,1000,16.666666666666668,,,,false
AMASS:HUMAN4D/Subject2_Aude/INF_TalkingWalking_S2_01_stageii.csv,AMASS,HUMAN4D,HUMAN4D/Subject2_Aude/INF_TalkingWalking_S2_01_stageii.csv,120.04801920768381,60.0,2000,1000,16.666666666666668,,,,false
AMASS:GRAB/s1/mug_pick_all_stageii.csv,AMASS,GRAB,GRAB/s1/mug_pick_all_stageii.csv,120.04801920768381,60.0,2000,1000,16.666666666666668,,,,false
AMASS:WEIZMANN/69/Normal_EllipseCCW(3)_stageii.csv,AMASS,WEIZMANN,WEIZMANN/69/Normal_EllipseCCW(3)_stageii.csv,100.00000000000213,60.0,2000,1200,20.0,,,,false
AMASS:KIT/675/dry_left_arm_02_stageii.csv,AMASS,KIT,KIT/675/dry_left_arm_02_stageii.csv,100.00000000000213,60.0,2000,1200,20.0,,,,false
AMASS:MPIHDM05/dg/HDM_dg_03-05_03_120_stageii.csv,AMASS,MPIHDM05,MPIHDM05/dg/HDM_dg_03-05_03_120_stageii.csv,120.04801920768381,60.0,2000,1000,16.666666666666668,,,,false
